
kernel_2712.elf:     file format elf64-littleaarch64


Disassembly of section .init:

0000000000080000 <_start>:
   80000:	d5384240 	mrs	x0, currentel
   80004:	f100101f 	cmp	x0, #0x4
   80008:	54000380 	b.eq	80078 <_start+0x78>  // b.none
   8000c:	58000420 	ldr	x0, 80090 <_start+0x90>
   80010:	d51c4100 	msr	sp_el1, x0
   80014:	58000420 	ldr	x0, 80098 <_start+0x98>
   80018:	d51cc000 	msr	vbar_el2, x0
   8001c:	d53ce100 	mrs	x0, cnthctl_el2
   80020:	b2400400 	orr	x0, x0, #0x3
   80024:	d51ce100 	msr	cnthctl_el2, x0
   80028:	d51ce07f 	msr	cntvoff_el2, xzr
   8002c:	d5380000 	mrs	x0, midr_el1
   80030:	d53800a1 	mrs	x1, mpidr_el1
   80034:	d51c0000 	msr	vpidr_el2, x0
   80038:	d51c00a1 	msr	vmpidr_el2, x1
   8003c:	d2867fe0 	mov	x0, #0x33ff                	// #13311
   80040:	d51c1140 	msr	cptr_el2, x0
   80044:	d51c117f 	msr	hstr_el2, xzr
   80048:	d2a00600 	mov	x0, #0x300000              	// #3145728
   8004c:	d5181040 	msr	cpacr_el1, x0
   80050:	d2b00000 	mov	x0, #0x80000000            	// #2147483648
   80054:	d51c1100 	msr	hcr_el2, x0
   80058:	d2810000 	mov	x0, #0x800                 	// #2048
   8005c:	f2a61a00 	movk	x0, #0x30d0, lsl #16
   80060:	d5181000 	msr	sctlr_el1, x0
   80064:	d2807880 	mov	x0, #0x3c4                 	// #964
   80068:	d51c4000 	msr	spsr_el2, x0
   8006c:	10000060 	adr	x0, 80078 <_start+0x78>
   80070:	d51c4020 	msr	elr_el2, x0
   80074:	d69f03e0 	eret
   80078:	58000140 	ldr	x0, 800a0 <_start+0xa0>
   8007c:	9100001f 	mov	sp, x0
   80080:	580000c0 	ldr	x0, 80098 <_start+0x98>
   80084:	d518c000 	msr	vbar_el1, x0
   80088:	140013e9 	b	8502c <sysinit>
   8008c:	00000000 	udf	#0
   80090:	00308000 	.word	0x00308000
   80094:	00000000 	.word	0x00000000
   80098:	0008f800 	.word	0x0008f800
   8009c:	00000000 	.word	0x00000000
   800a0:	002a0000 	.word	0x002a0000
   800a4:	00000000 	.word	0x00000000

Disassembly of section .text:

0000000000080800 <main>:
   80800:	d12643ff 	sub	sp, sp, #0x990
   80804:	910043e0 	add	x0, sp, #0x10
   80808:	a9007bfd 	stp	x29, x30, [sp]
   8080c:	910003fd 	mov	x29, sp
   80810:	9400000c 	bl	80840 <CKernel::CKernel()>
   80814:	910043e0 	add	x0, sp, #0x10
   80818:	94000024 	bl	808a8 <CKernel::Initialize()>
   8081c:	360000a0 	tbz	w0, #0, 80830 <main+0x30>
   80820:	910043e0 	add	x0, sp, #0x10
   80824:	94000023 	bl	808b0 <CKernel::Run()>
   80828:	7100081f 	cmp	w0, #0x2
   8082c:	54000040 	b.eq	80834 <main+0x34>  // b.none
   80830:	940011b8 	bl	84f10 <halt>
   80834:	940011cd 	bl	84f68 <reboot>
	...

0000000000080840 <CKernel::CKernel()>:
   80840:	a9bd7bfd 	stp	x29, x30, [sp, #-48]!
   80844:	52800001 	mov	w1, #0x0                   	// #0
   80848:	910003fd 	mov	x29, sp
   8084c:	a90153f3 	stp	x19, x20, [sp, #16]
   80850:	aa0003f3 	mov	x19, x0
   80854:	9400007b 	bl	80a40 <CActLED::CActLED(bool)>
   80858:	91002260 	add	x0, x19, #0x8
   8085c:	940003fa 	bl	81844 <CKernelOptions::CKernelOptions()>
   80860:	9122c260 	add	x0, x19, #0x8b0
   80864:	940000c7 	bl	80b80 <CDeviceNameService::CDeviceNameService()>
   80868:	91002260 	add	x0, x19, #0x8
   8086c:	940002ef 	bl	81428 <CKernelOptions::GetWidth() const>
   80870:	2a0003e1 	mov	w1, w0
   80874:	91002260 	add	x0, x19, #0x8
   80878:	b9002fe1 	str	w1, [sp, #44]
   8087c:	940002ed 	bl	81430 <CKernelOptions::GetHeight() const>
   80880:	900000a3 	adrp	x3, 94000 <s_MachineName+0x80>
   80884:	b9402fe1 	ldr	w1, [sp, #44]
   80888:	2a0003e2 	mov	w2, w0
   8088c:	52800005 	mov	w5, #0x0                   	// #0
   80890:	91230260 	add	x0, x19, #0x8c0
   80894:	a94153f3 	ldp	x19, x20, [sp, #16]
   80898:	52800004 	mov	w4, #0x0                   	// #0
   8089c:	911ec063 	add	x3, x3, #0x7b0
   808a0:	a8c37bfd 	ldp	x29, x30, [sp], #48
   808a4:	140009c7 	b	82fc0 <CScreenDevice::CScreenDevice(unsigned int, unsigned int, TFont const&, CCharGenerator::TFontFlags, unsigned int)>

00000000000808a8 <CKernel::Initialize()>:
   808a8:	91230000 	add	x0, x0, #0x8c0
   808ac:	140009df 	b	83028 <CScreenDevice::Initialize()>

00000000000808b0 <CKernel::Run()>:
   808b0:	a9bd7bfd 	stp	x29, x30, [sp, #-48]!
   808b4:	910003fd 	mov	x29, sp
   808b8:	a90153f3 	stp	x19, x20, [sp, #16]
   808bc:	aa0003f3 	mov	x19, x0
   808c0:	a9025bf5 	stp	x21, x22, [sp, #32]
   808c4:	52800015 	mov	w21, #0x0                   	// #0
   808c8:	1400000e 	b	80900 <CKernel::Run()+0x50>
   808cc:	2a1503e1 	mov	w1, w21
   808d0:	12800403 	mov	w3, #0xffffffdf            	// #-33
   808d4:	52800002 	mov	w2, #0x0                   	// #0
   808d8:	91230260 	add	x0, x19, #0x8c0
   808dc:	94000a3b 	bl	831c8 <CScreenDevice::SetPixel(unsigned int, unsigned int, unsigned short)>
   808e0:	91230260 	add	x0, x19, #0x8c0
   808e4:	94000a2f 	bl	831a0 <CScreenDevice::GetHeight() const>
   808e8:	51000402 	sub	w2, w0, #0x1
   808ec:	2a1503e1 	mov	w1, w21
   808f0:	12800403 	mov	w3, #0xffffffdf            	// #-33
   808f4:	91230260 	add	x0, x19, #0x8c0
   808f8:	110006b5 	add	w21, w21, #0x1
   808fc:	94000a33 	bl	831c8 <CScreenDevice::SetPixel(unsigned int, unsigned int, unsigned short)>
   80900:	91230260 	add	x0, x19, #0x8c0
   80904:	94000a22 	bl	8318c <CScreenDevice::GetWidth() const>
   80908:	6b15001f 	cmp	w0, w21
   8090c:	54fffe08 	b.hi	808cc <CKernel::Run()+0x1c>  // b.pmore
   80910:	52800015 	mov	w21, #0x0                   	// #0
   80914:	1400000e 	b	8094c <CKernel::Run()+0x9c>
   80918:	2a1503e2 	mov	w2, w21
   8091c:	12800403 	mov	w3, #0xffffffdf            	// #-33
   80920:	52800001 	mov	w1, #0x0                   	// #0
   80924:	91230260 	add	x0, x19, #0x8c0
   80928:	94000a28 	bl	831c8 <CScreenDevice::SetPixel(unsigned int, unsigned int, unsigned short)>
   8092c:	91230260 	add	x0, x19, #0x8c0
   80930:	94000a17 	bl	8318c <CScreenDevice::GetWidth() const>
   80934:	2a1503e2 	mov	w2, w21
   80938:	51000401 	sub	w1, w0, #0x1
   8093c:	12800403 	mov	w3, #0xffffffdf            	// #-33
   80940:	91230260 	add	x0, x19, #0x8c0
   80944:	110006b5 	add	w21, w21, #0x1
   80948:	94000a20 	bl	831c8 <CScreenDevice::SetPixel(unsigned int, unsigned int, unsigned short)>
   8094c:	91230260 	add	x0, x19, #0x8c0
   80950:	94000a14 	bl	831a0 <CScreenDevice::GetHeight() const>
   80954:	6b15001f 	cmp	w0, w21
   80958:	54fffe08 	b.hi	80918 <CKernel::Run()+0x68>  // b.pmore
   8095c:	52800016 	mov	w22, #0x0                   	// #0
   80960:	14000015 	b	809b4 <CKernel::Run()+0x104>
   80964:	91230260 	add	x0, x19, #0x8c0
   80968:	94000a0e 	bl	831a0 <CScreenDevice::GetHeight() const>
   8096c:	1b167c15 	mul	w21, w0, w22
   80970:	91230260 	add	x0, x19, #0x8c0
   80974:	94000a06 	bl	8318c <CScreenDevice::GetWidth() const>
   80978:	2a1603e1 	mov	w1, w22
   8097c:	12800403 	mov	w3, #0xffffffdf            	// #-33
   80980:	1ac00ab5 	udiv	w21, w21, w0
   80984:	91230260 	add	x0, x19, #0x8c0
   80988:	2a1503e2 	mov	w2, w21
   8098c:	94000a0f 	bl	831c8 <CScreenDevice::SetPixel(unsigned int, unsigned int, unsigned short)>
   80990:	91230260 	add	x0, x19, #0x8c0
   80994:	940009fe 	bl	8318c <CScreenDevice::GetWidth() const>
   80998:	4b160001 	sub	w1, w0, w22
   8099c:	12800403 	mov	w3, #0xffffffdf            	// #-33
   809a0:	2a1503e2 	mov	w2, w21
   809a4:	51000421 	sub	w1, w1, #0x1
   809a8:	91230260 	add	x0, x19, #0x8c0
   809ac:	110006d6 	add	w22, w22, #0x1
   809b0:	94000a06 	bl	831c8 <CScreenDevice::SetPixel(unsigned int, unsigned int, unsigned short)>
   809b4:	91230260 	add	x0, x19, #0x8c0
   809b8:	940009f5 	bl	8318c <CScreenDevice::GetWidth() const>
   809bc:	6b16001f 	cmp	w0, w22
   809c0:	54fffd28 	b.hi	80964 <CKernel::Run()+0xb4>  // b.pmore
   809c4:	aa1303e0 	mov	x0, x19
   809c8:	94000039 	bl	80aac <CActLED::On()>
   809cc:	52800c80 	mov	w0, #0x64                  	// #100
   809d0:	94001594 	bl	86020 <CTimer::SimpleMsDelay(unsigned int)>
   809d4:	aa1303e0 	mov	x0, x19
   809d8:	9400003c 	bl	80ac8 <CActLED::Off()>
   809dc:	52800c80 	mov	w0, #0x64                  	// #100
   809e0:	94001590 	bl	86020 <CTimer::SimpleMsDelay(unsigned int)>
   809e4:	aa1303e0 	mov	x0, x19
   809e8:	94000031 	bl	80aac <CActLED::On()>
   809ec:	52800c80 	mov	w0, #0x64                  	// #100
   809f0:	9400158c 	bl	86020 <CTimer::SimpleMsDelay(unsigned int)>
   809f4:	aa1303e0 	mov	x0, x19
   809f8:	94000034 	bl	80ac8 <CActLED::Off()>
   809fc:	52800c80 	mov	w0, #0x64                  	// #100
   80a00:	94001588 	bl	86020 <CTimer::SimpleMsDelay(unsigned int)>
   80a04:	17fffff0 	b	809c4 <CKernel::Run()+0x114>

0000000000080a08 <CKernel::~CKernel()>:
   80a08:	a9be7bfd 	stp	x29, x30, [sp, #-32]!
   80a0c:	910003fd 	mov	x29, sp
   80a10:	f9000bf3 	str	x19, [sp, #16]
   80a14:	aa0003f3 	mov	x19, x0
   80a18:	91230000 	add	x0, x0, #0x8c0
   80a1c:	94000941 	bl	82f20 <CScreenDevice::~CScreenDevice()>
   80a20:	9122c260 	add	x0, x19, #0x8b0
   80a24:	94000067 	bl	80bc0 <CDeviceNameService::~CDeviceNameService()>
   80a28:	91002260 	add	x0, x19, #0x8
   80a2c:	94000265 	bl	813c0 <CKernelOptions::~CKernelOptions()>
   80a30:	aa1303e0 	mov	x0, x19
   80a34:	f9400bf3 	ldr	x19, [sp, #16]
   80a38:	a8c27bfd 	ldp	x29, x30, [sp], #32
   80a3c:	14000019 	b	80aa0 <CActLED::~CActLED()>

0000000000080a40 <CActLED::CActLED(bool)>:
   80a40:	a9be7bfd 	stp	x29, x30, [sp, #-32]!
   80a44:	910003fd 	mov	x29, sp
   80a48:	f9000bf3 	str	x19, [sp, #16]
   80a4c:	aa0003f3 	mov	x19, x0
   80a50:	d00000a0 	adrp	x0, 96000 <vtable for CDevice+0x4a8>
   80a54:	f9054813 	str	x19, [x0, #2704]
   80a58:	9400091d 	bl	82ecc <CMachineInfo::Get()>
   80a5c:	940004eb 	bl	81e08 <CMachineInfo::GetActLEDInfo() const>
   80a60:	d28f8101 	mov	x1, #0x7c08                	// #31752
   80a64:	f2afaa21 	movk	x1, #0x7d51, lsl #16
   80a68:	f2c00201 	movk	x1, #0x10, lsl #32
   80a6c:	b9400022 	ldr	w2, [x1]
   80a70:	12167842 	and	w2, w2, #0xfffffdff
   80a74:	b9000022 	str	w2, [x1]
   80a78:	d3461802 	ubfx	x2, x0, #6, #1
   80a7c:	d1001021 	sub	x1, x1, #0x4
   80a80:	52000042 	eor	w2, w2, #0x1
   80a84:	39000262 	strb	w2, [x19]
   80a88:	b9400020 	ldr	w0, [x1]
   80a8c:	12167800 	and	w0, w0, #0xfffffdff
   80a90:	b9000020 	str	w0, [x1]
   80a94:	f9400bf3 	ldr	x19, [sp, #16]
   80a98:	a8c27bfd 	ldp	x29, x30, [sp], #32
   80a9c:	d65f03c0 	ret

0000000000080aa0 <CActLED::~CActLED()>:
   80aa0:	d00000a0 	adrp	x0, 96000 <vtable for CDevice+0x4a8>
   80aa4:	f905481f 	str	xzr, [x0, #2704]
   80aa8:	d65f03c0 	ret

0000000000080aac <CActLED::On()>:
   80aac:	d28f8081 	mov	x1, #0x7c04                	// #31748
   80ab0:	f2afaa21 	movk	x1, #0x7d51, lsl #16
   80ab4:	f2c00201 	movk	x1, #0x10, lsl #32
   80ab8:	b9400020 	ldr	w0, [x1]
   80abc:	32170000 	orr	w0, w0, #0x200
   80ac0:	b9000020 	str	w0, [x1]
   80ac4:	d65f03c0 	ret

0000000000080ac8 <CActLED::Off()>:
   80ac8:	d28f8081 	mov	x1, #0x7c04                	// #31748
   80acc:	f2afaa21 	movk	x1, #0x7d51, lsl #16
   80ad0:	f2c00201 	movk	x1, #0x10, lsl #32
   80ad4:	b9400020 	ldr	w0, [x1]
   80ad8:	12167800 	and	w0, w0, #0xfffffdff
   80adc:	b9000020 	str	w0, [x1]
   80ae0:	d65f03c0 	ret

0000000000080ae4 <CActLED::Blink(unsigned int, unsigned int, unsigned int)>:
   80ae4:	34000421 	cbz	w1, 80b68 <CActLED::Blink(unsigned int, unsigned int, unsigned int)+0x84>
   80ae8:	a9bc7bfd 	stp	x29, x30, [sp, #-64]!
   80aec:	910003fd 	mov	x29, sp
   80af0:	a90153f3 	stp	x19, x20, [sp, #16]
   80af4:	d28f8093 	mov	x19, #0x7c04                	// #31748
   80af8:	52800034 	mov	w20, #0x1                   	// #1
   80afc:	f2afaa33 	movk	x19, #0x7d51, lsl #16
   80b00:	f2c00213 	movk	x19, #0x10, lsl #32
   80b04:	a9025bf5 	stp	x21, x22, [sp, #32]
   80b08:	2a0203f6 	mov	w22, w2
   80b0c:	2a0103f5 	mov	w21, w1
   80b10:	f9001bf7 	str	x23, [sp, #48]
   80b14:	2a0303f7 	mov	w23, w3
   80b18:	d503201f 	nop
   80b1c:	d503201f 	nop
   80b20:	b9400264 	ldr	w4, [x19]
   80b24:	32170084 	orr	w4, w4, #0x200
   80b28:	b9000264 	str	w4, [x19]
   80b2c:	2a1603e0 	mov	w0, w22
   80b30:	9400153c 	bl	86020 <CTimer::SimpleMsDelay(unsigned int)>
   80b34:	b9400264 	ldr	w4, [x19]
   80b38:	12167884 	and	w4, w4, #0xfffffdff
   80b3c:	b9000264 	str	w4, [x19]
   80b40:	2a1703e0 	mov	w0, w23
   80b44:	11000694 	add	w20, w20, #0x1
   80b48:	94001536 	bl	86020 <CTimer::SimpleMsDelay(unsigned int)>
   80b4c:	6b1402bf 	cmp	w21, w20
   80b50:	54fffe82 	b.cs	80b20 <CActLED::Blink(unsigned int, unsigned int, unsigned int)+0x3c>  // b.hs, b.nlast
   80b54:	f9401bf7 	ldr	x23, [sp, #48]
   80b58:	a94153f3 	ldp	x19, x20, [sp, #16]
   80b5c:	a9425bf5 	ldp	x21, x22, [sp, #32]
   80b60:	a8c47bfd 	ldp	x29, x30, [sp], #64
   80b64:	d65f03c0 	ret
   80b68:	d65f03c0 	ret

0000000000080b6c <CActLED::Get()>:
   80b6c:	d00000a0 	adrp	x0, 96000 <vtable for CDevice+0x4a8>
   80b70:	f9454800 	ldr	x0, [x0, #2704]
   80b74:	d65f03c0 	ret
	...

0000000000080b80 <CDeviceNameService::CDeviceNameService()>:
   80b80:	d00000a1 	adrp	x1, 96000 <vtable for CDevice+0x4a8>
   80b84:	f900001f 	str	xzr, [x0]
   80b88:	f9454c22 	ldr	x2, [x1, #2712]
   80b8c:	b900081f 	str	wzr, [x0, #8]
   80b90:	b5000062 	cbnz	x2, 80b9c <CDeviceNameService::CDeviceNameService()+0x1c>
   80b94:	f9054c20 	str	x0, [x1, #2712]
   80b98:	d65f03c0 	ret
   80b9c:	f0000081 	adrp	x1, 93000 <CExceptionHandler::Throw(unsigned int, TAbortFrame*)+0xc0>
   80ba0:	f0000080 	adrp	x0, 93000 <CExceptionHandler::Throw(unsigned int, TAbortFrame*)+0xc0>
   80ba4:	a9bf7bfd 	stp	x29, x30, [sp, #-16]!
   80ba8:	528003e2 	mov	w2, #0x1f                  	// #31
   80bac:	910003fd 	mov	x29, sp
   80bb0:	910a8021 	add	x1, x1, #0x2a0
   80bb4:	910ae000 	add	x0, x0, #0x2b8
   80bb8:	9400251a 	bl	8a020 <assertion_failed>
   80bbc:	d503201f 	nop

0000000000080bc0 <CDeviceNameService::~CDeviceNameService()>:
   80bc0:	a9be7bfd 	stp	x29, x30, [sp, #-32]!
   80bc4:	910003fd 	mov	x29, sp
   80bc8:	a90153f3 	stp	x19, x20, [sp, #16]
   80bcc:	f9400013 	ldr	x19, [x0]
   80bd0:	b40001b3 	cbz	x19, 80c04 <CDeviceNameService::~CDeviceNameService()+0x44>
   80bd4:	aa0003f4 	mov	x20, x0
   80bd8:	d503201f 	nop
   80bdc:	d503201f 	nop
   80be0:	f9400660 	ldr	x0, [x19, #8]
   80be4:	f9400273 	ldr	x19, [x19]
   80be8:	b4000040 	cbz	x0, 80bf0 <CDeviceNameService::~CDeviceNameService()+0x30>
   80bec:	94001837 	bl	86cc8 <operator delete[](void*)>
   80bf0:	f9400280 	ldr	x0, [x20]
   80bf4:	d2800401 	mov	x1, #0x20                  	// #32
   80bf8:	9400183e 	bl	86cf0 <operator delete(void*, unsigned long)>
   80bfc:	f9000293 	str	x19, [x20]
   80c00:	b5ffff13 	cbnz	x19, 80be0 <CDeviceNameService::~CDeviceNameService()+0x20>
   80c04:	d00000a0 	adrp	x0, 96000 <vtable for CDevice+0x4a8>
   80c08:	a94153f3 	ldp	x19, x20, [sp, #16]
   80c0c:	f9054c1f 	str	xzr, [x0, #2712]
   80c10:	a8c27bfd 	ldp	x29, x30, [sp], #32
   80c14:	d65f03c0 	ret
   80c18:	d503201f 	nop
   80c1c:	d503201f 	nop

0000000000080c20 <CDeviceNameService::AddDevice(char const*, CDevice*, bool)>:
   80c20:	a9bc7bfd 	stp	x29, x30, [sp, #-64]!
   80c24:	910003fd 	mov	x29, sp
   80c28:	a90153f3 	stp	x19, x20, [sp, #16]
   80c2c:	aa0003f4 	mov	x20, x0
   80c30:	a9025bf5 	stp	x21, x22, [sp, #32]
   80c34:	aa0203f5 	mov	x21, x2
   80c38:	2a0303f6 	mov	w22, w3
   80c3c:	b9400800 	ldr	w0, [x0, #8]
   80c40:	f9001bf7 	str	x23, [sp, #48]
   80c44:	aa0103f7 	mov	x23, x1
   80c48:	35000320 	cbnz	w0, 80cac <CDeviceNameService::AddDevice(char const*, CDevice*, bool)+0x8c>
   80c4c:	d2800400 	mov	x0, #0x20                  	// #32
   80c50:	94001806 	bl	86c68 <operator new(unsigned long)>
   80c54:	aa0003f3 	mov	x19, x0
   80c58:	b4000357 	cbz	x23, 80cc0 <CDeviceNameService::AddDevice(char const*, CDevice*, bool)+0xa0>
   80c5c:	aa1703e0 	mov	x0, x23
   80c60:	94001593 	bl	862ac <strlen>
   80c64:	91000400 	add	x0, x0, #0x1
   80c68:	94001806 	bl	86c80 <operator new[](unsigned long)>
   80c6c:	aa1703e1 	mov	x1, x23
   80c70:	f9000660 	str	x0, [x19, #8]
   80c74:	94001625 	bl	86508 <strcpy>
   80c78:	b40003b5 	cbz	x21, 80cec <CDeviceNameService::AddDevice(char const*, CDevice*, bool)+0xcc>
   80c7c:	f9400280 	ldr	x0, [x20]
   80c80:	f9000293 	str	x19, [x20]
   80c84:	f9000a75 	str	x21, [x19, #16]
   80c88:	39006276 	strb	w22, [x19, #24]
   80c8c:	f9000260 	str	x0, [x19]
   80c90:	b9400a80 	ldr	w0, [x20, #8]
   80c94:	35000220 	cbnz	w0, 80cd8 <CDeviceNameService::AddDevice(char const*, CDevice*, bool)+0xb8>
   80c98:	f9401bf7 	ldr	x23, [sp, #48]
   80c9c:	a94153f3 	ldp	x19, x20, [sp, #16]
   80ca0:	a9425bf5 	ldp	x21, x22, [sp, #32]
   80ca4:	a8c47bfd 	ldp	x29, x30, [sp], #64
   80ca8:	d65f03c0 	ret
   80cac:	94001aa5 	bl	87740 <EnterCritical>
   80cb0:	d2800400 	mov	x0, #0x20                  	// #32
   80cb4:	940017ed 	bl	86c68 <operator new(unsigned long)>
   80cb8:	aa0003f3 	mov	x19, x0
   80cbc:	b5fffd17 	cbnz	x23, 80c5c <CDeviceNameService::AddDevice(char const*, CDevice*, bool)+0x3c>
   80cc0:	f0000081 	adrp	x1, 93000 <CExceptionHandler::Throw(unsigned int, TAbortFrame*)+0xc0>
   80cc4:	f0000080 	adrp	x0, 93000 <CExceptionHandler::Throw(unsigned int, TAbortFrame*)+0xc0>
   80cc8:	52800762 	mov	w2, #0x3b                  	// #59
   80ccc:	910a8021 	add	x1, x1, #0x2a0
   80cd0:	910b2000 	add	x0, x0, #0x2c8
   80cd4:	940024d3 	bl	8a020 <assertion_failed>
   80cd8:	f9401bf7 	ldr	x23, [sp, #48]
   80cdc:	a94153f3 	ldp	x19, x20, [sp, #16]
   80ce0:	a9425bf5 	ldp	x21, x22, [sp, #32]
   80ce4:	a8c47bfd 	ldp	x29, x30, [sp], #64
   80ce8:	14001ac6 	b	87800 <LeaveCritical>
   80cec:	f0000081 	adrp	x1, 93000 <CExceptionHandler::Throw(unsigned int, TAbortFrame*)+0xc0>
   80cf0:	f0000080 	adrp	x0, 93000 <CExceptionHandler::Throw(unsigned int, TAbortFrame*)+0xc0>
   80cf4:	52800802 	mov	w2, #0x40                  	// #64
   80cf8:	910a8021 	add	x1, x1, #0x2a0
   80cfc:	910b6000 	add	x0, x0, #0x2d8
   80d00:	940024c8 	bl	8a020 <assertion_failed>

0000000000080d04 <CDeviceNameService::RemoveDevice(char const*, bool)>:
   80d04:	a9bc7bfd 	stp	x29, x30, [sp, #-64]!
   80d08:	910003fd 	mov	x29, sp
   80d0c:	a90153f3 	stp	x19, x20, [sp, #16]
   80d10:	a9025bf5 	stp	x21, x22, [sp, #32]
   80d14:	f9001bf7 	str	x23, [sp, #48]
   80d18:	b4000741 	cbz	x1, 80e00 <CDeviceNameService::RemoveDevice(char const*, bool)+0xfc>
   80d1c:	aa0003f6 	mov	x22, x0
   80d20:	b9400800 	ldr	w0, [x0, #8]
   80d24:	aa0103f4 	mov	x20, x1
   80d28:	12001c57 	and	w23, w2, #0xff
   80d2c:	350002e0 	cbnz	w0, 80d88 <CDeviceNameService::RemoveDevice(char const*, bool)+0x84>
   80d30:	f94002d3 	ldr	x19, [x22]
   80d34:	b4000773 	cbz	x19, 80e20 <CDeviceNameService::RemoveDevice(char const*, bool)+0x11c>
   80d38:	d2800015 	mov	x21, #0x0                   	// #0
   80d3c:	1400000b 	b	80d68 <CDeviceNameService::RemoveDevice(char const*, bool)+0x64>
   80d40:	aa1403e0 	mov	x0, x20
   80d44:	94001572 	bl	8630c <strcmp>
   80d48:	35000080 	cbnz	w0, 80d58 <CDeviceNameService::RemoveDevice(char const*, bool)+0x54>
   80d4c:	39406261 	ldrb	w1, [x19, #24]
   80d50:	6b17003f 	cmp	w1, w23
   80d54:	54000340 	b.eq	80dbc <CDeviceNameService::RemoveDevice(char const*, bool)+0xb8>  // b.none
   80d58:	f9400261 	ldr	x1, [x19]
   80d5c:	aa1303f5 	mov	x21, x19
   80d60:	b4000201 	cbz	x1, 80da0 <CDeviceNameService::RemoveDevice(char const*, bool)+0x9c>
   80d64:	aa0103f3 	mov	x19, x1
   80d68:	f9400661 	ldr	x1, [x19, #8]
   80d6c:	b5fffea1 	cbnz	x1, 80d40 <CDeviceNameService::RemoveDevice(char const*, bool)+0x3c>
   80d70:	f0000081 	adrp	x1, 93000 <CExceptionHandler::Throw(unsigned int, TAbortFrame*)+0xc0>
   80d74:	f0000080 	adrp	x0, 93000 <CExceptionHandler::Throw(unsigned int, TAbortFrame*)+0xc0>
   80d78:	52800bc2 	mov	w2, #0x5e                  	// #94
   80d7c:	910a8021 	add	x1, x1, #0x2a0
   80d80:	910ba000 	add	x0, x0, #0x2e8
   80d84:	940024a7 	bl	8a020 <assertion_failed>
   80d88:	94001a6e 	bl	87740 <EnterCritical>
   80d8c:	f94002d3 	ldr	x19, [x22]
   80d90:	b5fffd53 	cbnz	x19, 80d38 <CDeviceNameService::RemoveDevice(char const*, bool)+0x34>
   80d94:	d503201f 	nop
   80d98:	d503201f 	nop
   80d9c:	d503201f 	nop
   80da0:	b9400ac0 	ldr	w0, [x22, #8]
   80da4:	340003e0 	cbz	w0, 80e20 <CDeviceNameService::RemoveDevice(char const*, bool)+0x11c>
   80da8:	f9401bf7 	ldr	x23, [sp, #48]
   80dac:	a94153f3 	ldp	x19, x20, [sp, #16]
   80db0:	a9425bf5 	ldp	x21, x22, [sp, #32]
   80db4:	a8c47bfd 	ldp	x29, x30, [sp], #64
   80db8:	14001a92 	b	87800 <LeaveCritical>
   80dbc:	f9400260 	ldr	x0, [x19]
   80dc0:	b40001d5 	cbz	x21, 80df8 <CDeviceNameService::RemoveDevice(char const*, bool)+0xf4>
   80dc4:	f90002a0 	str	x0, [x21]
   80dc8:	b9400ac0 	ldr	w0, [x22, #8]
   80dcc:	35000260 	cbnz	w0, 80e18 <CDeviceNameService::RemoveDevice(char const*, bool)+0x114>
   80dd0:	f9400660 	ldr	x0, [x19, #8]
   80dd4:	b4000040 	cbz	x0, 80ddc <CDeviceNameService::RemoveDevice(char const*, bool)+0xd8>
   80dd8:	940017bc 	bl	86cc8 <operator delete[](void*)>
   80ddc:	f9401bf7 	ldr	x23, [sp, #48]
   80de0:	aa1303e0 	mov	x0, x19
   80de4:	d2800401 	mov	x1, #0x20                  	// #32
   80de8:	a94153f3 	ldp	x19, x20, [sp, #16]
   80dec:	a9425bf5 	ldp	x21, x22, [sp, #32]
   80df0:	a8c47bfd 	ldp	x29, x30, [sp], #64
   80df4:	140017bf 	b	86cf0 <operator delete(void*, unsigned long)>
   80df8:	f90002c0 	str	x0, [x22]
   80dfc:	17fffff3 	b	80dc8 <CDeviceNameService::RemoveDevice(char const*, bool)+0xc4>
   80e00:	f0000081 	adrp	x1, 93000 <CExceptionHandler::Throw(unsigned int, TAbortFrame*)+0xc0>
   80e04:	f0000080 	adrp	x0, 93000 <CExceptionHandler::Throw(unsigned int, TAbortFrame*)+0xc0>
   80e08:	52800ac2 	mov	w2, #0x56                  	// #86
   80e0c:	910a8021 	add	x1, x1, #0x2a0
   80e10:	910b2000 	add	x0, x0, #0x2c8
   80e14:	94002483 	bl	8a020 <assertion_failed>
   80e18:	94001a7a 	bl	87800 <LeaveCritical>
   80e1c:	17ffffed 	b	80dd0 <CDeviceNameService::RemoveDevice(char const*, bool)+0xcc>
   80e20:	f9401bf7 	ldr	x23, [sp, #48]
   80e24:	a94153f3 	ldp	x19, x20, [sp, #16]
   80e28:	a9425bf5 	ldp	x21, x22, [sp, #32]
   80e2c:	a8c47bfd 	ldp	x29, x30, [sp], #64
   80e30:	d65f03c0 	ret
   80e34:	d503201f 	nop
   80e38:	d503201f 	nop
   80e3c:	d503201f 	nop

0000000000080e40 <CDeviceNameService::GetDevice(char const*, bool)>:
   80e40:	a9bc7bfd 	stp	x29, x30, [sp, #-64]!
   80e44:	910003fd 	mov	x29, sp
   80e48:	a90153f3 	stp	x19, x20, [sp, #16]
   80e4c:	a9025bf5 	stp	x21, x22, [sp, #32]
   80e50:	b40004a1 	cbz	x1, 80ee4 <CDeviceNameService::GetDevice(char const*, bool)+0xa4>
   80e54:	aa0003f6 	mov	x22, x0
   80e58:	aa0103f4 	mov	x20, x1
   80e5c:	b9400800 	ldr	w0, [x0, #8]
   80e60:	12001c55 	and	w21, w2, #0xff
   80e64:	35000280 	cbnz	w0, 80eb4 <CDeviceNameService::GetDevice(char const*, bool)+0x74>
   80e68:	f94002d3 	ldr	x19, [x22]
   80e6c:	b5000153 	cbnz	x19, 80e94 <CDeviceNameService::GetDevice(char const*, bool)+0x54>
   80e70:	14000016 	b	80ec8 <CDeviceNameService::GetDevice(char const*, bool)+0x88>
   80e74:	aa1403e0 	mov	x0, x20
   80e78:	94001525 	bl	8630c <strcmp>
   80e7c:	35000080 	cbnz	w0, 80e8c <CDeviceNameService::GetDevice(char const*, bool)+0x4c>
   80e80:	39406260 	ldrb	w0, [x19, #24]
   80e84:	6b15001f 	cmp	w0, w21
   80e88:	540003a0 	b.eq	80efc <CDeviceNameService::GetDevice(char const*, bool)+0xbc>  // b.none
   80e8c:	f9400273 	ldr	x19, [x19]
   80e90:	b4000193 	cbz	x19, 80ec0 <CDeviceNameService::GetDevice(char const*, bool)+0x80>
   80e94:	f9400661 	ldr	x1, [x19, #8]
   80e98:	b5fffee1 	cbnz	x1, 80e74 <CDeviceNameService::GetDevice(char const*, bool)+0x34>
   80e9c:	f0000081 	adrp	x1, 93000 <CExceptionHandler::Throw(unsigned int, TAbortFrame*)+0xc0>
   80ea0:	f0000080 	adrp	x0, 93000 <CExceptionHandler::Throw(unsigned int, TAbortFrame*)+0xc0>
   80ea4:	52801242 	mov	w2, #0x92                  	// #146
   80ea8:	910a8021 	add	x1, x1, #0x2a0
   80eac:	910ba000 	add	x0, x0, #0x2e8
   80eb0:	9400245c 	bl	8a020 <assertion_failed>
   80eb4:	94001a23 	bl	87740 <EnterCritical>
   80eb8:	f94002d3 	ldr	x19, [x22]
   80ebc:	b5fffed3 	cbnz	x19, 80e94 <CDeviceNameService::GetDevice(char const*, bool)+0x54>
   80ec0:	b9400ac0 	ldr	w0, [x22, #8]
   80ec4:	350000c0 	cbnz	w0, 80edc <CDeviceNameService::GetDevice(char const*, bool)+0x9c>
   80ec8:	d2800000 	mov	x0, #0x0                   	// #0
   80ecc:	a94153f3 	ldp	x19, x20, [sp, #16]
   80ed0:	a9425bf5 	ldp	x21, x22, [sp, #32]
   80ed4:	a8c47bfd 	ldp	x29, x30, [sp], #64
   80ed8:	d65f03c0 	ret
   80edc:	94001a49 	bl	87800 <LeaveCritical>
   80ee0:	17fffffa 	b	80ec8 <CDeviceNameService::GetDevice(char const*, bool)+0x88>
   80ee4:	f0000081 	adrp	x1, 93000 <CExceptionHandler::Throw(unsigned int, TAbortFrame*)+0xc0>
   80ee8:	f0000080 	adrp	x0, 93000 <CExceptionHandler::Throw(unsigned int, TAbortFrame*)+0xc0>
   80eec:	52801162 	mov	w2, #0x8b                  	// #139
   80ef0:	910a8021 	add	x1, x1, #0x2a0
   80ef4:	910b2000 	add	x0, x0, #0x2c8
   80ef8:	9400244a 	bl	8a020 <assertion_failed>
   80efc:	b9400ac1 	ldr	w1, [x22, #8]
   80f00:	f9400a60 	ldr	x0, [x19, #16]
   80f04:	35000101 	cbnz	w1, 80f24 <CDeviceNameService::GetDevice(char const*, bool)+0xe4>
   80f08:	b5fffe20 	cbnz	x0, 80ecc <CDeviceNameService::GetDevice(char const*, bool)+0x8c>
   80f0c:	f0000081 	adrp	x1, 93000 <CExceptionHandler::Throw(unsigned int, TAbortFrame*)+0xc0>
   80f10:	f0000080 	adrp	x0, 93000 <CExceptionHandler::Throw(unsigned int, TAbortFrame*)+0xc0>
   80f14:	52801342 	mov	w2, #0x9a                  	// #154
   80f18:	910a8021 	add	x1, x1, #0x2a0
   80f1c:	910c0000 	add	x0, x0, #0x300
   80f20:	94002440 	bl	8a020 <assertion_failed>
   80f24:	f9001fe0 	str	x0, [sp, #56]
   80f28:	94001a36 	bl	87800 <LeaveCritical>
   80f2c:	f9401fe0 	ldr	x0, [sp, #56]
   80f30:	b5fffce0 	cbnz	x0, 80ecc <CDeviceNameService::GetDevice(char const*, bool)+0x8c>
   80f34:	17fffff6 	b	80f0c <CDeviceNameService::GetDevice(char const*, bool)+0xcc>
   80f38:	d503201f 	nop
   80f3c:	d503201f 	nop

0000000000080f40 <CDeviceNameService::EnumerateDevices(bool (*)(CDevice*, char const*, bool, void*), void*)>:
   80f40:	a9bc7bfd 	stp	x29, x30, [sp, #-64]!
   80f44:	910003fd 	mov	x29, sp
   80f48:	a90153f3 	stp	x19, x20, [sp, #16]
   80f4c:	aa0103f4 	mov	x20, x1
   80f50:	a9025bf5 	stp	x21, x22, [sp, #32]
   80f54:	aa0003f6 	mov	x22, x0
   80f58:	aa0203f5 	mov	x21, x2
   80f5c:	b9400800 	ldr	w0, [x0, #8]
   80f60:	350002c0 	cbnz	w0, 80fb8 <CDeviceNameService::EnumerateDevices(bool (*)(CDevice*, char const*, bool, void*), void*)+0x78>
   80f64:	f94002d3 	ldr	x19, [x22]
   80f68:	b5000093 	cbnz	x19, 80f78 <CDeviceNameService::EnumerateDevices(bool (*)(CDevice*, char const*, bool, void*), void*)+0x38>
   80f6c:	14000018 	b	80fcc <CDeviceNameService::EnumerateDevices(bool (*)(CDevice*, char const*, bool, void*), void*)+0x8c>
   80f70:	f9400273 	ldr	x19, [x19]
   80f74:	b4000293 	cbz	x19, 80fc4 <CDeviceNameService::EnumerateDevices(bool (*)(CDevice*, char const*, bool, void*), void*)+0x84>
   80f78:	a9408261 	ldp	x1, x0, [x19, #8]
   80f7c:	aa1503e3 	mov	x3, x21
   80f80:	39406262 	ldrb	w2, [x19, #24]
   80f84:	d63f0280 	blr	x20
   80f88:	12001c01 	and	w1, w0, #0xff
   80f8c:	3707ff20 	tbnz	w0, #0, 80f70 <CDeviceNameService::EnumerateDevices(bool (*)(CDevice*, char const*, bool, void*), void*)+0x30>
   80f90:	b9400ac0 	ldr	w0, [x22, #8]
   80f94:	34000080 	cbz	w0, 80fa4 <CDeviceNameService::EnumerateDevices(bool (*)(CDevice*, char const*, bool, void*), void*)+0x64>
   80f98:	b9003fe1 	str	w1, [sp, #60]
   80f9c:	94001a19 	bl	87800 <LeaveCritical>
   80fa0:	b9403fe1 	ldr	w1, [sp, #60]
   80fa4:	a94153f3 	ldp	x19, x20, [sp, #16]
   80fa8:	2a0103e0 	mov	w0, w1
   80fac:	a9425bf5 	ldp	x21, x22, [sp, #32]
   80fb0:	a8c47bfd 	ldp	x29, x30, [sp], #64
   80fb4:	d65f03c0 	ret
   80fb8:	940019e2 	bl	87740 <EnterCritical>
   80fbc:	f94002d3 	ldr	x19, [x22]
   80fc0:	b5fffdd3 	cbnz	x19, 80f78 <CDeviceNameService::EnumerateDevices(bool (*)(CDevice*, char const*, bool, void*), void*)+0x38>
   80fc4:	52800021 	mov	w1, #0x1                   	// #1
   80fc8:	17fffff2 	b	80f90 <CDeviceNameService::EnumerateDevices(bool (*)(CDevice*, char const*, bool, void*), void*)+0x50>
   80fcc:	52800021 	mov	w1, #0x1                   	// #1
   80fd0:	17fffff5 	b	80fa4 <CDeviceNameService::EnumerateDevices(bool (*)(CDevice*, char const*, bool, void*), void*)+0x64>
   80fd4:	d503201f 	nop
   80fd8:	d503201f 	nop
   80fdc:	d503201f 	nop

0000000000080fe0 <CDeviceNameService::Get()>:
   80fe0:	d00000a0 	adrp	x0, 96000 <vtable for CDevice+0x4a8>
   80fe4:	f9454c00 	ldr	x0, [x0, #2712]
   80fe8:	b4000040 	cbz	x0, 80ff0 <CDeviceNameService::Get()+0x10>
   80fec:	d65f03c0 	ret
   80ff0:	f0000081 	adrp	x1, 93000 <CExceptionHandler::Throw(unsigned int, TAbortFrame*)+0xc0>
   80ff4:	f0000080 	adrp	x0, 93000 <CExceptionHandler::Throw(unsigned int, TAbortFrame*)+0xc0>
   80ff8:	a9bf7bfd 	stp	x29, x30, [sp, #-16]!
   80ffc:	52801fe2 	mov	w2, #0xff                  	// #255
   81000:	910003fd 	mov	x29, sp
   81004:	910a8021 	add	x1, x1, #0x2a0
   81008:	910c4000 	add	x0, x0, #0x310
   8100c:	94002405 	bl	8a020 <assertion_failed>

0000000000081010 <CDeviceNameService::AddDevice(char const*, unsigned int, CDevice*, bool)>:
   81010:	a9ba7bfd 	stp	x29, x30, [sp, #-96]!
   81014:	910003fd 	mov	x29, sp
   81018:	a90153f3 	stp	x19, x20, [sp, #16]
   8101c:	aa0003f4 	mov	x20, x0
   81020:	910103e0 	add	x0, sp, #0x40
   81024:	2a0403f3 	mov	w19, w4
   81028:	f90013f5 	str	x21, [sp, #32]
   8102c:	aa0303f5 	mov	x21, x3
   81030:	b90037e2 	str	w2, [sp, #52]
   81034:	f9001fe1 	str	x1, [sp, #56]
   81038:	940008f4 	bl	83408 <CString::CString()>
   8103c:	b94037e3 	ldr	w3, [sp, #52]
   81040:	d0000081 	adrp	x1, 93000 <CExceptionHandler::Throw(unsigned int, TAbortFrame*)+0xc0>
   81044:	910103e0 	add	x0, sp, #0x40
   81048:	910c8021 	add	x1, x1, #0x320
   8104c:	f9401fe2 	ldr	x2, [sp, #56]
   81050:	94000f6e 	bl	84e08 <CString::Format(char const*, ...)>
   81054:	910103e0 	add	x0, sp, #0x40
   81058:	94000926 	bl	834f0 <CString::operator char const*() const>
   8105c:	2a1303e3 	mov	w3, w19
   81060:	aa1503e2 	mov	x2, x21
   81064:	aa0003e1 	mov	x1, x0
   81068:	aa1403e0 	mov	x0, x20
   8106c:	97fffeed 	bl	80c20 <CDeviceNameService::AddDevice(char const*, CDevice*, bool)>
   81070:	910103e0 	add	x0, sp, #0x40
   81074:	940008ab 	bl	83320 <CString::~CString()>
   81078:	f94013f5 	ldr	x21, [sp, #32]
   8107c:	a94153f3 	ldp	x19, x20, [sp, #16]
   81080:	a8c67bfd 	ldp	x29, x30, [sp], #96
   81084:	d65f03c0 	ret

0000000000081088 <CDeviceNameService::RemoveDevice(char const*, unsigned int, bool)>:
   81088:	a9bb7bfd 	stp	x29, x30, [sp, #-80]!
   8108c:	910003fd 	mov	x29, sp
   81090:	a90153f3 	stp	x19, x20, [sp, #16]
   81094:	aa0003f4 	mov	x20, x0
   81098:	9100c3e0 	add	x0, sp, #0x30
   8109c:	2a0303f3 	mov	w19, w3
   810a0:	b90027e2 	str	w2, [sp, #36]
   810a4:	f90017e1 	str	x1, [sp, #40]
   810a8:	940008d8 	bl	83408 <CString::CString()>
   810ac:	b94027e3 	ldr	w3, [sp, #36]
   810b0:	d0000081 	adrp	x1, 93000 <CExceptionHandler::Throw(unsigned int, TAbortFrame*)+0xc0>
   810b4:	9100c3e0 	add	x0, sp, #0x30
   810b8:	910c8021 	add	x1, x1, #0x320
   810bc:	f94017e2 	ldr	x2, [sp, #40]
   810c0:	94000f52 	bl	84e08 <CString::Format(char const*, ...)>
   810c4:	9100c3e0 	add	x0, sp, #0x30
   810c8:	9400090a 	bl	834f0 <CString::operator char const*() const>
   810cc:	2a1303e2 	mov	w2, w19
   810d0:	aa0003e1 	mov	x1, x0
   810d4:	aa1403e0 	mov	x0, x20
   810d8:	97ffff0b 	bl	80d04 <CDeviceNameService::RemoveDevice(char const*, bool)>
   810dc:	9100c3e0 	add	x0, sp, #0x30
   810e0:	94000890 	bl	83320 <CString::~CString()>
   810e4:	a94153f3 	ldp	x19, x20, [sp, #16]
   810e8:	a8c57bfd 	ldp	x29, x30, [sp], #80
   810ec:	d65f03c0 	ret

00000000000810f0 <CDeviceNameService::GetDevice(char const*, unsigned int, bool)>:
   810f0:	a9bb7bfd 	stp	x29, x30, [sp, #-80]!
   810f4:	910003fd 	mov	x29, sp
   810f8:	a90153f3 	stp	x19, x20, [sp, #16]
   810fc:	aa0003f4 	mov	x20, x0
   81100:	9100c3e0 	add	x0, sp, #0x30
   81104:	2a0303f3 	mov	w19, w3
   81108:	b90027e2 	str	w2, [sp, #36]
   8110c:	f90017e1 	str	x1, [sp, #40]
   81110:	940008be 	bl	83408 <CString::CString()>
   81114:	b94027e3 	ldr	w3, [sp, #36]
   81118:	d0000081 	adrp	x1, 93000 <CExceptionHandler::Throw(unsigned int, TAbortFrame*)+0xc0>
   8111c:	9100c3e0 	add	x0, sp, #0x30
   81120:	910c8021 	add	x1, x1, #0x320
   81124:	f94017e2 	ldr	x2, [sp, #40]
   81128:	94000f38 	bl	84e08 <CString::Format(char const*, ...)>
   8112c:	9100c3e0 	add	x0, sp, #0x30
   81130:	940008f0 	bl	834f0 <CString::operator char const*() const>
   81134:	2a1303e2 	mov	w2, w19
   81138:	aa0003e1 	mov	x1, x0
   8113c:	aa1403e0 	mov	x0, x20
   81140:	97ffff40 	bl	80e40 <CDeviceNameService::GetDevice(char const*, bool)>
   81144:	aa0003f3 	mov	x19, x0
   81148:	9100c3e0 	add	x0, sp, #0x30
   8114c:	94000875 	bl	83320 <CString::~CString()>
   81150:	aa1303e0 	mov	x0, x19
   81154:	a94153f3 	ldp	x19, x20, [sp, #16]
   81158:	a8c57bfd 	ldp	x29, x30, [sp], #80
   8115c:	d65f03c0 	ret

0000000000081160 <CDeviceNameService::ListDevices(CDevice*, bool)>:
   81160:	a9b67bfd 	stp	x29, x30, [sp, #-160]!
   81164:	910003fd 	mov	x29, sp
   81168:	a90153f3 	stp	x19, x20, [sp, #16]
   8116c:	b4000ec1 	cbz	x1, 81344 <CDeviceNameService::ListDevices(CDevice*, bool)+0x1e4>
   81170:	12001c42 	and	w2, w2, #0xff
   81174:	aa0003f3 	mov	x19, x0
   81178:	a90363f7 	stp	x23, x24, [sp, #48]
   8117c:	aa0103f4 	mov	x20, x1
   81180:	12000058 	and	w24, w2, #0x1
   81184:	37000a82 	tbnz	w2, #0, 812d4 <CDeviceNameService::ListDevices(CDevice*, bool)+0x174>
   81188:	f9400273 	ldr	x19, [x19]
   8118c:	b4000d53 	cbz	x19, 81334 <CDeviceNameService::ListDevices(CDevice*, bool)+0x1d4>
   81190:	a9046bf9 	stp	x25, x26, [sp, #64]
   81194:	d000009a 	adrp	x26, 93000 <CExceptionHandler::Throw(unsigned int, TAbortFrame*)+0xc0>
   81198:	d0000099 	adrp	x25, 93000 <CExceptionHandler::Throw(unsigned int, TAbortFrame*)+0xc0>
   8119c:	52800017 	mov	w23, #0x0                   	// #0
   811a0:	910da35a 	add	x26, x26, #0x368
   811a4:	910ce339 	add	x25, x25, #0x338
   811a8:	a9025bf5 	stp	x21, x22, [sp, #32]
   811ac:	f9002bfb 	str	x27, [sp, #80]
   811b0:	1400001b 	b	8121c <CDeviceNameService::ListDevices(CDevice*, bool)+0xbc>
   811b4:	39406260 	ldrb	w0, [x19, #24]
   811b8:	110006f7 	add	w23, w23, #0x1
   811bc:	52800141 	mov	w1, #0xa                   	// #10
   811c0:	f24006ff 	tst	x23, #0x3
   811c4:	52800c62 	mov	w2, #0x63                  	// #99
   811c8:	52800404 	mov	w4, #0x20                  	// #32
   811cc:	1a811084 	csel	w4, w4, w1, ne	// ne = any
   811d0:	aa1903e1 	mov	x1, x25
   811d4:	4b000042 	sub	w2, w2, w0
   811d8:	910183e0 	add	x0, sp, #0x60
   811dc:	94000f0b 	bl	84e08 <CString::Format(char const*, ...)>
   811e0:	f9400280 	ldr	x0, [x20]
   811e4:	f9400c15 	ldr	x21, [x0, #24]
   811e8:	910183e0 	add	x0, sp, #0x60
   811ec:	940008c1 	bl	834f0 <CString::operator char const*() const>
   811f0:	aa0003f6 	mov	x22, x0
   811f4:	910183e0 	add	x0, sp, #0x60
   811f8:	9400091a 	bl	83660 <CString::GetLength() const>
   811fc:	aa0003e2 	mov	x2, x0
   81200:	aa1603e1 	mov	x1, x22
   81204:	aa1403e0 	mov	x0, x20
   81208:	d63f02a0 	blr	x21
   8120c:	f9400273 	ldr	x19, [x19]
   81210:	910183e0 	add	x0, sp, #0x60
   81214:	94000843 	bl	83320 <CString::~CString()>
   81218:	b4000873 	cbz	x19, 81324 <CDeviceNameService::ListDevices(CDevice*, bool)+0x1c4>
   8121c:	910183e0 	add	x0, sp, #0x60
   81220:	9400087a 	bl	83408 <CString::CString()>
   81224:	f9400663 	ldr	x3, [x19, #8]
   81228:	b4000663 	cbz	x3, 812f4 <CDeviceNameService::ListDevices(CDevice*, bool)+0x194>
   8122c:	34fffc58 	cbz	w24, 811b4 <CDeviceNameService::ListDevices(CDevice*, bool)+0x54>
   81230:	f9400a60 	ldr	x0, [x19, #16]
   81234:	b40006c0 	cbz	x0, 8130c <CDeviceNameService::ListDevices(CDevice*, bool)+0x1ac>
   81238:	52800001 	mov	w1, #0x0                   	// #0
   8123c:	940027e9 	bl	8b1e0 <CDevice::GetProperty(CDevice::TProperty) const>
   81240:	aa0003e1 	mov	x1, x0
   81244:	910203e0 	add	x0, sp, #0x80
   81248:	94000876 	bl	83420 <CString::CString(char const*)>
   8124c:	910203e0 	add	x0, sp, #0x80
   81250:	94000904 	bl	83660 <CString::GetLength() const>
   81254:	b5000360 	cbnz	x0, 812c0 <CDeviceNameService::ListDevices(CDevice*, bool)+0x160>
   81258:	f9400a60 	ldr	x0, [x19, #16]
   8125c:	52800021 	mov	w1, #0x1                   	// #1
   81260:	52800c75 	mov	w21, #0x63                  	// #99
   81264:	940027df 	bl	8b1e0 <CDevice::GetProperty(CDevice::TProperty) const>
   81268:	aa0003e1 	mov	x1, x0
   8126c:	910203e0 	add	x0, sp, #0x80
   81270:	94000900 	bl	83670 <CString::Append(char const*)>
   81274:	39406260 	ldrb	w0, [x19, #24]
   81278:	f9400676 	ldr	x22, [x19, #8]
   8127c:	4b0002b5 	sub	w21, w21, w0
   81280:	910203e0 	add	x0, sp, #0x80
   81284:	940008ef 	bl	83640 <CString::c_str() const>
   81288:	aa0003fb 	mov	x27, x0
   8128c:	f9400a60 	ldr	x0, [x19, #16]
   81290:	52800041 	mov	w1, #0x2                   	// #2
   81294:	940027d3 	bl	8b1e0 <CDevice::GetProperty(CDevice::TProperty) const>
   81298:	aa0003e5 	mov	x5, x0
   8129c:	aa1b03e4 	mov	x4, x27
   812a0:	910183e0 	add	x0, sp, #0x60
   812a4:	aa1603e3 	mov	x3, x22
   812a8:	2a1503e2 	mov	w2, w21
   812ac:	aa1a03e1 	mov	x1, x26
   812b0:	94000ed6 	bl	84e08 <CString::Format(char const*, ...)>
   812b4:	910203e0 	add	x0, sp, #0x80
   812b8:	9400081a 	bl	83320 <CString::~CString()>
   812bc:	17ffffc9 	b	811e0 <CDeviceNameService::ListDevices(CDevice*, bool)+0x80>
   812c0:	d0000081 	adrp	x1, 93000 <CExceptionHandler::Throw(unsigned int, TAbortFrame*)+0xc0>
   812c4:	910203e0 	add	x0, sp, #0x80
   812c8:	910d8021 	add	x1, x1, #0x360
   812cc:	940008e9 	bl	83670 <CString::Append(char const*)>
   812d0:	17ffffe2 	b	81258 <CDeviceNameService::ListDevices(CDevice*, bool)+0xf8>
   812d4:	f9400280 	ldr	x0, [x20]
   812d8:	b00000a1 	adrp	x1, 96000 <vtable for CDevice+0x4a8>
   812dc:	d28006a2 	mov	x2, #0x35                  	// #53
   812e0:	91264021 	add	x1, x1, #0x990
   812e4:	f9400c03 	ldr	x3, [x0, #24]
   812e8:	aa1403e0 	mov	x0, x20
   812ec:	d63f0060 	blr	x3
   812f0:	17ffffa6 	b	81188 <CDeviceNameService::ListDevices(CDevice*, bool)+0x28>
   812f4:	d0000081 	adrp	x1, 93000 <CExceptionHandler::Throw(unsigned int, TAbortFrame*)+0xc0>
   812f8:	d0000080 	adrp	x0, 93000 <CExceptionHandler::Throw(unsigned int, TAbortFrame*)+0xc0>
   812fc:	52801ae2 	mov	w2, #0xd7                  	// #215
   81300:	910a8021 	add	x1, x1, #0x2a0
   81304:	910ba000 	add	x0, x0, #0x2e8
   81308:	94002346 	bl	8a020 <assertion_failed>
   8130c:	d0000081 	adrp	x1, 93000 <CExceptionHandler::Throw(unsigned int, TAbortFrame*)+0xc0>
   81310:	d0000080 	adrp	x0, 93000 <CExceptionHandler::Throw(unsigned int, TAbortFrame*)+0xc0>
   81314:	52801c22 	mov	w2, #0xe1                  	// #225
   81318:	910a8021 	add	x1, x1, #0x2a0
   8131c:	910d2000 	add	x0, x0, #0x348
   81320:	94002340 	bl	8a020 <assertion_failed>
   81324:	34000258 	cbz	w24, 8136c <CDeviceNameService::ListDevices(CDevice*, bool)+0x20c>
   81328:	f9402bfb 	ldr	x27, [sp, #80]
   8132c:	a9425bf5 	ldp	x21, x22, [sp, #32]
   81330:	a9446bf9 	ldp	x25, x26, [sp, #64]
   81334:	a94153f3 	ldp	x19, x20, [sp, #16]
   81338:	a94363f7 	ldp	x23, x24, [sp, #48]
   8133c:	a8ca7bfd 	ldp	x29, x30, [sp], #160
   81340:	d65f03c0 	ret
   81344:	d0000081 	adrp	x1, 93000 <CExceptionHandler::Throw(unsigned int, TAbortFrame*)+0xc0>
   81348:	d0000080 	adrp	x0, 93000 <CExceptionHandler::Throw(unsigned int, TAbortFrame*)+0xc0>
   8134c:	a9025bf5 	stp	x21, x22, [sp, #32]
   81350:	52801902 	mov	w2, #0xc8                  	// #200
   81354:	910a8021 	add	x1, x1, #0x2a0
   81358:	910ca000 	add	x0, x0, #0x328
   8135c:	a90363f7 	stp	x23, x24, [sp, #48]
   81360:	a9046bf9 	stp	x25, x26, [sp, #64]
   81364:	f9002bfb 	str	x27, [sp, #80]
   81368:	9400232e 	bl	8a020 <assertion_failed>
   8136c:	f24006ff 	tst	x23, #0x3
   81370:	54fffdc0 	b.eq	81328 <CDeviceNameService::ListDevices(CDevice*, bool)+0x1c8>  // b.none
   81374:	f9400280 	ldr	x0, [x20]
   81378:	d0000081 	adrp	x1, 93000 <CExceptionHandler::Throw(unsigned int, TAbortFrame*)+0xc0>
   8137c:	d2800022 	mov	x2, #0x1                   	// #1
   81380:	a9425bf5 	ldp	x21, x22, [sp, #32]
   81384:	910e0021 	add	x1, x1, #0x380
   81388:	a94363f7 	ldp	x23, x24, [sp, #48]
   8138c:	a9446bf9 	ldp	x25, x26, [sp, #64]
   81390:	f9400c03 	ldr	x3, [x0, #24]
   81394:	aa1403e0 	mov	x0, x20
   81398:	a94153f3 	ldp	x19, x20, [sp, #16]
   8139c:	f9402bfb 	ldr	x27, [sp, #80]
   813a0:	aa0303f0 	mov	x16, x3
   813a4:	a8ca7bfd 	ldp	x29, x30, [sp], #160
   813a8:	d61f0200 	br	x16
	...

00000000000813c0 <CKernelOptions::~CKernelOptions()>:
   813c0:	a9be7bfd 	stp	x29, x30, [sp, #-32]!
   813c4:	910003fd 	mov	x29, sp
   813c8:	a90153f3 	stp	x19, x20, [sp, #16]
   813cc:	f9444c13 	ldr	x19, [x0, #2200]
   813d0:	b4000233 	cbz	x19, 81414 <CKernelOptions::~CKernelOptions()+0x54>
   813d4:	aa0003f4 	mov	x20, x0
   813d8:	d503201f 	nop
   813dc:	d503201f 	nop
   813e0:	f9400260 	ldr	x0, [x19]
   813e4:	f9044e80 	str	x0, [x20, #2200]
   813e8:	f9400a60 	ldr	x0, [x19, #16]
   813ec:	b4000040 	cbz	x0, 813f4 <CKernelOptions::~CKernelOptions()+0x34>
   813f0:	94001636 	bl	86cc8 <operator delete[](void*)>
   813f4:	f9400660 	ldr	x0, [x19, #8]
   813f8:	b4000040 	cbz	x0, 81400 <CKernelOptions::~CKernelOptions()+0x40>
   813fc:	94001633 	bl	86cc8 <operator delete[](void*)>
   81400:	aa1303e0 	mov	x0, x19
   81404:	d2800301 	mov	x1, #0x18                  	// #24
   81408:	9400163a 	bl	86cf0 <operator delete(void*, unsigned long)>
   8140c:	f9444e93 	ldr	x19, [x20, #2200]
   81410:	b5fffe93 	cbnz	x19, 813e0 <CKernelOptions::~CKernelOptions()+0x20>
   81414:	b00000a0 	adrp	x0, 96000 <vtable for CDevice+0x4a8>
   81418:	a94153f3 	ldp	x19, x20, [sp, #16]
   8141c:	f905501f 	str	xzr, [x0, #2720]
   81420:	a8c27bfd 	ldp	x29, x30, [sp], #32
   81424:	d65f03c0 	ret

0000000000081428 <CKernelOptions::GetWidth() const>:
   81428:	b9481800 	ldr	w0, [x0, #2072]
   8142c:	d65f03c0 	ret

0000000000081430 <CKernelOptions::GetHeight() const>:
   81430:	b9481c00 	ldr	w0, [x0, #2076]
   81434:	d65f03c0 	ret
   81438:	d503201f 	nop
   8143c:	d503201f 	nop

0000000000081440 <CKernelOptions::GetLogDevice() const>:
   81440:	91208000 	add	x0, x0, #0x820
   81444:	d65f03c0 	ret

0000000000081448 <CKernelOptions::GetLogLevel() const>:
   81448:	b9483400 	ldr	w0, [x0, #2100]
   8144c:	d65f03c0 	ret

0000000000081450 <CKernelOptions::GetKeyMap() const>:
   81450:	9120e000 	add	x0, x0, #0x838
   81454:	d65f03c0 	ret
   81458:	d503201f 	nop
   8145c:	d503201f 	nop

0000000000081460 <CKernelOptions::GetUSBPowerDelay() const>:
   81460:	b9483c00 	ldr	w0, [x0, #2108]
   81464:	d65f03c0 	ret

0000000000081468 <CKernelOptions::GetUSBFullSpeed() const>:
   81468:	39610000 	ldrb	w0, [x0, #2112]
   8146c:	d65f03c0 	ret

0000000000081470 <CKernelOptions::GetUSBBoost() const>:
   81470:	39610400 	ldrb	w0, [x0, #2113]
   81474:	d65f03c0 	ret
   81478:	d503201f 	nop
   8147c:	d503201f 	nop

0000000000081480 <CKernelOptions::GetUSBIgnore() const>:
   81480:	91210800 	add	x0, x0, #0x842
   81484:	d65f03c0 	ret

0000000000081488 <CKernelOptions::GetUSBSoundChannels() const>:
   81488:	91216000 	add	x0, x0, #0x858
   8148c:	d65f03c0 	ret

0000000000081490 <CKernelOptions::GetSoundDevice() const>:
   81490:	91218000 	add	x0, x0, #0x860
   81494:	d65f03c0 	ret
   81498:	d503201f 	nop
   8149c:	d503201f 	nop

00000000000814a0 <CKernelOptions::GetSoundOption() const>:
   814a0:	b9487400 	ldr	w0, [x0, #2164]
   814a4:	d65f03c0 	ret

00000000000814a8 <CKernelOptions::GetCPUSpeed() const>:
   814a8:	b9487800 	ldr	w0, [x0, #2168]
   814ac:	d65f03c0 	ret

00000000000814b0 <CKernelOptions::GetSoCMaxTemp() const>:
   814b0:	b9487c00 	ldr	w0, [x0, #2172]
   814b4:	d65f03c0 	ret
   814b8:	d503201f 	nop
   814bc:	d503201f 	nop

00000000000814c0 <CKernelOptions::GetGPIOFanPin() const>:
   814c0:	b9488000 	ldr	w0, [x0, #2176]
   814c4:	d65f03c0 	ret

00000000000814c8 <CKernelOptions::GetTouchScreen() const>:
   814c8:	39621001 	ldrb	w1, [x0, #2180]
   814cc:	91222000 	add	x0, x0, #0x888
   814d0:	f240003f 	tst	x1, #0x1
   814d4:	9a9f1000 	csel	x0, x0, xzr, ne	// ne = any
   814d8:	d65f03c0 	ret
   814dc:	d503201f 	nop

00000000000814e0 <CKernelOptions::GetBacklight() const>:
   814e0:	b948a000 	ldr	w0, [x0, #2208]
   814e4:	d65f03c0 	ret

00000000000814e8 <CKernelOptions::GetAppOptionString(char const*, char const*) const>:
   814e8:	a9bd7bfd 	stp	x29, x30, [sp, #-48]!
   814ec:	910003fd 	mov	x29, sp
   814f0:	a90153f3 	stp	x19, x20, [sp, #16]
   814f4:	f9444c13 	ldr	x19, [x0, #2200]
   814f8:	f90013f5 	str	x21, [sp, #32]
   814fc:	aa0203f5 	mov	x21, x2
   81500:	b40001d3 	cbz	x19, 81538 <CKernelOptions::GetAppOptionString(char const*, char const*) const+0x50>
   81504:	aa0103f4 	mov	x20, x1
   81508:	14000003 	b	81514 <CKernelOptions::GetAppOptionString(char const*, char const*) const+0x2c>
   8150c:	f9400273 	ldr	x19, [x19]
   81510:	b4000153 	cbz	x19, 81538 <CKernelOptions::GetAppOptionString(char const*, char const*) const+0x50>
   81514:	f9400660 	ldr	x0, [x19, #8]
   81518:	aa1403e1 	mov	x1, x20
   8151c:	9400137c 	bl	8630c <strcmp>
   81520:	35ffff60 	cbnz	w0, 8150c <CKernelOptions::GetAppOptionString(char const*, char const*) const+0x24>
   81524:	f9400a60 	ldr	x0, [x19, #16]
   81528:	a94153f3 	ldp	x19, x20, [sp, #16]
   8152c:	f94013f5 	ldr	x21, [sp, #32]
   81530:	a8c37bfd 	ldp	x29, x30, [sp], #48
   81534:	d65f03c0 	ret
   81538:	aa1503e0 	mov	x0, x21
   8153c:	f94013f5 	ldr	x21, [sp, #32]
   81540:	a94153f3 	ldp	x19, x20, [sp, #16]
   81544:	a8c37bfd 	ldp	x29, x30, [sp], #48
   81548:	d65f03c0 	ret

000000000008154c <CKernelOptions::GetAppOptionSignedDecimal(char const*, int) const>:
   8154c:	a9bc7bfd 	stp	x29, x30, [sp, #-64]!
   81550:	910003fd 	mov	x29, sp
   81554:	a90153f3 	stp	x19, x20, [sp, #16]
   81558:	f9444c13 	ldr	x19, [x0, #2200]
   8155c:	f90013f5 	str	x21, [sp, #32]
   81560:	2a0203f5 	mov	w21, w2
   81564:	b40002f3 	cbz	x19, 815c0 <CKernelOptions::GetAppOptionSignedDecimal(char const*, int) const+0x74>
   81568:	aa0103f4 	mov	x20, x1
   8156c:	14000003 	b	81578 <CKernelOptions::GetAppOptionSignedDecimal(char const*, int) const+0x2c>
   81570:	f9400273 	ldr	x19, [x19]
   81574:	b4000273 	cbz	x19, 815c0 <CKernelOptions::GetAppOptionSignedDecimal(char const*, int) const+0x74>
   81578:	f9400660 	ldr	x0, [x19, #8]
   8157c:	aa1403e1 	mov	x1, x20
   81580:	94001363 	bl	8630c <strcmp>
   81584:	35ffff60 	cbnz	w0, 81570 <CKernelOptions::GetAppOptionSignedDecimal(char const*, int) const+0x24>
   81588:	f9400a60 	ldr	x0, [x19, #16]
   8158c:	b40001a0 	cbz	x0, 815c0 <CKernelOptions::GetAppOptionSignedDecimal(char const*, int) const+0x74>
   81590:	9100e3e1 	add	x1, sp, #0x38
   81594:	52800142 	mov	w2, #0xa                   	// #10
   81598:	f9001fff 	str	xzr, [sp, #56]
   8159c:	94001471 	bl	86760 <strtoul>
   815a0:	f9401fe1 	ldr	x1, [sp, #56]
   815a4:	b4000061 	cbz	x1, 815b0 <CKernelOptions::GetAppOptionSignedDecimal(char const*, int) const+0x64>
   815a8:	39c00021 	ldrsb	w1, [x1]
   815ac:	350000a1 	cbnz	w1, 815c0 <CKernelOptions::GetAppOptionSignedDecimal(char const*, int) const+0x74>
   815b0:	f94013f5 	ldr	x21, [sp, #32]
   815b4:	a94153f3 	ldp	x19, x20, [sp, #16]
   815b8:	a8c47bfd 	ldp	x29, x30, [sp], #64
   815bc:	d65f03c0 	ret
   815c0:	a94153f3 	ldp	x19, x20, [sp, #16]
   815c4:	2a1503e0 	mov	w0, w21
   815c8:	f94013f5 	ldr	x21, [sp, #32]
   815cc:	a8c47bfd 	ldp	x29, x30, [sp], #64
   815d0:	d65f03c0 	ret
   815d4:	d503201f 	nop
   815d8:	d503201f 	nop
   815dc:	d503201f 	nop

00000000000815e0 <CKernelOptions::Get()>:
   815e0:	b00000a0 	adrp	x0, 96000 <vtable for CDevice+0x4a8>
   815e4:	f9455000 	ldr	x0, [x0, #2720]
   815e8:	d65f03c0 	ret

00000000000815ec <CKernelOptions::GetToken()>:
   815ec:	aa0003e3 	mov	x3, x0
   815f0:	f9440800 	ldr	x0, [x0, #2064]
   815f4:	39c00001 	ldrsb	w1, [x0]
   815f8:	350000c1 	cbnz	w1, 81610 <CKernelOptions::GetToken()+0x24>
   815fc:	14000013 	b	81648 <CKernelOptions::GetToken()+0x5c>
   81600:	91000400 	add	x0, x0, #0x1
   81604:	f9040860 	str	x0, [x3, #2064]
   81608:	39c00001 	ldrsb	w1, [x0]
   8160c:	340001e1 	cbz	w1, 81648 <CKernelOptions::GetToken()+0x5c>
   81610:	7100803f 	cmp	w1, #0x20
   81614:	54ffff60 	b.eq	81600 <CKernelOptions::GetToken()+0x14>  // b.none
   81618:	f9440861 	ldr	x1, [x3, #2064]
   8161c:	14000006 	b	81634 <CKernelOptions::GetToken()+0x48>
   81620:	aa0103e4 	mov	x4, x1
   81624:	91000421 	add	x1, x1, #0x1
   81628:	f9040861 	str	x1, [x3, #2064]
   8162c:	7100805f 	cmp	w2, #0x20
   81630:	54000080 	b.eq	81640 <CKernelOptions::GetToken()+0x54>  // b.none
   81634:	39c00022 	ldrsb	w2, [x1]
   81638:	35ffff42 	cbnz	w2, 81620 <CKernelOptions::GetToken()+0x34>
   8163c:	d65f03c0 	ret
   81640:	3900009f 	strb	wzr, [x4]
   81644:	d65f03c0 	ret
   81648:	d2800000 	mov	x0, #0x0                   	// #0
   8164c:	d65f03c0 	ret

0000000000081650 <CKernelOptions::GetOptionValue(char*)>:
   81650:	39c00001 	ldrsb	w1, [x0]
   81654:	35000081 	cbnz	w1, 81664 <CKernelOptions::GetOptionValue(char*)+0x14>
   81658:	14000007 	b	81674 <CKernelOptions::GetOptionValue(char*)+0x24>
   8165c:	38c01c01 	ldrsb	w1, [x0, #1]!
   81660:	340000a1 	cbz	w1, 81674 <CKernelOptions::GetOptionValue(char*)+0x24>
   81664:	7100f43f 	cmp	w1, #0x3d
   81668:	54ffffa1 	b.ne	8165c <CKernelOptions::GetOptionValue(char*)+0xc>  // b.any
   8166c:	3800141f 	strb	wzr, [x0], #1
   81670:	d65f03c0 	ret
   81674:	d2800000 	mov	x0, #0x0                   	// #0
   81678:	d65f03c0 	ret
   8167c:	d503201f 	nop

0000000000081680 <CKernelOptions::GetDecimal(char const*)>:
   81680:	aa0003e3 	mov	x3, x0
   81684:	b40002a0 	cbz	x0, 816d8 <CKernelOptions::GetDecimal(char const*)+0x58>
   81688:	39c00001 	ldrsb	w1, [x0]
   8168c:	12800000 	mov	w0, #0xffffffff            	// #-1
   81690:	34000221 	cbz	w1, 816d4 <CKernelOptions::GetDecimal(char const*)+0x54>
   81694:	52800000 	mov	w0, #0x0                   	// #0
   81698:	1400000d 	b	816cc <CKernelOptions::GetDecimal(char const*)+0x4c>
   8169c:	5100c041 	sub	w1, w2, #0x30
   816a0:	12001c21 	and	w1, w1, #0xff
   816a4:	7100243f 	cmp	w1, #0x9
   816a8:	54000188 	b.hi	816d8 <CKernelOptions::GetDecimal(char const*)+0x58>  // b.pmore
   816ac:	0b000801 	add	w1, w0, w0, lsl #2
   816b0:	91000463 	add	x3, x3, #0x1
   816b4:	0b010441 	add	w1, w2, w1, lsl #1
   816b8:	5100c021 	sub	w1, w1, #0x30
   816bc:	6b01001f 	cmp	w0, w1
   816c0:	3a419824 	ccmn	w1, #0x1, #0x4, ls	// ls = plast
   816c4:	540000a0 	b.eq	816d8 <CKernelOptions::GetDecimal(char const*)+0x58>  // b.none
   816c8:	2a0103e0 	mov	w0, w1
   816cc:	39c00062 	ldrsb	w2, [x3]
   816d0:	35fffe62 	cbnz	w2, 8169c <CKernelOptions::GetDecimal(char const*)+0x1c>
   816d4:	d65f03c0 	ret
   816d8:	12800000 	mov	w0, #0xffffffff            	// #-1
   816dc:	d65f03c0 	ret

00000000000816e0 <CKernelOptions::GetAppOptionDecimal(char const*, unsigned int) const>:
   816e0:	a9bd7bfd 	stp	x29, x30, [sp, #-48]!
   816e4:	910003fd 	mov	x29, sp
   816e8:	a90153f3 	stp	x19, x20, [sp, #16]
   816ec:	f9444c13 	ldr	x19, [x0, #2200]
   816f0:	f90013f5 	str	x21, [sp, #32]
   816f4:	2a0203f5 	mov	w21, w2
   816f8:	b4000253 	cbz	x19, 81740 <CKernelOptions::GetAppOptionDecimal(char const*, unsigned int) const+0x60>
   816fc:	aa0103f4 	mov	x20, x1
   81700:	14000003 	b	8170c <CKernelOptions::GetAppOptionDecimal(char const*, unsigned int) const+0x2c>
   81704:	f9400273 	ldr	x19, [x19]
   81708:	b40001d3 	cbz	x19, 81740 <CKernelOptions::GetAppOptionDecimal(char const*, unsigned int) const+0x60>
   8170c:	f9400660 	ldr	x0, [x19, #8]
   81710:	aa1403e1 	mov	x1, x20
   81714:	940012fe 	bl	8630c <strcmp>
   81718:	35ffff60 	cbnz	w0, 81704 <CKernelOptions::GetAppOptionDecimal(char const*, unsigned int) const+0x24>
   8171c:	f9400a60 	ldr	x0, [x19, #16]
   81720:	b4000100 	cbz	x0, 81740 <CKernelOptions::GetAppOptionDecimal(char const*, unsigned int) const+0x60>
   81724:	97ffffd7 	bl	81680 <CKernelOptions::GetDecimal(char const*)>
   81728:	3100041f 	cmn	w0, #0x1
   8172c:	540000a0 	b.eq	81740 <CKernelOptions::GetAppOptionDecimal(char const*, unsigned int) const+0x60>  // b.none
   81730:	f94013f5 	ldr	x21, [sp, #32]
   81734:	a94153f3 	ldp	x19, x20, [sp, #16]
   81738:	a8c37bfd 	ldp	x29, x30, [sp], #48
   8173c:	d65f03c0 	ret
   81740:	2a1503e0 	mov	w0, w21
   81744:	f94013f5 	ldr	x21, [sp, #32]
   81748:	a94153f3 	ldp	x19, x20, [sp, #16]
   8174c:	a8c37bfd 	ldp	x29, x30, [sp], #48
   81750:	d65f03c0 	ret
   81754:	d503201f 	nop
   81758:	d503201f 	nop
   8175c:	d503201f 	nop

0000000000081760 <CKernelOptions::GetDecimals(char*, unsigned int*, unsigned int)>:
   81760:	a9bc7bfd 	stp	x29, x30, [sp, #-64]!
   81764:	910003fd 	mov	x29, sp
   81768:	a90153f3 	stp	x19, x20, [sp, #16]
   8176c:	d0000093 	adrp	x19, 93000 <CExceptionHandler::Throw(unsigned int, TAbortFrame*)+0xc0>
   81770:	9133e273 	add	x19, x19, #0xcf8
   81774:	a9025bf5 	stp	x21, x22, [sp, #32]
   81778:	9100e3f5 	add	x21, sp, #0x38
   8177c:	34000462 	cbz	w2, 81808 <CKernelOptions::GetDecimals(char*, unsigned int*, unsigned int)+0xa8>
   81780:	d0000093 	adrp	x19, 93000 <CExceptionHandler::Throw(unsigned int, TAbortFrame*)+0xc0>
   81784:	aa0103f6 	mov	x22, x1
   81788:	8b224834 	add	x20, x1, w2, uxtw #2
   8178c:	9100e3f5 	add	x21, sp, #0x38
   81790:	9133e273 	add	x19, x19, #0xcf8
   81794:	d503201f 	nop
   81798:	d503201f 	nop
   8179c:	d503201f 	nop
   817a0:	aa1503e2 	mov	x2, x21
   817a4:	aa1303e1 	mov	x1, x19
   817a8:	940013b6 	bl	86680 <strtok_r>
   817ac:	b4000420 	cbz	x0, 81830 <CKernelOptions::GetDecimals(char*, unsigned int*, unsigned int)+0xd0>
   817b0:	39c00001 	ldrsb	w1, [x0]
   817b4:	340003e1 	cbz	w1, 81830 <CKernelOptions::GetDecimals(char*, unsigned int*, unsigned int)+0xd0>
   817b8:	52800003 	mov	w3, #0x0                   	// #0
   817bc:	1400000d 	b	817f0 <CKernelOptions::GetDecimals(char*, unsigned int*, unsigned int)+0x90>
   817c0:	5100c082 	sub	w2, w4, #0x30
   817c4:	12001c42 	and	w2, w2, #0xff
   817c8:	7100245f 	cmp	w2, #0x9
   817cc:	54000328 	b.hi	81830 <CKernelOptions::GetDecimals(char*, unsigned int*, unsigned int)+0xd0>  // b.pmore
   817d0:	0b030862 	add	w2, w3, w3, lsl #2
   817d4:	91000400 	add	x0, x0, #0x1
   817d8:	0b020482 	add	w2, w4, w2, lsl #1
   817dc:	5100c042 	sub	w2, w2, #0x30
   817e0:	6b02007f 	cmp	w3, w2
   817e4:	3a419844 	ccmn	w2, #0x1, #0x4, ls	// ls = plast
   817e8:	54000240 	b.eq	81830 <CKernelOptions::GetDecimals(char*, unsigned int*, unsigned int)+0xd0>  // b.none
   817ec:	2a0203e3 	mov	w3, w2
   817f0:	39c00004 	ldrsb	w4, [x0]
   817f4:	35fffe64 	cbnz	w4, 817c0 <CKernelOptions::GetDecimals(char*, unsigned int*, unsigned int)+0x60>
   817f8:	d2800000 	mov	x0, #0x0                   	// #0
   817fc:	b80046c3 	str	w3, [x22], #4
   81800:	eb1402df 	cmp	x22, x20
   81804:	54fffce1 	b.ne	817a0 <CKernelOptions::GetDecimals(char*, unsigned int*, unsigned int)+0x40>  // b.any
   81808:	aa1503e2 	mov	x2, x21
   8180c:	aa1303e1 	mov	x1, x19
   81810:	d2800000 	mov	x0, #0x0                   	// #0
   81814:	9400139b 	bl	86680 <strtok_r>
   81818:	f100001f 	cmp	x0, #0x0
   8181c:	a94153f3 	ldp	x19, x20, [sp, #16]
   81820:	1a9f17e0 	cset	w0, eq	// eq = none
   81824:	a9425bf5 	ldp	x21, x22, [sp, #32]
   81828:	a8c47bfd 	ldp	x29, x30, [sp], #64
   8182c:	d65f03c0 	ret
   81830:	a94153f3 	ldp	x19, x20, [sp, #16]
   81834:	52800000 	mov	w0, #0x0                   	// #0
   81838:	a9425bf5 	ldp	x21, x22, [sp, #32]
   8183c:	a8c47bfd 	ldp	x29, x30, [sp], #64
   81840:	d65f03c0 	ret

0000000000081844 <CKernelOptions::CKernelOptions()>:
   81844:	a9b97bfd 	stp	x29, x30, [sp, #-112]!
   81848:	910003fd 	mov	x29, sp
   8184c:	d0000081 	adrp	x1, 93000 <CExceptionHandler::Throw(unsigned int, TAbortFrame*)+0xc0>
   81850:	910e2021 	add	x1, x1, #0x388
   81854:	a90153f3 	stp	x19, x20, [sp, #16]
   81858:	aa0003f4 	mov	x20, x0
   8185c:	f9040c1f 	str	xzr, [x0, #2072]
   81860:	d2c00080 	mov	x0, #0x400000000           	// #17179869184
   81864:	f9041e9f 	str	xzr, [x20, #2104]
   81868:	f9041a80 	str	x0, [x20, #2096]
   8186c:	d2c00780 	mov	x0, #0x3c00000000          	// #257698037760
   81870:	f904229f 	str	xzr, [x20, #2112]
   81874:	f9042e9f 	str	xzr, [x20, #2136]
   81878:	f9043a9f 	str	xzr, [x20, #2160]
   8187c:	f9043e80 	str	x0, [x20, #2168]
   81880:	91208280 	add	x0, x20, #0x820
   81884:	f904429f 	str	xzr, [x20, #2176]
   81888:	f9044e9f 	str	xzr, [x20, #2200]
   8188c:	b908a29f 	str	wzr, [x20, #2208]
   81890:	9400131e 	bl	86508 <strcpy>
   81894:	d0000081 	adrp	x1, 93000 <CExceptionHandler::Throw(unsigned int, TAbortFrame*)+0xc0>
   81898:	9120e280 	add	x0, x20, #0x838
   8189c:	910e4021 	add	x1, x1, #0x390
   818a0:	9400131a 	bl	86508 <strcpy>
   818a4:	b00000a0 	adrp	x0, 96000 <vtable for CDevice+0x4a8>
   818a8:	52800001 	mov	w1, #0x0                   	// #0
   818ac:	39210a9f 	strb	wzr, [x20, #2114]
   818b0:	3921829f 	strb	wzr, [x20, #2144]
   818b4:	f9055014 	str	x20, [x0, #2720]
   818b8:	9101a3e0 	add	x0, sp, #0x68
   818bc:	94002461 	bl	8aa40 <CBcmPropertyTags::CBcmPropertyTags(bool)>
   818c0:	52800021 	mov	w1, #0x1                   	// #1
   818c4:	52800004 	mov	w4, #0x0                   	// #0
   818c8:	52810183 	mov	w3, #0x80c                 	// #2060
   818cc:	aa1403e2 	mov	x2, x20
   818d0:	72a000a1 	movk	w1, #0x5, lsl #16
   818d4:	9101a3e0 	add	x0, sp, #0x68
   818d8:	940024b2 	bl	8aba0 <CBcmPropertyTags::GetTag(unsigned int, void*, unsigned int, unsigned int)>
   818dc:	360005a0 	tbz	w0, #0, 81990 <CKernelOptions::CKernelOptions()+0x14c>
   818e0:	b9400a80 	ldr	w0, [x20, #8]
   818e4:	711ffc1f 	cmp	w0, #0x7ff
   818e8:	54000548 	b.hi	81990 <CKernelOptions::CKernelOptions()+0x14c>  // b.pmore
   818ec:	8b204280 	add	x0, x20, w0, uxtw
   818f0:	a9025bf5 	stp	x21, x22, [sp, #32]
   818f4:	d0000096 	adrp	x22, 93000 <CExceptionHandler::Throw(unsigned int, TAbortFrame*)+0xc0>
   818f8:	910e62d6 	add	x22, x22, #0x398
   818fc:	f90023f9 	str	x25, [sp, #64]
   81900:	3900301f 	strb	wzr, [x0, #12]
   81904:	91003280 	add	x0, x20, #0xc
   81908:	f9040a80 	str	x0, [x20, #2064]
   8190c:	d0000080 	adrp	x0, 93000 <CExceptionHandler::Throw(unsigned int, TAbortFrame*)+0xc0>
   81910:	910e8019 	add	x25, x0, #0x3a0
   81914:	d503201f 	nop
   81918:	d503201f 	nop
   8191c:	d503201f 	nop
   81920:	aa1403e0 	mov	x0, x20
   81924:	97ffff32 	bl	815ec <CKernelOptions::GetToken()>
   81928:	aa0003f5 	mov	x21, x0
   8192c:	b40002e0 	cbz	x0, 81988 <CKernelOptions::CKernelOptions()+0x144>
   81930:	39c00001 	ldrsb	w1, [x0]
   81934:	35000081 	cbnz	w1, 81944 <CKernelOptions::CKernelOptions()+0x100>
   81938:	1400001b 	b	819a4 <CKernelOptions::CKernelOptions()+0x160>
   8193c:	38c01c01 	ldrsb	w1, [x0, #1]!
   81940:	34000321 	cbz	w1, 819a4 <CKernelOptions::CKernelOptions()+0x160>
   81944:	7100f43f 	cmp	w1, #0x3d
   81948:	54ffffa1 	b.ne	8193c <CKernelOptions::CKernelOptions()+0xf8>  // b.any
   8194c:	aa0003f3 	mov	x19, x0
   81950:	aa1603e1 	mov	x1, x22
   81954:	aa1503e0 	mov	x0, x21
   81958:	3800167f 	strb	wzr, [x19], #1
   8195c:	9400126c 	bl	8630c <strcmp>
   81960:	350002c0 	cbnz	w0, 819b8 <CKernelOptions::CKernelOptions()+0x174>
   81964:	aa1303e0 	mov	x0, x19
   81968:	97ffff46 	bl	81680 <CKernelOptions::GetDecimal(char const*)>
   8196c:	3100041f 	cmn	w0, #0x1
   81970:	54fffd80 	b.eq	81920 <CKernelOptions::CKernelOptions()+0xdc>  // b.none
   81974:	b9081a80 	str	w0, [x20, #2072]
   81978:	aa1403e0 	mov	x0, x20
   8197c:	97ffff1c 	bl	815ec <CKernelOptions::GetToken()>
   81980:	aa0003f5 	mov	x21, x0
   81984:	b5fffd60 	cbnz	x0, 81930 <CKernelOptions::CKernelOptions()+0xec>
   81988:	f94023f9 	ldr	x25, [sp, #64]
   8198c:	a9425bf5 	ldp	x21, x22, [sp, #32]
   81990:	9101a3e0 	add	x0, sp, #0x68
   81994:	9400242e 	bl	8aa4c <CBcmPropertyTags::~CBcmPropertyTags()>
   81998:	a94153f3 	ldp	x19, x20, [sp, #16]
   8199c:	a8c77bfd 	ldp	x29, x30, [sp], #112
   819a0:	d65f03c0 	ret
   819a4:	aa1603e1 	mov	x1, x22
   819a8:	aa1503e0 	mov	x0, x21
   819ac:	d2800013 	mov	x19, #0x0                   	// #0
   819b0:	94001257 	bl	8630c <strcmp>
   819b4:	34fffd80 	cbz	w0, 81964 <CKernelOptions::CKernelOptions()+0x120>
   819b8:	aa1903e1 	mov	x1, x25
   819bc:	aa1503e0 	mov	x0, x21
   819c0:	94001253 	bl	8630c <strcmp>
   819c4:	350000e0 	cbnz	w0, 819e0 <CKernelOptions::CKernelOptions()+0x19c>
   819c8:	aa1303e0 	mov	x0, x19
   819cc:	97ffff2d 	bl	81680 <CKernelOptions::GetDecimal(char const*)>
   819d0:	3100041f 	cmn	w0, #0x1
   819d4:	54fffa60 	b.eq	81920 <CKernelOptions::CKernelOptions()+0xdc>  // b.none
   819d8:	b9081e80 	str	w0, [x20, #2076]
   819dc:	17ffffd1 	b	81920 <CKernelOptions::CKernelOptions()+0xdc>
   819e0:	d0000081 	adrp	x1, 93000 <CExceptionHandler::Throw(unsigned int, TAbortFrame*)+0xc0>
   819e4:	aa1503e0 	mov	x0, x21
   819e8:	910ea021 	add	x1, x1, #0x3a8
   819ec:	94001248 	bl	8630c <strcmp>
   819f0:	34000180 	cbz	w0, 81a20 <CKernelOptions::CKernelOptions()+0x1dc>
   819f4:	d0000081 	adrp	x1, 93000 <CExceptionHandler::Throw(unsigned int, TAbortFrame*)+0xc0>
   819f8:	aa1503e0 	mov	x0, x21
   819fc:	910ec021 	add	x1, x1, #0x3b0
   81a00:	94001243 	bl	8630c <strcmp>
   81a04:	350001a0 	cbnz	w0, 81a38 <CKernelOptions::CKernelOptions()+0x1f4>
   81a08:	aa1303e0 	mov	x0, x19
   81a0c:	97ffff1d 	bl	81680 <CKernelOptions::GetDecimal(char const*)>
   81a10:	7100101f 	cmp	w0, #0x4
   81a14:	54fff868 	b.hi	81920 <CKernelOptions::CKernelOptions()+0xdc>  // b.pmore
   81a18:	b9083680 	str	w0, [x20, #2100]
   81a1c:	17ffffc1 	b	81920 <CKernelOptions::CKernelOptions()+0xdc>
   81a20:	d2800262 	mov	x2, #0x13                  	// #19
   81a24:	aa1303e1 	mov	x1, x19
   81a28:	91208280 	add	x0, x20, #0x820
   81a2c:	940012c5 	bl	86540 <strncpy>
   81a30:	3920ce9f 	strb	wzr, [x20, #2099]
   81a34:	17ffffbb 	b	81920 <CKernelOptions::CKernelOptions()+0xdc>
   81a38:	d0000081 	adrp	x1, 93000 <CExceptionHandler::Throw(unsigned int, TAbortFrame*)+0xc0>
   81a3c:	aa1503e0 	mov	x0, x21
   81a40:	910f0021 	add	x1, x1, #0x3c0
   81a44:	94001232 	bl	8630c <strcmp>
   81a48:	340001c0 	cbz	w0, 81a80 <CKernelOptions::CKernelOptions()+0x23c>
   81a4c:	d0000081 	adrp	x1, 93000 <CExceptionHandler::Throw(unsigned int, TAbortFrame*)+0xc0>
   81a50:	aa1503e0 	mov	x0, x21
   81a54:	910f2021 	add	x1, x1, #0x3c8
   81a58:	9400122d 	bl	8630c <strcmp>
   81a5c:	350001e0 	cbnz	w0, 81a98 <CKernelOptions::CKernelOptions()+0x254>
   81a60:	aa1303e0 	mov	x0, x19
   81a64:	97ffff07 	bl	81680 <CKernelOptions::GetDecimal(char const*)>
   81a68:	51032002 	sub	w2, w0, #0xc8
   81a6c:	5283cf01 	mov	w1, #0x1e78                	// #7800
   81a70:	6b01005f 	cmp	w2, w1
   81a74:	54fff568 	b.hi	81920 <CKernelOptions::CKernelOptions()+0xdc>  // b.pmore
   81a78:	b9083e80 	str	w0, [x20, #2108]
   81a7c:	17ffffa9 	b	81920 <CKernelOptions::CKernelOptions()+0xdc>
   81a80:	d2800042 	mov	x2, #0x2                   	// #2
   81a84:	aa1303e1 	mov	x1, x19
   81a88:	9120e280 	add	x0, x20, #0x838
   81a8c:	940012ad 	bl	86540 <strncpy>
   81a90:	3920ea9f 	strb	wzr, [x20, #2106]
   81a94:	17ffffa3 	b	81920 <CKernelOptions::CKernelOptions()+0xdc>
   81a98:	d0000081 	adrp	x1, 93000 <CExceptionHandler::Throw(unsigned int, TAbortFrame*)+0xc0>
   81a9c:	aa1503e0 	mov	x0, x21
   81aa0:	910f6021 	add	x1, x1, #0x3d8
   81aa4:	9400121a 	bl	8630c <strcmp>
   81aa8:	35000120 	cbnz	w0, 81acc <CKernelOptions::CKernelOptions()+0x288>
   81aac:	d0000081 	adrp	x1, 93000 <CExceptionHandler::Throw(unsigned int, TAbortFrame*)+0xc0>
   81ab0:	aa1303e0 	mov	x0, x19
   81ab4:	910fa021 	add	x1, x1, #0x3e8
   81ab8:	94001215 	bl	8630c <strcmp>
   81abc:	35fff320 	cbnz	w0, 81920 <CKernelOptions::CKernelOptions()+0xdc>
   81ac0:	52800020 	mov	w0, #0x1                   	// #1
   81ac4:	39210280 	strb	w0, [x20, #2112]
   81ac8:	17ffff96 	b	81920 <CKernelOptions::CKernelOptions()+0xdc>
   81acc:	d0000081 	adrp	x1, 93000 <CExceptionHandler::Throw(unsigned int, TAbortFrame*)+0xc0>
   81ad0:	aa1503e0 	mov	x0, x21
   81ad4:	910fc021 	add	x1, x1, #0x3f0
   81ad8:	9400120d 	bl	8630c <strcmp>
   81adc:	35000120 	cbnz	w0, 81b00 <CKernelOptions::CKernelOptions()+0x2bc>
   81ae0:	d0000081 	adrp	x1, 93000 <CExceptionHandler::Throw(unsigned int, TAbortFrame*)+0xc0>
   81ae4:	aa1303e0 	mov	x0, x19
   81ae8:	91100021 	add	x1, x1, #0x400
   81aec:	94001208 	bl	8630c <strcmp>
   81af0:	35fff180 	cbnz	w0, 81920 <CKernelOptions::CKernelOptions()+0xdc>
   81af4:	52800020 	mov	w0, #0x1                   	// #1
   81af8:	39210680 	strb	w0, [x20, #2113]
   81afc:	17ffff89 	b	81920 <CKernelOptions::CKernelOptions()+0xdc>
   81b00:	d0000081 	adrp	x1, 93000 <CExceptionHandler::Throw(unsigned int, TAbortFrame*)+0xc0>
   81b04:	aa1503e0 	mov	x0, x21
   81b08:	91102021 	add	x1, x1, #0x408
   81b0c:	94001200 	bl	8630c <strcmp>
   81b10:	350000e0 	cbnz	w0, 81b2c <CKernelOptions::CKernelOptions()+0x2e8>
   81b14:	d2800262 	mov	x2, #0x13                  	// #19
   81b18:	aa1303e1 	mov	x1, x19
   81b1c:	91210a80 	add	x0, x20, #0x842
   81b20:	94001288 	bl	86540 <strncpy>
   81b24:	3921569f 	strb	wzr, [x20, #2133]
   81b28:	17ffff7e 	b	81920 <CKernelOptions::CKernelOptions()+0xdc>
   81b2c:	d0000081 	adrp	x1, 93000 <CExceptionHandler::Throw(unsigned int, TAbortFrame*)+0xc0>
   81b30:	aa1503e0 	mov	x0, x21
   81b34:	91106021 	add	x1, x1, #0x418
   81b38:	940011f5 	bl	8630c <strcmp>
   81b3c:	35000100 	cbnz	w0, 81b5c <CKernelOptions::CKernelOptions()+0x318>
   81b40:	52800042 	mov	w2, #0x2                   	// #2
   81b44:	91216281 	add	x1, x20, #0x858
   81b48:	aa1303e0 	mov	x0, x19
   81b4c:	97ffff05 	bl	81760 <CKernelOptions::GetDecimals(char*, unsigned int*, unsigned int)>
   81b50:	3707ee80 	tbnz	w0, #0, 81920 <CKernelOptions::CKernelOptions()+0xdc>
   81b54:	f9042e9f 	str	xzr, [x20, #2136]
   81b58:	17ffff72 	b	81920 <CKernelOptions::CKernelOptions()+0xdc>
   81b5c:	d0000081 	adrp	x1, 93000 <CExceptionHandler::Throw(unsigned int, TAbortFrame*)+0xc0>
   81b60:	aa1503e0 	mov	x0, x21
   81b64:	9110c021 	add	x1, x1, #0x430
   81b68:	940011e9 	bl	8630c <strcmp>
   81b6c:	350000e0 	cbnz	w0, 81b88 <CKernelOptions::CKernelOptions()+0x344>
   81b70:	d2800262 	mov	x2, #0x13                  	// #19
   81b74:	aa1303e1 	mov	x1, x19
   81b78:	91218280 	add	x0, x20, #0x860
   81b7c:	94001271 	bl	86540 <strncpy>
   81b80:	3921ce9f 	strb	wzr, [x20, #2163]
   81b84:	17ffff67 	b	81920 <CKernelOptions::CKernelOptions()+0xdc>
   81b88:	d0000081 	adrp	x1, 93000 <CExceptionHandler::Throw(unsigned int, TAbortFrame*)+0xc0>
   81b8c:	aa1503e0 	mov	x0, x21
   81b90:	91110021 	add	x1, x1, #0x440
   81b94:	940011de 	bl	8630c <strcmp>
   81b98:	35000160 	cbnz	w0, 81bc4 <CKernelOptions::CKernelOptions()+0x380>
   81b9c:	aa1303e0 	mov	x0, x19
   81ba0:	97fffeb8 	bl	81680 <CKernelOptions::GetDecimal(char const*)>
   81ba4:	7100601f 	cmp	w0, #0x18
   81ba8:	54ffebc8 	b.hi	81920 <CKernelOptions::CKernelOptions()+0xdc>  // b.pmore
   81bac:	d28000e1 	mov	x1, #0x7                   	// #7
   81bb0:	f2a02021 	movk	x1, #0x101, lsl #16
   81bb4:	9ac02421 	lsr	x1, x1, x0
   81bb8:	3607eb41 	tbz	w1, #0, 81920 <CKernelOptions::CKernelOptions()+0xdc>
   81bbc:	b9087680 	str	w0, [x20, #2164]
   81bc0:	17ffff58 	b	81920 <CKernelOptions::CKernelOptions()+0xdc>
   81bc4:	d0000081 	adrp	x1, 93000 <CExceptionHandler::Throw(unsigned int, TAbortFrame*)+0xc0>
   81bc8:	aa1503e0 	mov	x0, x21
   81bcc:	91114021 	add	x1, x1, #0x450
   81bd0:	940011cf 	bl	8630c <strcmp>
   81bd4:	35000120 	cbnz	w0, 81bf8 <CKernelOptions::CKernelOptions()+0x3b4>
   81bd8:	d0000081 	adrp	x1, 93000 <CExceptionHandler::Throw(unsigned int, TAbortFrame*)+0xc0>
   81bdc:	aa1303e0 	mov	x0, x19
   81be0:	91100021 	add	x1, x1, #0x400
   81be4:	940011ca 	bl	8630c <strcmp>
   81be8:	35ffe9c0 	cbnz	w0, 81920 <CKernelOptions::CKernelOptions()+0xdc>
   81bec:	52800020 	mov	w0, #0x1                   	// #1
   81bf0:	b9087a80 	str	w0, [x20, #2168]
   81bf4:	17ffff4b 	b	81920 <CKernelOptions::CKernelOptions()+0xdc>
   81bf8:	d0000081 	adrp	x1, 93000 <CExceptionHandler::Throw(unsigned int, TAbortFrame*)+0xc0>
   81bfc:	aa1503e0 	mov	x0, x21
   81c00:	91116021 	add	x1, x1, #0x458
   81c04:	940011c2 	bl	8630c <strcmp>
   81c08:	35000100 	cbnz	w0, 81c28 <CKernelOptions::CKernelOptions()+0x3e4>
   81c0c:	aa1303e0 	mov	x0, x19
   81c10:	97fffe9c 	bl	81680 <CKernelOptions::GetDecimal(char const*)>
   81c14:	5100a001 	sub	w1, w0, #0x28
   81c18:	7100983f 	cmp	w1, #0x26
   81c1c:	54ffe828 	b.hi	81920 <CKernelOptions::CKernelOptions()+0xdc>  // b.pmore
   81c20:	b9087e80 	str	w0, [x20, #2172]
   81c24:	17ffff3f 	b	81920 <CKernelOptions::CKernelOptions()+0xdc>
   81c28:	d0000081 	adrp	x1, 93000 <CExceptionHandler::Throw(unsigned int, TAbortFrame*)+0xc0>
   81c2c:	aa1503e0 	mov	x0, x21
   81c30:	9111a021 	add	x1, x1, #0x468
   81c34:	940011b6 	bl	8630c <strcmp>
   81c38:	35000100 	cbnz	w0, 81c58 <CKernelOptions::CKernelOptions()+0x414>
   81c3c:	aa1303e0 	mov	x0, x19
   81c40:	97fffe90 	bl	81680 <CKernelOptions::GetDecimal(char const*)>
   81c44:	51000801 	sub	w1, w0, #0x2
   81c48:	7100cc3f 	cmp	w1, #0x33
   81c4c:	54ffe6a8 	b.hi	81920 <CKernelOptions::CKernelOptions()+0xdc>  // b.pmore
   81c50:	b9088280 	str	w0, [x20, #2176]
   81c54:	17ffff33 	b	81920 <CKernelOptions::CKernelOptions()+0xdc>
   81c58:	d0000081 	adrp	x1, 93000 <CExceptionHandler::Throw(unsigned int, TAbortFrame*)+0xc0>
   81c5c:	aa1503e0 	mov	x0, x21
   81c60:	9111e021 	add	x1, x1, #0x478
   81c64:	940011aa 	bl	8630c <strcmp>
   81c68:	350000e0 	cbnz	w0, 81c84 <CKernelOptions::CKernelOptions()+0x440>
   81c6c:	52800082 	mov	w2, #0x4                   	// #4
   81c70:	91222281 	add	x1, x20, #0x888
   81c74:	aa1303e0 	mov	x0, x19
   81c78:	97fffeba 	bl	81760 <CKernelOptions::GetDecimals(char*, unsigned int*, unsigned int)>
   81c7c:	39221280 	strb	w0, [x20, #2180]
   81c80:	17ffff28 	b	81920 <CKernelOptions::CKernelOptions()+0xdc>
   81c84:	d0000081 	adrp	x1, 93000 <CExceptionHandler::Throw(unsigned int, TAbortFrame*)+0xc0>
   81c88:	aa1503e0 	mov	x0, x21
   81c8c:	91122021 	add	x1, x1, #0x488
   81c90:	9400119f 	bl	8630c <strcmp>
   81c94:	35000100 	cbnz	w0, 81cb4 <CKernelOptions::CKernelOptions()+0x470>
   81c98:	aa1303e0 	mov	x0, x19
   81c9c:	97fffe79 	bl	81680 <CKernelOptions::GetDecimal(char const*)>
   81ca0:	51000401 	sub	w1, w0, #0x1
   81ca4:	7103f83f 	cmp	w1, #0xfe
   81ca8:	54ffe3c8 	b.hi	81920 <CKernelOptions::CKernelOptions()+0xdc>  // b.pmore
   81cac:	b908a280 	str	w0, [x20, #2208]
   81cb0:	17ffff1c 	b	81920 <CKernelOptions::CKernelOptions()+0xdc>
   81cb4:	d2800300 	mov	x0, #0x18                  	// #24
   81cb8:	940013ec 	bl	86c68 <operator new(unsigned long)>
   81cbc:	aa0003e2 	mov	x2, x0
   81cc0:	aa1503e0 	mov	x0, x21
   81cc4:	f9002fe2 	str	x2, [sp, #88]
   81cc8:	94001179 	bl	862ac <strlen>
   81ccc:	91000400 	add	x0, x0, #0x1
   81cd0:	940013ec 	bl	86c80 <operator new[](unsigned long)>
   81cd4:	f9402fe2 	ldr	x2, [sp, #88]
   81cd8:	aa1503e1 	mov	x1, x21
   81cdc:	f9000440 	str	x0, [x2, #8]
   81ce0:	9400120a 	bl	86508 <strcpy>
   81ce4:	aa1303e0 	mov	x0, x19
   81ce8:	94001171 	bl	862ac <strlen>
   81cec:	91000400 	add	x0, x0, #0x1
   81cf0:	940013e4 	bl	86c80 <operator new[](unsigned long)>
   81cf4:	f9402fe2 	ldr	x2, [sp, #88]
   81cf8:	aa1303e1 	mov	x1, x19
   81cfc:	f9000840 	str	x0, [x2, #16]
   81d00:	94001202 	bl	86508 <strcpy>
   81d04:	f9402fe2 	ldr	x2, [sp, #88]
   81d08:	f9444e80 	ldr	x0, [x20, #2200]
   81d0c:	f9044e82 	str	x2, [x20, #2200]
   81d10:	f9000040 	str	x0, [x2]
   81d14:	17ffff03 	b	81920 <CKernelOptions::CKernelOptions()+0xdc>
	...

0000000000081d20 <read32>:
   81d20:	b9400000 	ldr	w0, [x0]
   81d24:	d65f03c0 	ret

0000000000081d28 <CMachineInfo::~CMachineInfo()>:
   81d28:	52800321 	mov	w1, #0x19                  	// #25
   81d2c:	b00000a2 	adrp	x2, 96000 <vtable for CDevice+0x4a8>
   81d30:	b9001001 	str	w1, [x0, #16]
   81d34:	f9455441 	ldr	x1, [x2, #2728]
   81d38:	eb00003f 	cmp	x1, x0
   81d3c:	54000040 	b.eq	81d44 <CMachineInfo::~CMachineInfo()+0x1c>  // b.none
   81d40:	d65f03c0 	ret
   81d44:	f9404820 	ldr	x0, [x1, #144]
   81d48:	b4000180 	cbz	x0, 81d78 <CMachineInfo::~CMachineInfo()+0x50>
   81d4c:	a9be7bfd 	stp	x29, x30, [sp, #-32]!
   81d50:	910003fd 	mov	x29, sp
   81d54:	f9000fe0 	str	x0, [sp, #24]
   81d58:	94001c93 	bl	88fa4 <CDeviceTreeBlob::~CDeviceTreeBlob()>
   81d5c:	f9400fe0 	ldr	x0, [sp, #24]
   81d60:	d2800101 	mov	x1, #0x8                   	// #8
   81d64:	940013e3 	bl	86cf0 <operator delete(void*, unsigned long)>
   81d68:	b00000a2 	adrp	x2, 96000 <vtable for CDevice+0x4a8>
   81d6c:	f905545f 	str	xzr, [x2, #2728]
   81d70:	a8c27bfd 	ldp	x29, x30, [sp], #32
   81d74:	d65f03c0 	ret
   81d78:	f905545f 	str	xzr, [x2, #2728]
   81d7c:	d65f03c0 	ret

0000000000081d80 <CMachineInfo::GetMachineModel() const>:
   81d80:	b9401000 	ldr	w0, [x0, #16]
   81d84:	d65f03c0 	ret

0000000000081d88 <CMachineInfo::GetMachineName() const>:
   81d88:	b9801001 	ldrsw	x1, [x0, #16]
   81d8c:	d0000080 	adrp	x0, 93000 <CExceptionHandler::Throw(unsigned int, TAbortFrame*)+0xc0>
   81d90:	913e0000 	add	x0, x0, #0xf80
   81d94:	f8617800 	ldr	x0, [x0, x1, lsl #3]
   81d98:	d65f03c0 	ret
   81d9c:	d503201f 	nop

0000000000081da0 <CMachineInfo::GetModelMajor() const>:
   81da0:	b9402000 	ldr	w0, [x0, #32]
   81da4:	d65f03c0 	ret

0000000000081da8 <CMachineInfo::GetModelRevision() const>:
   81da8:	b9403000 	ldr	w0, [x0, #48]
   81dac:	d65f03c0 	ret

0000000000081db0 <CMachineInfo::GetSoCType() const>:
   81db0:	b9404000 	ldr	w0, [x0, #64]
   81db4:	d65f03c0 	ret
   81db8:	d503201f 	nop
   81dbc:	d503201f 	nop

0000000000081dc0 <CMachineInfo::GetSoCStepping() const>:
   81dc0:	39414000 	ldrb	w0, [x0, #80]
   81dc4:	d65f03c0 	ret

0000000000081dc8 <CMachineInfo::GetRAMSize() const>:
   81dc8:	b9406000 	ldr	w0, [x0, #96]
   81dcc:	d65f03c0 	ret

0000000000081dd0 <CMachineInfo::GetRAMSizeEarly()>:
   81dd0:	52810000 	mov	w0, #0x800                 	// #2048
   81dd4:	d65f03c0 	ret
   81dd8:	d503201f 	nop
   81ddc:	d503201f 	nop

0000000000081de0 <CMachineInfo::GetSoCName() const>:
   81de0:	b9804000 	ldrsw	x0, [x0, #64]
   81de4:	d0000081 	adrp	x1, 93000 <CExceptionHandler::Throw(unsigned int, TAbortFrame*)+0xc0>
   81de8:	913e0021 	add	x1, x1, #0xf80
   81dec:	91034021 	add	x1, x1, #0xd0
   81df0:	f8607820 	ldr	x0, [x1, x0, lsl #3]
   81df4:	d65f03c0 	ret
   81df8:	d503201f 	nop
   81dfc:	d503201f 	nop

0000000000081e00 <CMachineInfo::GetRevisionRaw() const>:
   81e00:	b9400000 	ldr	w0, [x0]
   81e04:	d65f03c0 	ret

0000000000081e08 <CMachineInfo::GetActLEDInfo() const>:
   81e08:	b9801000 	ldrsw	x0, [x0, #16]
   81e0c:	d0000081 	adrp	x1, 93000 <CExceptionHandler::Throw(unsigned int, TAbortFrame*)+0xc0>
   81e10:	913e0021 	add	x1, x1, #0xf80
   81e14:	91040021 	add	x1, x1, #0x100
   81e18:	b8607820 	ldr	w0, [x1, x0, lsl #2]
   81e1c:	d65f03c0 	ret

0000000000081e20 <CMachineInfo::GetClockRate(unsigned int) const>:
   81e20:	a9bb7bfd 	stp	x29, x30, [sp, #-80]!
   81e24:	910003fd 	mov	x29, sp
   81e28:	a90153f3 	stp	x19, x20, [sp, #16]
   81e2c:	2a0103f3 	mov	w19, w1
   81e30:	52800001 	mov	w1, #0x0                   	// #0
   81e34:	f90013f5 	str	x21, [sp, #32]
   81e38:	aa0003f5 	mov	x21, x0
   81e3c:	9100c3e0 	add	x0, sp, #0x30
   81e40:	94002300 	bl	8aa40 <CBcmPropertyTags::CBcmPropertyTags(bool)>
   81e44:	528008e1 	mov	w1, #0x47                  	// #71
   81e48:	52800084 	mov	w4, #0x4                   	// #4
   81e4c:	b90047f3 	str	w19, [sp, #68]
   81e50:	52800283 	mov	w3, #0x14                  	// #20
   81e54:	9100e3e2 	add	x2, sp, #0x38
   81e58:	72a00061 	movk	w1, #0x3, lsl #16
   81e5c:	9100c3e0 	add	x0, sp, #0x30
   81e60:	94002350 	bl	8aba0 <CBcmPropertyTags::GetTag(unsigned int, void*, unsigned int, unsigned int)>
   81e64:	36000060 	tbz	w0, #0, 81e70 <CMachineInfo::GetClockRate(unsigned int) const+0x50>
   81e68:	b9404be0 	ldr	w0, [sp, #72]
   81e6c:	35000380 	cbnz	w0, 81edc <CMachineInfo::GetClockRate(unsigned int) const+0xbc>
   81e70:	52800041 	mov	w1, #0x2                   	// #2
   81e74:	52800084 	mov	w4, #0x4                   	// #4
   81e78:	b90047f3 	str	w19, [sp, #68]
   81e7c:	52800283 	mov	w3, #0x14                  	// #20
   81e80:	9100e3e2 	add	x2, sp, #0x38
   81e84:	72a00061 	movk	w1, #0x3, lsl #16
   81e88:	9100c3e0 	add	x0, sp, #0x30
   81e8c:	94002345 	bl	8aba0 <CBcmPropertyTags::GetTag(unsigned int, void*, unsigned int, unsigned int)>
   81e90:	36000060 	tbz	w0, #0, 81e9c <CMachineInfo::GetClockRate(unsigned int) const+0x7c>
   81e94:	b9404bf4 	ldr	w20, [sp, #72]
   81e98:	35000354 	cbnz	w20, 81f00 <CMachineInfo::GetClockRate(unsigned int) const+0xe0>
   81e9c:	7100127f 	cmp	w19, #0x4
   81ea0:	54000580 	b.eq	81f50 <CMachineInfo::GetClockRate(unsigned int) const+0x130>  // b.none
   81ea4:	540003c8 	b.hi	81f1c <CMachineInfo::GetClockRate(unsigned int) const+0xfc>  // b.pmore
   81ea8:	7100067f 	cmp	w19, #0x1
   81eac:	540006e0 	b.eq	81f88 <CMachineInfo::GetClockRate(unsigned int) const+0x168>  // b.none
   81eb0:	71000a7f 	cmp	w19, #0x2
   81eb4:	540007c1 	b.ne	81fac <CMachineInfo::GetClockRate(unsigned int) const+0x18c>  // b.any
   81eb8:	9100c3e0 	add	x0, sp, #0x30
   81ebc:	528c6014 	mov	w20, #0x6300                	// #25344
   81ec0:	940022e3 	bl	8aa4c <CBcmPropertyTags::~CBcmPropertyTags()>
   81ec4:	72a053f4 	movk	w20, #0x29f, lsl #16
   81ec8:	f94013f5 	ldr	x21, [sp, #32]
   81ecc:	2a1403e0 	mov	w0, w20
   81ed0:	a94153f3 	ldp	x19, x20, [sp, #16]
   81ed4:	a8c57bfd 	ldp	x29, x30, [sp], #80
   81ed8:	d65f03c0 	ret
   81edc:	1141e814 	add	w20, w0, #0x7a, lsl #12
   81ee0:	529bd060 	mov	w0, #0xde83                	// #56963
   81ee4:	72a86360 	movk	w0, #0x431b, lsl #16
   81ee8:	11048294 	add	w20, w20, #0x120
   81eec:	9ba07e94 	umull	x20, w20, w0
   81ef0:	52884800 	mov	w0, #0x4240                	// #16960
   81ef4:	72a001e0 	movk	w0, #0xf, lsl #16
   81ef8:	d372fe94 	lsr	x20, x20, #50
   81efc:	1b007e94 	mul	w20, w20, w0
   81f00:	9100c3e0 	add	x0, sp, #0x30
   81f04:	940022d2 	bl	8aa4c <CBcmPropertyTags::~CBcmPropertyTags()>
   81f08:	f94013f5 	ldr	x21, [sp, #32]
   81f0c:	2a1403e0 	mov	w0, w20
   81f10:	a94153f3 	ldp	x19, x20, [sp, #16]
   81f14:	a8c57bfd 	ldp	x29, x30, [sp], #80
   81f18:	d65f03c0 	ret
   81f1c:	7100327f 	cmp	w19, #0xc
   81f20:	54000340 	b.eq	81f88 <CMachineInfo::GetClockRate(unsigned int) const+0x168>  // b.none
   81f24:	71003a7f 	cmp	w19, #0xe
   81f28:	54000421 	b.ne	81fac <CMachineInfo::GetClockRate(unsigned int) const+0x18c>  // b.any
   81f2c:	9100c3e0 	add	x0, sp, #0x30
   81f30:	528d1814 	mov	w20, #0x68c0                	// #26816
   81f34:	940022c6 	bl	8aa4c <CBcmPropertyTags::~CBcmPropertyTags()>
   81f38:	72a08f14 	movk	w20, #0x478, lsl #16
   81f3c:	f94013f5 	ldr	x21, [sp, #32]
   81f40:	2a1403e0 	mov	w0, w20
   81f44:	a94153f3 	ldp	x19, x20, [sp, #16]
   81f48:	a8c57bfd 	ldp	x29, x30, [sp], #80
   81f4c:	d65f03c0 	ret
   81f50:	b94022a0 	ldr	w0, [x21, #32]
   81f54:	52946014 	mov	w20, #0xa300                	// #41728
   81f58:	72a23c34 	movk	w20, #0x11e1, lsl #16
   81f5c:	7100081f 	cmp	w0, #0x2
   81f60:	52965000 	mov	w0, #0xb280                	// #45696
   81f64:	72a1dcc0 	movk	w0, #0xee6, lsl #16
   81f68:	1a808294 	csel	w20, w20, w0, hi	// hi = pmore
   81f6c:	9100c3e0 	add	x0, sp, #0x30
   81f70:	940022b7 	bl	8aa4c <CBcmPropertyTags::~CBcmPropertyTags()>
   81f74:	f94013f5 	ldr	x21, [sp, #32]
   81f78:	2a1403e0 	mov	w0, w20
   81f7c:	a94153f3 	ldp	x19, x20, [sp, #16]
   81f80:	a8c57bfd 	ldp	x29, x30, [sp], #80
   81f84:	d65f03c0 	ret
   81f88:	9100c3e0 	add	x0, sp, #0x30
   81f8c:	52984014 	mov	w20, #0xc200                	// #49664
   81f90:	940022af 	bl	8aa4c <CBcmPropertyTags::~CBcmPropertyTags()>
   81f94:	72a17d74 	movk	w20, #0xbeb, lsl #16
   81f98:	f94013f5 	ldr	x21, [sp, #32]
   81f9c:	2a1403e0 	mov	w0, w20
   81fa0:	a94153f3 	ldp	x19, x20, [sp, #16]
   81fa4:	a8c57bfd 	ldp	x29, x30, [sp], #80
   81fa8:	d65f03c0 	ret
   81fac:	d0000080 	adrp	x0, 93000 <CExceptionHandler::Throw(unsigned int, TAbortFrame*)+0xc0>
   81fb0:	52804002 	mov	w2, #0x200                 	// #512
   81fb4:	913e0000 	add	x0, x0, #0xf80
   81fb8:	9105a001 	add	x1, x0, #0x168
   81fbc:	9105e000 	add	x0, x0, #0x178
   81fc0:	94002018 	bl	8a020 <assertion_failed>

0000000000081fc4 <CMachineInfo::GetGPIOPin(TGPIOVirtualPin) const>:
   81fc4:	7100d83f 	cmp	w1, #0x36
   81fc8:	54000200 	b.eq	82008 <CMachineInfo::GetGPIOPin(TGPIOVirtualPin) const+0x44>  // b.none
   81fcc:	7100dc3f 	cmp	w1, #0x37
   81fd0:	540003e1 	b.ne	8204c <CMachineInfo::GetGPIOPin(TGPIOVirtualPin) const+0x88>  // b.any
   81fd4:	b9401000 	ldr	w0, [x0, #16]
   81fd8:	51005001 	sub	w1, w0, #0x14
   81fdc:	51001802 	sub	w2, w0, #0x6
   81fe0:	721d783f 	tst	w1, #0xfffffffb
   81fe4:	528001a1 	mov	w1, #0xd                   	// #13
   81fe8:	7a421840 	ccmp	w2, #0x2, #0x0, ne	// ne = any
   81fec:	540000a9 	b.ls	82000 <CMachineInfo::GetGPIOPin(TGPIOVirtualPin) const+0x3c>  // b.plast
   81ff0:	7100101f 	cmp	w0, #0x4
   81ff4:	528005a1 	mov	w1, #0x2d                  	// #45
   81ff8:	52800500 	mov	w0, #0x28                  	// #40
   81ffc:	1a80b021 	csel	w1, w1, w0, lt	// lt = tstop
   82000:	2a0103e0 	mov	w0, w1
   82004:	d65f03c0 	ret
   82008:	b9401002 	ldr	w2, [x0, #16]
   8200c:	51005041 	sub	w1, w2, #0x14
   82010:	51001843 	sub	w3, w2, #0x6
   82014:	721d783f 	tst	w1, #0xfffffffb
   82018:	52800181 	mov	w1, #0xc                   	// #12
   8201c:	7a421860 	ccmp	w3, #0x2, #0x0, ne	// ne = any
   82020:	54ffff09 	b.ls	82000 <CMachineInfo::GetGPIOPin(TGPIOVirtualPin) const+0x3c>  // b.plast
   82024:	52800501 	mov	w1, #0x28                  	// #40
   82028:	71000c5f 	cmp	w2, #0x3
   8202c:	54fffead 	b.le	82000 <CMachineInfo::GetGPIOPin(TGPIOVirtualPin) const+0x3c>
   82030:	b9402000 	ldr	w0, [x0, #32]
   82034:	528005a1 	mov	w1, #0x2d                  	// #45
   82038:	71000c1f 	cmp	w0, #0x3
   8203c:	52800520 	mov	w0, #0x29                  	// #41
   82040:	1a803021 	csel	w1, w1, w0, cc	// cc = lo, ul, last
   82044:	2a0103e0 	mov	w0, w1
   82048:	d65f03c0 	ret
   8204c:	b0000080 	adrp	x0, 93000 <CExceptionHandler::Throw(unsigned int, TAbortFrame*)+0xc0>
   82050:	a9bf7bfd 	stp	x29, x30, [sp, #-16]!
   82054:	528048e2 	mov	w2, #0x247                 	// #583
   82058:	913e0000 	add	x0, x0, #0xf80
   8205c:	910003fd 	mov	x29, sp
   82060:	9105a001 	add	x1, x0, #0x168
   82064:	9105e000 	add	x0, x0, #0x178
   82068:	94001fee 	bl	8a020 <assertion_failed>

000000000008206c <CMachineInfo::GetGPIOClockSourceRate(unsigned int)>:
   8206c:	51000421 	sub	w1, w1, #0x1
   82070:	52800000 	mov	w0, #0x0                   	// #0
   82074:	7100183f 	cmp	w1, #0x6
   82078:	540000a8 	b.hi	8208c <CMachineInfo::GetGPIOClockSourceRate(unsigned int)+0x20>  // b.pmore
   8207c:	b0000080 	adrp	x0, 93000 <CExceptionHandler::Throw(unsigned int, TAbortFrame*)+0xc0>
   82080:	913e0000 	add	x0, x0, #0xf80
   82084:	91060000 	add	x0, x0, #0x180
   82088:	b8615800 	ldr	w0, [x0, w1, uxtw #2]
   8208c:	d65f03c0 	ret

0000000000082090 <CMachineInfo::GetDevice(TDeviceId) const>:
   82090:	350000a1 	cbnz	w1, 820a4 <CMachineInfo::GetDevice(TDeviceId) const+0x14>
   82094:	b9401000 	ldr	w0, [x0, #16]
   82098:	7100041f 	cmp	w0, #0x1
   8209c:	1a9f07e0 	cset	w0, ne	// ne = any
   820a0:	d65f03c0 	ret
   820a4:	b0000080 	adrp	x0, 93000 <CExceptionHandler::Throw(unsigned int, TAbortFrame*)+0xc0>
   820a8:	a9bf7bfd 	stp	x29, x30, [sp, #-16]!
   820ac:	52805242 	mov	w2, #0x292                 	// #658
   820b0:	913e0000 	add	x0, x0, #0xf80
   820b4:	910003fd 	mov	x29, sp
   820b8:	9105a001 	add	x1, x0, #0x168
   820bc:	9105e000 	add	x0, x0, #0x178
   820c0:	94001fd8 	bl	8a020 <assertion_failed>

00000000000820c4 <CMachineInfo::ArePWMChannelsSwapped() const>:
   820c4:	b9401002 	ldr	w2, [x0, #16]
   820c8:	321e73e0 	mov	w0, #0x7ffffffc            	// #2147483644
   820cc:	51001041 	sub	w1, w2, #0x4
   820d0:	6b00003f 	cmp	w1, w0
   820d4:	7a463844 	ccmp	w2, #0x6, #0x4, cc	// cc = lo, ul, last
   820d8:	1a9f07e0 	cset	w0, ne	// ne = any
   820dc:	54000100 	b.eq	820fc <CMachineInfo::ArePWMChannelsSwapped() const+0x38>  // b.none
   820e0:	d2803001 	mov	x1, #0x180                 	// #384
   820e4:	7100605f 	cmp	w2, #0x18
   820e8:	f2a02201 	movk	x1, #0x110, lsl #16
   820ec:	9ac22421 	lsr	x1, x1, x2
   820f0:	12000021 	and	w1, w1, #0x1
   820f4:	52000021 	eor	w1, w1, #0x1
   820f8:	1a809020 	csel	w0, w1, w0, ls	// ls = plast
   820fc:	d65f03c0 	ret

0000000000082100 <CMachineInfo::AllocateDMAChannel(unsigned int)>:
   82100:	900000a0 	adrp	x0, 96000 <vtable for CDevice+0x4a8>
   82104:	a9bf7bfd 	stp	x29, x30, [sp, #-16]!
   82108:	910003fd 	mov	x29, sp
   8210c:	f9455402 	ldr	x2, [x0, #2728]
   82110:	b50000e2 	cbnz	x2, 8212c <CMachineInfo::AllocateDMAChannel(unsigned int)+0x2c>
   82114:	b0000080 	adrp	x0, 93000 <CExceptionHandler::Throw(unsigned int, TAbortFrame*)+0xc0>
   82118:	528054a2 	mov	w2, #0x2a5                 	// #677
   8211c:	913e0000 	add	x0, x0, #0xf80
   82120:	9105a001 	add	x1, x0, #0x168
   82124:	91068000 	add	x0, x0, #0x1a0
   82128:	94001fbe 	bl	8a020 <assertion_failed>
   8212c:	71003c3f 	cmp	w1, #0xf
   82130:	540001c8 	b.hi	82168 <CMachineInfo::AllocateDMAChannel(unsigned int)+0x68>  // b.pmore
   82134:	71002c3f 	cmp	w1, #0xb
   82138:	54000408 	b.hi	821b8 <CMachineInfo::AllocateDMAChannel(unsigned int)+0xb8>  // b.pmore
   8213c:	7940e043 	ldrh	w3, [x2, #112]
   82140:	52801000 	mov	w0, #0x80                  	// #128
   82144:	1ac12864 	asr	w4, w3, w1
   82148:	360000c4 	tbz	w4, #0, 82160 <CMachineInfo::AllocateDMAChannel(unsigned int)+0x60>
   8214c:	52800020 	mov	w0, #0x1                   	// #1
   82150:	1ac12000 	lsl	w0, w0, w1
   82154:	0a200063 	bic	w3, w3, w0
   82158:	2a0103e0 	mov	w0, w1
   8215c:	7900e043 	strh	w3, [x2, #112]
   82160:	a8c17bfd 	ldp	x29, x30, [sp], #16
   82164:	d65f03c0 	ret
   82168:	71020c3f 	cmp	w1, #0x83
   8216c:	528000c4 	mov	w4, #0x6                   	// #6
   82170:	7940e043 	ldrh	w3, [x2, #112]
   82174:	52800160 	mov	w0, #0xb                   	// #11
   82178:	528000a1 	mov	w1, #0x5                   	// #5
   8217c:	1a9f0084 	csel	w4, w4, wzr, eq	// eq = none
   82180:	1a810000 	csel	w0, w0, w1, eq	// eq = none
   82184:	14000004 	b	82194 <CMachineInfo::AllocateDMAChannel(unsigned int)+0x94>
   82188:	51000400 	sub	w0, w0, #0x1
   8218c:	6b00009f 	cmp	w4, w0
   82190:	5400010c 	b.gt	821b0 <CMachineInfo::AllocateDMAChannel(unsigned int)+0xb0>
   82194:	1ac02861 	asr	w1, w3, w0
   82198:	3607ff81 	tbz	w1, #0, 82188 <CMachineInfo::AllocateDMAChannel(unsigned int)+0x88>
   8219c:	52800021 	mov	w1, #0x1                   	// #1
   821a0:	1ac02021 	lsl	w1, w1, w0
   821a4:	0a210063 	bic	w3, w3, w1
   821a8:	7900e043 	strh	w3, [x2, #112]
   821ac:	17ffffed 	b	82160 <CMachineInfo::AllocateDMAChannel(unsigned int)+0x60>
   821b0:	52801000 	mov	w0, #0x80                  	// #128
   821b4:	17ffffeb 	b	82160 <CMachineInfo::AllocateDMAChannel(unsigned int)+0x60>
   821b8:	b0000080 	adrp	x0, 93000 <CExceptionHandler::Throw(unsigned int, TAbortFrame*)+0xc0>
   821bc:	52805622 	mov	w2, #0x2b1                 	// #689
   821c0:	913e0000 	add	x0, x0, #0xf80
   821c4:	9105a001 	add	x1, x0, #0x168
   821c8:	9106c000 	add	x0, x0, #0x1b0
   821cc:	94001f95 	bl	8a020 <assertion_failed>

00000000000821d0 <CMachineInfo::FreeDMAChannel(unsigned int)>:
   821d0:	900000a0 	adrp	x0, 96000 <vtable for CDevice+0x4a8>
   821d4:	a9bf7bfd 	stp	x29, x30, [sp, #-16]!
   821d8:	910003fd 	mov	x29, sp
   821dc:	f9455400 	ldr	x0, [x0, #2728]
   821e0:	b50000e0 	cbnz	x0, 821fc <CMachineInfo::FreeDMAChannel(unsigned int)+0x2c>
   821e4:	b0000080 	adrp	x0, 93000 <CExceptionHandler::Throw(unsigned int, TAbortFrame*)+0xc0>
   821e8:	52805b42 	mov	w2, #0x2da                 	// #730
   821ec:	913e0000 	add	x0, x0, #0xf80
   821f0:	9105a001 	add	x1, x0, #0x168
   821f4:	91068000 	add	x0, x0, #0x1a0
   821f8:	94001f8a 	bl	8a020 <assertion_failed>
   821fc:	71002c3f 	cmp	w1, #0xb
   82200:	54000148 	b.hi	82228 <CMachineInfo::FreeDMAChannel(unsigned int)+0x58>  // b.pmore
   82204:	7940e002 	ldrh	w2, [x0, #112]
   82208:	1ac12843 	asr	w3, w2, w1
   8220c:	370001a3 	tbnz	w3, #0, 82240 <CMachineInfo::FreeDMAChannel(unsigned int)+0x70>
   82210:	52800023 	mov	w3, #0x1                   	// #1
   82214:	a8c17bfd 	ldp	x29, x30, [sp], #16
   82218:	1ac12063 	lsl	w3, w3, w1
   8221c:	2a030042 	orr	w2, w2, w3
   82220:	7900e002 	strh	w2, [x0, #112]
   82224:	d65f03c0 	ret
   82228:	b0000080 	adrp	x0, 93000 <CExceptionHandler::Throw(unsigned int, TAbortFrame*)+0xc0>
   8222c:	52805ca2 	mov	w2, #0x2e5                 	// #741
   82230:	913e0000 	add	x0, x0, #0xf80
   82234:	9105a001 	add	x1, x0, #0x168
   82238:	9106c000 	add	x0, x0, #0x1b0
   8223c:	94001f79 	bl	8a020 <assertion_failed>
   82240:	b0000080 	adrp	x0, 93000 <CExceptionHandler::Throw(unsigned int, TAbortFrame*)+0xc0>
   82244:	52805ce2 	mov	w2, #0x2e7                 	// #743
   82248:	913e0000 	add	x0, x0, #0xf80
   8224c:	9105a001 	add	x1, x0, #0x168
   82250:	91074000 	add	x0, x0, #0x1d0
   82254:	94001f73 	bl	8a020 <assertion_failed>
   82258:	d503201f 	nop
   8225c:	d503201f 	nop

0000000000082260 <CMachineInfo::AllocateDMAChannelRP1(unsigned int)>:
   82260:	900000a0 	adrp	x0, 96000 <vtable for CDevice+0x4a8>
   82264:	a9bf7bfd 	stp	x29, x30, [sp, #-16]!
   82268:	910003fd 	mov	x29, sp
   8226c:	f9455402 	ldr	x2, [x0, #2728]
   82270:	b50000e2 	cbnz	x2, 8228c <CMachineInfo::AllocateDMAChannelRP1(unsigned int)+0x2c>
   82274:	b0000080 	adrp	x0, 93000 <CExceptionHandler::Throw(unsigned int, TAbortFrame*)+0xc0>
   82278:	52805de2 	mov	w2, #0x2ef                 	// #751
   8227c:	913e0000 	add	x0, x0, #0xf80
   82280:	9105a001 	add	x1, x0, #0x168
   82284:	91068000 	add	x0, x0, #0x1a0
   82288:	94001f66 	bl	8a020 <assertion_failed>
   8228c:	71003c3f 	cmp	w1, #0xf
   82290:	540001c8 	b.hi	822c8 <CMachineInfo::AllocateDMAChannelRP1(unsigned int)+0x68>  // b.pmore
   82294:	71001c3f 	cmp	w1, #0x7
   82298:	540003c8 	b.hi	82310 <CMachineInfo::AllocateDMAChannelRP1(unsigned int)+0xb0>  // b.pmore
   8229c:	39420043 	ldrb	w3, [x2, #128]
   822a0:	52801000 	mov	w0, #0x80                  	// #128
   822a4:	1ac12864 	asr	w4, w3, w1
   822a8:	360000c4 	tbz	w4, #0, 822c0 <CMachineInfo::AllocateDMAChannelRP1(unsigned int)+0x60>
   822ac:	52800020 	mov	w0, #0x1                   	// #1
   822b0:	1ac12000 	lsl	w0, w0, w1
   822b4:	0a200063 	bic	w3, w3, w0
   822b8:	2a0103e0 	mov	w0, w1
   822bc:	39020043 	strb	w3, [x2, #128]
   822c0:	a8c17bfd 	ldp	x29, x30, [sp], #16
   822c4:	d65f03c0 	ret
   822c8:	39420043 	ldrb	w3, [x2, #128]
   822cc:	7102143f 	cmp	w1, #0x85
   822d0:	528000e0 	mov	w0, #0x7                   	// #7
   822d4:	1a9f1400 	csinc	w0, w0, wzr, ne	// ne = any
   822d8:	d503201f 	nop
   822dc:	d503201f 	nop
   822e0:	1ac02861 	asr	w1, w3, w0
   822e4:	370000c1 	tbnz	w1, #0, 822fc <CMachineInfo::AllocateDMAChannelRP1(unsigned int)+0x9c>
   822e8:	51000400 	sub	w0, w0, #0x1
   822ec:	3100041f 	cmn	w0, #0x1
   822f0:	54ffff81 	b.ne	822e0 <CMachineInfo::AllocateDMAChannelRP1(unsigned int)+0x80>  // b.any
   822f4:	52801000 	mov	w0, #0x80                  	// #128
   822f8:	17fffff2 	b	822c0 <CMachineInfo::AllocateDMAChannelRP1(unsigned int)+0x60>
   822fc:	52800021 	mov	w1, #0x1                   	// #1
   82300:	1ac02021 	lsl	w1, w1, w0
   82304:	0a210063 	bic	w3, w3, w1
   82308:	39020043 	strb	w3, [x2, #128]
   8230c:	17ffffed 	b	822c0 <CMachineInfo::AllocateDMAChannelRP1(unsigned int)+0x60>
   82310:	b0000080 	adrp	x0, 93000 <CExceptionHandler::Throw(unsigned int, TAbortFrame*)+0xc0>
   82314:	52805f02 	mov	w2, #0x2f8                 	// #760
   82318:	913e0000 	add	x0, x0, #0xf80
   8231c:	9105a001 	add	x1, x0, #0x168
   82320:	9107e000 	add	x0, x0, #0x1f8
   82324:	94001f3f 	bl	8a020 <assertion_failed>

0000000000082328 <CMachineInfo::FreeDMAChannelRP1(unsigned int)>:
   82328:	900000a0 	adrp	x0, 96000 <vtable for CDevice+0x4a8>
   8232c:	a9bf7bfd 	stp	x29, x30, [sp, #-16]!
   82330:	910003fd 	mov	x29, sp
   82334:	f9455400 	ldr	x0, [x0, #2728]
   82338:	b50000e0 	cbnz	x0, 82354 <CMachineInfo::FreeDMAChannelRP1(unsigned int)+0x2c>
   8233c:	b0000080 	adrp	x0, 93000 <CExceptionHandler::Throw(unsigned int, TAbortFrame*)+0xc0>
   82340:	528062a2 	mov	w2, #0x315                 	// #789
   82344:	913e0000 	add	x0, x0, #0xf80
   82348:	9105a001 	add	x1, x0, #0x168
   8234c:	91068000 	add	x0, x0, #0x1a0
   82350:	94001f34 	bl	8a020 <assertion_failed>
   82354:	71001c3f 	cmp	w1, #0x7
   82358:	54000148 	b.hi	82380 <CMachineInfo::FreeDMAChannelRP1(unsigned int)+0x58>  // b.pmore
   8235c:	39420002 	ldrb	w2, [x0, #128]
   82360:	1ac12843 	asr	w3, w2, w1
   82364:	370001a3 	tbnz	w3, #0, 82398 <CMachineInfo::FreeDMAChannelRP1(unsigned int)+0x70>
   82368:	52800023 	mov	w3, #0x1                   	// #1
   8236c:	1ac12063 	lsl	w3, w3, w1
   82370:	2a030042 	orr	w2, w2, w3
   82374:	39020002 	strb	w2, [x0, #128]
   82378:	a8c17bfd 	ldp	x29, x30, [sp], #16
   8237c:	d65f03c0 	ret
   82380:	b0000080 	adrp	x0, 93000 <CExceptionHandler::Throw(unsigned int, TAbortFrame*)+0xc0>
   82384:	528063a2 	mov	w2, #0x31d                 	// #797
   82388:	913e0000 	add	x0, x0, #0xf80
   8238c:	9105a001 	add	x1, x0, #0x168
   82390:	9107e000 	add	x0, x0, #0x1f8
   82394:	94001f23 	bl	8a020 <assertion_failed>
   82398:	b0000080 	adrp	x0, 93000 <CExceptionHandler::Throw(unsigned int, TAbortFrame*)+0xc0>
   8239c:	528063c2 	mov	w2, #0x31e                 	// #798
   823a0:	913e0000 	add	x0, x0, #0xf80
   823a4:	9105a001 	add	x1, x0, #0x168
   823a8:	91086000 	add	x0, x0, #0x218
   823ac:	94001f1d 	bl	8a020 <assertion_failed>

00000000000823b0 <CMachineInfo::FetchDTB()>:
   823b0:	aa0003e2 	mov	x2, x0
   823b4:	d2801f00 	mov	x0, #0xf8                  	// #248
   823b8:	a9bc7bfd 	stp	x29, x30, [sp, #-64]!
   823bc:	910003fd 	mov	x29, sp
   823c0:	f9001fe0 	str	x0, [sp, #56]
   823c4:	f9401fe0 	ldr	x0, [sp, #56]
   823c8:	b9400001 	ldr	w1, [x0]
   823cc:	340001e1 	cbz	w1, 82408 <CMachineInfo::FetchDTB()+0x58>
   823d0:	f9404840 	ldr	x0, [x2, #144]
   823d4:	b50001e0 	cbnz	x0, 82410 <CMachineInfo::FetchDTB()+0x60>
   823d8:	d2800100 	mov	x0, #0x8                   	// #8
   823dc:	b90027e1 	str	w1, [sp, #36]
   823e0:	f90017e2 	str	x2, [sp, #40]
   823e4:	94001221 	bl	86c68 <operator new(unsigned long)>
   823e8:	b94027e1 	ldr	w1, [sp, #36]
   823ec:	f9000fe0 	str	x0, [sp, #24]
   823f0:	94001abc 	bl	88ee0 <CDeviceTreeBlob::CDeviceTreeBlob(void const*)>
   823f4:	f9400fe3 	ldr	x3, [sp, #24]
   823f8:	f94017e2 	ldr	x2, [sp, #40]
   823fc:	f9401fe0 	ldr	x0, [sp, #56]
   82400:	f9004843 	str	x3, [x2, #144]
   82404:	b900001f 	str	wzr, [x0]
   82408:	a8c47bfd 	ldp	x29, x30, [sp], #64
   8240c:	d65f03c0 	ret
   82410:	b0000080 	adrp	x0, 93000 <CExceptionHandler::Throw(unsigned int, TAbortFrame*)+0xc0>
   82414:	528065a2 	mov	w2, #0x32d                 	// #813
   82418:	913e0000 	add	x0, x0, #0xf80
   8241c:	9105a001 	add	x1, x0, #0x168
   82420:	91092000 	add	x0, x0, #0x248
   82424:	94001eff 	bl	8a020 <assertion_failed>

0000000000082428 <CMachineInfo::CMachineInfo()>:
   82428:	a9b87bfd 	stp	x29, x30, [sp, #-128]!
   8242c:	910003fd 	mov	x29, sp
   82430:	f9000bf3 	str	x19, [sp, #16]
   82434:	f90017e0 	str	x0, [sp, #40]
   82438:	f94017e0 	ldr	x0, [sp, #40]
   8243c:	b900001f 	str	wzr, [x0]
   82440:	f94017e0 	ldr	x0, [sp, #40]
   82444:	52800321 	mov	w1, #0x19                  	// #25
   82448:	b9001001 	str	w1, [x0, #16]
   8244c:	f94017e0 	ldr	x0, [sp, #40]
   82450:	b900201f 	str	wzr, [x0, #32]
   82454:	f94017e0 	ldr	x0, [sp, #40]
   82458:	b900301f 	str	wzr, [x0, #48]
   8245c:	f94017e0 	ldr	x0, [sp, #40]
   82460:	528000a1 	mov	w1, #0x5                   	// #5
   82464:	b9004001 	str	w1, [x0, #64]
   82468:	f94017e0 	ldr	x0, [sp, #40]
   8246c:	12800001 	mov	w1, #0xffffffff            	// #-1
   82470:	39014001 	strb	w1, [x0, #80]
   82474:	f94017e0 	ldr	x0, [sp, #40]
   82478:	b900601f 	str	wzr, [x0, #96]
   8247c:	f94017e0 	ldr	x0, [sp, #40]
   82480:	5281fea1 	mov	w1, #0xff5                 	// #4085
   82484:	7900e001 	strh	w1, [x0, #112]
   82488:	f94017e0 	ldr	x0, [sp, #40]
   8248c:	12800001 	mov	w1, #0xffffffff            	// #-1
   82490:	39020001 	strb	w1, [x0, #128]
   82494:	f94017e0 	ldr	x0, [sp, #40]
   82498:	f900481f 	str	xzr, [x0, #144]
   8249c:	900000a0 	adrp	x0, 96000 <vtable for CDevice+0x4a8>
   824a0:	912aa000 	add	x0, x0, #0xaa8
   824a4:	f9400000 	ldr	x0, [x0]
   824a8:	f100001f 	cmp	x0, #0x0
   824ac:	54000640 	b.eq	82574 <CMachineInfo::CMachineInfo()+0x14c>  // b.none
   824b0:	900000a0 	adrp	x0, 96000 <vtable for CDevice+0x4a8>
   824b4:	912aa000 	add	x0, x0, #0xaa8
   824b8:	f9400000 	ldr	x0, [x0]
   824bc:	b9400001 	ldr	w1, [x0]
   824c0:	f94017e0 	ldr	x0, [sp, #40]
   824c4:	b9000001 	str	w1, [x0]
   824c8:	900000a0 	adrp	x0, 96000 <vtable for CDevice+0x4a8>
   824cc:	912aa000 	add	x0, x0, #0xaa8
   824d0:	f9400000 	ldr	x0, [x0]
   824d4:	b9401001 	ldr	w1, [x0, #16]
   824d8:	f94017e0 	ldr	x0, [sp, #40]
   824dc:	b9001001 	str	w1, [x0, #16]
   824e0:	900000a0 	adrp	x0, 96000 <vtable for CDevice+0x4a8>
   824e4:	912aa000 	add	x0, x0, #0xaa8
   824e8:	f9400000 	ldr	x0, [x0]
   824ec:	b9402001 	ldr	w1, [x0, #32]
   824f0:	f94017e0 	ldr	x0, [sp, #40]
   824f4:	b9002001 	str	w1, [x0, #32]
   824f8:	900000a0 	adrp	x0, 96000 <vtable for CDevice+0x4a8>
   824fc:	912aa000 	add	x0, x0, #0xaa8
   82500:	f9400000 	ldr	x0, [x0]
   82504:	b9403001 	ldr	w1, [x0, #48]
   82508:	f94017e0 	ldr	x0, [sp, #40]
   8250c:	b9003001 	str	w1, [x0, #48]
   82510:	900000a0 	adrp	x0, 96000 <vtable for CDevice+0x4a8>
   82514:	912aa000 	add	x0, x0, #0xaa8
   82518:	f9400000 	ldr	x0, [x0]
   8251c:	b9404001 	ldr	w1, [x0, #64]
   82520:	f94017e0 	ldr	x0, [sp, #40]
   82524:	b9004001 	str	w1, [x0, #64]
   82528:	900000a0 	adrp	x0, 96000 <vtable for CDevice+0x4a8>
   8252c:	912aa000 	add	x0, x0, #0xaa8
   82530:	f9400000 	ldr	x0, [x0]
   82534:	39414001 	ldrb	w1, [x0, #80]
   82538:	f94017e0 	ldr	x0, [sp, #40]
   8253c:	39014001 	strb	w1, [x0, #80]
   82540:	900000a0 	adrp	x0, 96000 <vtable for CDevice+0x4a8>
   82544:	912aa000 	add	x0, x0, #0xaa8
   82548:	f9400000 	ldr	x0, [x0]
   8254c:	b9406001 	ldr	w1, [x0, #96]
   82550:	f94017e0 	ldr	x0, [sp, #40]
   82554:	b9006001 	str	w1, [x0, #96]
   82558:	900000a0 	adrp	x0, 96000 <vtable for CDevice+0x4a8>
   8255c:	912aa000 	add	x0, x0, #0xaa8
   82560:	f9400000 	ldr	x0, [x0]
   82564:	f9404801 	ldr	x1, [x0, #144]
   82568:	f94017e0 	ldr	x0, [sp, #40]
   8256c:	f9004801 	str	x1, [x0, #144]
   82570:	14000160 	b	82af0 <CMachineInfo::CMachineInfo()+0x6c8>
   82574:	900000a0 	adrp	x0, 96000 <vtable for CDevice+0x4a8>
   82578:	912aa000 	add	x0, x0, #0xaa8
   8257c:	f94017e1 	ldr	x1, [sp, #40]
   82580:	f9000001 	str	x1, [x0]
   82584:	f94017e0 	ldr	x0, [sp, #40]
   82588:	97ffff8a 	bl	823b0 <CMachineInfo::FetchDTB()>
   8258c:	910123e0 	add	x0, sp, #0x48
   82590:	52800001 	mov	w1, #0x0                   	// #0
   82594:	9400212b 	bl	8aa40 <CBcmPropertyTags::CBcmPropertyTags(bool)>
   82598:	f94017e0 	ldr	x0, [sp, #40]
   8259c:	f9404800 	ldr	x0, [x0, #144]
   825a0:	f100001f 	cmp	x0, #0x0
   825a4:	54000320 	b.eq	82608 <CMachineInfo::CMachineInfo()+0x1e0>  // b.none
   825a8:	f94017e0 	ldr	x0, [sp, #40]
   825ac:	f9404803 	ldr	x3, [x0, #144]
   825b0:	d2800002 	mov	x2, #0x0                   	// #0
   825b4:	b0000080 	adrp	x0, 93000 <CExceptionHandler::Throw(unsigned int, TAbortFrame*)+0xc0>
   825b8:	91340001 	add	x1, x0, #0xd00
   825bc:	aa0303e0 	mov	x0, x3
   825c0:	94001b61 	bl	89344 <CDeviceTreeBlob::FindNode(char const*, TDeviceTreeNode const*) const>
   825c4:	f90033e0 	str	x0, [sp, #96]
   825c8:	f94033e0 	ldr	x0, [sp, #96]
   825cc:	f100001f 	cmp	x0, #0x0
   825d0:	540001c0 	b.eq	82608 <CMachineInfo::CMachineInfo()+0x1e0>  // b.none
   825d4:	f94017e0 	ldr	x0, [sp, #40]
   825d8:	f9404803 	ldr	x3, [x0, #144]
   825dc:	b0000080 	adrp	x0, 93000 <CExceptionHandler::Throw(unsigned int, TAbortFrame*)+0xc0>
   825e0:	91344002 	add	x2, x0, #0xd10
   825e4:	f94033e1 	ldr	x1, [sp, #96]
   825e8:	aa0303e0 	mov	x0, x3
   825ec:	94001b58 	bl	8934c <CDeviceTreeBlob::FindProperty(TDeviceTreeNode const*, char const*) const>
   825f0:	f9003fe0 	str	x0, [sp, #120]
   825f4:	f9403fe0 	ldr	x0, [sp, #120]
   825f8:	f100001f 	cmp	x0, #0x0
   825fc:	54000060 	b.eq	82608 <CMachineInfo::CMachineInfo()+0x1e0>  // b.none
   82600:	52800020 	mov	w0, #0x1                   	// #1
   82604:	14000002 	b	8260c <CMachineInfo::CMachineInfo()+0x1e4>
   82608:	52800000 	mov	w0, #0x0                   	// #0
   8260c:	12000000 	and	w0, w0, #0x1
   82610:	7100001f 	cmp	w0, #0x0
   82614:	540002e0 	b.eq	82670 <CMachineInfo::CMachineInfo()+0x248>  // b.none
   82618:	f94017e0 	ldr	x0, [sp, #40]
   8261c:	7940e000 	ldrh	w0, [x0, #112]
   82620:	121a6400 	and	w0, w0, #0xffffffc0
   82624:	12003c01 	and	w1, w0, #0xffff
   82628:	f94017e0 	ldr	x0, [sp, #40]
   8262c:	7900e001 	strh	w1, [x0, #112]
   82630:	f94017e0 	ldr	x0, [sp, #40]
   82634:	f9404800 	ldr	x0, [x0, #144]
   82638:	52800002 	mov	w2, #0x0                   	// #0
   8263c:	f9403fe1 	ldr	x1, [sp, #120]
   82640:	94001be2 	bl	895c8 <CDeviceTreeBlob::GetPropertyValueWord(TDeviceTreeProperty const*, unsigned int) const>
   82644:	12003c00 	and	w0, w0, #0xffff
   82648:	12001402 	and	w2, w0, #0x3f
   8264c:	f94017e0 	ldr	x0, [sp, #40]
   82650:	7940e000 	ldrh	w0, [x0, #112]
   82654:	13003c01 	sxth	w1, w0
   82658:	13003c40 	sxth	w0, w2
   8265c:	2a000020 	orr	w0, w1, w0
   82660:	13003c00 	sxth	w0, w0
   82664:	12003c01 	and	w1, w0, #0xffff
   82668:	f94017e0 	ldr	x0, [sp, #40]
   8266c:	7900e001 	strh	w1, [x0, #112]
   82670:	f94017e0 	ldr	x0, [sp, #40]
   82674:	f9404800 	ldr	x0, [x0, #144]
   82678:	f100001f 	cmp	x0, #0x0
   8267c:	54000320 	b.eq	826e0 <CMachineInfo::CMachineInfo()+0x2b8>  // b.none
   82680:	f94017e0 	ldr	x0, [sp, #40]
   82684:	f9404803 	ldr	x3, [x0, #144]
   82688:	d2800002 	mov	x2, #0x0                   	// #0
   8268c:	b0000080 	adrp	x0, 93000 <CExceptionHandler::Throw(unsigned int, TAbortFrame*)+0xc0>
   82690:	9134a001 	add	x1, x0, #0xd28
   82694:	aa0303e0 	mov	x0, x3
   82698:	94001b2b 	bl	89344 <CDeviceTreeBlob::FindNode(char const*, TDeviceTreeNode const*) const>
   8269c:	f90033e0 	str	x0, [sp, #96]
   826a0:	f94033e0 	ldr	x0, [sp, #96]
   826a4:	f100001f 	cmp	x0, #0x0
   826a8:	540001c0 	b.eq	826e0 <CMachineInfo::CMachineInfo()+0x2b8>  // b.none
   826ac:	f94017e0 	ldr	x0, [sp, #40]
   826b0:	f9404803 	ldr	x3, [x0, #144]
   826b4:	b0000080 	adrp	x0, 93000 <CExceptionHandler::Throw(unsigned int, TAbortFrame*)+0xc0>
   826b8:	91344002 	add	x2, x0, #0xd10
   826bc:	f94033e1 	ldr	x1, [sp, #96]
   826c0:	aa0303e0 	mov	x0, x3
   826c4:	94001b22 	bl	8934c <CDeviceTreeBlob::FindProperty(TDeviceTreeNode const*, char const*) const>
   826c8:	f9003fe0 	str	x0, [sp, #120]
   826cc:	f9403fe0 	ldr	x0, [sp, #120]
   826d0:	f100001f 	cmp	x0, #0x0
   826d4:	54000060 	b.eq	826e0 <CMachineInfo::CMachineInfo()+0x2b8>  // b.none
   826d8:	52800020 	mov	w0, #0x1                   	// #1
   826dc:	14000002 	b	826e4 <CMachineInfo::CMachineInfo()+0x2bc>
   826e0:	52800000 	mov	w0, #0x0                   	// #0
   826e4:	12000000 	and	w0, w0, #0x1
   826e8:	7100001f 	cmp	w0, #0x0
   826ec:	540002e0 	b.eq	82748 <CMachineInfo::CMachineInfo()+0x320>  // b.none
   826f0:	f94017e0 	ldr	x0, [sp, #40]
   826f4:	7940e000 	ldrh	w0, [x0, #112]
   826f8:	12146400 	and	w0, w0, #0xfffff03f
   826fc:	12003c01 	and	w1, w0, #0xffff
   82700:	f94017e0 	ldr	x0, [sp, #40]
   82704:	7900e001 	strh	w1, [x0, #112]
   82708:	f94017e0 	ldr	x0, [sp, #40]
   8270c:	f9404800 	ldr	x0, [x0, #144]
   82710:	52800002 	mov	w2, #0x0                   	// #0
   82714:	f9403fe1 	ldr	x1, [sp, #120]
   82718:	94001bac 	bl	895c8 <CDeviceTreeBlob::GetPropertyValueWord(TDeviceTreeProperty const*, unsigned int) const>
   8271c:	12003c00 	and	w0, w0, #0xffff
   82720:	121a1402 	and	w2, w0, #0xfc0
   82724:	f94017e0 	ldr	x0, [sp, #40]
   82728:	7940e000 	ldrh	w0, [x0, #112]
   8272c:	13003c01 	sxth	w1, w0
   82730:	13003c40 	sxth	w0, w2
   82734:	2a000020 	orr	w0, w1, w0
   82738:	13003c00 	sxth	w0, w0
   8273c:	12003c01 	and	w1, w0, #0xffff
   82740:	f94017e0 	ldr	x0, [sp, #40]
   82744:	7900e001 	strh	w1, [x0, #112]
   82748:	9100e3e1 	add	x1, sp, #0x38
   8274c:	910123e0 	add	x0, sp, #0x48
   82750:	52800004 	mov	w4, #0x0                   	// #0
   82754:	52800203 	mov	w3, #0x10                  	// #16
   82758:	aa0103e2 	mov	x2, x1
   8275c:	52800041 	mov	w1, #0x2                   	// #2
   82760:	72a00021 	movk	w1, #0x1, lsl #16
   82764:	9400210f 	bl	8aba0 <CBcmPropertyTags::GetTag(unsigned int, void*, unsigned int, unsigned int)>
   82768:	12001c00 	and	w0, w0, #0xff
   8276c:	52000000 	eor	w0, w0, #0x1
   82770:	12001c00 	and	w0, w0, #0xff
   82774:	12000000 	and	w0, w0, #0x1
   82778:	7100001f 	cmp	w0, #0x0
   8277c:	54000520 	b.eq	82820 <CMachineInfo::CMachineInfo()+0x3f8>  // b.none
   82780:	f94017e0 	ldr	x0, [sp, #40]
   82784:	f9404800 	ldr	x0, [x0, #144]
   82788:	f100001f 	cmp	x0, #0x0
   8278c:	540002e0 	b.eq	827e8 <CMachineInfo::CMachineInfo()+0x3c0>  // b.none
   82790:	f94017e0 	ldr	x0, [sp, #40]
   82794:	f9404803 	ldr	x3, [x0, #144]
   82798:	d2800002 	mov	x2, #0x0                   	// #0
   8279c:	b0000080 	adrp	x0, 93000 <CExceptionHandler::Throw(unsigned int, TAbortFrame*)+0xc0>
   827a0:	9134e001 	add	x1, x0, #0xd38
   827a4:	aa0303e0 	mov	x0, x3
   827a8:	94001ae7 	bl	89344 <CDeviceTreeBlob::FindNode(char const*, TDeviceTreeNode const*) const>
   827ac:	f9002fe0 	str	x0, [sp, #88]
   827b0:	f9402fe0 	ldr	x0, [sp, #88]
   827b4:	f100001f 	cmp	x0, #0x0
   827b8:	54000180 	b.eq	827e8 <CMachineInfo::CMachineInfo()+0x3c0>  // b.none
   827bc:	f94017e0 	ldr	x0, [sp, #40]
   827c0:	f9404803 	ldr	x3, [x0, #144]
   827c4:	b0000080 	adrp	x0, 93000 <CExceptionHandler::Throw(unsigned int, TAbortFrame*)+0xc0>
   827c8:	91350002 	add	x2, x0, #0xd40
   827cc:	f9402fe1 	ldr	x1, [sp, #88]
   827d0:	aa0303e0 	mov	x0, x3
   827d4:	94001ade 	bl	8934c <CDeviceTreeBlob::FindProperty(TDeviceTreeNode const*, char const*) const>
   827d8:	f9003be0 	str	x0, [sp, #112]
   827dc:	f9403be0 	ldr	x0, [sp, #112]
   827e0:	f100001f 	cmp	x0, #0x0
   827e4:	54000061 	b.ne	827f0 <CMachineInfo::CMachineInfo()+0x3c8>  // b.any
   827e8:	52800020 	mov	w0, #0x1                   	// #1
   827ec:	14000002 	b	827f4 <CMachineInfo::CMachineInfo()+0x3cc>
   827f0:	52800000 	mov	w0, #0x0                   	// #0
   827f4:	12000000 	and	w0, w0, #0x1
   827f8:	7100001f 	cmp	w0, #0x0
   827fc:	54000060 	b.eq	82808 <CMachineInfo::CMachineInfo()+0x3e0>  // b.none
   82800:	52800013 	mov	w19, #0x0                   	// #0
   82804:	140000b8 	b	82ae4 <CMachineInfo::CMachineInfo()+0x6bc>
   82808:	f94017e0 	ldr	x0, [sp, #40]
   8280c:	f9404800 	ldr	x0, [x0, #144]
   82810:	52800002 	mov	w2, #0x0                   	// #0
   82814:	f9403be1 	ldr	x1, [sp, #112]
   82818:	94001b6c 	bl	895c8 <CDeviceTreeBlob::GetPropertyValueWord(TDeviceTreeProperty const*, unsigned int) const>
   8281c:	b90047e0 	str	w0, [sp, #68]
   82820:	d2880080 	mov	x0, #0x4004                	// #16388
   82824:	f2a02a00 	movk	x0, #0x150, lsl #16
   82828:	f2c00200 	movk	x0, #0x10, lsl #32
   8282c:	97fffd3d 	bl	81d20 <read32>
   82830:	b90057e0 	str	w0, [sp, #84]
   82834:	b94057e0 	ldr	w0, [sp, #84]
   82838:	53107c01 	lsr	w1, w0, #16
   8283c:	5284e240 	mov	w0, #0x2712                	// #10002
   82840:	6b00003f 	cmp	w1, w0
   82844:	540000a1 	b.ne	82858 <CMachineInfo::CMachineInfo()+0x430>  // b.any
   82848:	b94057e0 	ldr	w0, [sp, #84]
   8284c:	12001c01 	and	w1, w0, #0xff
   82850:	f94017e0 	ldr	x0, [sp, #40]
   82854:	39014001 	strb	w1, [x0, #80]
   82858:	b94047e1 	ldr	w1, [sp, #68]
   8285c:	f94017e0 	ldr	x0, [sp, #40]
   82860:	b9000001 	str	w1, [x0]
   82864:	f94017e0 	ldr	x0, [sp, #40]
   82868:	b9400000 	ldr	w0, [x0]
   8286c:	12090000 	and	w0, w0, #0x800000
   82870:	7100001f 	cmp	w0, #0x0
   82874:	54000ca0 	b.eq	82a08 <CMachineInfo::CMachineInfo()+0x5e0>  // b.none
   82878:	f94017e0 	ldr	x0, [sp, #40]
   8287c:	b9400000 	ldr	w0, [x0]
   82880:	53047c00 	lsr	w0, w0, #4
   82884:	12001c00 	and	w0, w0, #0xff
   82888:	b90053e0 	str	w0, [sp, #80]
   8288c:	b9006fff 	str	wzr, [sp, #108]
   82890:	14000010 	b	828d0 <CMachineInfo::CMachineInfo()+0x4a8>
   82894:	b0000080 	adrp	x0, 93000 <CExceptionHandler::Throw(unsigned int, TAbortFrame*)+0xc0>
   82898:	91354002 	add	x2, x0, #0xd50
   8289c:	b9406fe1 	ldr	w1, [sp, #108]
   828a0:	aa0103e0 	mov	x0, x1
   828a4:	d37ff800 	lsl	x0, x0, #1
   828a8:	8b010000 	add	x0, x0, x1
   828ac:	d37ef400 	lsl	x0, x0, #2
   828b0:	8b000040 	add	x0, x2, x0
   828b4:	b9400000 	ldr	w0, [x0]
   828b8:	b94053e1 	ldr	w1, [sp, #80]
   828bc:	6b00003f 	cmp	w1, w0
   828c0:	54000100 	b.eq	828e0 <CMachineInfo::CMachineInfo()+0x4b8>  // b.none
   828c4:	b9406fe0 	ldr	w0, [sp, #108]
   828c8:	11000400 	add	w0, w0, #0x1
   828cc:	b9006fe0 	str	w0, [sp, #108]
   828d0:	b9406fe0 	ldr	w0, [sp, #108]
   828d4:	7100581f 	cmp	w0, #0x16
   828d8:	54fffde9 	b.ls	82894 <CMachineInfo::CMachineInfo()+0x46c>  // b.plast
   828dc:	14000002 	b	828e4 <CMachineInfo::CMachineInfo()+0x4bc>
   828e0:	d503201f 	nop
   828e4:	b9406fe0 	ldr	w0, [sp, #108]
   828e8:	7100581f 	cmp	w0, #0x16
   828ec:	54000069 	b.ls	828f8 <CMachineInfo::CMachineInfo()+0x4d0>  // b.plast
   828f0:	52800013 	mov	w19, #0x0                   	// #0
   828f4:	1400007c 	b	82ae4 <CMachineInfo::CMachineInfo()+0x6bc>
   828f8:	b0000080 	adrp	x0, 93000 <CExceptionHandler::Throw(unsigned int, TAbortFrame*)+0xc0>
   828fc:	91354002 	add	x2, x0, #0xd50
   82900:	b9406fe1 	ldr	w1, [sp, #108]
   82904:	aa0103e0 	mov	x0, x1
   82908:	d37ff800 	lsl	x0, x0, #1
   8290c:	8b010000 	add	x0, x0, x1
   82910:	d37ef400 	lsl	x0, x0, #2
   82914:	8b000040 	add	x0, x2, x0
   82918:	b9400401 	ldr	w1, [x0, #4]
   8291c:	f94017e0 	ldr	x0, [sp, #40]
   82920:	b9001001 	str	w1, [x0, #16]
   82924:	b0000080 	adrp	x0, 93000 <CExceptionHandler::Throw(unsigned int, TAbortFrame*)+0xc0>
   82928:	91354002 	add	x2, x0, #0xd50
   8292c:	b9406fe1 	ldr	w1, [sp, #108]
   82930:	aa0103e0 	mov	x0, x1
   82934:	d37ff800 	lsl	x0, x0, #1
   82938:	8b010000 	add	x0, x0, x1
   8293c:	d37ef400 	lsl	x0, x0, #2
   82940:	8b000040 	add	x0, x2, x0
   82944:	b9400801 	ldr	w1, [x0, #8]
   82948:	f94017e0 	ldr	x0, [sp, #40]
   8294c:	b9002001 	str	w1, [x0, #32]
   82950:	f94017e0 	ldr	x0, [sp, #40]
   82954:	b9400000 	ldr	w0, [x0]
   82958:	12000c00 	and	w0, w0, #0xf
   8295c:	11000401 	add	w1, w0, #0x1
   82960:	f94017e0 	ldr	x0, [sp, #40]
   82964:	b9003001 	str	w1, [x0, #48]
   82968:	f94017e0 	ldr	x0, [sp, #40]
   8296c:	b9400000 	ldr	w0, [x0]
   82970:	530c7c00 	lsr	w0, w0, #12
   82974:	12000c01 	and	w1, w0, #0xf
   82978:	f94017e0 	ldr	x0, [sp, #40]
   8297c:	b9004001 	str	w1, [x0, #64]
   82980:	f94017e0 	ldr	x0, [sp, #40]
   82984:	b9400000 	ldr	w0, [x0]
   82988:	53147c00 	lsr	w0, w0, #20
   8298c:	12000800 	and	w0, w0, #0x7
   82990:	52802001 	mov	w1, #0x100                 	// #256
   82994:	1ac02020 	lsl	w0, w1, w0
   82998:	2a0003e1 	mov	w1, w0
   8299c:	f94017e0 	ldr	x0, [sp, #40]
   829a0:	b9006001 	str	w1, [x0, #96]
   829a4:	f94017e0 	ldr	x0, [sp, #40]
   829a8:	b9404000 	ldr	w0, [x0, #64]
   829ac:	7100101f 	cmp	w0, #0x4
   829b0:	5400008d 	b.le	829c0 <CMachineInfo::CMachineInfo()+0x598>
   829b4:	f94017e0 	ldr	x0, [sp, #40]
   829b8:	528000a1 	mov	w1, #0x5                   	// #5
   829bc:	b9004001 	str	w1, [x0, #64]
   829c0:	f94017e0 	ldr	x0, [sp, #40]
   829c4:	b9401000 	ldr	w0, [x0, #16]
   829c8:	71000c1f 	cmp	w0, #0x3
   829cc:	540008a1 	b.ne	82ae0 <CMachineInfo::CMachineInfo()+0x6b8>  // b.any
   829d0:	f94017e0 	ldr	x0, [sp, #40]
   829d4:	b9406000 	ldr	w0, [x0, #96]
   829d8:	7104001f 	cmp	w0, #0x100
   829dc:	54000821 	b.ne	82ae0 <CMachineInfo::CMachineInfo()+0x6b8>  // b.any
   829e0:	f94017e0 	ldr	x0, [sp, #40]
   829e4:	b9403000 	ldr	w0, [x0, #48]
   829e8:	7100041f 	cmp	w0, #0x1
   829ec:	54000061 	b.ne	829f8 <CMachineInfo::CMachineInfo()+0x5d0>  // b.any
   829f0:	52800020 	mov	w0, #0x1                   	// #1
   829f4:	14000002 	b	829fc <CMachineInfo::CMachineInfo()+0x5d4>
   829f8:	52800040 	mov	w0, #0x2                   	// #2
   829fc:	f94017e1 	ldr	x1, [sp, #40]
   82a00:	b9001020 	str	w0, [x1, #16]
   82a04:	14000037 	b	82ae0 <CMachineInfo::CMachineInfo()+0x6b8>
   82a08:	b9006bff 	str	wzr, [sp, #104]
   82a0c:	1400000e 	b	82a44 <CMachineInfo::CMachineInfo()+0x61c>
   82a10:	b0000080 	adrp	x0, 93000 <CExceptionHandler::Throw(unsigned int, TAbortFrame*)+0xc0>
   82a14:	9139a001 	add	x1, x0, #0xe68
   82a18:	b9406be0 	ldr	w0, [sp, #104]
   82a1c:	d37cec00 	lsl	x0, x0, #4
   82a20:	8b000020 	add	x0, x1, x0
   82a24:	b9400001 	ldr	w1, [x0]
   82a28:	f94017e0 	ldr	x0, [sp, #40]
   82a2c:	b9400000 	ldr	w0, [x0]
   82a30:	6b00003f 	cmp	w1, w0
   82a34:	54000100 	b.eq	82a54 <CMachineInfo::CMachineInfo()+0x62c>  // b.none
   82a38:	b9406be0 	ldr	w0, [sp, #104]
   82a3c:	11000400 	add	w0, w0, #0x1
   82a40:	b9006be0 	str	w0, [sp, #104]
   82a44:	b9406be0 	ldr	w0, [sp, #104]
   82a48:	7100401f 	cmp	w0, #0x10
   82a4c:	54fffe29 	b.ls	82a10 <CMachineInfo::CMachineInfo()+0x5e8>  // b.plast
   82a50:	14000002 	b	82a58 <CMachineInfo::CMachineInfo()+0x630>
   82a54:	d503201f 	nop
   82a58:	b9406be0 	ldr	w0, [sp, #104]
   82a5c:	7100401f 	cmp	w0, #0x10
   82a60:	54000069 	b.ls	82a6c <CMachineInfo::CMachineInfo()+0x644>  // b.plast
   82a64:	52800013 	mov	w19, #0x0                   	// #0
   82a68:	1400001f 	b	82ae4 <CMachineInfo::CMachineInfo()+0x6bc>
   82a6c:	b0000080 	adrp	x0, 93000 <CExceptionHandler::Throw(unsigned int, TAbortFrame*)+0xc0>
   82a70:	9139a001 	add	x1, x0, #0xe68
   82a74:	b9406be0 	ldr	w0, [sp, #104]
   82a78:	d37cec00 	lsl	x0, x0, #4
   82a7c:	8b000020 	add	x0, x1, x0
   82a80:	b9400401 	ldr	w1, [x0, #4]
   82a84:	f94017e0 	ldr	x0, [sp, #40]
   82a88:	b9001001 	str	w1, [x0, #16]
   82a8c:	f94017e0 	ldr	x0, [sp, #40]
   82a90:	52800021 	mov	w1, #0x1                   	// #1
   82a94:	b9002001 	str	w1, [x0, #32]
   82a98:	b0000080 	adrp	x0, 93000 <CExceptionHandler::Throw(unsigned int, TAbortFrame*)+0xc0>
   82a9c:	9139a001 	add	x1, x0, #0xe68
   82aa0:	b9406be0 	ldr	w0, [sp, #104]
   82aa4:	d37cec00 	lsl	x0, x0, #4
   82aa8:	8b000020 	add	x0, x1, x0
   82aac:	b9400801 	ldr	w1, [x0, #8]
   82ab0:	f94017e0 	ldr	x0, [sp, #40]
   82ab4:	b9003001 	str	w1, [x0, #48]
   82ab8:	f94017e0 	ldr	x0, [sp, #40]
   82abc:	b900401f 	str	wzr, [x0, #64]
   82ac0:	b0000080 	adrp	x0, 93000 <CExceptionHandler::Throw(unsigned int, TAbortFrame*)+0xc0>
   82ac4:	9139a001 	add	x1, x0, #0xe68
   82ac8:	b9406be0 	ldr	w0, [sp, #104]
   82acc:	d37cec00 	lsl	x0, x0, #4
   82ad0:	8b000020 	add	x0, x1, x0
   82ad4:	b9400c01 	ldr	w1, [x0, #12]
   82ad8:	f94017e0 	ldr	x0, [sp, #40]
   82adc:	b9006001 	str	w1, [x0, #96]
   82ae0:	52800033 	mov	w19, #0x1                   	// #1
   82ae4:	910123e0 	add	x0, sp, #0x48
   82ae8:	94001fd9 	bl	8aa4c <CBcmPropertyTags::~CBcmPropertyTags()>
   82aec:	7100067f 	cmp	w19, #0x1
   82af0:	f9400bf3 	ldr	x19, [sp, #16]
   82af4:	a8c87bfd 	ldp	x29, x30, [sp], #128
   82af8:	d65f03c0 	ret
   82afc:	d503201f 	nop

0000000000082b00 <CMachineInfo::CheckDTB(bool)>:
   82b00:	a9b87bfd 	stp	x29, x30, [sp, #-128]!
   82b04:	910003fd 	mov	x29, sp
   82b08:	a9025bf5 	stp	x21, x22, [sp, #32]
   82b0c:	aa0003f5 	mov	x21, x0
   82b10:	a9046bf9 	stp	x25, x26, [sp, #64]
   82b14:	f9404800 	ldr	x0, [x0, #144]
   82b18:	b4000b80 	cbz	x0, 82c88 <CMachineInfo::CheckDTB(bool)+0x188>
   82b1c:	a90363f7 	stp	x23, x24, [sp, #48]
   82b20:	b0000097 	adrp	x23, 93000 <CExceptionHandler::Throw(unsigned int, TAbortFrame*)+0xc0>
   82b24:	12001c3a 	and	w26, w1, #0xff
   82b28:	913e02f7 	add	x23, x23, #0xf80
   82b2c:	d2800002 	mov	x2, #0x0                   	// #0
   82b30:	910f42e1 	add	x1, x23, #0x3d0
   82b34:	52800039 	mov	w25, #0x1                   	// #1
   82b38:	a90153f3 	stp	x19, x20, [sp, #16]
   82b3c:	b0000094 	adrp	x20, 93000 <CExceptionHandler::Throw(unsigned int, TAbortFrame*)+0xc0>
   82b40:	910982f3 	add	x19, x23, #0x260
   82b44:	9134e294 	add	x20, x20, #0xd38
   82b48:	910d22f8 	add	x24, x23, #0x348
   82b4c:	f9003be1 	str	x1, [sp, #112]
   82b50:	910ec2e1 	add	x1, x23, #0x3b0
   82b54:	a90573fb 	stp	x27, x28, [sp, #80]
   82b58:	f9003fe1 	str	x1, [sp, #120]
   82b5c:	aa1403e1 	mov	x1, x20
   82b60:	940019f9 	bl	89344 <CDeviceTreeBlob::FindNode(char const*, TDeviceTreeNode const*) const>
   82b64:	b4000460 	cbz	x0, 82bf0 <CMachineInfo::CheckDTB(bool)+0xf0>
   82b68:	f9400276 	ldr	x22, [x19]
   82b6c:	aa0003e1 	mov	x1, x0
   82b70:	f9404aa0 	ldr	x0, [x21, #144]
   82b74:	aa1603e2 	mov	x2, x22
   82b78:	940019f5 	bl	8934c <CDeviceTreeBlob::FindProperty(TDeviceTreeNode const*, char const*) const>
   82b7c:	aa0003fb 	mov	x27, x0
   82b80:	b4000460 	cbz	x0, 82c0c <CMachineInfo::CheckDTB(bool)+0x10c>
   82b84:	aa0003e1 	mov	x1, x0
   82b88:	f9404aa0 	ldr	x0, [x21, #144]
   82b8c:	94001a6d 	bl	89540 <CDeviceTreeBlob::GetPropertyValueLength(TDeviceTreeProperty const*) const>
   82b90:	aa0003fc 	mov	x28, x0
   82b94:	370004da 	tbnz	w26, #0, 82c2c <CMachineInfo::CheckDTB(bool)+0x12c>
   82b98:	f9400667 	ldr	x7, [x19, #8]
   82b9c:	eb1c00ff 	cmp	x7, x28
   82ba0:	54000180 	b.eq	82bd0 <CMachineInfo::CheckDTB(bool)+0xd0>  // b.none
   82ba4:	f90037e7 	str	x7, [sp, #104]
   82ba8:	940026c6 	bl	8c6c0 <CLogger::Get()>
   82bac:	f94037e7 	ldr	x7, [sp, #104]
   82bb0:	aa1c03e6 	mov	x6, x28
   82bb4:	aa1603e5 	mov	x5, x22
   82bb8:	aa1403e4 	mov	x4, x20
   82bbc:	910dc2e3 	add	x3, x23, #0x370
   82bc0:	52800042 	mov	w2, #0x2                   	// #2
   82bc4:	aa1803e1 	mov	x1, x24
   82bc8:	9400289e 	bl	8ce40 <CLogger::Write(char const*, TLogSeverity, char const*, ...)>
   82bcc:	52800019 	mov	w25, #0x0                   	// #0
   82bd0:	f9400a74 	ldr	x20, [x19, #16]
   82bd4:	91006273 	add	x19, x19, #0x18
   82bd8:	b4000494 	cbz	x20, 82c68 <CMachineInfo::CheckDTB(bool)+0x168>
   82bdc:	f9404aa0 	ldr	x0, [x21, #144]
   82be0:	d2800002 	mov	x2, #0x0                   	// #0
   82be4:	aa1403e1 	mov	x1, x20
   82be8:	940019d7 	bl	89344 <CDeviceTreeBlob::FindNode(char const*, TDeviceTreeNode const*) const>
   82bec:	b5fffbe0 	cbnz	x0, 82b68 <CMachineInfo::CheckDTB(bool)+0x68>
   82bf0:	940026b4 	bl	8c6c0 <CLogger::Get()>
   82bf4:	f9403be3 	ldr	x3, [sp, #112]
   82bf8:	aa1403e4 	mov	x4, x20
   82bfc:	52800042 	mov	w2, #0x2                   	// #2
   82c00:	aa1803e1 	mov	x1, x24
   82c04:	9400288f 	bl	8ce40 <CLogger::Write(char const*, TLogSeverity, char const*, ...)>
   82c08:	17fffff1 	b	82bcc <CMachineInfo::CheckDTB(bool)+0xcc>
   82c0c:	940026ad 	bl	8c6c0 <CLogger::Get()>
   82c10:	f9403fe3 	ldr	x3, [sp, #120]
   82c14:	aa1603e5 	mov	x5, x22
   82c18:	aa1403e4 	mov	x4, x20
   82c1c:	52800042 	mov	w2, #0x2                   	// #2
   82c20:	aa1803e1 	mov	x1, x24
   82c24:	94002887 	bl	8ce40 <CLogger::Write(char const*, TLogSeverity, char const*, ...)>
   82c28:	17ffffe9 	b	82bcc <CMachineInfo::CheckDTB(bool)+0xcc>
   82c2c:	940026a5 	bl	8c6c0 <CLogger::Get()>
   82c30:	910d62e3 	add	x3, x23, #0x358
   82c34:	aa1603e5 	mov	x5, x22
   82c38:	aa1403e4 	mov	x4, x20
   82c3c:	52800082 	mov	w2, #0x4                   	// #4
   82c40:	aa1803e1 	mov	x1, x24
   82c44:	9400287f 	bl	8ce40 <CLogger::Write(char const*, TLogSeverity, char const*, ...)>
   82c48:	f9404aa0 	ldr	x0, [x21, #144]
   82c4c:	aa1b03e1 	mov	x1, x27
   82c50:	94001a50 	bl	89590 <CDeviceTreeBlob::GetPropertyValue(TDeviceTreeProperty const*) const>
   82c54:	52800003 	mov	w3, #0x0                   	// #0
   82c58:	aa1803e2 	mov	x2, x24
   82c5c:	2a1c03e1 	mov	w1, w28
   82c60:	94002039 	bl	8ad44 <DebugHexDump(void const*, unsigned int, char const*, unsigned int)>
   82c64:	17ffffcd 	b	82b98 <CMachineInfo::CheckDTB(bool)+0x98>
   82c68:	a94153f3 	ldp	x19, x20, [sp, #16]
   82c6c:	a94363f7 	ldp	x23, x24, [sp, #48]
   82c70:	a94573fb 	ldp	x27, x28, [sp, #80]
   82c74:	2a1903e0 	mov	w0, w25
   82c78:	a9425bf5 	ldp	x21, x22, [sp, #32]
   82c7c:	a9446bf9 	ldp	x25, x26, [sp, #64]
   82c80:	a8c87bfd 	ldp	x29, x30, [sp], #128
   82c84:	d65f03c0 	ret
   82c88:	9400268e 	bl	8c6c0 <CLogger::Get()>
   82c8c:	b0000081 	adrp	x1, 93000 <CExceptionHandler::Throw(unsigned int, TAbortFrame*)+0xc0>
   82c90:	52800042 	mov	w2, #0x2                   	// #2
   82c94:	913e0021 	add	x1, x1, #0xf80
   82c98:	52800019 	mov	w25, #0x0                   	// #0
   82c9c:	910cc023 	add	x3, x1, #0x330
   82ca0:	910d2021 	add	x1, x1, #0x348
   82ca4:	94002867 	bl	8ce40 <CLogger::Write(char const*, TLogSeverity, char const*, ...)>
   82ca8:	17fffff3 	b	82c74 <CMachineInfo::CheckDTB(bool)+0x174>

0000000000082cac <CMachineInfo::GetDTB() const>:
   82cac:	f9404800 	ldr	x0, [x0, #144]
   82cb0:	d65f03c0 	ret
   82cb4:	d503201f 	nop
   82cb8:	d503201f 	nop
   82cbc:	d503201f 	nop

0000000000082cc0 <CMachineInfo::GetPCIeMemory(unsigned int) const>:
   82cc0:	900000a0 	adrp	x0, 96000 <vtable for CDevice+0x4a8>
   82cc4:	f9455400 	ldr	x0, [x0, #2728]
   82cc8:	b5000120 	cbnz	x0, 82cec <CMachineInfo::GetPCIeMemory(unsigned int) const+0x2c>
   82ccc:	b0000080 	adrp	x0, 93000 <CExceptionHandler::Throw(unsigned int, TAbortFrame*)+0xc0>
   82cd0:	a9bf7bfd 	stp	x29, x30, [sp, #-16]!
   82cd4:	52806f02 	mov	w2, #0x378                 	// #888
   82cd8:	913e0000 	add	x0, x0, #0xf80
   82cdc:	910003fd 	mov	x29, sp
   82ce0:	9105a001 	add	x1, x0, #0x168
   82ce4:	91068000 	add	x0, x0, #0x1a0
   82ce8:	94001cce 	bl	8a020 <assertion_failed>
   82cec:	34000101 	cbz	w1, 82d0c <CMachineInfo::GetPCIeMemory(unsigned int) const+0x4c>
   82cf0:	d2b00000 	mov	x0, #0x80000000            	// #2147483648
   82cf4:	d2b00002 	mov	x2, #0x80000000            	// #2147483648
   82cf8:	f2c00362 	movk	x2, #0x1b, lsl #32
   82cfc:	aa0003e1 	mov	x1, x0
   82d00:	f9000900 	str	x0, [x8, #16]
   82d04:	a9000901 	stp	x1, x2, [x8]
   82d08:	d65f03c0 	ret
   82d0c:	b27e77e0 	mov	x0, #0xfffffffc            	// #4294967292
   82d10:	d2c003e2 	mov	x2, #0x1f00000000          	// #133143986176
   82d14:	d2800001 	mov	x1, #0x0                   	// #0
   82d18:	f9000900 	str	x0, [x8, #16]
   82d1c:	a9000901 	stp	x1, x2, [x8]
   82d20:	d65f03c0 	ret

0000000000082d24 <CMachineInfo::GetPCIeDMAMemory(unsigned int) const>:
   82d24:	a9bb7bfd 	stp	x29, x30, [sp, #-80]!
   82d28:	900000a0 	adrp	x0, 96000 <vtable for CDevice+0x4a8>
   82d2c:	910003fd 	mov	x29, sp
   82d30:	a90153f3 	stp	x19, x20, [sp, #16]
   82d34:	f9455413 	ldr	x19, [x0, #2728]
   82d38:	b5000113 	cbnz	x19, 82d58 <CMachineInfo::GetPCIeDMAMemory(unsigned int) const+0x34>
   82d3c:	b0000080 	adrp	x0, 93000 <CExceptionHandler::Throw(unsigned int, TAbortFrame*)+0xc0>
   82d40:	528072c2 	mov	w2, #0x396                 	// #918
   82d44:	a9025bf5 	stp	x21, x22, [sp, #32]
   82d48:	913e0000 	add	x0, x0, #0xf80
   82d4c:	9105a001 	add	x1, x0, #0x168
   82d50:	91068000 	add	x0, x0, #0x1a0
   82d54:	94001cb3 	bl	8a020 <assertion_failed>
   82d58:	f9404a60 	ldr	x0, [x19, #144]
   82d5c:	aa0803f4 	mov	x20, x8
   82d60:	b4000400 	cbz	x0, 82de0 <CMachineInfo::GetPCIeDMAMemory(unsigned int) const+0xbc>
   82d64:	a9025bf5 	stp	x21, x22, [sp, #32]
   82d68:	340004e1 	cbz	w1, 82e04 <CMachineInfo::GetPCIeDMAMemory(unsigned int) const+0xe0>
   82d6c:	7100043f 	cmp	w1, #0x1
   82d70:	54000a21 	b.ne	82eb4 <CMachineInfo::GetPCIeDMAMemory(unsigned int) const+0x190>  // b.any
   82d74:	b0000083 	adrp	x3, 93000 <CExceptionHandler::Throw(unsigned int, TAbortFrame*)+0xc0>
   82d78:	52800016 	mov	w22, #0x0                   	// #0
   82d7c:	913e0063 	add	x3, x3, #0xf80
   82d80:	528001d5 	mov	w21, #0xe                   	// #14
   82d84:	91100061 	add	x1, x3, #0x400
   82d88:	d2800002 	mov	x2, #0x0                   	// #0
   82d8c:	f9001fe3 	str	x3, [sp, #56]
   82d90:	9400196d 	bl	89344 <CDeviceTreeBlob::FindNode(char const*, TDeviceTreeNode const*) const>
   82d94:	b4000240 	cbz	x0, 82ddc <CMachineInfo::GetPCIeDMAMemory(unsigned int) const+0xb8>
   82d98:	f9401fe3 	ldr	x3, [sp, #56]
   82d9c:	aa0003e1 	mov	x1, x0
   82da0:	f9404a60 	ldr	x0, [x19, #144]
   82da4:	9110e062 	add	x2, x3, #0x438
   82da8:	94001969 	bl	8934c <CDeviceTreeBlob::FindProperty(TDeviceTreeNode const*, char const*) const>
   82dac:	aa0003e1 	mov	x1, x0
   82db0:	b4000160 	cbz	x0, 82ddc <CMachineInfo::GetPCIeDMAMemory(unsigned int) const+0xb8>
   82db4:	f9404a60 	ldr	x0, [x19, #144]
   82db8:	f9001fe1 	str	x1, [sp, #56]
   82dbc:	940019e1 	bl	89540 <CDeviceTreeBlob::GetPropertyValueLength(TDeviceTreeProperty const*) const>
   82dc0:	71003abf 	cmp	w21, #0xe
   82dc4:	d2800702 	mov	x2, #0x38                  	// #56
   82dc8:	f9401fe1 	ldr	x1, [sp, #56]
   82dcc:	d2800a83 	mov	x3, #0x54                  	// #84
   82dd0:	9a830042 	csel	x2, x2, x3, eq	// eq = none
   82dd4:	eb02001f 	cmp	x0, x2
   82dd8:	54000220 	b.eq	82e1c <CMachineInfo::GetPCIeDMAMemory(unsigned int) const+0xf8>  // b.none
   82ddc:	a9425bf5 	ldp	x21, x22, [sp, #32]
   82de0:	d2c00203 	mov	x3, #0x1000000000          	// #68719476736
   82de4:	d2800004 	mov	x4, #0x0                   	// #0
   82de8:	b9406260 	ldr	w0, [x19, #96]
   82dec:	d36cac00 	lsl	x0, x0, #20
   82df0:	a9001283 	stp	x3, x4, [x20]
   82df4:	f9000a80 	str	x0, [x20, #16]
   82df8:	a94153f3 	ldp	x19, x20, [sp, #16]
   82dfc:	a8c57bfd 	ldp	x29, x30, [sp], #80
   82e00:	d65f03c0 	ret
   82e04:	b0000083 	adrp	x3, 93000 <CExceptionHandler::Throw(unsigned int, TAbortFrame*)+0xc0>
   82e08:	528000f6 	mov	w22, #0x7                   	// #7
   82e0c:	913e0063 	add	x3, x3, #0xf80
   82e10:	528002b5 	mov	w21, #0x15                  	// #21
   82e14:	910fa061 	add	x1, x3, #0x3e8
   82e18:	17ffffdc 	b	82d88 <CMachineInfo::GetPCIeDMAMemory(unsigned int) const+0x64>
   82e1c:	f9404a60 	ldr	x0, [x19, #144]
   82e20:	110006c2 	add	w2, w22, #0x1
   82e24:	2a1603f5 	mov	w21, w22
   82e28:	940019e8 	bl	895c8 <CDeviceTreeBlob::GetPropertyValueWord(TDeviceTreeProperty const*, unsigned int) const>
   82e2c:	f9401fe1 	ldr	x1, [sp, #56]
   82e30:	2a0003f6 	mov	w22, w0
   82e34:	11000aa2 	add	w2, w21, #0x2
   82e38:	f9404a60 	ldr	x0, [x19, #144]
   82e3c:	940019e3 	bl	895c8 <CDeviceTreeBlob::GetPropertyValueWord(TDeviceTreeProperty const*, unsigned int) const>
   82e40:	2a0003e0 	mov	w0, w0
   82e44:	f9401fe1 	ldr	x1, [sp, #56]
   82e48:	11000ea2 	add	w2, w21, #0x3
   82e4c:	aa168003 	orr	x3, x0, x22, lsl #32
   82e50:	f9404a60 	ldr	x0, [x19, #144]
   82e54:	f90027e3 	str	x3, [sp, #72]
   82e58:	940019dc 	bl	895c8 <CDeviceTreeBlob::GetPropertyValueWord(TDeviceTreeProperty const*, unsigned int) const>
   82e5c:	f9401fe1 	ldr	x1, [sp, #56]
   82e60:	2a0003f6 	mov	w22, w0
   82e64:	110012a2 	add	w2, w21, #0x4
   82e68:	f9404a60 	ldr	x0, [x19, #144]
   82e6c:	940019d7 	bl	895c8 <CDeviceTreeBlob::GetPropertyValueWord(TDeviceTreeProperty const*, unsigned int) const>
   82e70:	2a0003e0 	mov	w0, w0
   82e74:	f9401fe1 	ldr	x1, [sp, #56]
   82e78:	110016a2 	add	w2, w21, #0x5
   82e7c:	aa168004 	orr	x4, x0, x22, lsl #32
   82e80:	f9404a60 	ldr	x0, [x19, #144]
   82e84:	f90023e4 	str	x4, [sp, #64]
   82e88:	940019d0 	bl	895c8 <CDeviceTreeBlob::GetPropertyValueWord(TDeviceTreeProperty const*, unsigned int) const>
   82e8c:	f9401fe1 	ldr	x1, [sp, #56]
   82e90:	2a0003f6 	mov	w22, w0
   82e94:	11001aa2 	add	w2, w21, #0x6
   82e98:	f9404a60 	ldr	x0, [x19, #144]
   82e9c:	940019cb 	bl	895c8 <CDeviceTreeBlob::GetPropertyValueWord(TDeviceTreeProperty const*, unsigned int) const>
   82ea0:	2a0003e0 	mov	w0, w0
   82ea4:	a9440fe4 	ldp	x4, x3, [sp, #64]
   82ea8:	aa168000 	orr	x0, x0, x22, lsl #32
   82eac:	a9425bf5 	ldp	x21, x22, [sp, #32]
   82eb0:	17ffffd0 	b	82df0 <CMachineInfo::GetPCIeDMAMemory(unsigned int) const+0xcc>
   82eb4:	b0000080 	adrp	x0, 93000 <CExceptionHandler::Throw(unsigned int, TAbortFrame*)+0xc0>
   82eb8:	52807642 	mov	w2, #0x3b2                 	// #946
   82ebc:	913e0000 	add	x0, x0, #0xf80
   82ec0:	9105a001 	add	x1, x0, #0x168
   82ec4:	91106000 	add	x0, x0, #0x418
   82ec8:	94001c56 	bl	8a020 <assertion_failed>

0000000000082ecc <CMachineInfo::Get()>:
   82ecc:	900000a0 	adrp	x0, 96000 <vtable for CDevice+0x4a8>
   82ed0:	f9455400 	ldr	x0, [x0, #2728]
   82ed4:	b4000040 	cbz	x0, 82edc <CMachineInfo::Get()+0x10>
   82ed8:	d65f03c0 	ret
   82edc:	b0000080 	adrp	x0, 93000 <CExceptionHandler::Throw(unsigned int, TAbortFrame*)+0xc0>
   82ee0:	a9bf7bfd 	stp	x29, x30, [sp, #-16]!
   82ee4:	52807c62 	mov	w2, #0x3e3                 	// #995
   82ee8:	913e0000 	add	x0, x0, #0xf80
   82eec:	910003fd 	mov	x29, sp
   82ef0:	9105a001 	add	x1, x0, #0x168
   82ef4:	91068000 	add	x0, x0, #0x1a0
   82ef8:	94001c4a 	bl	8a020 <assertion_failed>
   82efc:	00000000 	udf	#0

0000000000082f00 <CScreenDevice::Write(void const*, unsigned long)>:
   82f00:	f9405c00 	ldr	x0, [x0, #184]
   82f04:	f9400003 	ldr	x3, [x0]
   82f08:	f9400c63 	ldr	x3, [x3, #24]
   82f0c:	aa0303f0 	mov	x16, x3
   82f10:	d61f0200 	br	x16
   82f14:	d503201f 	nop
   82f18:	d503201f 	nop
   82f1c:	d503201f 	nop

0000000000082f20 <CScreenDevice::~CScreenDevice()>:
   82f20:	a9be7bfd 	stp	x29, x30, [sp, #-32]!
   82f24:	910003fd 	mov	x29, sp
   82f28:	f9000bf3 	str	x19, [sp, #16]
   82f2c:	aa0003f3 	mov	x19, x0
   82f30:	d0000080 	adrp	x0, 94000 <s_MachineName+0x80>
   82f34:	911b4000 	add	x0, x0, #0x6d0
   82f38:	f9000260 	str	x0, [x19]
   82f3c:	97fff829 	bl	80fe0 <CDeviceNameService::Get()>
   82f40:	b9409a62 	ldr	w2, [x19, #152]
   82f44:	d0000081 	adrp	x1, 94000 <s_MachineName+0x80>
   82f48:	52800003 	mov	w3, #0x0                   	// #0
   82f4c:	911c4021 	add	x1, x1, #0x710
   82f50:	11000442 	add	w2, w2, #0x1
   82f54:	97fff84d 	bl	81088 <CDeviceNameService::RemoveDevice(char const*, unsigned int, bool)>
   82f58:	f9405e60 	ldr	x0, [x19, #184]
   82f5c:	b4000080 	cbz	x0, 82f6c <CScreenDevice::~CScreenDevice()+0x4c>
   82f60:	f9400001 	ldr	x1, [x0]
   82f64:	f9400421 	ldr	x1, [x1, #8]
   82f68:	d63f0020 	blr	x1
   82f6c:	f9405a60 	ldr	x0, [x19, #176]
   82f70:	f9005e7f 	str	xzr, [x19, #184]
   82f74:	b4000080 	cbz	x0, 82f84 <CScreenDevice::~CScreenDevice()+0x64>
   82f78:	f9400001 	ldr	x1, [x0]
   82f7c:	f9400421 	ldr	x1, [x1, #8]
   82f80:	d63f0020 	blr	x1
   82f84:	aa1303e0 	mov	x0, x19
   82f88:	f9005a7f 	str	xzr, [x19, #176]
   82f8c:	f9400bf3 	ldr	x19, [sp, #16]
   82f90:	a8c27bfd 	ldp	x29, x30, [sp], #32
   82f94:	140020a3 	b	8b220 <CDevice::~CDevice()>
   82f98:	d503201f 	nop
   82f9c:	d503201f 	nop

0000000000082fa0 <CScreenDevice::~CScreenDevice()>:
   82fa0:	a9be7bfd 	stp	x29, x30, [sp, #-32]!
   82fa4:	910003fd 	mov	x29, sp
   82fa8:	f9000fe0 	str	x0, [sp, #24]
   82fac:	97ffffdd 	bl	82f20 <CScreenDevice::~CScreenDevice()>
   82fb0:	f9400fe0 	ldr	x0, [sp, #24]
   82fb4:	d2801801 	mov	x1, #0xc0                  	// #192
   82fb8:	a8c27bfd 	ldp	x29, x30, [sp], #32
   82fbc:	14000f4d 	b	86cf0 <operator delete(void*, unsigned long)>

0000000000082fc0 <CScreenDevice::CScreenDevice(unsigned int, unsigned int, TFont const&, CCharGenerator::TFontFlags, unsigned int)>:
   82fc0:	a9bc7bfd 	stp	x29, x30, [sp, #-64]!
   82fc4:	910003fd 	mov	x29, sp
   82fc8:	a90363f7 	stp	x23, x24, [sp, #48]
   82fcc:	2a0103f7 	mov	w23, w1
   82fd0:	d2800001 	mov	x1, #0x0                   	// #0
   82fd4:	2a0203f8 	mov	w24, w2
   82fd8:	a90153f3 	stp	x19, x20, [sp, #16]
   82fdc:	aa0003f3 	mov	x19, x0
   82fe0:	2a0403f4 	mov	w20, w4
   82fe4:	a9025bf5 	stp	x21, x22, [sp, #32]
   82fe8:	aa0303f5 	mov	x21, x3
   82fec:	2a0503f6 	mov	w22, w5
   82ff0:	94001ff8 	bl	8afd0 <CDevice::CDevice(CDevice*)>
   82ff4:	d0000080 	adrp	x0, 94000 <s_MachineName+0x80>
   82ff8:	29126277 	stp	w23, w24, [x19, #144]
   82ffc:	911b4000 	add	x0, x0, #0x6d0
   83000:	b9009a76 	str	w22, [x19, #152]
   83004:	f9005275 	str	x21, [x19, #160]
   83008:	f9000260 	str	x0, [x19]
   8300c:	3902a274 	strb	w20, [x19, #168]
   83010:	a90b7e7f 	stp	xzr, xzr, [x19, #176]
   83014:	a94153f3 	ldp	x19, x20, [sp, #16]
   83018:	a9425bf5 	ldp	x21, x22, [sp, #32]
   8301c:	a94363f7 	ldp	x23, x24, [sp, #48]
   83020:	a8c47bfd 	ldp	x29, x30, [sp], #64
   83024:	d65f03c0 	ret

0000000000083028 <CScreenDevice::Initialize()>:
   83028:	a9bd7bfd 	stp	x29, x30, [sp, #-48]!
   8302c:	910003fd 	mov	x29, sp
   83030:	a90153f3 	stp	x19, x20, [sp, #16]
   83034:	aa0003f3 	mov	x19, x0
   83038:	d2802a00 	mov	x0, #0x150                 	// #336
   8303c:	94000f0b 	bl	86c68 <operator new(unsigned long)>
   83040:	29520a61 	ldp	w1, w2, [x19, #144]
   83044:	aa0003f4 	mov	x20, x0
   83048:	52800007 	mov	w7, #0x0                   	// #0
   8304c:	52800005 	mov	w5, #0x0                   	// #0
   83050:	52800004 	mov	w4, #0x0                   	// #0
   83054:	b9409a66 	ldr	w6, [x19, #152]
   83058:	52800203 	mov	w3, #0x10                  	// #16
   8305c:	94001cd5 	bl	8a3b0 <CBcmFrameBuffer::CBcmFrameBuffer(unsigned int, unsigned int, unsigned int, unsigned int, unsigned int, unsigned int, bool)>
   83060:	aa1403e0 	mov	x0, x20
   83064:	f9005a74 	str	x20, [x19, #176]
   83068:	94001e1e 	bl	8a8e0 <CBcmFrameBuffer::Initialize()>
   8306c:	360000e0 	tbz	w0, #0, 83088 <CScreenDevice::Initialize()+0x60>
   83070:	f9405a60 	ldr	x0, [x19, #176]
   83074:	f9400001 	ldr	x1, [x0]
   83078:	f9401021 	ldr	x1, [x1, #32]
   8307c:	d63f0020 	blr	x1
   83080:	7100401f 	cmp	w0, #0x10
   83084:	540000c0 	b.eq	8309c <CScreenDevice::Initialize()+0x74>  // b.none
   83088:	52800014 	mov	w20, #0x0                   	// #0
   8308c:	2a1403e0 	mov	w0, w20
   83090:	a94153f3 	ldp	x19, x20, [sp, #16]
   83094:	a8c37bfd 	ldp	x29, x30, [sp], #48
   83098:	d65f03c0 	ret
   8309c:	d2802800 	mov	x0, #0x140                 	// #320
   830a0:	94000ef2 	bl	86c68 <operator new(unsigned long)>
   830a4:	b9409a62 	ldr	w2, [x19, #152]
   830a8:	aa0003f4 	mov	x20, x0
   830ac:	f9405263 	ldr	x3, [x19, #160]
   830b0:	f9405a61 	ldr	x1, [x19, #176]
   830b4:	11019042 	add	w2, w2, #0x64
   830b8:	3942a264 	ldrb	w4, [x19, #168]
   830bc:	94002983 	bl	8d6c8 <CTerminalDevice::CTerminalDevice(CDisplay*, unsigned int, TFont const&, CCharGenerator::TFontFlags)>
   830c0:	aa1403e0 	mov	x0, x20
   830c4:	f9005e74 	str	x20, [x19, #184]
   830c8:	94002e81 	bl	8eacc <CTerminalDevice::Initialize()>
   830cc:	12001c14 	and	w20, w0, #0xff
   830d0:	3607fdc0 	tbz	w0, #0, 83088 <CScreenDevice::Initialize()+0x60>
   830d4:	f90013f5 	str	x21, [sp, #32]
   830d8:	97fff7c2 	bl	80fe0 <CDeviceNameService::Get()>
   830dc:	b9409a62 	ldr	w2, [x19, #152]
   830e0:	b0000081 	adrp	x1, 94000 <s_MachineName+0x80>
   830e4:	52800003 	mov	w3, #0x0                   	// #0
   830e8:	911c4021 	add	x1, x1, #0x710
   830ec:	aa0103f5 	mov	x21, x1
   830f0:	11000442 	add	w2, w2, #0x1
   830f4:	97fff7ff 	bl	810f0 <CDeviceNameService::GetDevice(char const*, unsigned int, bool)>
   830f8:	b4000060 	cbz	x0, 83104 <CScreenDevice::Initialize()+0xdc>
   830fc:	f94013f5 	ldr	x21, [sp, #32]
   83100:	17ffffe3 	b	8308c <CScreenDevice::Initialize()+0x64>
   83104:	97fff7b7 	bl	80fe0 <CDeviceNameService::Get()>
   83108:	b9409a62 	ldr	w2, [x19, #152]
   8310c:	aa1503e1 	mov	x1, x21
   83110:	52800004 	mov	w4, #0x0                   	// #0
   83114:	aa1303e3 	mov	x3, x19
   83118:	11000442 	add	w2, w2, #0x1
   8311c:	97fff7bd 	bl	81010 <CDeviceNameService::AddDevice(char const*, unsigned int, CDevice*, bool)>
   83120:	f94013f5 	ldr	x21, [sp, #32]
   83124:	17ffffda 	b	8308c <CScreenDevice::Initialize()+0x64>

0000000000083128 <CScreenDevice::Resize(unsigned int, unsigned int)>:
   83128:	a9bd7bfd 	stp	x29, x30, [sp, #-48]!
   8312c:	910003fd 	mov	x29, sp
   83130:	a90153f3 	stp	x19, x20, [sp, #16]
   83134:	aa0003f3 	mov	x19, x0
   83138:	2a0103f4 	mov	w20, w1
   8313c:	f9405c00 	ldr	x0, [x0, #184]
   83140:	f90013f5 	str	x21, [sp, #32]
   83144:	2a0203f5 	mov	w21, w2
   83148:	b4000080 	cbz	x0, 83158 <CScreenDevice::Resize(unsigned int, unsigned int)+0x30>
   8314c:	f9400001 	ldr	x1, [x0]
   83150:	f9400421 	ldr	x1, [x1, #8]
   83154:	d63f0020 	blr	x1
   83158:	f9405a60 	ldr	x0, [x19, #176]
   8315c:	f9005e7f 	str	xzr, [x19, #184]
   83160:	b4000080 	cbz	x0, 83170 <CScreenDevice::Resize(unsigned int, unsigned int)+0x48>
   83164:	f9400001 	ldr	x1, [x0]
   83168:	f9400421 	ldr	x1, [x1, #8]
   8316c:	d63f0020 	blr	x1
   83170:	aa1303e0 	mov	x0, x19
   83174:	29125674 	stp	w20, w21, [x19, #144]
   83178:	f94013f5 	ldr	x21, [sp, #32]
   8317c:	f9005a7f 	str	xzr, [x19, #176]
   83180:	a94153f3 	ldp	x19, x20, [sp, #16]
   83184:	a8c37bfd 	ldp	x29, x30, [sp], #48
   83188:	17ffffa8 	b	83028 <CScreenDevice::Initialize()>

000000000008318c <CScreenDevice::GetWidth() const>:
   8318c:	f9405c00 	ldr	x0, [x0, #184]
   83190:	14002975 	b	8d764 <CTerminalDevice::GetWidth() const>
   83194:	d503201f 	nop
   83198:	d503201f 	nop
   8319c:	d503201f 	nop

00000000000831a0 <CScreenDevice::GetHeight() const>:
   831a0:	f9405c00 	ldr	x0, [x0, #184]
   831a4:	14002972 	b	8d76c <CTerminalDevice::GetHeight() const>

00000000000831a8 <CScreenDevice::GetColumns() const>:
   831a8:	f9405c00 	ldr	x0, [x0, #184]
   831ac:	14002975 	b	8d780 <CTerminalDevice::GetColumns() const>

00000000000831b0 <CScreenDevice::GetRows() const>:
   831b0:	f9405c00 	ldr	x0, [x0, #184]
   831b4:	14002977 	b	8d790 <CTerminalDevice::GetRows() const>
   831b8:	d503201f 	nop
   831bc:	d503201f 	nop

00000000000831c0 <CScreenDevice::GetFrameBuffer()>:
   831c0:	f9405800 	ldr	x0, [x0, #176]
   831c4:	d65f03c0 	ret

00000000000831c8 <CScreenDevice::SetPixel(unsigned int, unsigned int, unsigned short)>:
   831c8:	f9405c00 	ldr	x0, [x0, #184]
   831cc:	12003c63 	and	w3, w3, #0xffff
   831d0:	140029b0 	b	8d890 <CTerminalDevice::SetPixel(unsigned int, unsigned int, unsigned int)>
   831d4:	d503201f 	nop
   831d8:	d503201f 	nop
   831dc:	d503201f 	nop

00000000000831e0 <CScreenDevice::GetPixel(unsigned int, unsigned int)>:
   831e0:	f9405c00 	ldr	x0, [x0, #184]
   831e4:	f9406803 	ldr	x3, [x0, #208]
   831e8:	b940e004 	ldr	w4, [x0, #224]
   831ec:	b940f000 	ldr	w0, [x0, #240]
   831f0:	7100401f 	cmp	w0, #0x10
   831f4:	54000200 	b.eq	83234 <CScreenDevice::GetPixel(unsigned int, unsigned int)+0x54>  // b.none
   831f8:	54000108 	b.hi	83218 <CScreenDevice::GetPixel(unsigned int, unsigned int)+0x38>  // b.pmore
   831fc:	7100041f 	cmp	w0, #0x1
   83200:	54000200 	b.eq	83240 <CScreenDevice::GetPixel(unsigned int, unsigned int)+0x60>  // b.none
   83204:	7100201f 	cmp	w0, #0x8
   83208:	54000121 	b.ne	8322c <CScreenDevice::GetPixel(unsigned int, unsigned int)+0x4c>  // b.any
   8320c:	1b040442 	madd	w2, w2, w4, w1
   83210:	38624860 	ldrb	w0, [x3, w2, uxtw]
   83214:	d65f03c0 	ret
   83218:	7100801f 	cmp	w0, #0x20
   8321c:	54000081 	b.ne	8322c <CScreenDevice::GetPixel(unsigned int, unsigned int)+0x4c>  // b.any
   83220:	1b040442 	madd	w2, w2, w4, w1
   83224:	b8627860 	ldr	w0, [x3, x2, lsl #2]
   83228:	d65f03c0 	ret
   8322c:	52800000 	mov	w0, #0x0                   	// #0
   83230:	d65f03c0 	ret
   83234:	1b040442 	madd	w2, w2, w4, w1
   83238:	78627860 	ldrh	w0, [x3, x2, lsl #1]
   8323c:	d65f03c0 	ret
   83240:	1b040442 	madd	w2, w2, w4, w1
   83244:	52801000 	mov	w0, #0x80                  	// #128
   83248:	12000821 	and	w1, w1, #0x7
   8324c:	1ac12800 	asr	w0, w0, w1
   83250:	53037c42 	lsr	w2, w2, #3
   83254:	38624861 	ldrb	w1, [x3, w2, uxtw]
   83258:	0a010000 	and	w0, w0, w1
   8325c:	72001c1f 	tst	w0, #0xff
   83260:	1a9f07e0 	cset	w0, ne	// ne = any
   83264:	d65f03c0 	ret

0000000000083268 <CScreenDevice::Rotor(unsigned int, unsigned int)>:
   83268:	a9bc7bfd 	stp	x29, x30, [sp, #-64]!
   8326c:	910003fd 	mov	x29, sp
   83270:	a90153f3 	stp	x19, x20, [sp, #16]
   83274:	531d0433 	ubfiz	w19, w1, #3, #2
   83278:	a9025bf5 	stp	x21, x22, [sp, #32]
   8327c:	12000455 	and	w21, w2, #0x3
   83280:	2a0203f6 	mov	w22, w2
   83284:	d37f06d6 	ubfiz	x22, x22, #1, #2
   83288:	f9001bf7 	str	x23, [sp, #48]
   8328c:	aa0003f7 	mov	x23, x0
   83290:	f9405c00 	ldr	x0, [x0, #184]
   83294:	94002934 	bl	8d764 <CTerminalDevice::GetWidth() const>
   83298:	4b130000 	sub	w0, w0, w19
   8329c:	b0000093 	adrp	x19, 94000 <s_MachineName+0x80>
   832a0:	911c4273 	add	x19, x19, #0x710
   832a4:	51001814 	sub	w20, w0, #0x6
   832a8:	91002273 	add	x19, x19, #0x8
   832ac:	52800003 	mov	w3, #0x0                   	// #0
   832b0:	8b160260 	add	x0, x19, x22
   832b4:	38766a61 	ldrb	w1, [x19, x22]
   832b8:	39400402 	ldrb	w2, [x0, #1]
   832bc:	f9405ee0 	ldr	x0, [x23, #184]
   832c0:	0b140021 	add	w1, w1, w20
   832c4:	11000842 	add	w2, w2, #0x2
   832c8:	94002972 	bl	8d890 <CTerminalDevice::SetPixel(unsigned int, unsigned int, unsigned int)>
   832cc:	110006a0 	add	w0, w21, #0x1
   832d0:	529f5143 	mov	w3, #0xfa8a                	// #64138
   832d4:	a9425bf5 	ldp	x21, x22, [sp, #32]
   832d8:	d37f0400 	ubfiz	x0, x0, #1, #2
   832dc:	8b000261 	add	x1, x19, x0
   832e0:	39400422 	ldrb	w2, [x1, #1]
   832e4:	38606a61 	ldrb	w1, [x19, x0]
   832e8:	f9405ee0 	ldr	x0, [x23, #184]
   832ec:	11000842 	add	w2, w2, #0x2
   832f0:	f9401bf7 	ldr	x23, [sp, #48]
   832f4:	0b140021 	add	w1, w1, w20
   832f8:	a94153f3 	ldp	x19, x20, [sp, #16]
   832fc:	a8c47bfd 	ldp	x29, x30, [sp], #64
   83300:	14002964 	b	8d890 <CTerminalDevice::SetPixel(unsigned int, unsigned int, unsigned int)>

0000000000083304 <CScreenDevice::SetCursorBlock(bool)>:
   83304:	f9405c00 	ldr	x0, [x0, #184]
   83308:	140029b8 	b	8d9e8 <CTerminalDevice::SetCursorBlock(bool)>

000000000008330c <CScreenDevice::Update(unsigned int)>:
   8330c:	f9405c00 	ldr	x0, [x0, #184]
   83310:	140029b8 	b	8d9f0 <CTerminalDevice::Update(unsigned int)>
	...

0000000000083320 <CString::~CString()>:
   83320:	f9400400 	ldr	x0, [x0, #8]
   83324:	b4000040 	cbz	x0, 8332c <CString::~CString()+0xc>
   83328:	14000e68 	b	86cc8 <operator delete[](void*)>
   8332c:	d65f03c0 	ret

0000000000083330 <CString::~CString()>:
   83330:	aa0003e2 	mov	x2, x0
   83334:	f9400400 	ldr	x0, [x0, #8]
   83338:	b4000140 	cbz	x0, 83360 <CString::~CString()+0x30>
   8333c:	a9be7bfd 	stp	x29, x30, [sp, #-32]!
   83340:	910003fd 	mov	x29, sp
   83344:	f9000fe2 	str	x2, [sp, #24]
   83348:	94000e60 	bl	86cc8 <operator delete[](void*)>
   8334c:	f9400fe2 	ldr	x2, [sp, #24]
   83350:	d2800401 	mov	x1, #0x20                  	// #32
   83354:	a8c27bfd 	ldp	x29, x30, [sp], #32
   83358:	aa0203e0 	mov	x0, x2
   8335c:	14000e65 	b	86cf0 <operator delete(void*, unsigned long)>
   83360:	d2800401 	mov	x1, #0x20                  	// #32
   83364:	aa0203e0 	mov	x0, x2
   83368:	14000e62 	b	86cf0 <operator delete(void*, unsigned long)>

000000000008336c <CString::ReserveSpace(unsigned long) [clone .part.0]>:
   8336c:	a9bc7bfd 	stp	x29, x30, [sp, #-64]!
   83370:	910003fd 	mov	x29, sp
   83374:	a90153f3 	stp	x19, x20, [sp, #16]
   83378:	aa0003f3 	mov	x19, x0
   8337c:	f9400402 	ldr	x2, [x0, #8]
   83380:	f9400c04 	ldr	x4, [x0, #24]
   83384:	b9401000 	ldr	w0, [x0, #16]
   83388:	cb020082 	sub	x2, x4, x2
   8338c:	8b010041 	add	x1, x2, x1
   83390:	91000423 	add	x3, x1, #0x1
   83394:	eb00007f 	cmp	x3, x0
   83398:	54000088 	b.hi	833a8 <CString::ReserveSpace(unsigned long) [clone .part.0]+0x3c>  // b.pmore
   8339c:	a94153f3 	ldp	x19, x20, [sp, #16]
   833a0:	a8c47bfd 	ldp	x29, x30, [sp], #64
   833a4:	d65f03c0 	ret
   833a8:	91010420 	add	x0, x1, #0x41
   833ac:	f90013f5 	str	x21, [sp, #32]
   833b0:	aa0003f5 	mov	x21, x0
   833b4:	a90313e2 	stp	x2, x4, [sp, #48]
   833b8:	94000e32 	bl	86c80 <operator new[](unsigned long)>
   833bc:	f9401fe4 	ldr	x4, [sp, #56]
   833c0:	aa0003f4 	mov	x20, x0
   833c4:	3900009f 	strb	wzr, [x4]
   833c8:	f9400661 	ldr	x1, [x19, #8]
   833cc:	94000c4f 	bl	86508 <strcpy>
   833d0:	f9400660 	ldr	x0, [x19, #8]
   833d4:	f9401be2 	ldr	x2, [sp, #48]
   833d8:	b4000060 	cbz	x0, 833e4 <CString::ReserveSpace(unsigned long) [clone .part.0]+0x78>
   833dc:	94000e3b 	bl	86cc8 <operator delete[](void*)>
   833e0:	f9401be2 	ldr	x2, [sp, #48]
   833e4:	2a1503e0 	mov	w0, w21
   833e8:	8b020283 	add	x3, x20, x2
   833ec:	f94013f5 	ldr	x21, [sp, #32]
   833f0:	f9000674 	str	x20, [x19, #8]
   833f4:	b9001260 	str	w0, [x19, #16]
   833f8:	f9000e63 	str	x3, [x19, #24]
   833fc:	a94153f3 	ldp	x19, x20, [sp, #16]
   83400:	a8c47bfd 	ldp	x29, x30, [sp], #64
   83404:	d65f03c0 	ret

0000000000083408 <CString::CString()>:
   83408:	b0000081 	adrp	x1, 94000 <s_MachineName+0x80>
   8340c:	b900101f 	str	wzr, [x0, #16]
   83410:	911cc021 	add	x1, x1, #0x730
   83414:	a9007c01 	stp	x1, xzr, [x0]
   83418:	d65f03c0 	ret
   8341c:	d503201f 	nop

0000000000083420 <CString::CString(char const*)>:
   83420:	a9bd7bfd 	stp	x29, x30, [sp, #-48]!
   83424:	910003fd 	mov	x29, sp
   83428:	f9000bf3 	str	x19, [sp, #16]
   8342c:	aa0003f3 	mov	x19, x0
   83430:	b0000080 	adrp	x0, 94000 <s_MachineName+0x80>
   83434:	911cc000 	add	x0, x0, #0x730
   83438:	f90017e1 	str	x1, [sp, #40]
   8343c:	f9000260 	str	x0, [x19]
   83440:	aa0103e0 	mov	x0, x1
   83444:	94000b9a 	bl	862ac <strlen>
   83448:	11000400 	add	w0, w0, #0x1
   8344c:	b9001260 	str	w0, [x19, #16]
   83450:	94000e0c 	bl	86c80 <operator new[](unsigned long)>
   83454:	f9000660 	str	x0, [x19, #8]
   83458:	f9400bf3 	ldr	x19, [sp, #16]
   8345c:	f94017e1 	ldr	x1, [sp, #40]
   83460:	a8c37bfd 	ldp	x29, x30, [sp], #48
   83464:	14000c29 	b	86508 <strcpy>

0000000000083468 <CString::CString(CString const&)>:
   83468:	a9bd7bfd 	stp	x29, x30, [sp, #-48]!
   8346c:	910003fd 	mov	x29, sp
   83470:	a90153f3 	stp	x19, x20, [sp, #16]
   83474:	aa0003f3 	mov	x19, x0
   83478:	b0000080 	adrp	x0, 94000 <s_MachineName+0x80>
   8347c:	911cc000 	add	x0, x0, #0x730
   83480:	90000094 	adrp	x20, 93000 <CExceptionHandler::Throw(unsigned int, TAbortFrame*)+0xc0>
   83484:	91262294 	add	x20, x20, #0x988
   83488:	f9000260 	str	x0, [x19]
   8348c:	f9400420 	ldr	x0, [x1, #8]
   83490:	f90017e1 	str	x1, [sp, #40]
   83494:	f100001f 	cmp	x0, #0x0
   83498:	9a800280 	csel	x0, x20, x0, eq	// eq = none
   8349c:	94000b84 	bl	862ac <strlen>
   834a0:	11000400 	add	w0, w0, #0x1
   834a4:	b9001260 	str	w0, [x19, #16]
   834a8:	94000df6 	bl	86c80 <operator new[](unsigned long)>
   834ac:	f94017e1 	ldr	x1, [sp, #40]
   834b0:	f9000660 	str	x0, [x19, #8]
   834b4:	f9400421 	ldr	x1, [x1, #8]
   834b8:	f100003f 	cmp	x1, #0x0
   834bc:	9a810281 	csel	x1, x20, x1, eq	// eq = none
   834c0:	a94153f3 	ldp	x19, x20, [sp, #16]
   834c4:	a8c37bfd 	ldp	x29, x30, [sp], #48
   834c8:	14000c10 	b	86508 <strcpy>

00000000000834cc <CString::CString(CString&&)>:
   834cc:	b9401022 	ldr	w2, [x1, #16]
   834d0:	f9400423 	ldr	x3, [x1, #8]
   834d4:	b9001002 	str	w2, [x0, #16]
   834d8:	b0000082 	adrp	x2, 94000 <s_MachineName+0x80>
   834dc:	911cc042 	add	x2, x2, #0x730
   834e0:	a9000c02 	stp	x2, x3, [x0]
   834e4:	f900043f 	str	xzr, [x1, #8]
   834e8:	b900103f 	str	wzr, [x1, #16]
   834ec:	d65f03c0 	ret

00000000000834f0 <CString::operator char const*() const>:
   834f0:	f9400401 	ldr	x1, [x0, #8]
   834f4:	90000080 	adrp	x0, 93000 <CExceptionHandler::Throw(unsigned int, TAbortFrame*)+0xc0>
   834f8:	91262000 	add	x0, x0, #0x988
   834fc:	f100003f 	cmp	x1, #0x0
   83500:	9a810000 	csel	x0, x0, x1, eq	// eq = none
   83504:	d65f03c0 	ret

0000000000083508 <CString::operator=(char const*)>:
   83508:	a9be7bfd 	stp	x29, x30, [sp, #-32]!
   8350c:	910003fd 	mov	x29, sp
   83510:	a90153f3 	stp	x19, x20, [sp, #16]
   83514:	aa0003f3 	mov	x19, x0
   83518:	aa0103f4 	mov	x20, x1
   8351c:	f9400400 	ldr	x0, [x0, #8]
   83520:	b4000040 	cbz	x0, 83528 <CString::operator=(char const*)+0x20>
   83524:	94000de9 	bl	86cc8 <operator delete[](void*)>
   83528:	aa1403e0 	mov	x0, x20
   8352c:	94000b60 	bl	862ac <strlen>
   83530:	11000400 	add	w0, w0, #0x1
   83534:	b9001260 	str	w0, [x19, #16]
   83538:	94000dd2 	bl	86c80 <operator new[](unsigned long)>
   8353c:	aa1403e1 	mov	x1, x20
   83540:	f9000660 	str	x0, [x19, #8]
   83544:	94000bf1 	bl	86508 <strcpy>
   83548:	f9400660 	ldr	x0, [x19, #8]
   8354c:	a94153f3 	ldp	x19, x20, [sp, #16]
   83550:	a8c27bfd 	ldp	x29, x30, [sp], #32
   83554:	d65f03c0 	ret
   83558:	d503201f 	nop
   8355c:	d503201f 	nop

0000000000083560 <CString::operator=(CString const&)>:
   83560:	a9bd7bfd 	stp	x29, x30, [sp, #-48]!
   83564:	910003fd 	mov	x29, sp
   83568:	a90153f3 	stp	x19, x20, [sp, #16]
   8356c:	aa0003f3 	mov	x19, x0
   83570:	f9400400 	ldr	x0, [x0, #8]
   83574:	f90013f5 	str	x21, [sp, #32]
   83578:	aa0103f5 	mov	x21, x1
   8357c:	b4000040 	cbz	x0, 83584 <CString::operator=(CString const&)+0x24>
   83580:	94000dd2 	bl	86cc8 <operator delete[](void*)>
   83584:	f94006a0 	ldr	x0, [x21, #8]
   83588:	90000094 	adrp	x20, 93000 <CExceptionHandler::Throw(unsigned int, TAbortFrame*)+0xc0>
   8358c:	91262294 	add	x20, x20, #0x988
   83590:	f100001f 	cmp	x0, #0x0
   83594:	9a800280 	csel	x0, x20, x0, eq	// eq = none
   83598:	94000b45 	bl	862ac <strlen>
   8359c:	11000400 	add	w0, w0, #0x1
   835a0:	b9001260 	str	w0, [x19, #16]
   835a4:	94000db7 	bl	86c80 <operator new[](unsigned long)>
   835a8:	f9000660 	str	x0, [x19, #8]
   835ac:	f94006a1 	ldr	x1, [x21, #8]
   835b0:	f100003f 	cmp	x1, #0x0
   835b4:	9a810281 	csel	x1, x20, x1, eq	// eq = none
   835b8:	94000bd4 	bl	86508 <strcpy>
   835bc:	f94013f5 	ldr	x21, [sp, #32]
   835c0:	aa1303e0 	mov	x0, x19
   835c4:	a94153f3 	ldp	x19, x20, [sp, #16]
   835c8:	a8c37bfd 	ldp	x29, x30, [sp], #48
   835cc:	d65f03c0 	ret

00000000000835d0 <CString::operator=(CString&&)>:
   835d0:	aa0003e2 	mov	x2, x0
   835d4:	f9400400 	ldr	x0, [x0, #8]
   835d8:	b40001e0 	cbz	x0, 83614 <CString::operator=(CString&&)+0x44>
   835dc:	a9be7bfd 	stp	x29, x30, [sp, #-32]!
   835e0:	910003fd 	mov	x29, sp
   835e4:	a90107e2 	stp	x2, x1, [sp, #16]
   835e8:	94000db8 	bl	86cc8 <operator delete[](void*)>
   835ec:	a94107e2 	ldp	x2, x1, [sp, #16]
   835f0:	b9401020 	ldr	w0, [x1, #16]
   835f4:	b9001040 	str	w0, [x2, #16]
   835f8:	f9400420 	ldr	x0, [x1, #8]
   835fc:	f9000440 	str	x0, [x2, #8]
   83600:	aa0203e0 	mov	x0, x2
   83604:	f900043f 	str	xzr, [x1, #8]
   83608:	b900103f 	str	wzr, [x1, #16]
   8360c:	a8c27bfd 	ldp	x29, x30, [sp], #32
   83610:	d65f03c0 	ret
   83614:	b9401020 	ldr	w0, [x1, #16]
   83618:	b9001040 	str	w0, [x2, #16]
   8361c:	f9400420 	ldr	x0, [x1, #8]
   83620:	f9000440 	str	x0, [x2, #8]
   83624:	aa0203e0 	mov	x0, x2
   83628:	f900043f 	str	xzr, [x1, #8]
   8362c:	b900103f 	str	wzr, [x1, #16]
   83630:	d65f03c0 	ret
   83634:	d503201f 	nop
   83638:	d503201f 	nop
   8363c:	d503201f 	nop

0000000000083640 <CString::c_str() const>:
   83640:	f9400401 	ldr	x1, [x0, #8]
   83644:	90000080 	adrp	x0, 93000 <CExceptionHandler::Throw(unsigned int, TAbortFrame*)+0xc0>
   83648:	91262000 	add	x0, x0, #0x988
   8364c:	f100003f 	cmp	x1, #0x0
   83650:	9a810000 	csel	x0, x0, x1, eq	// eq = none
   83654:	d65f03c0 	ret
   83658:	d503201f 	nop
   8365c:	d503201f 	nop

0000000000083660 <CString::GetLength() const>:
   83660:	f9400400 	ldr	x0, [x0, #8]
   83664:	b4000040 	cbz	x0, 8366c <CString::GetLength() const+0xc>
   83668:	14000b11 	b	862ac <strlen>
   8366c:	d65f03c0 	ret

0000000000083670 <CString::Append(char const*)>:
   83670:	a9bd7bfd 	stp	x29, x30, [sp, #-48]!
   83674:	910003fd 	mov	x29, sp
   83678:	a90153f3 	stp	x19, x20, [sp, #16]
   8367c:	aa0003f3 	mov	x19, x0
   83680:	52800020 	mov	w0, #0x1                   	// #1
   83684:	f90013f5 	str	x21, [sp, #32]
   83688:	aa0103f5 	mov	x21, x1
   8368c:	b9001260 	str	w0, [x19, #16]
   83690:	f9400660 	ldr	x0, [x19, #8]
   83694:	b40000a0 	cbz	x0, 836a8 <CString::Append(char const*)+0x38>
   83698:	94000b05 	bl	862ac <strlen>
   8369c:	b9401261 	ldr	w1, [x19, #16]
   836a0:	0b000021 	add	w1, w1, w0
   836a4:	b9001261 	str	w1, [x19, #16]
   836a8:	aa1503e0 	mov	x0, x21
   836ac:	94000b00 	bl	862ac <strlen>
   836b0:	b9401261 	ldr	w1, [x19, #16]
   836b4:	0b000020 	add	w0, w1, w0
   836b8:	b9001260 	str	w0, [x19, #16]
   836bc:	94000d71 	bl	86c80 <operator new[](unsigned long)>
   836c0:	f9400661 	ldr	x1, [x19, #8]
   836c4:	aa0003f4 	mov	x20, x0
   836c8:	b40001a1 	cbz	x1, 836fc <CString::Append(char const*)+0x8c>
   836cc:	94000b8f 	bl	86508 <strcpy>
   836d0:	f9400660 	ldr	x0, [x19, #8]
   836d4:	b4000040 	cbz	x0, 836dc <CString::Append(char const*)+0x6c>
   836d8:	94000d7c 	bl	86cc8 <operator delete[](void*)>
   836dc:	aa1503e1 	mov	x1, x21
   836e0:	aa1403e0 	mov	x0, x20
   836e4:	94000ba2 	bl	8656c <strcat>
   836e8:	f94013f5 	ldr	x21, [sp, #32]
   836ec:	f9000674 	str	x20, [x19, #8]
   836f0:	a94153f3 	ldp	x19, x20, [sp, #16]
   836f4:	a8c37bfd 	ldp	x29, x30, [sp], #48
   836f8:	d65f03c0 	ret
   836fc:	aa1503e1 	mov	x1, x21
   83700:	3900001f 	strb	wzr, [x0]
   83704:	aa1403e0 	mov	x0, x20
   83708:	94000b99 	bl	8656c <strcat>
   8370c:	f94013f5 	ldr	x21, [sp, #32]
   83710:	f9000674 	str	x20, [x19, #8]
   83714:	a94153f3 	ldp	x19, x20, [sp, #16]
   83718:	a8c37bfd 	ldp	x29, x30, [sp], #48
   8371c:	d65f03c0 	ret

0000000000083720 <CString::operator+=(char const*)>:
   83720:	a9be7bfd 	stp	x29, x30, [sp, #-32]!
   83724:	910003fd 	mov	x29, sp
   83728:	f9000fe0 	str	x0, [sp, #24]
   8372c:	97ffffd1 	bl	83670 <CString::Append(char const*)>
   83730:	f9400fe0 	ldr	x0, [sp, #24]
   83734:	a8c27bfd 	ldp	x29, x30, [sp], #32
   83738:	d65f03c0 	ret
   8373c:	d503201f 	nop

0000000000083740 <CString::operator+=(CString const&)>:
   83740:	a9be7bfd 	stp	x29, x30, [sp, #-32]!
   83744:	910003fd 	mov	x29, sp
   83748:	f9400422 	ldr	x2, [x1, #8]
   8374c:	90000081 	adrp	x1, 93000 <CExceptionHandler::Throw(unsigned int, TAbortFrame*)+0xc0>
   83750:	91262021 	add	x1, x1, #0x988
   83754:	f9000fe0 	str	x0, [sp, #24]
   83758:	f100005f 	cmp	x2, #0x0
   8375c:	9a820021 	csel	x1, x1, x2, eq	// eq = none
   83760:	97ffffc4 	bl	83670 <CString::Append(char const*)>
   83764:	f9400fe0 	ldr	x0, [sp, #24]
   83768:	a8c27bfd 	ldp	x29, x30, [sp], #32
   8376c:	d65f03c0 	ret

0000000000083770 <CString::Append(char)>:
   83770:	a9be7bfd 	stp	x29, x30, [sp, #-32]!
   83774:	910003fd 	mov	x29, sp
   83778:	390063e1 	strb	w1, [sp, #24]
   8377c:	910063e1 	add	x1, sp, #0x18
   83780:	390067ff 	strb	wzr, [sp, #25]
   83784:	97ffffbb 	bl	83670 <CString::Append(char const*)>
   83788:	a8c27bfd 	ldp	x29, x30, [sp], #32
   8378c:	d65f03c0 	ret

0000000000083790 <CString::operator+=(char)>:
   83790:	a9bd7bfd 	stp	x29, x30, [sp, #-48]!
   83794:	910003fd 	mov	x29, sp
   83798:	3900a3e1 	strb	w1, [sp, #40]
   8379c:	9100a3e1 	add	x1, sp, #0x28
   837a0:	f9000fe0 	str	x0, [sp, #24]
   837a4:	3900a7ff 	strb	wzr, [sp, #41]
   837a8:	97ffffb2 	bl	83670 <CString::Append(char const*)>
   837ac:	f9400fe0 	ldr	x0, [sp, #24]
   837b0:	a8c37bfd 	ldp	x29, x30, [sp], #48
   837b4:	d65f03c0 	ret
   837b8:	d503201f 	nop
   837bc:	d503201f 	nop

00000000000837c0 <CString::Compare(char const*) const>:
   837c0:	f9400400 	ldr	x0, [x0, #8]
   837c4:	b4000040 	cbz	x0, 837cc <CString::Compare(char const*) const+0xc>
   837c8:	14000ad1 	b	8630c <strcmp>
   837cc:	39c00020 	ldrsb	w0, [x1]
   837d0:	7100001f 	cmp	w0, #0x0
   837d4:	1a9f17e0 	cset	w0, eq	// eq = none
   837d8:	d65f03c0 	ret
   837dc:	d503201f 	nop

00000000000837e0 <CString::Find(char) const>:
   837e0:	f9400403 	ldr	x3, [x0, #8]
   837e4:	13001c21 	sxtb	w1, w1
   837e8:	b4000163 	cbz	x3, 83814 <CString::Find(char) const+0x34>
   837ec:	39c00062 	ldrsb	w2, [x3]
   837f0:	34000122 	cbz	w2, 83814 <CString::Find(char) const+0x34>
   837f4:	d2800000 	mov	x0, #0x0                   	// #0
   837f8:	14000004 	b	83808 <CString::Find(char) const+0x28>
   837fc:	91000400 	add	x0, x0, #0x1
   83800:	38e06862 	ldrsb	w2, [x3, x0]
   83804:	34000082 	cbz	w2, 83814 <CString::Find(char) const+0x34>
   83808:	6b02003f 	cmp	w1, w2
   8380c:	54ffff81 	b.ne	837fc <CString::Find(char) const+0x1c>  // b.any
   83810:	d65f03c0 	ret
   83814:	12800000 	mov	w0, #0xffffffff            	// #-1
   83818:	d65f03c0 	ret
   8381c:	d503201f 	nop

0000000000083820 <CString::TrimRight(char const*)>:
   83820:	f9400402 	ldr	x2, [x0, #8]
   83824:	b40003e2 	cbz	x2, 838a0 <CString::TrimRight(char const*)+0x80>
   83828:	a9bd7bfd 	stp	x29, x30, [sp, #-48]!
   8382c:	910003fd 	mov	x29, sp
   83830:	a90153f3 	stp	x19, x20, [sp, #16]
   83834:	aa0003f4 	mov	x20, x0
   83838:	aa0203e0 	mov	x0, x2
   8383c:	a9025bf5 	stp	x21, x22, [sp, #32]
   83840:	aa0103f6 	mov	x22, x1
   83844:	94000a9a 	bl	862ac <strlen>
   83848:	7100001f 	cmp	w0, #0x0
   8384c:	5400022d 	b.le	83890 <CString::TrimRight(char const*)+0x70>
   83850:	93407c15 	sxtw	x21, w0
   83854:	51000400 	sub	w0, w0, #0x1
   83858:	d10006b3 	sub	x19, x21, #0x1
   8385c:	d1000ab5 	sub	x21, x21, #0x2
   83860:	cb0002b5 	sub	x21, x21, x0
   83864:	14000006 	b	8387c <CString::TrimRight(char const*)+0x5c>
   83868:	f9400682 	ldr	x2, [x20, #8]
   8386c:	3833685f 	strb	wzr, [x2, x19]
   83870:	d1000673 	sub	x19, x19, #0x1
   83874:	eb15027f 	cmp	x19, x21
   83878:	540000c0 	b.eq	83890 <CString::TrimRight(char const*)+0x70>  // b.none
   8387c:	f9400682 	ldr	x2, [x20, #8]
   83880:	aa1603e0 	mov	x0, x22
   83884:	38f36841 	ldrsb	w1, [x2, x19]
   83888:	94000b60 	bl	86608 <strchr>
   8388c:	b5fffee0 	cbnz	x0, 83868 <CString::TrimRight(char const*)+0x48>
   83890:	a94153f3 	ldp	x19, x20, [sp, #16]
   83894:	a9425bf5 	ldp	x21, x22, [sp, #32]
   83898:	a8c37bfd 	ldp	x29, x30, [sp], #48
   8389c:	d65f03c0 	ret
   838a0:	d65f03c0 	ret

00000000000838a4 <CString::Replace(char const*, char const*)>:
   838a4:	a9bb7bfd 	stp	x29, x30, [sp, #-80]!
   838a8:	910003fd 	mov	x29, sp
   838ac:	a9025bf5 	stp	x21, x22, [sp, #32]
   838b0:	aa0003f5 	mov	x21, x0
   838b4:	a90363f7 	stp	x23, x24, [sp, #48]
   838b8:	52800017 	mov	w23, #0x0                   	// #0
   838bc:	39c00020 	ldrsb	w0, [x1]
   838c0:	34000ae0 	cbz	w0, 83a1c <CString::Replace(char const*, char const*)+0x178>
   838c4:	a90153f3 	stp	x19, x20, [sp, #16]
   838c8:	90000080 	adrp	x0, 93000 <CExceptionHandler::Throw(unsigned int, TAbortFrame*)+0xc0>
   838cc:	aa0203f8 	mov	x24, x2
   838d0:	91262000 	add	x0, x0, #0x988
   838d4:	aa0103f6 	mov	x22, x1
   838d8:	a9046bf9 	stp	x25, x26, [sp, #64]
   838dc:	f94006b3 	ldr	x19, [x21, #8]
   838e0:	f100027f 	cmp	x19, #0x0
   838e4:	9a930013 	csel	x19, x0, x19, eq	// eq = none
   838e8:	aa1303e0 	mov	x0, x19
   838ec:	94000a70 	bl	862ac <strlen>
   838f0:	11000400 	add	w0, w0, #0x1
   838f4:	94000ce3 	bl	86c80 <operator new[](unsigned long)>
   838f8:	aa1303e1 	mov	x1, x19
   838fc:	aa0003fa 	mov	x26, x0
   83900:	94000b02 	bl	86508 <strcpy>
   83904:	f94006a0 	ldr	x0, [x21, #8]
   83908:	b4000040 	cbz	x0, 83910 <CString::Replace(char const*, char const*)+0x6c>
   8390c:	94000cef 	bl	86cc8 <operator delete[](void*)>
   83910:	52800800 	mov	w0, #0x40                  	// #64
   83914:	aa1a03f4 	mov	x20, x26
   83918:	52800017 	mov	w23, #0x0                   	// #0
   8391c:	b90012a0 	str	w0, [x21, #16]
   83920:	d2800800 	mov	x0, #0x40                  	// #64
   83924:	94000cd7 	bl	86c80 <operator new[](unsigned long)>
   83928:	f90006a0 	str	x0, [x21, #8]
   8392c:	f9000ea0 	str	x0, [x21, #24]
   83930:	39c002c1 	ldrsb	w1, [x22]
   83934:	aa1403e0 	mov	x0, x20
   83938:	94000b34 	bl	86608 <strchr>
   8393c:	aa0003f3 	mov	x19, x0
   83940:	b40004a0 	cbz	x0, 839d4 <CString::Replace(char const*, char const*)+0x130>
   83944:	eb00029f 	cmp	x20, x0
   83948:	54000162 	b.cs	83974 <CString::Replace(char const*, char const*)+0xd0>  // b.hs, b.nlast
   8394c:	d2800021 	mov	x1, #0x1                   	// #1
   83950:	aa1503e0 	mov	x0, x21
   83954:	38c01699 	ldrsb	w25, [x20], #1
   83958:	97fffe85 	bl	8336c <CString::ReserveSpace(unsigned long) [clone .part.0]>
   8395c:	f9400ea0 	ldr	x0, [x21, #24]
   83960:	91000401 	add	x1, x0, #0x1
   83964:	f9000ea1 	str	x1, [x21, #24]
   83968:	39000019 	strb	w25, [x0]
   8396c:	eb14027f 	cmp	x19, x20
   83970:	54fffee1 	b.ne	8394c <CString::Replace(char const*, char const*)+0xa8>  // b.any
   83974:	39c006c0 	ldrsb	w0, [x22, #1]
   83978:	91000673 	add	x19, x19, #0x1
   8397c:	340005a0 	cbz	w0, 83a30 <CString::Replace(char const*, char const*)+0x18c>
   83980:	910006c2 	add	x2, x22, #0x1
   83984:	14000004 	b	83994 <CString::Replace(char const*, char const*)+0xf0>
   83988:	38c01c40 	ldrsb	w0, [x2, #1]!
   8398c:	91000673 	add	x19, x19, #0x1
   83990:	34000500 	cbz	w0, 83a30 <CString::Replace(char const*, char const*)+0x18c>
   83994:	39c00261 	ldrsb	w1, [x19]
   83998:	6b00003f 	cmp	w1, w0
   8399c:	54ffff60 	b.eq	83988 <CString::Replace(char const*, char const*)+0xe4>  // b.none
   839a0:	d2800021 	mov	x1, #0x1                   	// #1
   839a4:	aa1503e0 	mov	x0, x21
   839a8:	38c01693 	ldrsb	w19, [x20], #1
   839ac:	97fffe70 	bl	8336c <CString::ReserveSpace(unsigned long) [clone .part.0]>
   839b0:	f9400ea0 	ldr	x0, [x21, #24]
   839b4:	91000401 	add	x1, x0, #0x1
   839b8:	f9000ea1 	str	x1, [x21, #24]
   839bc:	39000013 	strb	w19, [x0]
   839c0:	aa1403e0 	mov	x0, x20
   839c4:	39c002c1 	ldrsb	w1, [x22]
   839c8:	94000b10 	bl	86608 <strchr>
   839cc:	aa0003f3 	mov	x19, x0
   839d0:	b5fffba0 	cbnz	x0, 83944 <CString::Replace(char const*, char const*)+0xa0>
   839d4:	aa1403e0 	mov	x0, x20
   839d8:	94000a35 	bl	862ac <strlen>
   839dc:	aa0003f3 	mov	x19, x0
   839e0:	b4000080 	cbz	x0, 839f0 <CString::Replace(char const*, char const*)+0x14c>
   839e4:	aa0003e1 	mov	x1, x0
   839e8:	aa1503e0 	mov	x0, x21
   839ec:	97fffe60 	bl	8336c <CString::ReserveSpace(unsigned long) [clone .part.0]>
   839f0:	f9400ea0 	ldr	x0, [x21, #24]
   839f4:	aa1403e1 	mov	x1, x20
   839f8:	94000ac4 	bl	86508 <strcpy>
   839fc:	f9400ea0 	ldr	x0, [x21, #24]
   83a00:	8b130001 	add	x1, x0, x19
   83a04:	f9000ea1 	str	x1, [x21, #24]
   83a08:	3833681f 	strb	wzr, [x0, x19]
   83a0c:	aa1a03e0 	mov	x0, x26
   83a10:	94000cae 	bl	86cc8 <operator delete[](void*)>
   83a14:	a94153f3 	ldp	x19, x20, [sp, #16]
   83a18:	a9446bf9 	ldp	x25, x26, [sp, #64]
   83a1c:	2a1703e0 	mov	w0, w23
   83a20:	a9425bf5 	ldp	x21, x22, [sp, #32]
   83a24:	a94363f7 	ldp	x23, x24, [sp, #48]
   83a28:	a8c57bfd 	ldp	x29, x30, [sp], #80
   83a2c:	d65f03c0 	ret
   83a30:	aa1803e0 	mov	x0, x24
   83a34:	94000a1e 	bl	862ac <strlen>
   83a38:	aa0003f4 	mov	x20, x0
   83a3c:	b4000080 	cbz	x0, 83a4c <CString::Replace(char const*, char const*)+0x1a8>
   83a40:	aa0003e1 	mov	x1, x0
   83a44:	aa1503e0 	mov	x0, x21
   83a48:	97fffe49 	bl	8336c <CString::ReserveSpace(unsigned long) [clone .part.0]>
   83a4c:	f9400ea0 	ldr	x0, [x21, #24]
   83a50:	aa1803e1 	mov	x1, x24
   83a54:	110006f7 	add	w23, w23, #0x1
   83a58:	94000aac 	bl	86508 <strcpy>
   83a5c:	f9400ea0 	ldr	x0, [x21, #24]
   83a60:	8b140000 	add	x0, x0, x20
   83a64:	aa1303f4 	mov	x20, x19
   83a68:	f9000ea0 	str	x0, [x21, #24]
   83a6c:	17ffffb1 	b	83930 <CString::Replace(char const*, char const*)+0x8c>

0000000000083a70 <CString::PutChar(char, unsigned long)>:
   83a70:	b40002c2 	cbz	x2, 83ac8 <CString::PutChar(char, unsigned long)+0x58>
   83a74:	2a0103e5 	mov	w5, w1
   83a78:	a9bd7bfd 	stp	x29, x30, [sp, #-48]!
   83a7c:	aa0203e1 	mov	x1, x2
   83a80:	910003fd 	mov	x29, sp
   83a84:	f9000fe2 	str	x2, [sp, #24]
   83a88:	b90027e5 	str	w5, [sp, #36]
   83a8c:	f90017e0 	str	x0, [sp, #40]
   83a90:	97fffe37 	bl	8336c <CString::ReserveSpace(unsigned long) [clone .part.0]>
   83a94:	f9400fe2 	ldr	x2, [sp, #24]
   83a98:	f94017e4 	ldr	x4, [sp, #40]
   83a9c:	b94027e5 	ldr	w5, [sp, #36]
   83aa0:	d1000442 	sub	x2, x2, #0x1
   83aa4:	f9400c83 	ldr	x3, [x4, #24]
   83aa8:	d1000442 	sub	x2, x2, #0x1
   83aac:	91000460 	add	x0, x3, #0x1
   83ab0:	f9000c80 	str	x0, [x4, #24]
   83ab4:	39000065 	strb	w5, [x3]
   83ab8:	b100045f 	cmn	x2, #0x1
   83abc:	54ffff41 	b.ne	83aa4 <CString::PutChar(char, unsigned long)+0x34>  // b.any
   83ac0:	a8c37bfd 	ldp	x29, x30, [sp], #48
   83ac4:	d65f03c0 	ret
   83ac8:	d65f03c0 	ret

0000000000083acc <CString::PutString(char const*)>:
   83acc:	a9bd7bfd 	stp	x29, x30, [sp, #-48]!
   83ad0:	910003fd 	mov	x29, sp
   83ad4:	a90153f3 	stp	x19, x20, [sp, #16]
   83ad8:	aa0003f3 	mov	x19, x0
   83adc:	aa0103e0 	mov	x0, x1
   83ae0:	f90013f5 	str	x21, [sp, #32]
   83ae4:	aa0103f5 	mov	x21, x1
   83ae8:	940009f1 	bl	862ac <strlen>
   83aec:	aa0003f4 	mov	x20, x0
   83af0:	b4000080 	cbz	x0, 83b00 <CString::PutString(char const*)+0x34>
   83af4:	aa0003e1 	mov	x1, x0
   83af8:	aa1303e0 	mov	x0, x19
   83afc:	97fffe1c 	bl	8336c <CString::ReserveSpace(unsigned long) [clone .part.0]>
   83b00:	f9400e60 	ldr	x0, [x19, #24]
   83b04:	aa1503e1 	mov	x1, x21
   83b08:	94000a80 	bl	86508 <strcpy>
   83b0c:	f9400e60 	ldr	x0, [x19, #24]
   83b10:	f94013f5 	ldr	x21, [sp, #32]
   83b14:	8b140000 	add	x0, x0, x20
   83b18:	f9000e60 	str	x0, [x19, #24]
   83b1c:	a94153f3 	ldp	x19, x20, [sp, #16]
   83b20:	a8c37bfd 	ldp	x29, x30, [sp], #48
   83b24:	d65f03c0 	ret

0000000000083b28 <CString::ReserveSpace(unsigned long)>:
   83b28:	b4000141 	cbz	x1, 83b50 <CString::ReserveSpace(unsigned long)+0x28>
   83b2c:	aa0003e2 	mov	x2, x0
   83b30:	b9401000 	ldr	w0, [x0, #16]
   83b34:	f9400443 	ldr	x3, [x2, #8]
   83b38:	f9400c45 	ldr	x5, [x2, #24]
   83b3c:	cb0300a3 	sub	x3, x5, x3
   83b40:	8b030021 	add	x1, x1, x3
   83b44:	91000424 	add	x4, x1, #0x1
   83b48:	eb00009f 	cmp	x4, x0
   83b4c:	54000048 	b.hi	83b54 <CString::ReserveSpace(unsigned long)+0x2c>  // b.pmore
   83b50:	d65f03c0 	ret
   83b54:	a9bc7bfd 	stp	x29, x30, [sp, #-64]!
   83b58:	91010420 	add	x0, x1, #0x41
   83b5c:	910003fd 	mov	x29, sp
   83b60:	f9000bf3 	str	x19, [sp, #16]
   83b64:	aa0003f3 	mov	x19, x0
   83b68:	f90013e2 	str	x2, [sp, #32]
   83b6c:	a90317e3 	stp	x3, x5, [sp, #48]
   83b70:	94000c44 	bl	86c80 <operator new[](unsigned long)>
   83b74:	f94013e2 	ldr	x2, [sp, #32]
   83b78:	f90017e0 	str	x0, [sp, #40]
   83b7c:	f9401fe5 	ldr	x5, [sp, #56]
   83b80:	390000bf 	strb	wzr, [x5]
   83b84:	f9400441 	ldr	x1, [x2, #8]
   83b88:	94000a60 	bl	86508 <strcpy>
   83b8c:	a94213e2 	ldp	x2, x4, [sp, #32]
   83b90:	f9401be3 	ldr	x3, [sp, #48]
   83b94:	f9400440 	ldr	x0, [x2, #8]
   83b98:	b40000c0 	cbz	x0, 83bb0 <CString::ReserveSpace(unsigned long)+0x88>
   83b9c:	f90013e3 	str	x3, [sp, #32]
   83ba0:	f9001be2 	str	x2, [sp, #48]
   83ba4:	94000c49 	bl	86cc8 <operator delete[](void*)>
   83ba8:	f9401be2 	ldr	x2, [sp, #48]
   83bac:	a94213e3 	ldp	x3, x4, [sp, #32]
   83bb0:	2a1303e0 	mov	w0, w19
   83bb4:	f9400bf3 	ldr	x19, [sp, #16]
   83bb8:	f9000444 	str	x4, [x2, #8]
   83bbc:	8b030084 	add	x4, x4, x3
   83bc0:	b9001040 	str	w0, [x2, #16]
   83bc4:	f9000c44 	str	x4, [x2, #24]
   83bc8:	a8c47bfd 	ldp	x29, x30, [sp], #64
   83bcc:	d65f03c0 	ret

0000000000083bd0 <CString::ntoa(char*, unsigned long, unsigned int, bool)>:
   83bd0:	2a0203e2 	mov	w2, w2
   83bd4:	d2800024 	mov	x4, #0x1                   	// #1
   83bd8:	eb02003f 	cmp	x1, x2
   83bdc:	54000323 	b.cc	83c40 <CString::ntoa(char*, unsigned long, unsigned int, bool)+0x70>  // b.lo, b.ul, b.last
   83be0:	9b027c84 	mul	x4, x4, x2
   83be4:	9ac40825 	udiv	x5, x1, x4
   83be8:	eb0200bf 	cmp	x5, x2
   83bec:	54ffffa2 	b.cs	83be0 <CString::ntoa(char*, unsigned long, unsigned int, bool)+0x10>  // b.hs, b.nlast
   83bf0:	52000068 	eor	w8, w3, #0x1
   83bf4:	aa0003e7 	mov	x7, x0
   83bf8:	531b0908 	ubfiz	w8, w8, #5, #3
   83bfc:	1100dd08 	add	w8, w8, #0x37
   83c00:	14000005 	b	83c14 <CString::ntoa(char*, unsigned long, unsigned int, bool)+0x44>
   83c04:	9ac40823 	udiv	x3, x1, x4
   83c08:	9b048461 	msub	x1, x3, x4, x1
   83c0c:	9ac20884 	udiv	x4, x4, x2
   83c10:	9ac40825 	udiv	x5, x1, x4
   83c14:	1100c0a6 	add	w6, w5, #0x30
   83c18:	0b050103 	add	w3, w8, w5
   83c1c:	12001cc6 	and	w6, w6, #0xff
   83c20:	12001c63 	and	w3, w3, #0xff
   83c24:	f10024bf 	cmp	x5, #0x9
   83c28:	1a868063 	csel	w3, w3, w6, hi	// hi = pmore
   83c2c:	380014e3 	strb	w3, [x7], #1
   83c30:	eb02009f 	cmp	x4, x2
   83c34:	54fffe82 	b.cs	83c04 <CString::ntoa(char*, unsigned long, unsigned int, bool)+0x34>  // b.hs, b.nlast
   83c38:	390000ff 	strb	wzr, [x7]
   83c3c:	d65f03c0 	ret
   83c40:	aa0103e5 	mov	x5, x1
   83c44:	17ffffeb 	b	83bf0 <CString::ntoa(char*, unsigned long, unsigned int, bool)+0x20>

0000000000083c48 <CString::lltoa(char*, unsigned long long, unsigned int, bool)>:
   83c48:	2a0203e2 	mov	w2, w2
   83c4c:	d2800024 	mov	x4, #0x1                   	// #1
   83c50:	eb02003f 	cmp	x1, x2
   83c54:	54000363 	b.cc	83cc0 <CString::lltoa(char*, unsigned long long, unsigned int, bool)+0x78>  // b.lo, b.ul, b.last
   83c58:	d503201f 	nop
   83c5c:	d503201f 	nop
   83c60:	9b027c84 	mul	x4, x4, x2
   83c64:	9ac40825 	udiv	x5, x1, x4
   83c68:	eb05005f 	cmp	x2, x5
   83c6c:	54ffffa9 	b.ls	83c60 <CString::lltoa(char*, unsigned long long, unsigned int, bool)+0x18>  // b.plast
   83c70:	52000068 	eor	w8, w3, #0x1
   83c74:	aa0003e7 	mov	x7, x0
   83c78:	531b0908 	ubfiz	w8, w8, #5, #3
   83c7c:	1100dd08 	add	w8, w8, #0x37
   83c80:	14000005 	b	83c94 <CString::lltoa(char*, unsigned long long, unsigned int, bool)+0x4c>
   83c84:	9ac40823 	udiv	x3, x1, x4
   83c88:	9b048461 	msub	x1, x3, x4, x1
   83c8c:	9ac20884 	udiv	x4, x4, x2
   83c90:	9ac40825 	udiv	x5, x1, x4
   83c94:	1100c0a6 	add	w6, w5, #0x30
   83c98:	0b050103 	add	w3, w8, w5
   83c9c:	12001cc6 	and	w6, w6, #0xff
   83ca0:	12001c63 	and	w3, w3, #0xff
   83ca4:	f10024bf 	cmp	x5, #0x9
   83ca8:	1a868063 	csel	w3, w3, w6, hi	// hi = pmore
   83cac:	380014e3 	strb	w3, [x7], #1
   83cb0:	eb04005f 	cmp	x2, x4
   83cb4:	54fffe89 	b.ls	83c84 <CString::lltoa(char*, unsigned long long, unsigned int, bool)+0x3c>  // b.plast
   83cb8:	390000ff 	strb	wzr, [x7]
   83cbc:	d65f03c0 	ret
   83cc0:	aa0103e5 	mov	x5, x1
   83cc4:	17ffffeb 	b	83c70 <CString::lltoa(char*, unsigned long long, unsigned int, bool)+0x28>

0000000000083cc8 <CString::ftoa(char*, double, unsigned int)>:
   83cc8:	a9ba7bfd 	stp	x29, x30, [sp, #-96]!
   83ccc:	910003fd 	mov	x29, sp
   83cd0:	1e602018 	fcmpe	d0, #0.0
   83cd4:	f9000bf3 	str	x19, [sp, #16]
   83cd8:	aa0003f3 	mov	x19, x0
   83cdc:	54000fa4 	b.mi	83ed0 <CString::ftoa(char*, double, unsigned int)+0x208>  // b.first
   83ce0:	aa0003ea 	mov	x10, x0
   83ce4:	d2e87e00 	mov	x0, #0x43f0000000000000    	// #4895412794951729152
   83ce8:	9e67001f 	fmov	d31, x0
   83cec:	1e7f2010 	fcmpe	d0, d31
   83cf0:	54000fac 	b.gt	83ee4 <CString::ftoa(char*, double, unsigned int)+0x21c>
   83cf4:	9e790007 	fcvtzu	x7, d0
   83cf8:	d2800020 	mov	x0, #0x1                   	// #1
   83cfc:	f10024ff 	cmp	x7, #0x9
   83d00:	54001029 	b.ls	83f04 <CString::ftoa(char*, double, unsigned int)+0x23c>  // b.plast
   83d04:	8b000800 	add	x0, x0, x0, lsl #2
   83d08:	d37ff800 	lsl	x0, x0, #1
   83d0c:	9ac008e3 	udiv	x3, x7, x0
   83d10:	f100247f 	cmp	x3, #0x9
   83d14:	54ffff88 	b.hi	83d04 <CString::ftoa(char*, double, unsigned int)+0x3c>  // b.pmore
   83d18:	b202e7e8 	mov	x8, #0xcccccccccccccccc    	// #-3689348814741910324
   83d1c:	aa0a03e6 	mov	x6, x10
   83d20:	aa0703e5 	mov	x5, x7
   83d24:	f29999a8 	movk	x8, #0xcccd
   83d28:	14000006 	b	83d40 <CString::ftoa(char*, double, unsigned int)+0x78>
   83d2c:	9ac008a2 	udiv	x2, x5, x0
   83d30:	9b009445 	msub	x5, x2, x0, x5
   83d34:	9bc87c00 	umulh	x0, x0, x8
   83d38:	d343fc00 	lsr	x0, x0, #3
   83d3c:	9ac008a3 	udiv	x3, x5, x0
   83d40:	1100c064 	add	w4, w3, #0x30
   83d44:	11015c62 	add	w2, w3, #0x57
   83d48:	12001c84 	and	w4, w4, #0xff
   83d4c:	12001c42 	and	w2, w2, #0xff
   83d50:	f100247f 	cmp	x3, #0x9
   83d54:	1a848042 	csel	w2, w2, w4, hi	// hi = pmore
   83d58:	380014c2 	strb	w2, [x6], #1
   83d5c:	f100241f 	cmp	x0, #0x9
   83d60:	54fffe68 	b.hi	83d2c <CString::ftoa(char*, double, unsigned int)+0x64>  // b.pmore
   83d64:	390000df 	strb	wzr, [x6]
   83d68:	350000a1 	cbnz	w1, 83d7c <CString::ftoa(char*, double, unsigned int)+0xb4>
   83d6c:	aa1303e0 	mov	x0, x19
   83d70:	f9400bf3 	ldr	x19, [sp, #16]
   83d74:	a8c67bfd 	ldp	x29, x30, [sp], #96
   83d78:	d65f03c0 	ret
   83d7c:	aa0a03e0 	mov	x0, x10
   83d80:	f90013ea 	str	x10, [sp, #32]
   83d84:	b9002be1 	str	w1, [sp, #40]
   83d88:	f9001be7 	str	x7, [sp, #48]
   83d8c:	fd001fe0 	str	d0, [sp, #56]
   83d90:	94000947 	bl	862ac <strlen>
   83d94:	b9402be1 	ldr	w1, [sp, #40]
   83d98:	528005c2 	mov	w2, #0x2e                  	// #46
   83d9c:	52800266 	mov	w6, #0x13                  	// #19
   83da0:	f94013ea 	ldr	x10, [sp, #32]
   83da4:	f9401be7 	ldr	x7, [sp, #48]
   83da8:	71004c3f 	cmp	w1, #0x13
   83dac:	1a869026 	csel	w6, w1, w6, ls	// ls = plast
   83db0:	7100043f 	cmp	w1, #0x1
   83db4:	fd401fe0 	ldr	d0, [sp, #56]
   83db8:	8b000148 	add	x8, x10, x0
   83dbc:	38206942 	strb	w2, [x10, x0]
   83dc0:	91000509 	add	x9, x8, #0x1
   83dc4:	54000a80 	b.eq	83f14 <CString::ftoa(char*, double, unsigned int)+0x24c>  // b.none
   83dc8:	52800041 	mov	w1, #0x2                   	// #2
   83dcc:	d2800140 	mov	x0, #0xa                   	// #10
   83dd0:	8b000800 	add	x0, x0, x0, lsl #2
   83dd4:	11000421 	add	w1, w1, #0x1
   83dd8:	d37ff800 	lsl	x0, x0, #1
   83ddc:	6b0100df 	cmp	w6, w1
   83de0:	54ffff82 	b.cs	83dd0 <CString::ftoa(char*, double, unsigned int)+0x108>  // b.hs, b.nlast
   83de4:	9e63001f 	ucvtf	d31, x0
   83de8:	9e6300fe 	ucvtf	d30, x7
   83dec:	d2800020 	mov	x0, #0x1                   	// #1
   83df0:	1e7e3800 	fsub	d0, d0, d30
   83df4:	1e7f0800 	fmul	d0, d0, d31
   83df8:	9e790001 	fcvtzu	x1, d0
   83dfc:	f100243f 	cmp	x1, #0x9
   83e00:	54000869 	b.ls	83f0c <CString::ftoa(char*, double, unsigned int)+0x244>  // b.plast
   83e04:	8b000800 	add	x0, x0, x0, lsl #2
   83e08:	d37ff800 	lsl	x0, x0, #1
   83e0c:	9ac00823 	udiv	x3, x1, x0
   83e10:	f100247f 	cmp	x3, #0x9
   83e14:	54ffff88 	b.hi	83e04 <CString::ftoa(char*, double, unsigned int)+0x13c>  // b.pmore
   83e18:	b202e7e7 	mov	x7, #0xcccccccccccccccc    	// #-3689348814741910324
   83e1c:	910123e5 	add	x5, sp, #0x48
   83e20:	f29999a7 	movk	x7, #0xcccd
   83e24:	14000006 	b	83e3c <CString::ftoa(char*, double, unsigned int)+0x174>
   83e28:	9ac00822 	udiv	x2, x1, x0
   83e2c:	9b008441 	msub	x1, x2, x0, x1
   83e30:	9bc77c00 	umulh	x0, x0, x7
   83e34:	d343fc00 	lsr	x0, x0, #3
   83e38:	9ac00823 	udiv	x3, x1, x0
   83e3c:	1100c064 	add	w4, w3, #0x30
   83e40:	11015c62 	add	w2, w3, #0x57
   83e44:	12001c84 	and	w4, w4, #0xff
   83e48:	12001c42 	and	w2, w2, #0xff
   83e4c:	f100247f 	cmp	x3, #0x9
   83e50:	1a848042 	csel	w2, w2, w4, hi	// hi = pmore
   83e54:	380014a2 	strb	w2, [x5], #1
   83e58:	f100241f 	cmp	x0, #0x9
   83e5c:	54fffe68 	b.hi	83e28 <CString::ftoa(char*, double, unsigned int)+0x160>  // b.pmore
   83e60:	910123e0 	add	x0, sp, #0x48
   83e64:	390000bf 	strb	wzr, [x5]
   83e68:	b90023e6 	str	w6, [sp, #32]
   83e6c:	a902a3e9 	stp	x9, x8, [sp, #40]
   83e70:	9400090f 	bl	862ac <strlen>
   83e74:	b94023e6 	ldr	w6, [sp, #32]
   83e78:	f94017e9 	ldr	x9, [sp, #40]
   83e7c:	6b0000c6 	subs	w6, w6, w0
   83e80:	540001a0 	b.eq	83eb4 <CString::ftoa(char*, double, unsigned int)+0x1ec>  // b.none
   83e84:	f9401be8 	ldr	x8, [sp, #48]
   83e88:	510004c6 	sub	w6, w6, #0x1
   83e8c:	52800602 	mov	w2, #0x30                  	// #48
   83e90:	910008c0 	add	x0, x6, #0x2
   83e94:	8b000101 	add	x1, x8, x0
   83e98:	aa0903e0 	mov	x0, x9
   83e9c:	d503201f 	nop
   83ea0:	38001402 	strb	w2, [x0], #1
   83ea4:	eb01001f 	cmp	x0, x1
   83ea8:	54ffffc1 	b.ne	83ea0 <CString::ftoa(char*, double, unsigned int)+0x1d8>  // b.any
   83eac:	91000529 	add	x9, x9, #0x1
   83eb0:	8b060129 	add	x9, x9, x6
   83eb4:	910123e1 	add	x1, sp, #0x48
   83eb8:	aa0903e0 	mov	x0, x9
   83ebc:	94000993 	bl	86508 <strcpy>
   83ec0:	aa1303e0 	mov	x0, x19
   83ec4:	f9400bf3 	ldr	x19, [sp, #16]
   83ec8:	a8c67bfd 	ldp	x29, x30, [sp], #96
   83ecc:	d65f03c0 	ret
   83ed0:	aa0003ea 	mov	x10, x0
   83ed4:	528005a0 	mov	w0, #0x2d                  	// #45
   83ed8:	1e614000 	fneg	d0, d0
   83edc:	38001540 	strb	w0, [x10], #1
   83ee0:	17ffff81 	b	83ce4 <CString::ftoa(char*, double, unsigned int)+0x1c>
   83ee4:	90000081 	adrp	x1, 93000 <CExceptionHandler::Throw(unsigned int, TAbortFrame*)+0xc0>
   83ee8:	aa0a03e0 	mov	x0, x10
   83eec:	91126021 	add	x1, x1, #0x498
   83ef0:	94000986 	bl	86508 <strcpy>
   83ef4:	aa1303e0 	mov	x0, x19
   83ef8:	f9400bf3 	ldr	x19, [sp, #16]
   83efc:	a8c67bfd 	ldp	x29, x30, [sp], #96
   83f00:	d65f03c0 	ret
   83f04:	aa0703e3 	mov	x3, x7
   83f08:	17ffff84 	b	83d18 <CString::ftoa(char*, double, unsigned int)+0x50>
   83f0c:	aa0103e3 	mov	x3, x1
   83f10:	17ffffc2 	b	83e18 <CString::ftoa(char*, double, unsigned int)+0x150>
   83f14:	1e64901f 	fmov	d31, #1.000000000000000000e+01
   83f18:	17ffffb4 	b	83de8 <CString::ftoa(char*, double, unsigned int)+0x120>
   83f1c:	d503201f 	nop

0000000000083f20 <CString::FormatV(char const*, std::__va_list)>:
   83f20:	a9b57bfd 	stp	x29, x30, [sp, #-176]!
   83f24:	910003fd 	mov	x29, sp
   83f28:	a90153f3 	stp	x19, x20, [sp, #16]
   83f2c:	a9025bf5 	stp	x21, x22, [sp, #32]
   83f30:	aa0203f6 	mov	x22, x2
   83f34:	a9046bf9 	stp	x25, x26, [sp, #64]
   83f38:	aa0003fa 	mov	x26, x0
   83f3c:	aa0103f9 	mov	x25, x1
   83f40:	a9400053 	ldp	x19, x0, [x2]
   83f44:	f9003fe0 	str	x0, [sp, #120]
   83f48:	29430055 	ldp	w21, w0, [x2, #24]
   83f4c:	b90067e0 	str	w0, [sp, #100]
   83f50:	f9400740 	ldr	x0, [x26, #8]
   83f54:	b4000040 	cbz	x0, 83f5c <CString::FormatV(char const*, std::__va_list)+0x3c>
   83f58:	94000b5c 	bl	86cc8 <operator delete[](void*)>
   83f5c:	52800800 	mov	w0, #0x40                  	// #64
   83f60:	b9001340 	str	w0, [x26, #16]
   83f64:	d2800800 	mov	x0, #0x40                  	// #64
   83f68:	94000b46 	bl	86c80 <operator new[](unsigned long)>
   83f6c:	f9000740 	str	x0, [x26, #8]
   83f70:	f9000f40 	str	x0, [x26, #24]
   83f74:	39c00334 	ldrsb	w20, [x25]
   83f78:	34000b14 	cbz	w20, 840d8 <CString::FormatV(char const*, std::__va_list)+0x1b8>
   83f7c:	a90363f7 	stp	x23, x24, [sp, #48]
   83f80:	a90573fb 	stp	x27, x28, [sp, #80]
   83f84:	7100969f 	cmp	w20, #0x25
   83f88:	54000dc1 	b.ne	84140 <CString::FormatV(char const*, std::__va_list)+0x220>  // b.any
   83f8c:	39c00722 	ldrsb	w2, [x25, #1]
   83f90:	7100945f 	cmp	w2, #0x25
   83f94:	54001c60 	b.eq	84320 <CString::FormatV(char const*, std::__va_list)+0x400>  // b.none
   83f98:	71008c5f 	cmp	w2, #0x23
   83f9c:	54000e20 	b.eq	84160 <CString::FormatV(char const*, std::__va_list)+0x240>  // b.none
   83fa0:	9100073c 	add	x28, x25, #0x1
   83fa4:	52800005 	mov	w5, #0x0                   	// #0
   83fa8:	52800014 	mov	w20, #0x0                   	// #0
   83fac:	7100b45f 	cmp	w2, #0x2d
   83fb0:	54000081 	b.ne	83fc0 <CString::FormatV(char const*, std::__va_list)+0xa0>  // b.any
   83fb4:	39c00782 	ldrsb	w2, [x28, #1]
   83fb8:	52800034 	mov	w20, #0x1                   	// #1
   83fbc:	9100079c 	add	x28, x28, #0x1
   83fc0:	52800017 	mov	w23, #0x0                   	// #0
   83fc4:	7100c05f 	cmp	w2, #0x30
   83fc8:	54000081 	b.ne	83fd8 <CString::FormatV(char const*, std::__va_list)+0xb8>  // b.any
   83fcc:	39c00782 	ldrsb	w2, [x28, #1]
   83fd0:	52800037 	mov	w23, #0x1                   	// #1
   83fd4:	9100079c 	add	x28, x28, #0x1
   83fd8:	5100c041 	sub	w1, w2, #0x30
   83fdc:	d280001b 	mov	x27, #0x0                   	// #0
   83fe0:	12001c20 	and	w0, w1, #0xff
   83fe4:	7100241f 	cmp	w0, #0x9
   83fe8:	54000128 	b.hi	8400c <CString::FormatV(char const*, std::__va_list)+0xec>  // b.pmore
   83fec:	38c01f82 	ldrsb	w2, [x28, #1]!
   83ff0:	8b1b0b7b 	add	x27, x27, x27, lsl #2
   83ff4:	93401c21 	sxtb	x1, w1
   83ff8:	8b1b043b 	add	x27, x1, x27, lsl #1
   83ffc:	5100c041 	sub	w1, w2, #0x30
   84000:	12001c23 	and	w3, w1, #0xff
   84004:	7100247f 	cmp	w3, #0x9
   84008:	54ffff29 	b.ls	83fec <CString::FormatV(char const*, std::__va_list)+0xcc>  // b.plast
   8400c:	7100b85f 	cmp	w2, #0x2e
   84010:	54003380 	b.eq	84680 <CString::FormatV(char const*, std::__va_list)+0x760>  // b.none
   84014:	39c00383 	ldrsb	w3, [x28]
   84018:	528000c1 	mov	w1, #0x6                   	// #6
   8401c:	7101b07f 	cmp	w3, #0x6c
   84020:	54000a80 	b.eq	84170 <CString::FormatV(char const*, std::__va_list)+0x250>  // b.none
   84024:	7101bc7f 	cmp	w3, #0x6f
   84028:	54003120 	b.eq	8464c <CString::FormatV(char const*, std::__va_list)+0x72c>  // b.none
   8402c:	5400062c 	b.gt	840f0 <CString::FormatV(char const*, std::__va_list)+0x1d0>
   84030:	7101907f 	cmp	w3, #0x64
   84034:	54006040 	b.eq	84c3c <CString::FormatV(char const*, std::__va_list)+0xd1c>  // b.none
   84038:	5400186d 	b.le	84344 <CString::FormatV(char const*, std::__va_list)+0x424>
   8403c:	7101987f 	cmp	w3, #0x66
   84040:	540051e1 	b.ne	84a7c <CString::FormatV(char const*, std::__va_list)+0xb5c>  // b.any
   84044:	b94067e0 	ldr	w0, [sp, #100]
   84048:	37f85240 	tbnz	w0, #31, 84a90 <CString::FormatV(char const*, std::__va_list)+0xb70>
   8404c:	91003e77 	add	x23, x19, #0xf
   84050:	927df2f7 	and	x23, x23, #0xfffffffffffffff8
   84054:	fd400260 	ldr	d0, [x19]
   84058:	910203f8 	add	x24, sp, #0x80
   8405c:	aa1803e0 	mov	x0, x24
   84060:	97ffff1a 	bl	83cc8 <CString::ftoa(char*, double, unsigned int)>
   84064:	aa1803e0 	mov	x0, x24
   84068:	94000891 	bl	862ac <strlen>
   8406c:	aa0003f3 	mov	x19, x0
   84070:	350053d4 	cbnz	w20, 84ae8 <CString::FormatV(char const*, std::__va_list)+0xbc8>
   84074:	eb1b001f 	cmp	x0, x27
   84078:	54003de3 	b.cc	84834 <CString::FormatV(char const*, std::__va_list)+0x914>  // b.lo, b.ul, b.last
   8407c:	aa1803e0 	mov	x0, x24
   84080:	9400088b 	bl	862ac <strlen>
   84084:	aa0003f3 	mov	x19, x0
   84088:	b4000080 	cbz	x0, 84098 <CString::FormatV(char const*, std::__va_list)+0x178>
   8408c:	aa0003e1 	mov	x1, x0
   84090:	aa1a03e0 	mov	x0, x26
   84094:	97fffcb6 	bl	8336c <CString::ReserveSpace(unsigned long) [clone .part.0]>
   84098:	f9400f40 	ldr	x0, [x26, #24]
   8409c:	aa1803e1 	mov	x1, x24
   840a0:	aa1c03f9 	mov	x25, x28
   840a4:	94000919 	bl	86508 <strcpy>
   840a8:	f9400f40 	ldr	x0, [x26, #24]
   840ac:	8b130000 	add	x0, x0, x19
   840b0:	aa1703f3 	mov	x19, x23
   840b4:	f9000f40 	str	x0, [x26, #24]
   840b8:	d503201f 	nop
   840bc:	d503201f 	nop
   840c0:	91000739 	add	x25, x25, #0x1
   840c4:	39c00334 	ldrsb	w20, [x25]
   840c8:	35fff5f4 	cbnz	w20, 83f84 <CString::FormatV(char const*, std::__va_list)+0x64>
   840cc:	f9400f40 	ldr	x0, [x26, #24]
   840d0:	a94363f7 	ldp	x23, x24, [sp, #48]
   840d4:	a94573fb 	ldp	x27, x28, [sp, #80]
   840d8:	3900001f 	strb	wzr, [x0]
   840dc:	a94153f3 	ldp	x19, x20, [sp, #16]
   840e0:	a9425bf5 	ldp	x21, x22, [sp, #32]
   840e4:	a9446bf9 	ldp	x25, x26, [sp, #64]
   840e8:	a8cb7bfd 	ldp	x29, x30, [sp], #176
   840ec:	d65f03c0 	ret
   840f0:	7101cc7f 	cmp	w3, #0x73
   840f4:	540030e0 	b.eq	84710 <CString::FormatV(char const*, std::__va_list)+0x7f0>  // b.none
   840f8:	54001f2d 	b.le	844dc <CString::FormatV(char const*, std::__va_list)+0x5bc>
   840fc:	d2800140 	mov	x0, #0xa                   	// #10
   84100:	52800019 	mov	w25, #0x0                   	// #0
   84104:	7101d47f 	cmp	w3, #0x75
   84108:	540015c0 	b.eq	843c0 <CString::FormatV(char const*, std::__va_list)+0x4a0>  // b.none
   8410c:	b90073ff 	str	wzr, [sp, #112]
   84110:	7101e07f 	cmp	w3, #0x78
   84114:	540032e0 	b.eq	84770 <CString::FormatV(char const*, std::__va_list)+0x850>  // b.none
   84118:	aa1c03f9 	mov	x25, x28
   8411c:	d2800021 	mov	x1, #0x1                   	// #1
   84120:	aa1a03e0 	mov	x0, x26
   84124:	97fffc92 	bl	8336c <CString::ReserveSpace(unsigned long) [clone .part.0]>
   84128:	f9400f40 	ldr	x0, [x26, #24]
   8412c:	91000401 	add	x1, x0, #0x1
   84130:	f9000f41 	str	x1, [x26, #24]
   84134:	528004a1 	mov	w1, #0x25                  	// #37
   84138:	39000001 	strb	w1, [x0]
   8413c:	39c00334 	ldrsb	w20, [x25]
   84140:	d2800021 	mov	x1, #0x1                   	// #1
   84144:	aa1a03e0 	mov	x0, x26
   84148:	97fffc89 	bl	8336c <CString::ReserveSpace(unsigned long) [clone .part.0]>
   8414c:	f9400f40 	ldr	x0, [x26, #24]
   84150:	91000401 	add	x1, x0, #0x1
   84154:	f9000f41 	str	x1, [x26, #24]
   84158:	39000014 	strb	w20, [x0]
   8415c:	17ffffd9 	b	840c0 <CString::FormatV(char const*, std::__va_list)+0x1a0>
   84160:	39c00b22 	ldrsb	w2, [x25, #2]
   84164:	91000b3c 	add	x28, x25, #0x2
   84168:	52800025 	mov	w5, #0x1                   	// #1
   8416c:	17ffff8f 	b	83fa8 <CString::FormatV(char const*, std::__va_list)+0x88>
   84170:	39c00783 	ldrsb	w3, [x28, #1]
   84174:	7101b07f 	cmp	w3, #0x6c
   84178:	54002a60 	b.eq	846c4 <CString::FormatV(char const*, std::__va_list)+0x7a4>  // b.none
   8417c:	9100079c 	add	x28, x28, #0x1
   84180:	7101bc7f 	cmp	w3, #0x6f
   84184:	54005820 	b.eq	84c88 <CString::FormatV(char const*, std::__va_list)+0xd68>  // b.none
   84188:	5400108c 	b.gt	84398 <CString::FormatV(char const*, std::__va_list)+0x478>
   8418c:	7101907f 	cmp	w3, #0x64
   84190:	54000100 	b.eq	841b0 <CString::FormatV(char const*, std::__va_list)+0x290>  // b.none
   84194:	540030ad 	b.le	847a8 <CString::FormatV(char const*, std::__va_list)+0x888>
   84198:	7101987f 	cmp	w3, #0x66
   8419c:	54fff540 	b.eq	84044 <CString::FormatV(char const*, std::__va_list)+0x124>  // b.none
   841a0:	52800020 	mov	w0, #0x1                   	// #1
   841a4:	7101a47f 	cmp	w3, #0x69
   841a8:	54fffb81 	b.ne	84118 <CString::FormatV(char const*, std::__va_list)+0x1f8>  // b.any
   841ac:	34005480 	cbz	w0, 84c3c <CString::FormatV(char const*, std::__va_list)+0xd1c>
   841b0:	37f85e15 	tbnz	w21, #31, 84d70 <CString::FormatV(char const*, std::__va_list)+0xe50>
   841b4:	91003e61 	add	x1, x19, #0xf
   841b8:	aa1303e0 	mov	x0, x19
   841bc:	927df033 	and	x19, x1, #0xfffffffffffffff8
   841c0:	f9400001 	ldr	x1, [x0]
   841c4:	aa1c03f9 	mov	x25, x28
   841c8:	f100003f 	cmp	x1, #0x0
   841cc:	d2800020 	mov	x0, #0x1                   	// #1
   841d0:	da81a421 	cneg	x1, x1, lt	// lt = tstop
   841d4:	1a9fa7fc 	cset	w28, lt	// lt = tstop
   841d8:	aa0103e5 	mov	x5, x1
   841dc:	f100243f 	cmp	x1, #0x9
   841e0:	54005ecd 	b.le	84db8 <CString::FormatV(char const*, std::__va_list)+0xe98>
   841e4:	8b000800 	add	x0, x0, x0, lsl #2
   841e8:	d37ff800 	lsl	x0, x0, #1
   841ec:	9ac00822 	udiv	x2, x1, x0
   841f0:	f100245f 	cmp	x2, #0x9
   841f4:	54ffff88 	b.hi	841e4 <CString::FormatV(char const*, std::__va_list)+0x2c4>  // b.pmore
   841f8:	910203f8 	add	x24, sp, #0x80
   841fc:	b202e7e7 	mov	x7, #0xcccccccccccccccc    	// #-3689348814741910324
   84200:	aa1803e6 	mov	x6, x24
   84204:	f29999a7 	movk	x7, #0xcccd
   84208:	14000006 	b	84220 <CString::FormatV(char const*, std::__va_list)+0x300>
   8420c:	9ac008a1 	udiv	x1, x5, x0
   84210:	9b009425 	msub	x5, x1, x0, x5
   84214:	9bc77c00 	umulh	x0, x0, x7
   84218:	d343fc00 	lsr	x0, x0, #3
   8421c:	9ac008a2 	udiv	x2, x5, x0
   84220:	1100c043 	add	w3, w2, #0x30
   84224:	11015c41 	add	w1, w2, #0x57
   84228:	12001c63 	and	w3, w3, #0xff
   8422c:	12001c21 	and	w1, w1, #0xff
   84230:	f100245f 	cmp	x2, #0x9
   84234:	1a838021 	csel	w1, w1, w3, hi	// hi = pmore
   84238:	380014c1 	strb	w1, [x6], #1
   8423c:	f100241f 	cmp	x0, #0x9
   84240:	54fffe68 	b.hi	8420c <CString::FormatV(char const*, std::__va_list)+0x2ec>  // b.pmore
   84244:	aa1803e0 	mov	x0, x24
   84248:	390000df 	strb	wzr, [x6]
   8424c:	94000818 	bl	862ac <strlen>
   84250:	aa0003e2 	mov	x2, x0
   84254:	12000383 	and	w3, w28, #0x1
   84258:	34003b3c 	cbz	w28, 849bc <CString::FormatV(char const*, std::__va_list)+0xa9c>
   8425c:	91000402 	add	x2, x0, #0x1
   84260:	34003d94 	cbz	w20, 84a10 <CString::FormatV(char const*, std::__va_list)+0xaf0>
   84264:	d2800021 	mov	x1, #0x1                   	// #1
   84268:	aa1a03e0 	mov	x0, x26
   8426c:	f90037e2 	str	x2, [sp, #104]
   84270:	97fffc3f 	bl	8336c <CString::ReserveSpace(unsigned long) [clone .part.0]>
   84274:	f9400f40 	ldr	x0, [x26, #24]
   84278:	f94037e2 	ldr	x2, [sp, #104]
   8427c:	91000401 	add	x1, x0, #0x1
   84280:	f9000f41 	str	x1, [x26, #24]
   84284:	528005a1 	mov	w1, #0x2d                  	// #45
   84288:	39000001 	strb	w1, [x0]
   8428c:	aa1803e0 	mov	x0, x24
   84290:	f90037e2 	str	x2, [sp, #104]
   84294:	94000806 	bl	862ac <strlen>
   84298:	f94037e2 	ldr	x2, [sp, #104]
   8429c:	aa0003f4 	mov	x20, x0
   842a0:	b40000a0 	cbz	x0, 842b4 <CString::FormatV(char const*, std::__va_list)+0x394>
   842a4:	aa0003e1 	mov	x1, x0
   842a8:	aa1a03e0 	mov	x0, x26
   842ac:	97fffc30 	bl	8336c <CString::ReserveSpace(unsigned long) [clone .part.0]>
   842b0:	f94037e2 	ldr	x2, [sp, #104]
   842b4:	aa1803e1 	mov	x1, x24
   842b8:	f90037e2 	str	x2, [sp, #104]
   842bc:	f9400f40 	ldr	x0, [x26, #24]
   842c0:	94000892 	bl	86508 <strcpy>
   842c4:	f9400f40 	ldr	x0, [x26, #24]
   842c8:	f94037e2 	ldr	x2, [sp, #104]
   842cc:	8b140000 	add	x0, x0, x20
   842d0:	f9000f40 	str	x0, [x26, #24]
   842d4:	eb1b005f 	cmp	x2, x27
   842d8:	54ffef42 	b.cs	840c0 <CString::FormatV(char const*, std::__va_list)+0x1a0>  // b.hs, b.nlast
   842dc:	cb02037b 	sub	x27, x27, x2
   842e0:	aa1a03e0 	mov	x0, x26
   842e4:	aa1b03e1 	mov	x1, x27
   842e8:	97fffc21 	bl	8336c <CString::ReserveSpace(unsigned long) [clone .part.0]>
   842ec:	d1000760 	sub	x0, x27, #0x1
   842f0:	52800403 	mov	w3, #0x20                  	// #32
   842f4:	d503201f 	nop
   842f8:	d503201f 	nop
   842fc:	d503201f 	nop
   84300:	f9400f41 	ldr	x1, [x26, #24]
   84304:	d1000400 	sub	x0, x0, #0x1
   84308:	91000422 	add	x2, x1, #0x1
   8430c:	f9000f42 	str	x2, [x26, #24]
   84310:	39000023 	strb	w3, [x1]
   84314:	b100041f 	cmn	x0, #0x1
   84318:	54ffff41 	b.ne	84300 <CString::FormatV(char const*, std::__va_list)+0x3e0>  // b.any
   8431c:	17ffff69 	b	840c0 <CString::FormatV(char const*, std::__va_list)+0x1a0>
   84320:	d2800021 	mov	x1, #0x1                   	// #1
   84324:	aa1a03e0 	mov	x0, x26
   84328:	97fffc11 	bl	8336c <CString::ReserveSpace(unsigned long) [clone .part.0]>
   8432c:	f9400f40 	ldr	x0, [x26, #24]
   84330:	91000b39 	add	x25, x25, #0x2
   84334:	91000401 	add	x1, x0, #0x1
   84338:	f9000f41 	str	x1, [x26, #24]
   8433c:	39000014 	strb	w20, [x0]
   84340:	17ffff61 	b	840c4 <CString::FormatV(char const*, std::__va_list)+0x1a4>
   84344:	7101607f 	cmp	w3, #0x58
   84348:	54004700 	b.eq	84c28 <CString::FormatV(char const*, std::__va_list)+0xd08>  // b.none
   8434c:	71018c7f 	cmp	w3, #0x63
   84350:	54ffee41 	b.ne	84118 <CString::FormatV(char const*, std::__va_list)+0x1f8>  // b.any
   84354:	37f83bd5 	tbnz	w21, #31, 84acc <CString::FormatV(char const*, std::__va_list)+0xbac>
   84358:	91002e77 	add	x23, x19, #0xb
   8435c:	927df2f7 	and	x23, x23, #0xfffffffffffffff8
   84360:	b9400273 	ldr	w19, [x19]
   84364:	35004374 	cbnz	w20, 84bd0 <CString::FormatV(char const*, std::__va_list)+0xcb0>
   84368:	f100077f 	cmp	x27, #0x1
   8436c:	540022c8 	b.hi	847c4 <CString::FormatV(char const*, std::__va_list)+0x8a4>  // b.pmore
   84370:	d2800021 	mov	x1, #0x1                   	// #1
   84374:	aa1a03e0 	mov	x0, x26
   84378:	97fffbfd 	bl	8336c <CString::ReserveSpace(unsigned long) [clone .part.0]>
   8437c:	f9400f40 	ldr	x0, [x26, #24]
   84380:	91000401 	add	x1, x0, #0x1
   84384:	f9000f41 	str	x1, [x26, #24]
   84388:	39000013 	strb	w19, [x0]
   8438c:	aa1c03f9 	mov	x25, x28
   84390:	aa1703f3 	mov	x19, x23
   84394:	17ffff4b 	b	840c0 <CString::FormatV(char const*, std::__va_list)+0x1a0>
   84398:	7101cc7f 	cmp	w3, #0x73
   8439c:	54001ba0 	b.eq	84710 <CString::FormatV(char const*, std::__va_list)+0x7f0>  // b.none
   843a0:	540009ed 	b.le	844dc <CString::FormatV(char const*, std::__va_list)+0x5bc>
   843a4:	d2800140 	mov	x0, #0xa                   	// #10
   843a8:	52800039 	mov	w25, #0x1                   	// #1
   843ac:	7101d47f 	cmp	w3, #0x75
   843b0:	54ffeae1 	b.ne	8410c <CString::FormatV(char const*, std::__va_list)+0x1ec>  // b.any
   843b4:	d503201f 	nop
   843b8:	d503201f 	nop
   843bc:	d503201f 	nop
   843c0:	360014b9 	tbz	w25, #0, 84654 <CString::FormatV(char const*, std::__va_list)+0x734>
   843c4:	37f82915 	tbnz	w21, #31, 848e4 <CString::FormatV(char const*, std::__va_list)+0x9c4>
   843c8:	91003e62 	add	x2, x19, #0xf
   843cc:	aa1303e1 	mov	x1, x19
   843d0:	927df053 	and	x19, x2, #0xfffffffffffffff8
   843d4:	f9400021 	ldr	x1, [x1]
   843d8:	aa1c03f9 	mov	x25, x28
   843dc:	d2800022 	mov	x2, #0x1                   	// #1
   843e0:	eb00003f 	cmp	x1, x0
   843e4:	540014a3 	b.cc	84678 <CString::FormatV(char const*, std::__va_list)+0x758>  // b.lo, b.ul, b.last
   843e8:	9b007c42 	mul	x2, x2, x0
   843ec:	9ac20825 	udiv	x5, x1, x2
   843f0:	eb05001f 	cmp	x0, x5
   843f4:	54ffffa9 	b.ls	843e8 <CString::FormatV(char const*, std::__va_list)+0x4c8>  // b.plast
   843f8:	7101607f 	cmp	w3, #0x58
   843fc:	910203f8 	add	x24, sp, #0x80
   84400:	1a9f07e8 	cset	w8, ne	// ne = any
   84404:	531b0908 	ubfiz	w8, w8, #5, #3
   84408:	aa1803e7 	mov	x7, x24
   8440c:	1100dd08 	add	w8, w8, #0x37
   84410:	14000005 	b	84424 <CString::FormatV(char const*, std::__va_list)+0x504>
   84414:	9ac20823 	udiv	x3, x1, x2
   84418:	9b028461 	msub	x1, x3, x2, x1
   8441c:	9ac00842 	udiv	x2, x2, x0
   84420:	9ac20825 	udiv	x5, x1, x2
   84424:	1100c0a6 	add	w6, w5, #0x30
   84428:	0b050103 	add	w3, w8, w5
   8442c:	12001cc6 	and	w6, w6, #0xff
   84430:	12001c63 	and	w3, w3, #0xff
   84434:	f10024bf 	cmp	x5, #0x9
   84438:	1a868063 	csel	w3, w3, w6, hi	// hi = pmore
   8443c:	380014e3 	strb	w3, [x7], #1
   84440:	eb02001f 	cmp	x0, x2
   84444:	54fffe89 	b.ls	84414 <CString::FormatV(char const*, std::__va_list)+0x4f4>  // b.plast
   84448:	aa1803e0 	mov	x0, x24
   8444c:	390000ff 	strb	wzr, [x7]
   84450:	94000797 	bl	862ac <strlen>
   84454:	aa0003fc 	mov	x28, x0
   84458:	35000c14 	cbnz	w20, 845d8 <CString::FormatV(char const*, std::__va_list)+0x6b8>
   8445c:	eb1b001f 	cmp	x0, x27
   84460:	54000222 	b.cs	844a4 <CString::FormatV(char const*, std::__va_list)+0x584>  // b.hs, b.nlast
   84464:	52800600 	mov	w0, #0x30                  	// #48
   84468:	cb1c037b 	sub	x27, x27, x28
   8446c:	710002ff 	cmp	w23, #0x0
   84470:	52800414 	mov	w20, #0x20                  	// #32
   84474:	1a800294 	csel	w20, w20, w0, eq	// eq = none
   84478:	aa1b03e1 	mov	x1, x27
   8447c:	aa1a03e0 	mov	x0, x26
   84480:	97fffbbb 	bl	8336c <CString::ReserveSpace(unsigned long) [clone .part.0]>
   84484:	d1000762 	sub	x2, x27, #0x1
   84488:	f9400f40 	ldr	x0, [x26, #24]
   8448c:	d1000442 	sub	x2, x2, #0x1
   84490:	91000401 	add	x1, x0, #0x1
   84494:	f9000f41 	str	x1, [x26, #24]
   84498:	39000014 	strb	w20, [x0]
   8449c:	b100045f 	cmn	x2, #0x1
   844a0:	54ffff41 	b.ne	84488 <CString::FormatV(char const*, std::__va_list)+0x568>  // b.any
   844a4:	aa1803e0 	mov	x0, x24
   844a8:	94000781 	bl	862ac <strlen>
   844ac:	aa0003f4 	mov	x20, x0
   844b0:	b4000080 	cbz	x0, 844c0 <CString::FormatV(char const*, std::__va_list)+0x5a0>
   844b4:	aa0003e1 	mov	x1, x0
   844b8:	aa1a03e0 	mov	x0, x26
   844bc:	97fffbac 	bl	8336c <CString::ReserveSpace(unsigned long) [clone .part.0]>
   844c0:	f9400f40 	ldr	x0, [x26, #24]
   844c4:	aa1803e1 	mov	x1, x24
   844c8:	94000810 	bl	86508 <strcpy>
   844cc:	f9400f40 	ldr	x0, [x26, #24]
   844d0:	8b140000 	add	x0, x0, x20
   844d4:	f9000f40 	str	x0, [x26, #24]
   844d8:	17fffefa 	b	840c0 <CString::FormatV(char const*, std::__va_list)+0x1a0>
   844dc:	7101c07f 	cmp	w3, #0x70
   844e0:	54ffe1c1 	b.ne	84118 <CString::FormatV(char const*, std::__va_list)+0x1f8>  // b.any
   844e4:	52800039 	mov	w25, #0x1                   	// #1
   844e8:	b90073ff 	str	wzr, [sp, #112]
   844ec:	f0000078 	adrp	x24, 93000 <CExceptionHandler::Throw(unsigned int, TAbortFrame*)+0xc0>
   844f0:	9112c300 	add	x0, x24, #0x4b0
   844f4:	f90037e0 	str	x0, [sp, #104]
   844f8:	f94037e0 	ldr	x0, [sp, #104]
   844fc:	9400076c 	bl	862ac <strlen>
   84500:	aa0003f8 	mov	x24, x0
   84504:	b4000080 	cbz	x0, 84514 <CString::FormatV(char const*, std::__va_list)+0x5f4>
   84508:	aa0003e1 	mov	x1, x0
   8450c:	aa1a03e0 	mov	x0, x26
   84510:	97fffb97 	bl	8336c <CString::ReserveSpace(unsigned long) [clone .part.0]>
   84514:	f9400f40 	ldr	x0, [x26, #24]
   84518:	f94037e1 	ldr	x1, [sp, #104]
   8451c:	940007fb 	bl	86508 <strcpy>
   84520:	f9400f40 	ldr	x0, [x26, #24]
   84524:	8b180000 	add	x0, x0, x24
   84528:	f9000f40 	str	x0, [x26, #24]
   8452c:	d2800200 	mov	x0, #0x10                  	// #16
   84530:	39c00383 	ldrsb	w3, [x28]
   84534:	f9403be1 	ldr	x1, [sp, #112]
   84538:	3607f441 	tbz	w1, #0, 843c0 <CString::FormatV(char const*, std::__va_list)+0x4a0>
   8453c:	37f81b55 	tbnz	w21, #31, 848a4 <CString::FormatV(char const*, std::__va_list)+0x984>
   84540:	91003e62 	add	x2, x19, #0xf
   84544:	aa1303e1 	mov	x1, x19
   84548:	927df053 	and	x19, x2, #0xfffffffffffffff8
   8454c:	f9400026 	ldr	x6, [x1]
   84550:	d2800021 	mov	x1, #0x1                   	// #1
   84554:	eb0000df 	cmp	x6, x0
   84558:	54004003 	b.cc	84d58 <CString::FormatV(char const*, std::__va_list)+0xe38>  // b.lo, b.ul, b.last
   8455c:	d503201f 	nop
   84560:	9b007c21 	mul	x1, x1, x0
   84564:	9ac108c5 	udiv	x5, x6, x1
   84568:	eb0000bf 	cmp	x5, x0
   8456c:	54ffffa2 	b.cs	84560 <CString::FormatV(char const*, std::__va_list)+0x640>  // b.hs, b.nlast
   84570:	7101607f 	cmp	w3, #0x58
   84574:	910203f8 	add	x24, sp, #0x80
   84578:	1a9f07e8 	cset	w8, ne	// ne = any
   8457c:	531b0908 	ubfiz	w8, w8, #5, #3
   84580:	aa1803e7 	mov	x7, x24
   84584:	1100dd08 	add	w8, w8, #0x37
   84588:	14000005 	b	8459c <CString::FormatV(char const*, std::__va_list)+0x67c>
   8458c:	9ac108c2 	udiv	x2, x6, x1
   84590:	9b019846 	msub	x6, x2, x1, x6
   84594:	9ac00821 	udiv	x1, x1, x0
   84598:	9ac108c5 	udiv	x5, x6, x1
   8459c:	1100c0a3 	add	w3, w5, #0x30
   845a0:	0b050102 	add	w2, w8, w5
   845a4:	12001c63 	and	w3, w3, #0xff
   845a8:	12001c42 	and	w2, w2, #0xff
   845ac:	f10024bf 	cmp	x5, #0x9
   845b0:	1a838042 	csel	w2, w2, w3, hi	// hi = pmore
   845b4:	380014e2 	strb	w2, [x7], #1
   845b8:	eb00003f 	cmp	x1, x0
   845bc:	54fffe82 	b.cs	8458c <CString::FormatV(char const*, std::__va_list)+0x66c>  // b.hs, b.nlast
   845c0:	aa1803e0 	mov	x0, x24
   845c4:	390000ff 	strb	wzr, [x7]
   845c8:	aa1c03f9 	mov	x25, x28
   845cc:	94000738 	bl	862ac <strlen>
   845d0:	aa0003fc 	mov	x28, x0
   845d4:	34fff454 	cbz	w20, 8445c <CString::FormatV(char const*, std::__va_list)+0x53c>
   845d8:	aa1803e0 	mov	x0, x24
   845dc:	94000734 	bl	862ac <strlen>
   845e0:	aa0003f4 	mov	x20, x0
   845e4:	b4000080 	cbz	x0, 845f4 <CString::FormatV(char const*, std::__va_list)+0x6d4>
   845e8:	aa0003e1 	mov	x1, x0
   845ec:	aa1a03e0 	mov	x0, x26
   845f0:	97fffb5f 	bl	8336c <CString::ReserveSpace(unsigned long) [clone .part.0]>
   845f4:	f9400f40 	ldr	x0, [x26, #24]
   845f8:	aa1803e1 	mov	x1, x24
   845fc:	940007c3 	bl	86508 <strcpy>
   84600:	f9400f40 	ldr	x0, [x26, #24]
   84604:	8b140000 	add	x0, x0, x20
   84608:	f9000f40 	str	x0, [x26, #24]
   8460c:	eb1b039f 	cmp	x28, x27
   84610:	54ffd582 	b.cs	840c0 <CString::FormatV(char const*, std::__va_list)+0x1a0>  // b.hs, b.nlast
   84614:	cb1c037c 	sub	x28, x27, x28
   84618:	aa1a03e0 	mov	x0, x26
   8461c:	aa1c03e1 	mov	x1, x28
   84620:	97fffb53 	bl	8336c <CString::ReserveSpace(unsigned long) [clone .part.0]>
   84624:	d1000780 	sub	x0, x28, #0x1
   84628:	52800403 	mov	w3, #0x20                  	// #32
   8462c:	f9400f41 	ldr	x1, [x26, #24]
   84630:	d1000400 	sub	x0, x0, #0x1
   84634:	91000422 	add	x2, x1, #0x1
   84638:	f9000f42 	str	x2, [x26, #24]
   8463c:	39000023 	strb	w3, [x1]
   84640:	b100041f 	cmn	x0, #0x1
   84644:	54ffff41 	b.ne	8462c <CString::FormatV(char const*, std::__va_list)+0x70c>  // b.any
   84648:	17fffe9e 	b	840c0 <CString::FormatV(char const*, std::__va_list)+0x1a0>
   8464c:	d2800100 	mov	x0, #0x8                   	// #8
   84650:	35000d85 	cbnz	w5, 84800 <CString::FormatV(char const*, std::__va_list)+0x8e0>
   84654:	37f81395 	tbnz	w21, #31, 848c4 <CString::FormatV(char const*, std::__va_list)+0x9a4>
   84658:	91002e62 	add	x2, x19, #0xb
   8465c:	aa1303e1 	mov	x1, x19
   84660:	927df053 	and	x19, x2, #0xfffffffffffffff8
   84664:	b9400021 	ldr	w1, [x1]
   84668:	aa1c03f9 	mov	x25, x28
   8466c:	d2800022 	mov	x2, #0x1                   	// #1
   84670:	eb00003f 	cmp	x1, x0
   84674:	54ffeba2 	b.cs	843e8 <CString::FormatV(char const*, std::__va_list)+0x4c8>  // b.hs, b.nlast
   84678:	aa0103e5 	mov	x5, x1
   8467c:	17ffff5f 	b	843f8 <CString::FormatV(char const*, std::__va_list)+0x4d8>
   84680:	39c00783 	ldrsb	w3, [x28, #1]
   84684:	52800001 	mov	w1, #0x0                   	// #0
   84688:	9100079c 	add	x28, x28, #0x1
   8468c:	5100c060 	sub	w0, w3, #0x30
   84690:	12001c00 	and	w0, w0, #0xff
   84694:	7100241f 	cmp	w0, #0x9
   84698:	54ffcc28 	b.hi	8401c <CString::FormatV(char const*, std::__va_list)+0xfc>  // b.pmore
   8469c:	d503201f 	nop
   846a0:	0b010821 	add	w1, w1, w1, lsl #2
   846a4:	0b010461 	add	w1, w3, w1, lsl #1
   846a8:	38c01f83 	ldrsb	w3, [x28, #1]!
   846ac:	5100c021 	sub	w1, w1, #0x30
   846b0:	5100c060 	sub	w0, w3, #0x30
   846b4:	12001c00 	and	w0, w0, #0xff
   846b8:	7100241f 	cmp	w0, #0x9
   846bc:	54ffff29 	b.ls	846a0 <CString::FormatV(char const*, std::__va_list)+0x780>  // b.plast
   846c0:	17fffe57 	b	8401c <CString::FormatV(char const*, std::__va_list)+0xfc>
   846c4:	aa1c03f9 	mov	x25, x28
   846c8:	38c02f23 	ldrsb	w3, [x25, #2]!
   846cc:	7101bc7f 	cmp	w3, #0x6f
   846d0:	54003480 	b.eq	84d60 <CString::FormatV(char const*, std::__va_list)+0xe40>  // b.none
   846d4:	5400054c 	b.gt	8477c <CString::FormatV(char const*, std::__va_list)+0x85c>
   846d8:	7101907f 	cmp	w3, #0x64
   846dc:	540011c0 	b.eq	84914 <CString::FormatV(char const*, std::__va_list)+0x9f4>  // b.none
   846e0:	aa1903fc 	mov	x28, x25
   846e4:	5400110c 	b.gt	84904 <CString::FormatV(char const*, std::__va_list)+0x9e4>
   846e8:	7101607f 	cmp	w3, #0x58
   846ec:	54ffe301 	b.ne	8434c <CString::FormatV(char const*, std::__va_list)+0x42c>  // b.any
   846f0:	d2800200 	mov	x0, #0x10                  	// #16
   846f4:	34fff245 	cbz	w5, 8453c <CString::FormatV(char const*, std::__va_list)+0x61c>
   846f8:	f0000078 	adrp	x24, 93000 <CExceptionHandler::Throw(unsigned int, TAbortFrame*)+0xc0>
   846fc:	52800019 	mov	w25, #0x0                   	// #0
   84700:	b90073e5 	str	w5, [sp, #112]
   84704:	9112a300 	add	x0, x24, #0x4a8
   84708:	f90037e0 	str	x0, [sp, #104]
   8470c:	17ffff7b 	b	844f8 <CString::FormatV(char const*, std::__va_list)+0x5d8>
   84710:	37f81d15 	tbnz	w21, #31, 84ab0 <CString::FormatV(char const*, std::__va_list)+0xb90>
   84714:	91003e77 	add	x23, x19, #0xf
   84718:	927df2f7 	and	x23, x23, #0xfffffffffffffff8
   8471c:	f9400273 	ldr	x19, [x19]
   84720:	aa1303e0 	mov	x0, x19
   84724:	940006e2 	bl	862ac <strlen>
   84728:	aa0003f8 	mov	x24, x0
   8472c:	35002194 	cbnz	w20, 84b5c <CString::FormatV(char const*, std::__va_list)+0xc3c>
   84730:	eb1b001f 	cmp	x0, x27
   84734:	540009c3 	b.cc	8486c <CString::FormatV(char const*, std::__va_list)+0x94c>  // b.lo, b.ul, b.last
   84738:	aa1303e0 	mov	x0, x19
   8473c:	940006dc 	bl	862ac <strlen>
   84740:	aa0003f4 	mov	x20, x0
   84744:	b4000080 	cbz	x0, 84754 <CString::FormatV(char const*, std::__va_list)+0x834>
   84748:	aa0003e1 	mov	x1, x0
   8474c:	aa1a03e0 	mov	x0, x26
   84750:	97fffb07 	bl	8336c <CString::ReserveSpace(unsigned long) [clone .part.0]>
   84754:	f9400f40 	ldr	x0, [x26, #24]
   84758:	aa1303e1 	mov	x1, x19
   8475c:	9400076b 	bl	86508 <strcpy>
   84760:	f9400f40 	ldr	x0, [x26, #24]
   84764:	8b140000 	add	x0, x0, x20
   84768:	f9000f40 	str	x0, [x26, #24]
   8476c:	17ffff08 	b	8438c <CString::FormatV(char const*, std::__va_list)+0x46c>
   84770:	d2800200 	mov	x0, #0x10                  	// #16
   84774:	34ffee05 	cbz	w5, 84534 <CString::FormatV(char const*, std::__va_list)+0x614>
   84778:	17ffff5d 	b	844ec <CString::FormatV(char const*, std::__va_list)+0x5cc>
   8477c:	aa1903fc 	mov	x28, x25
   84780:	7101cc7f 	cmp	w3, #0x73
   84784:	54fffc60 	b.eq	84710 <CString::FormatV(char const*, std::__va_list)+0x7f0>  // b.none
   84788:	54ffeaad 	b.le	844dc <CString::FormatV(char const*, std::__va_list)+0x5bc>
   8478c:	d2800140 	mov	x0, #0xa                   	// #10
   84790:	7101d47f 	cmp	w3, #0x75
   84794:	54ffed40 	b.eq	8453c <CString::FormatV(char const*, std::__va_list)+0x61c>  // b.none
   84798:	52800020 	mov	w0, #0x1                   	// #1
   8479c:	52800019 	mov	w25, #0x0                   	// #0
   847a0:	b90073e0 	str	w0, [sp, #112]
   847a4:	17fffe5b 	b	84110 <CString::FormatV(char const*, std::__va_list)+0x1f0>
   847a8:	7101607f 	cmp	w3, #0x58
   847ac:	54ffdd01 	b.ne	8434c <CString::FormatV(char const*, std::__va_list)+0x42c>  // b.any
   847b0:	35003085 	cbnz	w5, 84dc0 <CString::FormatV(char const*, std::__va_list)+0xea0>
   847b4:	52800039 	mov	w25, #0x1                   	// #1
   847b8:	d2800200 	mov	x0, #0x10                  	// #16
   847bc:	3707e059 	tbnz	w25, #0, 843c4 <CString::FormatV(char const*, std::__va_list)+0x4a4>
   847c0:	17ffffa5 	b	84654 <CString::FormatV(char const*, std::__va_list)+0x734>
   847c4:	d1000761 	sub	x1, x27, #0x1
   847c8:	aa1a03e0 	mov	x0, x26
   847cc:	97fffae8 	bl	8336c <CString::ReserveSpace(unsigned long) [clone .part.0]>
   847d0:	d1000b7b 	sub	x27, x27, #0x2
   847d4:	52800402 	mov	w2, #0x20                  	// #32
   847d8:	d503201f 	nop
   847dc:	d503201f 	nop
   847e0:	f9400f40 	ldr	x0, [x26, #24]
   847e4:	d100077b 	sub	x27, x27, #0x1
   847e8:	91000401 	add	x1, x0, #0x1
   847ec:	f9000f41 	str	x1, [x26, #24]
   847f0:	39000002 	strb	w2, [x0]
   847f4:	b100077f 	cmn	x27, #0x1
   847f8:	54ffff41 	b.ne	847e0 <CString::FormatV(char const*, std::__va_list)+0x8c0>  // b.any
   847fc:	17fffedd 	b	84370 <CString::FormatV(char const*, std::__va_list)+0x450>
   84800:	52800019 	mov	w25, #0x0                   	// #0
   84804:	b90073ff 	str	wzr, [sp, #112]
   84808:	d2800021 	mov	x1, #0x1                   	// #1
   8480c:	aa1a03e0 	mov	x0, x26
   84810:	97fffad7 	bl	8336c <CString::ReserveSpace(unsigned long) [clone .part.0]>
   84814:	f9400f40 	ldr	x0, [x26, #24]
   84818:	91000401 	add	x1, x0, #0x1
   8481c:	f9000f41 	str	x1, [x26, #24]
   84820:	52800601 	mov	w1, #0x30                  	// #48
   84824:	39000001 	strb	w1, [x0]
   84828:	d2800100 	mov	x0, #0x8                   	// #8
   8482c:	39c00383 	ldrsb	w3, [x28]
   84830:	17ffff41 	b	84534 <CString::FormatV(char const*, std::__va_list)+0x614>
   84834:	cb000373 	sub	x19, x27, x0
   84838:	aa1a03e0 	mov	x0, x26
   8483c:	aa1303e1 	mov	x1, x19
   84840:	97fffacb 	bl	8336c <CString::ReserveSpace(unsigned long) [clone .part.0]>
   84844:	d1000660 	sub	x0, x19, #0x1
   84848:	52800403 	mov	w3, #0x20                  	// #32
   8484c:	f9400f41 	ldr	x1, [x26, #24]
   84850:	d1000400 	sub	x0, x0, #0x1
   84854:	91000422 	add	x2, x1, #0x1
   84858:	f9000f42 	str	x2, [x26, #24]
   8485c:	39000023 	strb	w3, [x1]
   84860:	b100041f 	cmn	x0, #0x1
   84864:	54ffff41 	b.ne	8484c <CString::FormatV(char const*, std::__va_list)+0x92c>  // b.any
   84868:	17fffe05 	b	8407c <CString::FormatV(char const*, std::__va_list)+0x15c>
   8486c:	cb000378 	sub	x24, x27, x0
   84870:	aa1a03e0 	mov	x0, x26
   84874:	aa1803e1 	mov	x1, x24
   84878:	97fffabd 	bl	8336c <CString::ReserveSpace(unsigned long) [clone .part.0]>
   8487c:	d1000700 	sub	x0, x24, #0x1
   84880:	52800403 	mov	w3, #0x20                  	// #32
   84884:	f9400f41 	ldr	x1, [x26, #24]
   84888:	d1000400 	sub	x0, x0, #0x1
   8488c:	91000422 	add	x2, x1, #0x1
   84890:	f9000f42 	str	x2, [x26, #24]
   84894:	39000023 	strb	w3, [x1]
   84898:	b100041f 	cmn	x0, #0x1
   8489c:	54ffff41 	b.ne	84884 <CString::FormatV(char const*, std::__va_list)+0x964>  // b.any
   848a0:	17ffffa6 	b	84738 <CString::FormatV(char const*, std::__va_list)+0x818>
   848a4:	110022a2 	add	w2, w21, #0x8
   848a8:	7100005f 	cmp	w2, #0x0
   848ac:	54001e6d 	b.le	84c78 <CString::FormatV(char const*, std::__va_list)+0xd58>
   848b0:	91003e65 	add	x5, x19, #0xf
   848b4:	aa1303e1 	mov	x1, x19
   848b8:	2a0203f5 	mov	w21, w2
   848bc:	927df0b3 	and	x19, x5, #0xfffffffffffffff8
   848c0:	17ffff23 	b	8454c <CString::FormatV(char const*, std::__va_list)+0x62c>
   848c4:	110022a2 	add	w2, w21, #0x8
   848c8:	7100005f 	cmp	w2, #0x0
   848cc:	54001c6d 	b.le	84c58 <CString::FormatV(char const*, std::__va_list)+0xd38>
   848d0:	91002e65 	add	x5, x19, #0xb
   848d4:	aa1303e1 	mov	x1, x19
   848d8:	2a0203f5 	mov	w21, w2
   848dc:	927df0b3 	and	x19, x5, #0xfffffffffffffff8
   848e0:	17ffff61 	b	84664 <CString::FormatV(char const*, std::__va_list)+0x744>
   848e4:	110022a2 	add	w2, w21, #0x8
   848e8:	7100005f 	cmp	w2, #0x0
   848ec:	54001bed 	b.le	84c68 <CString::FormatV(char const*, std::__va_list)+0xd48>
   848f0:	91003e65 	add	x5, x19, #0xf
   848f4:	aa1303e1 	mov	x1, x19
   848f8:	2a0203f5 	mov	w21, w2
   848fc:	927df0b3 	and	x19, x5, #0xfffffffffffffff8
   84900:	17fffeb5 	b	843d4 <CString::FormatV(char const*, std::__va_list)+0x4b4>
   84904:	7101987f 	cmp	w3, #0x66
   84908:	54ffb9e0 	b.eq	84044 <CString::FormatV(char const*, std::__va_list)+0x124>  // b.none
   8490c:	7101a47f 	cmp	w3, #0x69
   84910:	54ffc061 	b.ne	8411c <CString::FormatV(char const*, std::__va_list)+0x1fc>  // b.any
   84914:	37f81c55 	tbnz	w21, #31, 84c9c <CString::FormatV(char const*, std::__va_list)+0xd7c>
   84918:	91003e61 	add	x1, x19, #0xf
   8491c:	aa1303e0 	mov	x0, x19
   84920:	927df033 	and	x19, x1, #0xfffffffffffffff8
   84924:	f9400001 	ldr	x1, [x0]
   84928:	d2800020 	mov	x0, #0x1                   	// #1
   8492c:	f100003f 	cmp	x1, #0x0
   84930:	da81a421 	cneg	x1, x1, lt	// lt = tstop
   84934:	1a9fa7fc 	cset	w28, lt	// lt = tstop
   84938:	aa0103e5 	mov	x5, x1
   8493c:	f100243f 	cmp	x1, #0x9
   84940:	5400238d 	b.le	84db0 <CString::FormatV(char const*, std::__va_list)+0xe90>
   84944:	8b000800 	add	x0, x0, x0, lsl #2
   84948:	d37ff800 	lsl	x0, x0, #1
   8494c:	9ac00822 	udiv	x2, x1, x0
   84950:	f100245f 	cmp	x2, #0x9
   84954:	54ffff88 	b.hi	84944 <CString::FormatV(char const*, std::__va_list)+0xa24>  // b.pmore
   84958:	910203f8 	add	x24, sp, #0x80
   8495c:	b202e7e7 	mov	x7, #0xcccccccccccccccc    	// #-3689348814741910324
   84960:	aa1803e6 	mov	x6, x24
   84964:	f29999a7 	movk	x7, #0xcccd
   84968:	14000006 	b	84980 <CString::FormatV(char const*, std::__va_list)+0xa60>
   8496c:	9ac008a1 	udiv	x1, x5, x0
   84970:	9b009425 	msub	x5, x1, x0, x5
   84974:	9bc77c00 	umulh	x0, x0, x7
   84978:	d343fc00 	lsr	x0, x0, #3
   8497c:	9ac008a2 	udiv	x2, x5, x0
   84980:	1100c043 	add	w3, w2, #0x30
   84984:	11015c41 	add	w1, w2, #0x57
   84988:	12001c63 	and	w3, w3, #0xff
   8498c:	12001c21 	and	w1, w1, #0xff
   84990:	f100245f 	cmp	x2, #0x9
   84994:	1a838021 	csel	w1, w1, w3, hi	// hi = pmore
   84998:	380014c1 	strb	w1, [x6], #1
   8499c:	f100241f 	cmp	x0, #0x9
   849a0:	54fffe68 	b.hi	8496c <CString::FormatV(char const*, std::__va_list)+0xa4c>  // b.pmore
   849a4:	aa1803e0 	mov	x0, x24
   849a8:	390000df 	strb	wzr, [x6]
   849ac:	94000640 	bl	862ac <strlen>
   849b0:	aa0003e2 	mov	x2, x0
   849b4:	12000383 	and	w3, w28, #0x1
   849b8:	35ffc53c 	cbnz	w28, 8425c <CString::FormatV(char const*, std::__va_list)+0x33c>
   849bc:	35ffc694 	cbnz	w20, 8428c <CString::FormatV(char const*, std::__va_list)+0x36c>
   849c0:	350003f7 	cbnz	w23, 84a3c <CString::FormatV(char const*, std::__va_list)+0xb1c>
   849c4:	eb1b001f 	cmp	x0, x27
   849c8:	54ffd6e2 	b.cs	844a4 <CString::FormatV(char const*, std::__va_list)+0x584>  // b.hs, b.nlast
   849cc:	cb02037b 	sub	x27, x27, x2
   849d0:	aa1a03e0 	mov	x0, x26
   849d4:	b9006be3 	str	w3, [sp, #104]
   849d8:	aa1b03e1 	mov	x1, x27
   849dc:	97fffa64 	bl	8336c <CString::ReserveSpace(unsigned long) [clone .part.0]>
   849e0:	b9406be3 	ldr	w3, [sp, #104]
   849e4:	d1000760 	sub	x0, x27, #0x1
   849e8:	52800405 	mov	w5, #0x20                  	// #32
   849ec:	d1000400 	sub	x0, x0, #0x1
   849f0:	f9400f41 	ldr	x1, [x26, #24]
   849f4:	91000422 	add	x2, x1, #0x1
   849f8:	f9000f42 	str	x2, [x26, #24]
   849fc:	39000025 	strb	w5, [x1]
   84a00:	b100041f 	cmn	x0, #0x1
   84a04:	54ffff41 	b.ne	849ec <CString::FormatV(char const*, std::__va_list)+0xacc>  // b.any
   84a08:	34ffd4e3 	cbz	w3, 844a4 <CString::FormatV(char const*, std::__va_list)+0x584>
   84a0c:	140000c6 	b	84d24 <CString::FormatV(char const*, std::__va_list)+0xe04>
   84a10:	34001877 	cbz	w23, 84d1c <CString::FormatV(char const*, std::__va_list)+0xdfc>
   84a14:	d2800021 	mov	x1, #0x1                   	// #1
   84a18:	aa1a03e0 	mov	x0, x26
   84a1c:	f90037e2 	str	x2, [sp, #104]
   84a20:	97fffa53 	bl	8336c <CString::ReserveSpace(unsigned long) [clone .part.0]>
   84a24:	f9400f40 	ldr	x0, [x26, #24]
   84a28:	f94037e2 	ldr	x2, [sp, #104]
   84a2c:	91000401 	add	x1, x0, #0x1
   84a30:	f9000f41 	str	x1, [x26, #24]
   84a34:	528005a1 	mov	w1, #0x2d                  	// #45
   84a38:	39000001 	strb	w1, [x0]
   84a3c:	eb1b005f 	cmp	x2, x27
   84a40:	54ffd322 	b.cs	844a4 <CString::FormatV(char const*, std::__va_list)+0x584>  // b.hs, b.nlast
   84a44:	cb02037b 	sub	x27, x27, x2
   84a48:	aa1a03e0 	mov	x0, x26
   84a4c:	aa1b03e1 	mov	x1, x27
   84a50:	97fffa47 	bl	8336c <CString::ReserveSpace(unsigned long) [clone .part.0]>
   84a54:	d1000760 	sub	x0, x27, #0x1
   84a58:	52800603 	mov	w3, #0x30                  	// #48
   84a5c:	f9400f41 	ldr	x1, [x26, #24]
   84a60:	d1000400 	sub	x0, x0, #0x1
   84a64:	91000422 	add	x2, x1, #0x1
   84a68:	f9000f42 	str	x2, [x26, #24]
   84a6c:	39000023 	strb	w3, [x1]
   84a70:	b100041f 	cmn	x0, #0x1
   84a74:	54ffff41 	b.ne	84a5c <CString::FormatV(char const*, std::__va_list)+0xb3c>  // b.any
   84a78:	17fffe8b 	b	844a4 <CString::FormatV(char const*, std::__va_list)+0x584>
   84a7c:	52800000 	mov	w0, #0x0                   	// #0
   84a80:	7101a47f 	cmp	w3, #0x69
   84a84:	54ffb4a1 	b.ne	84118 <CString::FormatV(char const*, std::__va_list)+0x1f8>  // b.any
   84a88:	35ffb940 	cbnz	w0, 841b0 <CString::FormatV(char const*, std::__va_list)+0x290>
   84a8c:	1400006c 	b	84c3c <CString::FormatV(char const*, std::__va_list)+0xd1c>
   84a90:	b94067e0 	ldr	w0, [sp, #100]
   84a94:	11004000 	add	w0, w0, #0x10
   84a98:	7100001f 	cmp	w0, #0x0
   84a9c:	5400110d 	b.le	84cbc <CString::FormatV(char const*, std::__va_list)+0xd9c>
   84aa0:	91003e77 	add	x23, x19, #0xf
   84aa4:	b90067e0 	str	w0, [sp, #100]
   84aa8:	927df2f7 	and	x23, x23, #0xfffffffffffffff8
   84aac:	17fffd6a 	b	84054 <CString::FormatV(char const*, std::__va_list)+0x134>
   84ab0:	110022a0 	add	w0, w21, #0x8
   84ab4:	7100001f 	cmp	w0, #0x0
   84ab8:	540010ed 	b.le	84cd4 <CString::FormatV(char const*, std::__va_list)+0xdb4>
   84abc:	91003e77 	add	x23, x19, #0xf
   84ac0:	2a0003f5 	mov	w21, w0
   84ac4:	927df2f7 	and	x23, x23, #0xfffffffffffffff8
   84ac8:	17ffff15 	b	8471c <CString::FormatV(char const*, std::__va_list)+0x7fc>
   84acc:	110022a0 	add	w0, w21, #0x8
   84ad0:	7100001f 	cmp	w0, #0x0
   84ad4:	5400118d 	b.le	84d04 <CString::FormatV(char const*, std::__va_list)+0xde4>
   84ad8:	91002e77 	add	x23, x19, #0xb
   84adc:	2a0003f5 	mov	w21, w0
   84ae0:	927df2f7 	and	x23, x23, #0xfffffffffffffff8
   84ae4:	17fffe1f 	b	84360 <CString::FormatV(char const*, std::__va_list)+0x440>
   84ae8:	aa1803e0 	mov	x0, x24
   84aec:	940005f0 	bl	862ac <strlen>
   84af0:	aa0003f4 	mov	x20, x0
   84af4:	b4000080 	cbz	x0, 84b04 <CString::FormatV(char const*, std::__va_list)+0xbe4>
   84af8:	aa0003e1 	mov	x1, x0
   84afc:	aa1a03e0 	mov	x0, x26
   84b00:	97fffa1b 	bl	8336c <CString::ReserveSpace(unsigned long) [clone .part.0]>
   84b04:	f9400f40 	ldr	x0, [x26, #24]
   84b08:	aa1803e1 	mov	x1, x24
   84b0c:	9400067f 	bl	86508 <strcpy>
   84b10:	f9400f40 	ldr	x0, [x26, #24]
   84b14:	8b140000 	add	x0, x0, x20
   84b18:	f9000f40 	str	x0, [x26, #24]
   84b1c:	eb1b027f 	cmp	x19, x27
   84b20:	54ffc362 	b.cs	8438c <CString::FormatV(char const*, std::__va_list)+0x46c>  // b.hs, b.nlast
   84b24:	cb130373 	sub	x19, x27, x19
   84b28:	aa1a03e0 	mov	x0, x26
   84b2c:	aa1303e1 	mov	x1, x19
   84b30:	97fffa0f 	bl	8336c <CString::ReserveSpace(unsigned long) [clone .part.0]>
   84b34:	d1000660 	sub	x0, x19, #0x1
   84b38:	52800403 	mov	w3, #0x20                  	// #32
   84b3c:	f9400f41 	ldr	x1, [x26, #24]
   84b40:	d1000400 	sub	x0, x0, #0x1
   84b44:	91000422 	add	x2, x1, #0x1
   84b48:	f9000f42 	str	x2, [x26, #24]
   84b4c:	39000023 	strb	w3, [x1]
   84b50:	b100041f 	cmn	x0, #0x1
   84b54:	54ffff41 	b.ne	84b3c <CString::FormatV(char const*, std::__va_list)+0xc1c>  // b.any
   84b58:	17fffe0d 	b	8438c <CString::FormatV(char const*, std::__va_list)+0x46c>
   84b5c:	aa1303e0 	mov	x0, x19
   84b60:	940005d3 	bl	862ac <strlen>
   84b64:	aa0003f4 	mov	x20, x0
   84b68:	b4000080 	cbz	x0, 84b78 <CString::FormatV(char const*, std::__va_list)+0xc58>
   84b6c:	aa0003e1 	mov	x1, x0
   84b70:	aa1a03e0 	mov	x0, x26
   84b74:	97fff9fe 	bl	8336c <CString::ReserveSpace(unsigned long) [clone .part.0]>
   84b78:	f9400f40 	ldr	x0, [x26, #24]
   84b7c:	aa1303e1 	mov	x1, x19
   84b80:	94000662 	bl	86508 <strcpy>
   84b84:	f9400f40 	ldr	x0, [x26, #24]
   84b88:	8b140000 	add	x0, x0, x20
   84b8c:	f9000f40 	str	x0, [x26, #24]
   84b90:	eb1b031f 	cmp	x24, x27
   84b94:	54ffbfc2 	b.cs	8438c <CString::FormatV(char const*, std::__va_list)+0x46c>  // b.hs, b.nlast
   84b98:	cb180378 	sub	x24, x27, x24
   84b9c:	aa1a03e0 	mov	x0, x26
   84ba0:	aa1803e1 	mov	x1, x24
   84ba4:	97fff9f2 	bl	8336c <CString::ReserveSpace(unsigned long) [clone .part.0]>
   84ba8:	d1000700 	sub	x0, x24, #0x1
   84bac:	52800403 	mov	w3, #0x20                  	// #32
   84bb0:	f9400f41 	ldr	x1, [x26, #24]
   84bb4:	d1000400 	sub	x0, x0, #0x1
   84bb8:	91000422 	add	x2, x1, #0x1
   84bbc:	f9000f42 	str	x2, [x26, #24]
   84bc0:	39000023 	strb	w3, [x1]
   84bc4:	b100041f 	cmn	x0, #0x1
   84bc8:	54ffff41 	b.ne	84bb0 <CString::FormatV(char const*, std::__va_list)+0xc90>  // b.any
   84bcc:	17fffdf0 	b	8438c <CString::FormatV(char const*, std::__va_list)+0x46c>
   84bd0:	d2800021 	mov	x1, #0x1                   	// #1
   84bd4:	aa1a03e0 	mov	x0, x26
   84bd8:	97fff9e5 	bl	8336c <CString::ReserveSpace(unsigned long) [clone .part.0]>
   84bdc:	f9400f40 	ldr	x0, [x26, #24]
   84be0:	91000401 	add	x1, x0, #0x1
   84be4:	f9000f41 	str	x1, [x26, #24]
   84be8:	39000013 	strb	w19, [x0]
   84bec:	f100077f 	cmp	x27, #0x1
   84bf0:	54ffbce9 	b.ls	8438c <CString::FormatV(char const*, std::__va_list)+0x46c>  // b.plast
   84bf4:	d1000761 	sub	x1, x27, #0x1
   84bf8:	aa1a03e0 	mov	x0, x26
   84bfc:	97fff9dc 	bl	8336c <CString::ReserveSpace(unsigned long) [clone .part.0]>
   84c00:	d1000b7b 	sub	x27, x27, #0x2
   84c04:	52800402 	mov	w2, #0x20                  	// #32
   84c08:	f9400f40 	ldr	x0, [x26, #24]
   84c0c:	d100077b 	sub	x27, x27, #0x1
   84c10:	91000401 	add	x1, x0, #0x1
   84c14:	f9000f41 	str	x1, [x26, #24]
   84c18:	39000002 	strb	w2, [x0]
   84c1c:	b100077f 	cmn	x27, #0x1
   84c20:	54ffff41 	b.ne	84c08 <CString::FormatV(char const*, std::__va_list)+0xce8>  // b.any
   84c24:	17fffdda 	b	8438c <CString::FormatV(char const*, std::__va_list)+0x46c>
   84c28:	35000625 	cbnz	w5, 84cec <CString::FormatV(char const*, std::__va_list)+0xdcc>
   84c2c:	2a0503f9 	mov	w25, w5
   84c30:	d2800200 	mov	x0, #0x10                  	// #16
   84c34:	3707bc99 	tbnz	w25, #0, 843c4 <CString::FormatV(char const*, std::__va_list)+0x4a4>
   84c38:	17fffe87 	b	84654 <CString::FormatV(char const*, std::__va_list)+0x734>
   84c3c:	37f80ab5 	tbnz	w21, #31, 84d90 <CString::FormatV(char const*, std::__va_list)+0xe70>
   84c40:	91002e61 	add	x1, x19, #0xb
   84c44:	aa1303e0 	mov	x0, x19
   84c48:	927df033 	and	x19, x1, #0xfffffffffffffff8
   84c4c:	b9800001 	ldrsw	x1, [x0]
   84c50:	aa1c03f9 	mov	x25, x28
   84c54:	17fffd5d 	b	841c8 <CString::FormatV(char const*, std::__va_list)+0x2a8>
   84c58:	f9403fe1 	ldr	x1, [sp, #120]
   84c5c:	8b35c021 	add	x1, x1, w21, sxtw
   84c60:	2a0203f5 	mov	w21, w2
   84c64:	17fffe80 	b	84664 <CString::FormatV(char const*, std::__va_list)+0x744>
   84c68:	f9403fe1 	ldr	x1, [sp, #120]
   84c6c:	8b35c021 	add	x1, x1, w21, sxtw
   84c70:	2a0203f5 	mov	w21, w2
   84c74:	17fffdd8 	b	843d4 <CString::FormatV(char const*, std::__va_list)+0x4b4>
   84c78:	f9403fe1 	ldr	x1, [sp, #120]
   84c7c:	8b35c021 	add	x1, x1, w21, sxtw
   84c80:	2a0203f5 	mov	w21, w2
   84c84:	17fffe32 	b	8454c <CString::FormatV(char const*, std::__va_list)+0x62c>
   84c88:	d2800100 	mov	x0, #0x8                   	// #8
   84c8c:	34ffb9c5 	cbz	w5, 843c4 <CString::FormatV(char const*, std::__va_list)+0x4a4>
   84c90:	2a0503f9 	mov	w25, w5
   84c94:	b90073ff 	str	wzr, [sp, #112]
   84c98:	17fffedc 	b	84808 <CString::FormatV(char const*, std::__va_list)+0x8e8>
   84c9c:	110022a1 	add	w1, w21, #0x8
   84ca0:	7100003f 	cmp	w1, #0x0
   84ca4:	5400052d 	b.le	84d48 <CString::FormatV(char const*, std::__va_list)+0xe28>
   84ca8:	91003e62 	add	x2, x19, #0xf
   84cac:	aa1303e0 	mov	x0, x19
   84cb0:	2a0103f5 	mov	w21, w1
   84cb4:	927df053 	and	x19, x2, #0xfffffffffffffff8
   84cb8:	17ffff1b 	b	84924 <CString::FormatV(char const*, std::__va_list)+0xa04>
   84cbc:	f9400ac2 	ldr	x2, [x22, #16]
   84cc0:	aa1303f7 	mov	x23, x19
   84cc4:	b94067e3 	ldr	w3, [sp, #100]
   84cc8:	8b23c053 	add	x19, x2, w3, sxtw
   84ccc:	b90067e0 	str	w0, [sp, #100]
   84cd0:	17fffce1 	b	84054 <CString::FormatV(char const*, std::__va_list)+0x134>
   84cd4:	f9403fe1 	ldr	x1, [sp, #120]
   84cd8:	aa1303f7 	mov	x23, x19
   84cdc:	8b35c021 	add	x1, x1, w21, sxtw
   84ce0:	2a0003f5 	mov	w21, w0
   84ce4:	aa0103f3 	mov	x19, x1
   84ce8:	17fffe8d 	b	8471c <CString::FormatV(char const*, std::__va_list)+0x7fc>
   84cec:	f0000078 	adrp	x24, 93000 <CExceptionHandler::Throw(unsigned int, TAbortFrame*)+0xc0>
   84cf0:	52800019 	mov	w25, #0x0                   	// #0
   84cf4:	b90073ff 	str	wzr, [sp, #112]
   84cf8:	9112a300 	add	x0, x24, #0x4a8
   84cfc:	f90037e0 	str	x0, [sp, #104]
   84d00:	17fffdfe 	b	844f8 <CString::FormatV(char const*, std::__va_list)+0x5d8>
   84d04:	f9403fe1 	ldr	x1, [sp, #120]
   84d08:	aa1303f7 	mov	x23, x19
   84d0c:	8b35c021 	add	x1, x1, w21, sxtw
   84d10:	2a0003f5 	mov	w21, w0
   84d14:	aa0103f3 	mov	x19, x1
   84d18:	17fffd92 	b	84360 <CString::FormatV(char const*, std::__va_list)+0x440>
   84d1c:	eb1b005f 	cmp	x2, x27
   84d20:	54ffe563 	b.cc	849cc <CString::FormatV(char const*, std::__va_list)+0xaac>  // b.lo, b.ul, b.last
   84d24:	d2800021 	mov	x1, #0x1                   	// #1
   84d28:	aa1a03e0 	mov	x0, x26
   84d2c:	97fff990 	bl	8336c <CString::ReserveSpace(unsigned long) [clone .part.0]>
   84d30:	f9400f40 	ldr	x0, [x26, #24]
   84d34:	91000401 	add	x1, x0, #0x1
   84d38:	f9000f41 	str	x1, [x26, #24]
   84d3c:	528005a1 	mov	w1, #0x2d                  	// #45
   84d40:	39000001 	strb	w1, [x0]
   84d44:	17fffdd8 	b	844a4 <CString::FormatV(char const*, std::__va_list)+0x584>
   84d48:	f9403fe0 	ldr	x0, [sp, #120]
   84d4c:	8b35c000 	add	x0, x0, w21, sxtw
   84d50:	2a0103f5 	mov	w21, w1
   84d54:	17fffef4 	b	84924 <CString::FormatV(char const*, std::__va_list)+0xa04>
   84d58:	aa0603e5 	mov	x5, x6
   84d5c:	17fffe05 	b	84570 <CString::FormatV(char const*, std::__va_list)+0x650>
   84d60:	35000445 	cbnz	w5, 84de8 <CString::FormatV(char const*, std::__va_list)+0xec8>
   84d64:	aa1903fc 	mov	x28, x25
   84d68:	d2800100 	mov	x0, #0x8                   	// #8
   84d6c:	17fffdf4 	b	8453c <CString::FormatV(char const*, std::__va_list)+0x61c>
   84d70:	110022a1 	add	w1, w21, #0x8
   84d74:	7100003f 	cmp	w1, #0x0
   84d78:	5400040d 	b.le	84df8 <CString::FormatV(char const*, std::__va_list)+0xed8>
   84d7c:	91003e62 	add	x2, x19, #0xf
   84d80:	aa1303e0 	mov	x0, x19
   84d84:	2a0103f5 	mov	w21, w1
   84d88:	927df053 	and	x19, x2, #0xfffffffffffffff8
   84d8c:	17fffd0d 	b	841c0 <CString::FormatV(char const*, std::__va_list)+0x2a0>
   84d90:	110022a1 	add	w1, w21, #0x8
   84d94:	7100003f 	cmp	w1, #0x0
   84d98:	5400020d 	b.le	84dd8 <CString::FormatV(char const*, std::__va_list)+0xeb8>
   84d9c:	91002e62 	add	x2, x19, #0xb
   84da0:	aa1303e0 	mov	x0, x19
   84da4:	2a0103f5 	mov	w21, w1
   84da8:	927df053 	and	x19, x2, #0xfffffffffffffff8
   84dac:	17ffffa8 	b	84c4c <CString::FormatV(char const*, std::__va_list)+0xd2c>
   84db0:	aa0103e2 	mov	x2, x1
   84db4:	17fffee9 	b	84958 <CString::FormatV(char const*, std::__va_list)+0xa38>
   84db8:	aa0103e2 	mov	x2, x1
   84dbc:	17fffd0f 	b	841f8 <CString::FormatV(char const*, std::__va_list)+0x2d8>
   84dc0:	f0000078 	adrp	x24, 93000 <CExceptionHandler::Throw(unsigned int, TAbortFrame*)+0xc0>
   84dc4:	2a0503f9 	mov	w25, w5
   84dc8:	b90073ff 	str	wzr, [sp, #112]
   84dcc:	9112a300 	add	x0, x24, #0x4a8
   84dd0:	f90037e0 	str	x0, [sp, #104]
   84dd4:	17fffdc9 	b	844f8 <CString::FormatV(char const*, std::__va_list)+0x5d8>
   84dd8:	f9403fe0 	ldr	x0, [sp, #120]
   84ddc:	8b35c000 	add	x0, x0, w21, sxtw
   84de0:	2a0103f5 	mov	w21, w1
   84de4:	17ffff9a 	b	84c4c <CString::FormatV(char const*, std::__va_list)+0xd2c>
   84de8:	aa1903fc 	mov	x28, x25
   84dec:	52800019 	mov	w25, #0x0                   	// #0
   84df0:	b90073e5 	str	w5, [sp, #112]
   84df4:	17fffe85 	b	84808 <CString::FormatV(char const*, std::__va_list)+0x8e8>
   84df8:	f9403fe0 	ldr	x0, [sp, #120]
   84dfc:	8b35c000 	add	x0, x0, w21, sxtw
   84e00:	2a0103f5 	mov	w21, w1
   84e04:	17fffcef 	b	841c0 <CString::FormatV(char const*, std::__va_list)+0x2a0>

0000000000084e08 <CString::Format(char const*, ...)>:
   84e08:	a9b07bfd 	stp	x29, x30, [sp, #-256]!
   84e0c:	910003fd 	mov	x29, sp
   84e10:	a90d0fe2 	stp	x2, x3, [sp, #208]
   84e14:	910403e2 	add	x2, sp, #0x100
   84e18:	a9030be2 	stp	x2, x2, [sp, #48]
   84e1c:	910343e2 	add	x2, sp, #0xd0
   84e20:	f90023e2 	str	x2, [sp, #64]
   84e24:	128005e2 	mov	w2, #0xffffffd0            	// #-48
   84e28:	ad0287e0 	stp	q0, q1, [sp, #80]
   84e2c:	b9004be2 	str	w2, [sp, #72]
   84e30:	12800fe2 	mov	w2, #0xffffff80            	// #-128
   84e34:	ad038fe2 	stp	q2, q3, [sp, #112]
   84e38:	b9004fe2 	str	w2, [sp, #76]
   84e3c:	a9430fe2 	ldp	x2, x3, [sp, #48]
   84e40:	ad0497e4 	stp	q4, q5, [sp, #144]
   84e44:	a9010fe2 	stp	x2, x3, [sp, #16]
   84e48:	a9440fe2 	ldp	x2, x3, [sp, #64]
   84e4c:	ad059fe6 	stp	q6, q7, [sp, #176]
   84e50:	a9020fe2 	stp	x2, x3, [sp, #32]
   84e54:	910043e2 	add	x2, sp, #0x10
   84e58:	a90e17e4 	stp	x4, x5, [sp, #224]
   84e5c:	a90f1fe6 	stp	x6, x7, [sp, #240]
   84e60:	97fffc30 	bl	83f20 <CString::FormatV(char const*, std::__va_list)>
   84e64:	a8d07bfd 	ldp	x29, x30, [sp], #256
   84e68:	d65f03c0 	ret
	...

0000000000084e80 <__aeabi_atexit>:
   84e80:	d65f03c0 	ret

0000000000084e84 <__cxa_atexit>:
   84e84:	d65f03c0 	ret

0000000000084e88 <__errno>:
   84e88:	d0000080 	adrp	x0, 96000 <vtable for CDevice+0x4a8>
   84e8c:	912ac000 	add	x0, x0, #0xab0
   84e90:	d65f03c0 	ret
   84e94:	d503201f 	nop
   84e98:	d503201f 	nop
   84e9c:	d503201f 	nop

0000000000084ea0 <set_qemu_exit_status>:
   84ea0:	d65f03c0 	ret

0000000000084ea4 <__GetCurrentStackNoWeak>:
   84ea4:	d10043ff 	sub	sp, sp, #0x10
   84ea8:	d5384000 	mrs	x0, spsr_el1
   84eac:	92400c00 	and	x0, x0, #0xf
   84eb0:	d2a00041 	mov	x1, #0x20000               	// #131072
   84eb4:	f100141f 	cmp	x0, #0x5
   84eb8:	d2900000 	mov	x0, #0x8000                	// #32768
   84ebc:	9a801021 	csel	x1, x1, x0, ne	// ne = any
   84ec0:	910043ff 	add	sp, sp, #0x10
   84ec4:	914c0022 	add	x2, x1, #0x300, lsl #12
   84ec8:	d2a00540 	mov	x0, #0x2a0000              	// #2752512
   84ecc:	9a800040 	csel	x0, x2, x0, eq	// eq = none
   84ed0:	d65f03c0 	ret
   84ed4:	d503201f 	nop
   84ed8:	d503201f 	nop
   84edc:	d503201f 	nop

0000000000084ee0 <GetCurrentStack>:
   84ee0:	d10043ff 	sub	sp, sp, #0x10
   84ee4:	d5384000 	mrs	x0, spsr_el1
   84ee8:	92400c00 	and	x0, x0, #0xf
   84eec:	d2a00041 	mov	x1, #0x20000               	// #131072
   84ef0:	f100141f 	cmp	x0, #0x5
   84ef4:	d2900000 	mov	x0, #0x8000                	// #32768
   84ef8:	9a801021 	csel	x1, x1, x0, ne	// ne = any
   84efc:	910043ff 	add	sp, sp, #0x10
   84f00:	914c0022 	add	x2, x1, #0x300, lsl #12
   84f04:	d2a00540 	mov	x0, #0x2a0000              	// #2752512
   84f08:	9a800040 	csel	x0, x2, x0, eq	// eq = none
   84f0c:	d65f03c0 	ret

0000000000084f10 <halt>:
   84f10:	d50342df 	msr	daifset, #0x2
   84f14:	d50341df 	msr	daifset, #0x1
   84f18:	d503201f 	nop
   84f1c:	d503201f 	nop
   84f20:	d5033f9f 	dsb	sy
   84f24:	d503207f 	wfi
   84f28:	17fffffe 	b	84f20 <halt+0x10>

0000000000084f2c <error_halt>:
   84f2c:	a9bd7bfd 	stp	x29, x30, [sp, #-48]!
   84f30:	910003fd 	mov	x29, sp
   84f34:	52800001 	mov	w1, #0x0                   	// #0
   84f38:	f9000bf3 	str	x19, [sp, #16]
   84f3c:	2a0003f3 	mov	w19, w0
   84f40:	9100a3e0 	add	x0, sp, #0x28
   84f44:	97ffeebf 	bl	80a40 <CActLED::CActLED(bool)>
   84f48:	9100a3e0 	add	x0, sp, #0x28
   84f4c:	52802583 	mov	w3, #0x12c                 	// #300
   84f50:	52800c82 	mov	w2, #0x64                  	// #100
   84f54:	2a1303e1 	mov	w1, w19
   84f58:	97ffeee3 	bl	80ae4 <CActLED::Blink(unsigned int, unsigned int, unsigned int)>
   84f5c:	52807d00 	mov	w0, #0x3e8                 	// #1000
   84f60:	94000430 	bl	86020 <CTimer::SimpleMsDelay(unsigned int)>
   84f64:	17fffff9 	b	84f48 <error_halt+0x1c>

0000000000084f68 <reboot>:
   84f68:	d2800480 	mov	x0, #0x24                  	// #36
   84f6c:	52800021 	mov	w1, #0x1                   	// #1
   84f70:	f2afa400 	movk	x0, #0x7d20, lsl #16
   84f74:	72ab4001 	movk	w1, #0x5a00, lsl #16
   84f78:	f2c00200 	movk	x0, #0x10, lsl #32
   84f7c:	b9000001 	str	w1, [x0]
   84f80:	d1002000 	sub	x0, x0, #0x8
   84f84:	11007c21 	add	w1, w1, #0x1f
   84f88:	b9000001 	str	w1, [x0]
   84f8c:	14000000 	b	84f8c <reboot+0x24>

0000000000084f90 <poweroff>:
   84f90:	d2800100 	mov	x0, #0x8                   	// #8
   84f94:	f2b08000 	movk	x0, #0x8400, lsl #16
   84f98:	aa0003e0 	mov	x0, x0
   84f9c:	d4000003 	smc	#0x0
   84fa0:	14000000 	b	84fa0 <poweroff+0x10>

0000000000084fa4 <is_power_button_pressed>:
   84fa4:	a9bc7bfd 	stp	x29, x30, [sp, #-64]!
   84fa8:	910003fd 	mov	x29, sp
   84fac:	a9025bf5 	stp	x21, x22, [sp, #32]
   84fb0:	d290a095 	mov	x21, #0x8504                	// #34052
   84fb4:	f2afaa15 	movk	x21, #0x7d50, lsl #16
   84fb8:	f2c00215 	movk	x21, #0x10, lsl #32
   84fbc:	a90153f3 	stp	x19, x20, [sp, #16]
   84fc0:	b94002a0 	ldr	w0, [x21]
   84fc4:	52800013 	mov	w19, #0x0                   	// #0
   84fc8:	36a000c0 	tbz	w0, #20, 84fe0 <is_power_button_pressed+0x3c>
   84fcc:	2a1303e0 	mov	w0, w19
   84fd0:	a94153f3 	ldp	x19, x20, [sp, #16]
   84fd4:	a9425bf5 	ldp	x21, x22, [sp, #32]
   84fd8:	a8c47bfd 	ldp	x29, x30, [sp], #64
   84fdc:	d65f03c0 	ret
   84fe0:	94000108 	bl	85400 <CTimer::GetClockTicks()>
   84fe4:	2a0003f4 	mov	w20, w0
   84fe8:	52800033 	mov	w19, #0x1                   	// #1
   84fec:	529869f6 	mov	w22, #0xc34f                	// #49999
   84ff0:	94000104 	bl	85400 <CTimer::GetClockTicks()>
   84ff4:	4b140000 	sub	w0, w0, w20
   84ff8:	6b16001f 	cmp	w0, w22
   84ffc:	54fffe88 	b.hi	84fcc <is_power_button_pressed+0x28>  // b.pmore
   85000:	b94002a1 	ldr	w1, [x21]
   85004:	d3545021 	ubfx	x1, x1, #20, #1
   85008:	52000021 	eor	w1, w1, #0x1
   8500c:	12001c21 	and	w1, w1, #0xff
   85010:	6b13003f 	cmp	w1, w19
   85014:	54fffee0 	b.eq	84ff0 <is_power_button_pressed+0x4c>  // b.none
   85018:	b9003fe1 	str	w1, [sp, #60]
   8501c:	940000f9 	bl	85400 <CTimer::GetClockTicks()>
   85020:	b9403ff3 	ldr	w19, [sp, #60]
   85024:	2a0003f4 	mov	w20, w0
   85028:	17fffff2 	b	84ff0 <is_power_button_pressed+0x4c>

000000000008502c <sysinit>:
   8502c:	d2850a0c 	mov	x12, #0x2850                	// #10320
   85030:	cb2c63ff 	sub	sp, sp, x12
   85034:	a9007bfd 	stp	x29, x30, [sp]
   85038:	910003fd 	mov	x29, sp
   8503c:	a90153f3 	stp	x19, x20, [sp, #16]
   85040:	f90013f5 	str	x21, [sp, #32]
   85044:	d50341ff 	msr	daifclr, #0x1
   85048:	d50342ff 	msr	daifclr, #0x2
   8504c:	b0000080 	adrp	x0, 96000 <vtable for CDevice+0x4a8>
   85050:	b0000082 	adrp	x2, 96000 <vtable for CDevice+0x4a8>
   85054:	912a4000 	add	x0, x0, #0xa90
   85058:	91318042 	add	x2, x2, #0xc60
   8505c:	cb000042 	sub	x2, x2, x0
   85060:	52800001 	mov	w1, #0x0                   	// #0
   85064:	94000655 	bl	869b8 <memset>
   85068:	b0000080 	adrp	x0, 96000 <vtable for CDevice+0x4a8>
   8506c:	b0000082 	adrp	x2, 96000 <vtable for CDevice+0x4a8>
   85070:	91318000 	add	x0, x0, #0xc60
   85074:	91318042 	add	x2, x2, #0xc60
   85078:	cb000042 	sub	x2, x2, x0
   8507c:	52800001 	mov	w1, #0x0                   	// #0
   85080:	9400064e 	bl	869b8 <memset>
   85084:	b0000080 	adrp	x0, 96000 <vtable for CDevice+0x4a8>
   85088:	91318000 	add	x0, x0, #0xc60
   8508c:	f14a001f 	cmp	x0, #0x280, lsl #12
   85090:	54000708 	b.hi	85170 <sysinit+0x144>  // b.pmore
   85094:	52800021 	mov	w1, #0x1                   	// #1
   85098:	9103e3e0 	add	x0, sp, #0xf8
   8509c:	9400094b 	bl	875c8 <CMemorySystem::CMemorySystem(bool)>
   850a0:	910143e0 	add	x0, sp, #0x50
   850a4:	97fff4e1 	bl	82428 <CMachineInfo::CMachineInfo()>
   850a8:	9103e3e0 	add	x0, sp, #0xf8
   850ac:	940008ed 	bl	87460 <CMemorySystem::SetupHighMem()>
   850b0:	9100c3e0 	add	x0, sp, #0x30
   850b4:	97fff8d5 	bl	83408 <CString::CString()>
   850b8:	d0000061 	adrp	x1, 93000 <CExceptionHandler::Throw(unsigned int, TAbortFrame*)+0xc0>
   850bc:	52800662 	mov	w2, #0x33                  	// #51
   850c0:	9112e021 	add	x1, x1, #0x4b8
   850c4:	9100c3e0 	add	x0, sp, #0x30
   850c8:	97ffff50 	bl	84e08 <CString::Format(char const*, ...)>
   850cc:	9100c3e0 	add	x0, sp, #0x30
   850d0:	97fff908 	bl	834f0 <CString::operator char const*() const>
   850d4:	aa0003e1 	mov	x1, x0
   850d8:	b0000080 	adrp	x0, 96000 <vtable for CDevice+0x4a8>
   850dc:	912ac000 	add	x0, x0, #0xab0
   850e0:	91002000 	add	x0, x0, #0x8
   850e4:	94000509 	bl	86508 <strcpy>
   850e8:	912143e0 	add	x0, sp, #0x850
   850ec:	94000c9d 	bl	88360 <CInterruptSystem::CInterruptSystem()>
   850f0:	912143e0 	add	x0, sp, #0x850
   850f4:	94000cc3 	bl	88400 <CInterruptSystem::Initialize()>
   850f8:	37000060 	tbnz	w0, #0, 85104 <sysinit+0xd8>
   850fc:	52800040 	mov	w0, #0x2                   	// #2
   85100:	97ffff8b 	bl	84f2c <error_halt>
   85104:	9110a3e0 	add	x0, sp, #0x428
   85108:	912143e1 	add	x1, sp, #0x850
   8510c:	94001165 	bl	896a0 <CSouthbridge::CSouthbridge(CInterruptSystem*)>
   85110:	9110a3e0 	add	x0, sp, #0x428
   85114:	940011b3 	bl	897e0 <CSouthbridge::Initialize()>
   85118:	360002e0 	tbz	w0, #0, 85174 <sysinit+0x148>
   8511c:	b0000095 	adrp	x21, 96000 <vtable for CDevice+0x4a8>
   85120:	b0000080 	adrp	x0, 96000 <vtable for CDevice+0x4a8>
   85124:	912602b5 	add	x21, x21, #0x980
   85128:	91262000 	add	x0, x0, #0x988
   8512c:	eb0002bf 	cmp	x21, x0
   85130:	54000162 	b.cs	8515c <sysinit+0x130>  // b.hs, b.nlast
   85134:	d1000414 	sub	x20, x0, #0x1
   85138:	d2800013 	mov	x19, #0x0                   	// #0
   8513c:	cb150294 	sub	x20, x20, x21
   85140:	d343fe94 	lsr	x20, x20, #3
   85144:	91000694 	add	x20, x20, #0x1
   85148:	f8737aa0 	ldr	x0, [x21, x19, lsl #3]
   8514c:	91000673 	add	x19, x19, #0x1
   85150:	d63f0000 	blr	x0
   85154:	eb14027f 	cmp	x19, x20
   85158:	54ffff81 	b.ne	85148 <sysinit+0x11c>  // b.any
   8515c:	97ffeda9 	bl	80800 <main>
   85160:	7100041f 	cmp	w0, #0x1
   85164:	540000e0 	b.eq	85180 <sysinit+0x154>  // b.none
   85168:	7100081f 	cmp	w0, #0x2
   8516c:	54000080 	b.eq	8517c <sysinit+0x150>  // b.none
   85170:	97ffff68 	bl	84f10 <halt>
   85174:	52800060 	mov	w0, #0x3                   	// #3
   85178:	97ffff6d 	bl	84f2c <error_halt>
   8517c:	97ffff85 	bl	84f90 <poweroff>
   85180:	94000663 	bl	86b0c <IsChainBootEnabled>
   85184:	37000040 	tbnz	w0, #0, 8518c <sysinit+0x160>
   85188:	97ffff78 	bl	84f68 <reboot>
   8518c:	912143e0 	add	x0, sp, #0x850
   85190:	94000c90 	bl	883d0 <CInterruptSystem::Destructor()>
   85194:	9103e3e0 	add	x0, sp, #0xf8
   85198:	9400088a 	bl	873c0 <CMemorySystem::Destructor()>
   8519c:	d50341df 	msr	daifset, #0x1
   851a0:	94000660 	bl	86b20 <DoChainBoot>
   851a4:	97ffff71 	bl	84f68 <reboot>
	...

00000000000851c0 <CTimer::CTimer(CInterruptSystem*)>:
   851c0:	a9be7bfd 	stp	x29, x30, [sp, #-32]!
   851c4:	910003fd 	mov	x29, sp
   851c8:	f9000bf3 	str	x19, [sp, #16]
   851cc:	aa0003f3 	mov	x19, x0
   851d0:	b9000c1f 	str	wzr, [x0, #12]
   851d4:	b900101f 	str	wzr, [x0, #16]
   851d8:	f9000001 	str	x1, [x0]
   851dc:	b900141f 	str	wzr, [x0, #20]
   851e0:	d2800020 	mov	x0, #0x1                   	// #1
   851e4:	f9000e60 	str	x0, [x19, #24]
   851e8:	91008260 	add	x0, x19, #0x20
   851ec:	94001f75 	bl	8cfc0 <CPtrList::CPtrList()>
   851f0:	d2800020 	mov	x0, #0x1                   	// #1
   851f4:	f9001e7f 	str	xzr, [x19, #56]
   851f8:	f2c1a800 	movk	x0, #0xd40, lsl #32
   851fc:	b900627f 	str	wzr, [x19, #96]
   85200:	f2e00060 	movk	x0, #0x3, lsl #48
   85204:	f9001660 	str	x0, [x19, #40]
   85208:	52801900 	mov	w0, #0xc8                  	// #200
   8520c:	b9003260 	str	w0, [x19, #48]
   85210:	b0000080 	adrp	x0, 96000 <vtable for CDevice+0x4a8>
   85214:	f9456801 	ldr	x1, [x0, #2768]
   85218:	b50000a1 	cbnz	x1, 8522c <CTimer::CTimer(CInterruptSystem*)+0x6c>
   8521c:	f9056813 	str	x19, [x0, #2768]
   85220:	f9400bf3 	ldr	x19, [sp, #16]
   85224:	a8c27bfd 	ldp	x29, x30, [sp], #32
   85228:	d65f03c0 	ret
   8522c:	d0000061 	adrp	x1, 93000 <CExceptionHandler::Throw(unsigned int, TAbortFrame*)+0xc0>
   85230:	d0000060 	adrp	x0, 93000 <CExceptionHandler::Throw(unsigned int, TAbortFrame*)+0xc0>
   85234:	52800802 	mov	w2, #0x40                  	// #64
   85238:	91130021 	add	x1, x1, #0x4c0
   8523c:	91134000 	add	x0, x0, #0x4d0
   85240:	94001378 	bl	8a020 <assertion_failed>

0000000000085244 <CTimer::~CTimer()>:
   85244:	a9bd7bfd 	stp	x29, x30, [sp, #-48]!
   85248:	910003fd 	mov	x29, sp
   8524c:	a90153f3 	stp	x19, x20, [sp, #16]
   85250:	a9025bf5 	stp	x21, x22, [sp, #32]
   85254:	aa0003f5 	mov	x21, x0
   85258:	f9400000 	ldr	x0, [x0]
   8525c:	b40005e0 	cbz	x0, 85318 <CTimer::~CTimer()+0xd4>
   85260:	d2800001 	mov	x1, #0x0                   	// #0
   85264:	d51be221 	msr	cntp_ctl_el0, x1
   85268:	528003c1 	mov	w1, #0x1e                  	// #30
   8526c:	910082b5 	add	x21, x21, #0x20
   85270:	94000d8f 	bl	888ac <CInterruptSystem::DisconnectIRQ(unsigned int)>
   85274:	aa1503e0 	mov	x0, x21
   85278:	5289a876 	mov	w22, #0x4d43                	// #19779
   8527c:	94001f61 	bl	8d000 <CPtrList::GetFirst() const>
   85280:	72a96a96 	movk	w22, #0x4b54, lsl #16
   85284:	aa0003f4 	mov	x20, x0
   85288:	b4000220 	cbz	x0, 852cc <CTimer::~CTimer()+0x88>
   8528c:	94001f76 	bl	8d064 <CPtrList::GetPtr(TPtrListElement*)>
   85290:	aa0003f3 	mov	x19, x0
   85294:	b40002a0 	cbz	x0, 852e8 <CTimer::~CTimer()+0xa4>
   85298:	b9400000 	ldr	w0, [x0]
   8529c:	6b16001f 	cmp	w0, w22
   852a0:	54000301 	b.ne	85300 <CTimer::~CTimer()+0xbc>  // b.any
   852a4:	aa1403e1 	mov	x1, x20
   852a8:	aa1503e0 	mov	x0, x21
   852ac:	94002005 	bl	8d2c0 <CPtrList::Remove(TPtrListElement*)>
   852b0:	d2800501 	mov	x1, #0x28                  	// #40
   852b4:	aa1303e0 	mov	x0, x19
   852b8:	9400068e 	bl	86cf0 <operator delete(void*, unsigned long)>
   852bc:	aa1503e0 	mov	x0, x21
   852c0:	94001f50 	bl	8d000 <CPtrList::GetFirst() const>
   852c4:	aa0003f4 	mov	x20, x0
   852c8:	b5fffe20 	cbnz	x0, 8528c <CTimer::~CTimer()+0x48>
   852cc:	b0000080 	adrp	x0, 96000 <vtable for CDevice+0x4a8>
   852d0:	a94153f3 	ldp	x19, x20, [sp, #16]
   852d4:	f905681f 	str	xzr, [x0, #2768]
   852d8:	aa1503e0 	mov	x0, x21
   852dc:	a9425bf5 	ldp	x21, x22, [sp, #32]
   852e0:	a8c37bfd 	ldp	x29, x30, [sp], #48
   852e4:	14001f39 	b	8cfc8 <CPtrList::~CPtrList()>
   852e8:	d0000061 	adrp	x1, 93000 <CExceptionHandler::Throw(unsigned int, TAbortFrame*)+0xc0>
   852ec:	d0000060 	adrp	x0, 93000 <CExceptionHandler::Throw(unsigned int, TAbortFrame*)+0xc0>
   852f0:	52800ae2 	mov	w2, #0x57                  	// #87
   852f4:	91130021 	add	x1, x1, #0x4c0
   852f8:	9113e000 	add	x0, x0, #0x4f8
   852fc:	94001349 	bl	8a020 <assertion_failed>
   85300:	d0000061 	adrp	x1, 93000 <CExceptionHandler::Throw(unsigned int, TAbortFrame*)+0xc0>
   85304:	d0000060 	adrp	x0, 93000 <CExceptionHandler::Throw(unsigned int, TAbortFrame*)+0xc0>
   85308:	52800b02 	mov	w2, #0x58                  	// #88
   8530c:	91130021 	add	x1, x1, #0x4c0
   85310:	91142000 	add	x0, x0, #0x508
   85314:	94001343 	bl	8a020 <assertion_failed>
   85318:	d0000061 	adrp	x1, 93000 <CExceptionHandler::Throw(unsigned int, TAbortFrame*)+0xc0>
   8531c:	d0000060 	adrp	x0, 93000 <CExceptionHandler::Throw(unsigned int, TAbortFrame*)+0xc0>
   85320:	528008c2 	mov	w2, #0x46                  	// #70
   85324:	91130021 	add	x1, x1, #0x4c0
   85328:	91138000 	add	x0, x0, #0x4e0
   8532c:	9400133d 	bl	8a020 <assertion_failed>

0000000000085330 <CTimer::SetTimeZone(int)>:
   85330:	11167c22 	add	w2, w1, #0x59f
   85334:	712cf85f 	cmp	w2, #0xb3e
   85338:	54000069 	b.ls	85344 <CTimer::SetTimeZone(int)+0x14>  // b.plast
   8533c:	52800000 	mov	w0, #0x0                   	// #0
   85340:	d65f03c0 	ret
   85344:	b9001c01 	str	w1, [x0, #28]
   85348:	52800020 	mov	w0, #0x1                   	// #1
   8534c:	d65f03c0 	ret

0000000000085350 <CTimer::GetTimeZone() const>:
   85350:	b9401c00 	ldr	w0, [x0, #28]
   85354:	d65f03c0 	ret
   85358:	d503201f 	nop
   8535c:	d503201f 	nop

0000000000085360 <CTimer::SetTime(unsigned int, bool)>:
   85360:	a9be7bfd 	stp	x29, x30, [sp, #-32]!
   85364:	910003fd 	mov	x29, sp
   85368:	a90153f3 	stp	x19, x20, [sp, #16]
   8536c:	aa0003f3 	mov	x19, x0
   85370:	2a0103f4 	mov	w20, w1
   85374:	52800781 	mov	w1, #0x3c                  	// #60
   85378:	b9401c00 	ldr	w0, [x0, #28]
   8537c:	1b017c00 	mul	w0, w0, w1
   85380:	37000062 	tbnz	w2, #0, 8538c <CTimer::SetTime(unsigned int, bool)+0x2c>
   85384:	37f80300 	tbnz	w0, #31, 853e4 <CTimer::SetTime(unsigned int, bool)+0x84>
   85388:	0b000294 	add	w20, w20, w0
   8538c:	f9401e62 	ldr	x2, [x19, #56]
   85390:	b4000102 	cbz	x2, 853b0 <CTimer::SetTime(unsigned int, bool)+0x50>
   85394:	b9401663 	ldr	w3, [x19, #20]
   85398:	6b03001f 	cmp	w0, w3
   8539c:	4b000061 	sub	w1, w3, w0
   853a0:	1a9fd021 	csel	w1, w1, wzr, le
   853a4:	4b000280 	sub	w0, w20, w0
   853a8:	d63f0040 	blr	x2
   853ac:	36000220 	tbz	w0, #0, 853f0 <CTimer::SetTime(unsigned int, bool)+0x90>
   853b0:	b9401a60 	ldr	w0, [x19, #24]
   853b4:	350000c0 	cbnz	w0, 853cc <CTimer::SetTime(unsigned int, bool)+0x6c>
   853b8:	b9001674 	str	w20, [x19, #20]
   853bc:	a94153f3 	ldp	x19, x20, [sp, #16]
   853c0:	52800020 	mov	w0, #0x1                   	// #1
   853c4:	a8c27bfd 	ldp	x29, x30, [sp], #32
   853c8:	d65f03c0 	ret
   853cc:	940008dd 	bl	87740 <EnterCritical>
   853d0:	b9401a60 	ldr	w0, [x19, #24]
   853d4:	b9001674 	str	w20, [x19, #20]
   853d8:	34ffff20 	cbz	w0, 853bc <CTimer::SetTime(unsigned int, bool)+0x5c>
   853dc:	94000909 	bl	87800 <LeaveCritical>
   853e0:	17fffff7 	b	853bc <CTimer::SetTime(unsigned int, bool)+0x5c>
   853e4:	4b0003e1 	neg	w1, w0
   853e8:	6b14003f 	cmp	w1, w20
   853ec:	54fffced 	b.le	85388 <CTimer::SetTime(unsigned int, bool)+0x28>
   853f0:	a94153f3 	ldp	x19, x20, [sp, #16]
   853f4:	52800000 	mov	w0, #0x0                   	// #0
   853f8:	a8c27bfd 	ldp	x29, x30, [sp], #32
   853fc:	d65f03c0 	ret

0000000000085400 <CTimer::GetClockTicks()>:
   85400:	d5033fdf 	isb
   85404:	d53be020 	mrs	x0, cntpct_el0
   85408:	d53be001 	mrs	x1, cntfrq_el0
   8540c:	d2884802 	mov	x2, #0x4240                	// #16960
   85410:	f2a001e2 	movk	x2, #0xf, lsl #16
   85414:	9b027c00 	mul	x0, x0, x2
   85418:	9ac10800 	udiv	x0, x0, x1
   8541c:	d65f03c0 	ret

0000000000085420 <CTimer::GetClockTicks64()>:
   85420:	d5033fdf 	isb
   85424:	d53be020 	mrs	x0, cntpct_el0
   85428:	d53be001 	mrs	x1, cntfrq_el0
   8542c:	d2884802 	mov	x2, #0x4240                	// #16960
   85430:	f2a001e2 	movk	x2, #0xf, lsl #16
   85434:	9b027c00 	mul	x0, x0, x2
   85438:	9ac10800 	udiv	x0, x0, x1
   8543c:	d65f03c0 	ret

0000000000085440 <CTimer::GetTicks() const>:
   85440:	b9400c00 	ldr	w0, [x0, #12]
   85444:	d65f03c0 	ret

0000000000085448 <CTimer::GetUptime() const>:
   85448:	b9401000 	ldr	w0, [x0, #16]
   8544c:	d65f03c0 	ret

0000000000085450 <CTimer::GetUptime(unsigned int*, unsigned int*)>:
   85450:	a9bd7bfd 	stp	x29, x30, [sp, #-48]!
   85454:	aa0003e3 	mov	x3, x0
   85458:	910003fd 	mov	x29, sp
   8545c:	b9401800 	ldr	w0, [x0, #24]
   85460:	35000240 	cbnz	w0, 854a8 <CTimer::GetUptime(unsigned int*, unsigned int*)+0x58>
   85464:	b9401060 	ldr	w0, [x3, #16]
   85468:	b9400c64 	ldr	w4, [x3, #12]
   8546c:	b4000401 	cbz	x1, 854ec <CTimer::GetUptime(unsigned int*, unsigned int*)+0x9c>
   85470:	b9000020 	str	w0, [x1]
   85474:	b4000482 	cbz	x2, 85504 <CTimer::GetUptime(unsigned int*, unsigned int*)+0xb4>
   85478:	5290a3e0 	mov	w0, #0x851f                	// #34079
   8547c:	52800c81 	mov	w1, #0x64                  	// #100
   85480:	72aa3d60 	movk	w0, #0x51eb, lsl #16
   85484:	9ba07c80 	umull	x0, w4, w0
   85488:	d365fc00 	lsr	x0, x0, #37
   8548c:	1b019000 	msub	w0, w0, w1, w4
   85490:	5284e201 	mov	w1, #0x2710                	// #10000
   85494:	1b017c00 	mul	w0, w0, w1
   85498:	b9000040 	str	w0, [x2]
   8549c:	52800020 	mov	w0, #0x1                   	// #1
   854a0:	a8c37bfd 	ldp	x29, x30, [sp], #48
   854a4:	d65f03c0 	ret
   854a8:	a90107e3 	stp	x3, x1, [sp, #16]
   854ac:	f90013e2 	str	x2, [sp, #32]
   854b0:	940008a4 	bl	87740 <EnterCritical>
   854b4:	a94107e3 	ldp	x3, x1, [sp, #16]
   854b8:	f94013e2 	ldr	x2, [sp, #32]
   854bc:	b9401060 	ldr	w0, [x3, #16]
   854c0:	b9400c64 	ldr	w4, [x3, #12]
   854c4:	b9401863 	ldr	w3, [x3, #24]
   854c8:	34fffd23 	cbz	w3, 8546c <CTimer::GetUptime(unsigned int*, unsigned int*)+0x1c>
   854cc:	b90013e0 	str	w0, [sp, #16]
   854d0:	b9001be4 	str	w4, [sp, #24]
   854d4:	a9020be1 	stp	x1, x2, [sp, #32]
   854d8:	940008ca 	bl	87800 <LeaveCritical>
   854dc:	a9420be1 	ldp	x1, x2, [sp, #32]
   854e0:	b94013e0 	ldr	w0, [sp, #16]
   854e4:	b9401be4 	ldr	w4, [sp, #24]
   854e8:	b5fffc41 	cbnz	x1, 85470 <CTimer::GetUptime(unsigned int*, unsigned int*)+0x20>
   854ec:	d0000061 	adrp	x1, 93000 <CExceptionHandler::Throw(unsigned int, TAbortFrame*)+0xc0>
   854f0:	d0000060 	adrp	x0, 93000 <CExceptionHandler::Throw(unsigned int, TAbortFrame*)+0xc0>
   854f4:	52802562 	mov	w2, #0x12b                 	// #299
   854f8:	91130021 	add	x1, x1, #0x4c0
   854fc:	9114c000 	add	x0, x0, #0x530
   85500:	940012c8 	bl	8a020 <assertion_failed>
   85504:	d0000061 	adrp	x1, 93000 <CExceptionHandler::Throw(unsigned int, TAbortFrame*)+0xc0>
   85508:	d0000060 	adrp	x0, 93000 <CExceptionHandler::Throw(unsigned int, TAbortFrame*)+0xc0>
   8550c:	528025c2 	mov	w2, #0x12e                 	// #302
   85510:	91130021 	add	x1, x1, #0x4c0
   85514:	91150000 	add	x0, x0, #0x540
   85518:	940012c2 	bl	8a020 <assertion_failed>
   8551c:	d503201f 	nop

0000000000085520 <CTimer::GetTime() const>:
   85520:	b9401400 	ldr	w0, [x0, #20]
   85524:	d65f03c0 	ret

0000000000085528 <CTimer::GetLocalTime(unsigned int*, unsigned int*)>:
   85528:	a9bd7bfd 	stp	x29, x30, [sp, #-48]!
   8552c:	aa0003e3 	mov	x3, x0
   85530:	910003fd 	mov	x29, sp
   85534:	b9401800 	ldr	w0, [x0, #24]
   85538:	35000240 	cbnz	w0, 85580 <CTimer::GetLocalTime(unsigned int*, unsigned int*)+0x58>
   8553c:	b9401460 	ldr	w0, [x3, #20]
   85540:	b9400c64 	ldr	w4, [x3, #12]
   85544:	b4000401 	cbz	x1, 855c4 <CTimer::GetLocalTime(unsigned int*, unsigned int*)+0x9c>
   85548:	b9000020 	str	w0, [x1]
   8554c:	b4000482 	cbz	x2, 855dc <CTimer::GetLocalTime(unsigned int*, unsigned int*)+0xb4>
   85550:	5290a3e0 	mov	w0, #0x851f                	// #34079
   85554:	52800c81 	mov	w1, #0x64                  	// #100
   85558:	72aa3d60 	movk	w0, #0x51eb, lsl #16
   8555c:	9ba07c80 	umull	x0, w4, w0
   85560:	d365fc00 	lsr	x0, x0, #37
   85564:	1b019000 	msub	w0, w0, w1, w4
   85568:	5284e201 	mov	w1, #0x2710                	// #10000
   8556c:	1b017c00 	mul	w0, w0, w1
   85570:	b9000040 	str	w0, [x2]
   85574:	52800020 	mov	w0, #0x1                   	// #1
   85578:	a8c37bfd 	ldp	x29, x30, [sp], #48
   8557c:	d65f03c0 	ret
   85580:	a90107e3 	stp	x3, x1, [sp, #16]
   85584:	f90013e2 	str	x2, [sp, #32]
   85588:	9400086e 	bl	87740 <EnterCritical>
   8558c:	a94107e3 	ldp	x3, x1, [sp, #16]
   85590:	f94013e2 	ldr	x2, [sp, #32]
   85594:	b9401460 	ldr	w0, [x3, #20]
   85598:	b9400c64 	ldr	w4, [x3, #12]
   8559c:	b9401863 	ldr	w3, [x3, #24]
   855a0:	34fffd23 	cbz	w3, 85544 <CTimer::GetLocalTime(unsigned int*, unsigned int*)+0x1c>
   855a4:	b90013e0 	str	w0, [sp, #16]
   855a8:	b9001be4 	str	w4, [sp, #24]
   855ac:	a9020be1 	stp	x1, x2, [sp, #32]
   855b0:	94000894 	bl	87800 <LeaveCritical>
   855b4:	a9420be1 	ldp	x1, x2, [sp, #32]
   855b8:	b94013e0 	ldr	w0, [sp, #16]
   855bc:	b9401be4 	ldr	w4, [sp, #24]
   855c0:	b5fffc41 	cbnz	x1, 85548 <CTimer::GetLocalTime(unsigned int*, unsigned int*)+0x20>
   855c4:	d0000061 	adrp	x1, 93000 <CExceptionHandler::Throw(unsigned int, TAbortFrame*)+0xc0>
   855c8:	d0000060 	adrp	x0, 93000 <CExceptionHandler::Throw(unsigned int, TAbortFrame*)+0xc0>
   855cc:	52802842 	mov	w2, #0x142                 	// #322
   855d0:	91130021 	add	x1, x1, #0x4c0
   855d4:	9114c000 	add	x0, x0, #0x530
   855d8:	94001292 	bl	8a020 <assertion_failed>
   855dc:	d0000061 	adrp	x1, 93000 <CExceptionHandler::Throw(unsigned int, TAbortFrame*)+0xc0>
   855e0:	d0000060 	adrp	x0, 93000 <CExceptionHandler::Throw(unsigned int, TAbortFrame*)+0xc0>
   855e4:	528028a2 	mov	w2, #0x145                 	// #325
   855e8:	91130021 	add	x1, x1, #0x4c0
   855ec:	91150000 	add	x0, x0, #0x540
   855f0:	9400128c 	bl	8a020 <assertion_failed>
   855f4:	d503201f 	nop
   855f8:	d503201f 	nop
   855fc:	d503201f 	nop

0000000000085600 <CTimer::GetUniversalTime() const>:
   85600:	b9401c01 	ldr	w1, [x0, #28]
   85604:	b9401402 	ldr	w2, [x0, #20]
   85608:	52800780 	mov	w0, #0x3c                  	// #60
   8560c:	1b007c21 	mul	w1, w1, w0
   85610:	6b010040 	subs	w0, w2, w1
   85614:	1a9fa000 	csel	w0, w0, wzr, ge	// ge = tcont
   85618:	d65f03c0 	ret
   8561c:	d503201f 	nop

0000000000085620 <CTimer::GetUniversalTime(unsigned int*, unsigned int*)>:
   85620:	a9bc7bfd 	stp	x29, x30, [sp, #-64]!
   85624:	aa0003e3 	mov	x3, x0
   85628:	910003fd 	mov	x29, sp
   8562c:	b9401800 	ldr	w0, [x0, #24]
   85630:	35000360 	cbnz	w0, 8569c <CTimer::GetUniversalTime(unsigned int*, unsigned int*)+0x7c>
   85634:	b9401464 	ldr	w4, [x3, #20]
   85638:	b9400c65 	ldr	w5, [x3, #12]
   8563c:	b9401c60 	ldr	w0, [x3, #28]
   85640:	52800783 	mov	w3, #0x3c                  	// #60
   85644:	1b037c00 	mul	w0, w0, w3
   85648:	6b00009f 	cmp	w4, w0
   8564c:	5400022b 	b.lt	85690 <CTimer::GetUniversalTime(unsigned int*, unsigned int*)+0x70>  // b.tstop
   85650:	b40004c1 	cbz	x1, 856e8 <CTimer::GetUniversalTime(unsigned int*, unsigned int*)+0xc8>
   85654:	4b000084 	sub	w4, w4, w0
   85658:	b9000024 	str	w4, [x1]
   8565c:	b4000522 	cbz	x2, 85700 <CTimer::GetUniversalTime(unsigned int*, unsigned int*)+0xe0>
   85660:	5290a3e0 	mov	w0, #0x851f                	// #34079
   85664:	52800c81 	mov	w1, #0x64                  	// #100
   85668:	72aa3d60 	movk	w0, #0x51eb, lsl #16
   8566c:	9ba07ca0 	umull	x0, w5, w0
   85670:	d365fc00 	lsr	x0, x0, #37
   85674:	1b019400 	msub	w0, w0, w1, w5
   85678:	5284e201 	mov	w1, #0x2710                	// #10000
   8567c:	1b017c00 	mul	w0, w0, w1
   85680:	b9000040 	str	w0, [x2]
   85684:	52800020 	mov	w0, #0x1                   	// #1
   85688:	a8c47bfd 	ldp	x29, x30, [sp], #64
   8568c:	d65f03c0 	ret
   85690:	52800000 	mov	w0, #0x0                   	// #0
   85694:	a8c47bfd 	ldp	x29, x30, [sp], #64
   85698:	d65f03c0 	ret
   8569c:	a90187e3 	stp	x3, x1, [sp, #24]
   856a0:	f90017e2 	str	x2, [sp, #40]
   856a4:	94000827 	bl	87740 <EnterCritical>
   856a8:	a94187e3 	ldp	x3, x1, [sp, #24]
   856ac:	f94017e2 	ldr	x2, [sp, #40]
   856b0:	b9401464 	ldr	w4, [x3, #20]
   856b4:	b9400c65 	ldr	w5, [x3, #12]
   856b8:	b9401860 	ldr	w0, [x3, #24]
   856bc:	34fffc00 	cbz	w0, 8563c <CTimer::GetUniversalTime(unsigned int*, unsigned int*)+0x1c>
   856c0:	b9001be4 	str	w4, [sp, #24]
   856c4:	b90023e5 	str	w5, [sp, #32]
   856c8:	a90287e3 	stp	x3, x1, [sp, #40]
   856cc:	f9001fe2 	str	x2, [sp, #56]
   856d0:	9400084c 	bl	87800 <LeaveCritical>
   856d4:	f9401fe2 	ldr	x2, [sp, #56]
   856d8:	a94287e3 	ldp	x3, x1, [sp, #40]
   856dc:	b9401be4 	ldr	w4, [sp, #24]
   856e0:	b94023e5 	ldr	w5, [sp, #32]
   856e4:	17ffffd6 	b	8563c <CTimer::GetUniversalTime(unsigned int*, unsigned int*)+0x1c>
   856e8:	d0000061 	adrp	x1, 93000 <CExceptionHandler::Throw(unsigned int, TAbortFrame*)+0xc0>
   856ec:	d0000060 	adrp	x0, 93000 <CExceptionHandler::Throw(unsigned int, TAbortFrame*)+0xc0>
   856f0:	52802ce2 	mov	w2, #0x167                 	// #359
   856f4:	91130021 	add	x1, x1, #0x4c0
   856f8:	9114c000 	add	x0, x0, #0x530
   856fc:	94001249 	bl	8a020 <assertion_failed>
   85700:	d0000061 	adrp	x1, 93000 <CExceptionHandler::Throw(unsigned int, TAbortFrame*)+0xc0>
   85704:	d0000060 	adrp	x0, 93000 <CExceptionHandler::Throw(unsigned int, TAbortFrame*)+0xc0>
   85708:	52802d42 	mov	w2, #0x16a                 	// #362
   8570c:	91130021 	add	x1, x1, #0x4c0
   85710:	91150000 	add	x0, x0, #0x540
   85714:	94001243 	bl	8a020 <assertion_failed>
   85718:	d503201f 	nop
   8571c:	d503201f 	nop

0000000000085720 <CTimer::GetTimeString()>:
   85720:	a9bc7bfd 	stp	x29, x30, [sp, #-64]!
   85724:	910003fd 	mov	x29, sp
   85728:	aa0003e1 	mov	x1, x0
   8572c:	a90153f3 	stp	x19, x20, [sp, #16]
   85730:	b9401800 	ldr	w0, [x0, #24]
   85734:	35000e60 	cbnz	w0, 85900 <CTimer::GetTimeString()+0x1e0>
   85738:	b9401434 	ldr	w20, [x1, #20]
   8573c:	b9400c33 	ldr	w19, [x1, #12]
   85740:	2a140260 	orr	w0, w19, w20
   85744:	34000f20 	cbz	w0, 85928 <CTimer::GetTimeString()+0x208>
   85748:	52911122 	mov	w2, #0x8889                	// #34953
   8574c:	52800781 	mov	w1, #0x3c                  	// #60
   85750:	72b11102 	movk	w2, #0x8888, lsl #16
   85754:	528b8529 	mov	w9, #0x5c29                	// #23593
   85758:	528b8507 	mov	w7, #0x5c28                	// #23592
   8575c:	529ae143 	mov	w3, #0xd70a                	// #55050
   85760:	9ba27e80 	umull	x0, w20, w2
   85764:	5280f648 	mov	w8, #0x7b2                 	// #1970
   85768:	72b851e9 	movk	w9, #0xc28f, lsl #16
   8576c:	72a051e7 	movk	w7, #0x28f, lsl #16
   85770:	72a01463 	movk	w3, #0xa3, lsl #16
   85774:	d365fc06 	lsr	x6, x0, #37
   85778:	d365fc00 	lsr	x0, x0, #37
   8577c:	9ba27c02 	umull	x2, w0, w2
   85780:	1b01d0c6 	msub	w6, w6, w1, w20
   85784:	d365fc54 	lsr	x20, x2, #37
   85788:	d365fc42 	lsr	x2, x2, #37
   8578c:	1b018294 	msub	w20, w20, w1, w0
   85790:	52955561 	mov	w1, #0xaaab                	// #43691
   85794:	72b55541 	movk	w1, #0xaaaa, lsl #16
   85798:	9ba17c41 	umull	x1, w2, w1
   8579c:	d364fc21 	lsr	x1, x1, #36
   857a0:	14000008 	b	857c0 <CTimer::GetTimeString()+0xa0>
   857a4:	f240051f 	tst	x8, #0x3
   857a8:	1a9f17e5 	cset	w5, eq	// eq = none
   857ac:	1105b4a0 	add	w0, w5, #0x16d
   857b0:	6b00003f 	cmp	w1, w0
   857b4:	540001a3 	b.cc	857e8 <CTimer::GetTimeString()+0xc8>  // b.lo, b.ul, b.last
   857b8:	4b000021 	sub	w1, w1, w0
   857bc:	11000508 	add	w8, w8, #0x1
   857c0:	1b097d00 	mul	w0, w8, w9
   857c4:	13800805 	ror	w5, w0, #2
   857c8:	6b0700bf 	cmp	w5, w7
   857cc:	54fffec8 	b.hi	857a4 <CTimer::GetTimeString()+0x84>  // b.pmore
   857d0:	13801000 	ror	w0, w0, #4
   857d4:	6b03001f 	cmp	w0, w3
   857d8:	1a9f87e5 	cset	w5, ls	// ls = plast
   857dc:	1105b4a0 	add	w0, w5, #0x16d
   857e0:	6b00003f 	cmp	w1, w0
   857e4:	54fffea2 	b.cs	857b8 <CTimer::GetTimeString()+0x98>  // b.hs, b.nlast
   857e8:	f0000067 	adrp	x7, 94000 <s_MachineName+0x80>
   857ec:	52800009 	mov	w9, #0x0                   	// #0
   857f0:	911d00e7 	add	x7, x7, #0x740
   857f4:	14000003 	b	85800 <CTimer::GetTimeString()+0xe0>
   857f8:	4b000021 	sub	w1, w1, w0
   857fc:	11000529 	add	w9, w9, #0x1
   85800:	710000bf 	cmp	w5, #0x0
   85804:	7a411920 	ccmp	w9, #0x1, #0x0, ne	// ne = any
   85808:	54000420 	b.eq	8588c <CTimer::GetTimeString()+0x16c>  // b.none
   8580c:	b86958e0 	ldr	w0, [x7, w9, uxtw #2]
   85810:	6b01001f 	cmp	w0, w1
   85814:	54ffff29 	b.ls	857f8 <CTimer::GetTimeString()+0xd8>  // b.plast
   85818:	5290a3e5 	mov	w5, #0x851f                	// #34079
   8581c:	52800c80 	mov	w0, #0x64                  	// #100
   85820:	29059be8 	stp	w8, w6, [sp, #44]
   85824:	72aa3d65 	movk	w5, #0x51eb, lsl #16
   85828:	290687e2 	stp	w2, w1, [sp, #52]
   8582c:	b9003fe9 	str	w9, [sp, #60]
   85830:	9ba57e65 	umull	x5, w19, w5
   85834:	d365fca5 	lsr	x5, x5, #37
   85838:	1b00cca5 	msub	w5, w5, w0, w19
   8583c:	d2800400 	mov	x0, #0x20                  	// #32
   85840:	b90023e5 	str	w5, [sp, #32]
   85844:	94000509 	bl	86c68 <operator new(unsigned long)>
   85848:	aa0003f3 	mov	x19, x0
   8584c:	97fff6ef 	bl	83408 <CString::CString()>
   85850:	29459be8 	ldp	w8, w6, [sp, #44]
   85854:	b94023e5 	ldr	w5, [sp, #32]
   85858:	b94037e2 	ldr	w2, [sp, #52]
   8585c:	711edd1f 	cmp	w8, #0x7b7
   85860:	54000268 	b.hi	858ac <CTimer::GetTimeString()+0x18c>  // b.pmore
   85864:	d0000061 	adrp	x1, 93000 <CExceptionHandler::Throw(unsigned int, TAbortFrame*)+0xc0>
   85868:	2a1403e3 	mov	w3, w20
   8586c:	aa1303e0 	mov	x0, x19
   85870:	2a0603e4 	mov	w4, w6
   85874:	9115e021 	add	x1, x1, #0x578
   85878:	97fffd64 	bl	84e08 <CString::Format(char const*, ...)>
   8587c:	aa1303e0 	mov	x0, x19
   85880:	a94153f3 	ldp	x19, x20, [sp, #16]
   85884:	a8c47bfd 	ldp	x29, x30, [sp], #64
   85888:	d65f03c0 	ret
   8588c:	7100703f 	cmp	w1, #0x1c
   85890:	54000569 	b.ls	8593c <CTimer::GetTimeString()+0x21c>  // b.plast
   85894:	51007420 	sub	w0, w1, #0x1d
   85898:	7100781f 	cmp	w0, #0x1e
   8589c:	54000549 	b.ls	85944 <CTimer::GetTimeString()+0x224>  // b.plast
   858a0:	5100f021 	sub	w1, w1, #0x3c
   858a4:	52800069 	mov	w9, #0x3                   	// #3
   858a8:	17ffffd9 	b	8580c <CTimer::GetTimeString()+0xec>
   858ac:	52955564 	mov	w4, #0xaaab                	// #43691
   858b0:	294727e1 	ldp	w1, w9, [sp, #56]
   858b4:	b0000080 	adrp	x0, 96000 <vtable for CDevice+0x4a8>
   858b8:	72b55544 	movk	w4, #0xaaaa, lsl #16
   858bc:	91274000 	add	x0, x0, #0x9d0
   858c0:	2a0503e7 	mov	w7, w5
   858c4:	2a1403e5 	mov	w5, w20
   858c8:	9ba47c44 	umull	x4, w2, w4
   858cc:	11000423 	add	w3, w1, #0x1
   858d0:	d0000061 	adrp	x1, 93000 <CExceptionHandler::Throw(unsigned int, TAbortFrame*)+0xc0>
   858d4:	d364fc84 	lsr	x4, x4, #36
   858d8:	91156021 	add	x1, x1, #0x558
   858dc:	0b040484 	add	w4, w4, w4, lsl #1
   858e0:	4b040c44 	sub	w4, w2, w4, lsl #3
   858e4:	f8695802 	ldr	x2, [x0, w9, uxtw #3]
   858e8:	aa1303e0 	mov	x0, x19
   858ec:	97fffd47 	bl	84e08 <CString::Format(char const*, ...)>
   858f0:	aa1303e0 	mov	x0, x19
   858f4:	a94153f3 	ldp	x19, x20, [sp, #16]
   858f8:	a8c47bfd 	ldp	x29, x30, [sp], #64
   858fc:	d65f03c0 	ret
   85900:	f90013e1 	str	x1, [sp, #32]
   85904:	9400078f 	bl	87740 <EnterCritical>
   85908:	f94013e1 	ldr	x1, [sp, #32]
   8590c:	b9401434 	ldr	w20, [x1, #20]
   85910:	b9400c33 	ldr	w19, [x1, #12]
   85914:	b9401820 	ldr	w0, [x1, #24]
   85918:	34fff140 	cbz	w0, 85740 <CTimer::GetTimeString()+0x20>
   8591c:	940007b9 	bl	87800 <LeaveCritical>
   85920:	2a140260 	orr	w0, w19, w20
   85924:	35fff120 	cbnz	w0, 85748 <CTimer::GetTimeString()+0x28>
   85928:	d2800013 	mov	x19, #0x0                   	// #0
   8592c:	aa1303e0 	mov	x0, x19
   85930:	a94153f3 	ldp	x19, x20, [sp, #16]
   85934:	a8c47bfd 	ldp	x29, x30, [sp], #64
   85938:	d65f03c0 	ret
   8593c:	52800029 	mov	w9, #0x1                   	// #1
   85940:	17ffffb6 	b	85818 <CTimer::GetTimeString()+0xf8>
   85944:	2a0003e1 	mov	w1, w0
   85948:	52800049 	mov	w9, #0x2                   	// #2
   8594c:	17ffffb3 	b	85818 <CTimer::GetTimeString()+0xf8>

0000000000085950 <CTimer::StartKernelTimer(unsigned int, void (*)(unsigned long, void*, void*), void*, void*)>:
   85950:	a9bc7bfd 	stp	x29, x30, [sp, #-64]!
   85954:	910003fd 	mov	x29, sp
   85958:	a9025bf5 	stp	x21, x22, [sp, #32]
   8595c:	aa0003f6 	mov	x22, x0
   85960:	d2800500 	mov	x0, #0x28                  	// #40
   85964:	2a0103f5 	mov	w21, w1
   85968:	a90153f3 	stp	x19, x20, [sp, #16]
   8596c:	aa0203f3 	mov	x19, x2
   85970:	a90363f7 	stp	x23, x24, [sp, #48]
   85974:	aa0303f8 	mov	x24, x3
   85978:	aa0403f7 	mov	x23, x4
   8597c:	940004bb 	bl	86c68 <operator new(unsigned long)>
   85980:	aa0003f4 	mov	x20, x0
   85984:	b9400ec0 	ldr	w0, [x22, #12]
   85988:	b40007b3 	cbz	x19, 85a7c <CTimer::StartKernelTimer(unsigned int, void (*)(unsigned long, void*, void*), void*, void*)+0x12c>
   8598c:	0b150015 	add	w21, w0, w21
   85990:	5289a860 	mov	w0, #0x4d43                	// #19779
   85994:	f9000693 	str	x19, [x20, #8]
   85998:	72a96a80 	movk	w0, #0x4b54, lsl #16
   8599c:	a901de98 	stp	x24, x23, [x20, #24]
   859a0:	b9000280 	str	w0, [x20]
   859a4:	b9402ac0 	ldr	w0, [x22, #40]
   859a8:	b9001295 	str	w21, [x20, #16]
   859ac:	350004c0 	cbnz	w0, 85a44 <CTimer::StartKernelTimer(unsigned int, void (*)(unsigned long, void*, void*), void*, void*)+0xf4>
   859b0:	910082d7 	add	x23, x22, #0x20
   859b4:	aa1703e0 	mov	x0, x23
   859b8:	94001d92 	bl	8d000 <CPtrList::GetFirst() const>
   859bc:	aa0003f3 	mov	x19, x0
   859c0:	b40006e0 	cbz	x0, 85a9c <CTimer::StartKernelTimer(unsigned int, void (*)(unsigned long, void*, void*), void*, void*)+0x14c>
   859c4:	5289a878 	mov	w24, #0x4d43                	// #19779
   859c8:	aa1303e0 	mov	x0, x19
   859cc:	72a96a98 	movk	w24, #0x4b54, lsl #16
   859d0:	94001da5 	bl	8d064 <CPtrList::GetPtr(TPtrListElement*)>
   859d4:	b4000200 	cbz	x0, 85a14 <CTimer::StartKernelTimer(unsigned int, void (*)(unsigned long, void*, void*), void*, void*)+0xc4>
   859d8:	b9400001 	ldr	w1, [x0]
   859dc:	6b18003f 	cmp	w1, w24
   859e0:	54000261 	b.ne	85a2c <CTimer::StartKernelTimer(unsigned int, void (*)(unsigned long, void*, void*), void*, void*)+0xdc>  // b.any
   859e4:	b9401002 	ldr	w2, [x0, #16]
   859e8:	4b150042 	sub	w2, w2, w21
   859ec:	7100005f 	cmp	w2, #0x0
   859f0:	540002ec 	b.gt	85a4c <CTimer::StartKernelTimer(unsigned int, void (*)(unsigned long, void*, void*), void*, void*)+0xfc>
   859f4:	aa1303e1 	mov	x1, x19
   859f8:	aa1703e0 	mov	x0, x23
   859fc:	94001d83 	bl	8d008 <CPtrList::GetNext(TPtrListElement*) const>
   85a00:	b40004e0 	cbz	x0, 85a9c <CTimer::StartKernelTimer(unsigned int, void (*)(unsigned long, void*, void*), void*, void*)+0x14c>
   85a04:	aa0003f3 	mov	x19, x0
   85a08:	aa1303e0 	mov	x0, x19
   85a0c:	94001d96 	bl	8d064 <CPtrList::GetPtr(TPtrListElement*)>
   85a10:	b5fffe40 	cbnz	x0, 859d8 <CTimer::StartKernelTimer(unsigned int, void (*)(unsigned long, void*, void*), void*, void*)+0x88>
   85a14:	d0000061 	adrp	x1, 93000 <CExceptionHandler::Throw(unsigned int, TAbortFrame*)+0xc0>
   85a18:	d0000060 	adrp	x0, 93000 <CExceptionHandler::Throw(unsigned int, TAbortFrame*)+0xc0>
   85a1c:	52803a22 	mov	w2, #0x1d1                 	// #465
   85a20:	91130021 	add	x1, x1, #0x4c0
   85a24:	91164000 	add	x0, x0, #0x590
   85a28:	9400117e 	bl	8a020 <assertion_failed>
   85a2c:	d0000061 	adrp	x1, 93000 <CExceptionHandler::Throw(unsigned int, TAbortFrame*)+0xc0>
   85a30:	d0000060 	adrp	x0, 93000 <CExceptionHandler::Throw(unsigned int, TAbortFrame*)+0xc0>
   85a34:	52803a42 	mov	w2, #0x1d2                 	// #466
   85a38:	91130021 	add	x1, x1, #0x4c0
   85a3c:	91168000 	add	x0, x0, #0x5a0
   85a40:	94001178 	bl	8a020 <assertion_failed>
   85a44:	9400073f 	bl	87740 <EnterCritical>
   85a48:	17ffffda 	b	859b0 <CTimer::StartKernelTimer(unsigned int, void (*)(unsigned long, void*, void*), void*, void*)+0x60>
   85a4c:	aa1403e2 	mov	x2, x20
   85a50:	aa1303e1 	mov	x1, x19
   85a54:	aa1703e0 	mov	x0, x23
   85a58:	94001d9a 	bl	8d0c0 <CPtrList::InsertBefore(TPtrListElement*, void*)>
   85a5c:	b9402ac0 	ldr	w0, [x22, #40]
   85a60:	350001a0 	cbnz	w0, 85a94 <CTimer::StartKernelTimer(unsigned int, void (*)(unsigned long, void*, void*), void*, void*)+0x144>
   85a64:	aa1403e0 	mov	x0, x20
   85a68:	a9425bf5 	ldp	x21, x22, [sp, #32]
   85a6c:	a94153f3 	ldp	x19, x20, [sp, #16]
   85a70:	a94363f7 	ldp	x23, x24, [sp, #48]
   85a74:	a8c47bfd 	ldp	x29, x30, [sp], #64
   85a78:	d65f03c0 	ret
   85a7c:	d0000061 	adrp	x1, 93000 <CExceptionHandler::Throw(unsigned int, TAbortFrame*)+0xc0>
   85a80:	d0000060 	adrp	x0, 93000 <CExceptionHandler::Throw(unsigned int, TAbortFrame*)+0xc0>
   85a84:	52803822 	mov	w2, #0x1c1                 	// #449
   85a88:	91130021 	add	x1, x1, #0x4c0
   85a8c:	912a0000 	add	x0, x0, #0xa80
   85a90:	94001164 	bl	8a020 <assertion_failed>
   85a94:	9400075b 	bl	87800 <LeaveCritical>
   85a98:	17fffff3 	b	85a64 <CTimer::StartKernelTimer(unsigned int, void (*)(unsigned long, void*, void*), void*, void*)+0x114>
   85a9c:	aa1403e2 	mov	x2, x20
   85aa0:	aa1303e1 	mov	x1, x19
   85aa4:	aa1703e0 	mov	x0, x23
   85aa8:	94001dc6 	bl	8d1c0 <CPtrList::InsertAfter(TPtrListElement*, void*)>
   85aac:	17ffffec 	b	85a5c <CTimer::StartKernelTimer(unsigned int, void (*)(unsigned long, void*, void*), void*, void*)+0x10c>

0000000000085ab0 <CTimer::CancelKernelTimer(unsigned long)>:
   85ab0:	a9bd7bfd 	stp	x29, x30, [sp, #-48]!
   85ab4:	910003fd 	mov	x29, sp
   85ab8:	a90153f3 	stp	x19, x20, [sp, #16]
   85abc:	b40003a1 	cbz	x1, 85b30 <CTimer::CancelKernelTimer(unsigned long)+0x80>
   85ac0:	aa0003f4 	mov	x20, x0
   85ac4:	aa0103f3 	mov	x19, x1
   85ac8:	b9402800 	ldr	w0, [x0, #40]
   85acc:	350002a0 	cbnz	w0, 85b20 <CTimer::CancelKernelTimer(unsigned long)+0x70>
   85ad0:	aa1303e1 	mov	x1, x19
   85ad4:	91008280 	add	x0, x20, #0x20
   85ad8:	94001e42 	bl	8d3e0 <CPtrList::Find(void*) const>
   85adc:	b4000180 	cbz	x0, 85b0c <CTimer::CancelKernelTimer(unsigned long)+0x5c>
   85ae0:	b9400262 	ldr	w2, [x19]
   85ae4:	5289a861 	mov	w1, #0x4d43                	// #19779
   85ae8:	72a96a81 	movk	w1, #0x4b54, lsl #16
   85aec:	6b01005f 	cmp	w2, w1
   85af0:	540002e1 	b.ne	85b4c <CTimer::CancelKernelTimer(unsigned long)+0x9c>  // b.any
   85af4:	aa0003e1 	mov	x1, x0
   85af8:	91008280 	add	x0, x20, #0x20
   85afc:	94001df1 	bl	8d2c0 <CPtrList::Remove(TPtrListElement*)>
   85b00:	d2800501 	mov	x1, #0x28                  	// #40
   85b04:	aa1303e0 	mov	x0, x19
   85b08:	9400047a 	bl	86cf0 <operator delete(void*, unsigned long)>
   85b0c:	b9402a80 	ldr	w0, [x20, #40]
   85b10:	a94153f3 	ldp	x19, x20, [sp, #16]
   85b14:	350000a0 	cbnz	w0, 85b28 <CTimer::CancelKernelTimer(unsigned long)+0x78>
   85b18:	a8c37bfd 	ldp	x29, x30, [sp], #48
   85b1c:	d65f03c0 	ret
   85b20:	94000708 	bl	87740 <EnterCritical>
   85b24:	17ffffeb 	b	85ad0 <CTimer::CancelKernelTimer(unsigned long)+0x20>
   85b28:	a8c37bfd 	ldp	x29, x30, [sp], #48
   85b2c:	14000735 	b	87800 <LeaveCritical>
   85b30:	d0000061 	adrp	x1, 93000 <CExceptionHandler::Throw(unsigned int, TAbortFrame*)+0xc0>
   85b34:	d0000060 	adrp	x0, 93000 <CExceptionHandler::Throw(unsigned int, TAbortFrame*)+0xc0>
   85b38:	f90013f5 	str	x21, [sp, #32]
   85b3c:	52803dc2 	mov	w2, #0x1ee                 	// #494
   85b40:	91130021 	add	x1, x1, #0x4c0
   85b44:	9113e000 	add	x0, x0, #0x4f8
   85b48:	94001136 	bl	8a020 <assertion_failed>
   85b4c:	d0000061 	adrp	x1, 93000 <CExceptionHandler::Throw(unsigned int, TAbortFrame*)+0xc0>
   85b50:	d0000060 	adrp	x0, 93000 <CExceptionHandler::Throw(unsigned int, TAbortFrame*)+0xc0>
   85b54:	f90013f5 	str	x21, [sp, #32]
   85b58:	52803ea2 	mov	w2, #0x1f5                 	// #501
   85b5c:	91130021 	add	x1, x1, #0x4c0
   85b60:	91142000 	add	x0, x0, #0x508
   85b64:	9400112f 	bl	8a020 <assertion_failed>

0000000000085b68 <CTimer::PollKernelTimers()>:
   85b68:	a9bc7bfd 	stp	x29, x30, [sp, #-64]!
   85b6c:	910003fd 	mov	x29, sp
   85b70:	a90153f3 	stp	x19, x20, [sp, #16]
   85b74:	aa0003f4 	mov	x20, x0
   85b78:	a9025bf5 	stp	x21, x22, [sp, #32]
   85b7c:	b9402800 	ldr	w0, [x0, #40]
   85b80:	f9001bf7 	str	x23, [sp, #48]
   85b84:	35000580 	cbnz	w0, 85c34 <CTimer::PollKernelTimers()+0xcc>
   85b88:	5289a877 	mov	w23, #0x4d43                	// #19779
   85b8c:	72a96a97 	movk	w23, #0x4b54, lsl #16
   85b90:	91008280 	add	x0, x20, #0x20
   85b94:	94001d1b 	bl	8d000 <CPtrList::GetFirst() const>
   85b98:	aa0003f5 	mov	x21, x0
   85b9c:	b4000680 	cbz	x0, 85c6c <CTimer::PollKernelTimers()+0x104>
   85ba0:	94001d31 	bl	8d064 <CPtrList::GetPtr(TPtrListElement*)>
   85ba4:	aa0003f3 	mov	x19, x0
   85ba8:	b40004a0 	cbz	x0, 85c3c <CTimer::PollKernelTimers()+0xd4>
   85bac:	b9400000 	ldr	w0, [x0]
   85bb0:	6b17001f 	cmp	w0, w23
   85bb4:	54000501 	b.ne	85c54 <CTimer::PollKernelTimers()+0xec>  // b.any
   85bb8:	b9401260 	ldr	w0, [x19, #16]
   85bbc:	b9400e81 	ldr	w1, [x20, #12]
   85bc0:	4b010000 	sub	w0, w0, w1
   85bc4:	7100001f 	cmp	w0, #0x0
   85bc8:	5400052c 	b.gt	85c6c <CTimer::PollKernelTimers()+0x104>
   85bcc:	91008280 	add	x0, x20, #0x20
   85bd0:	aa1503e1 	mov	x1, x21
   85bd4:	94001dbb 	bl	8d2c0 <CPtrList::Remove(TPtrListElement*)>
   85bd8:	b9402a80 	ldr	w0, [x20, #40]
   85bdc:	350001a0 	cbnz	w0, 85c10 <CTimer::PollKernelTimers()+0xa8>
   85be0:	f9400663 	ldr	x3, [x19, #8]
   85be4:	b40001c3 	cbz	x3, 85c1c <CTimer::PollKernelTimers()+0xb4>
   85be8:	a9418a61 	ldp	x1, x2, [x19, #24]
   85bec:	aa1303e0 	mov	x0, x19
   85bf0:	d63f0060 	blr	x3
   85bf4:	aa1303e0 	mov	x0, x19
   85bf8:	d2800501 	mov	x1, #0x28                  	// #40
   85bfc:	9400043d 	bl	86cf0 <operator delete(void*, unsigned long)>
   85c00:	b9402a80 	ldr	w0, [x20, #40]
   85c04:	34fffc60 	cbz	w0, 85b90 <CTimer::PollKernelTimers()+0x28>
   85c08:	940006ce 	bl	87740 <EnterCritical>
   85c0c:	17ffffe1 	b	85b90 <CTimer::PollKernelTimers()+0x28>
   85c10:	940006fc 	bl	87800 <LeaveCritical>
   85c14:	f9400663 	ldr	x3, [x19, #8]
   85c18:	b5fffe83 	cbnz	x3, 85be8 <CTimer::PollKernelTimers()+0x80>
   85c1c:	d0000061 	adrp	x1, 93000 <CExceptionHandler::Throw(unsigned int, TAbortFrame*)+0xc0>
   85c20:	d0000060 	adrp	x0, 93000 <CExceptionHandler::Throw(unsigned int, TAbortFrame*)+0xc0>
   85c24:	528042e2 	mov	w2, #0x217                 	// #535
   85c28:	91130021 	add	x1, x1, #0x4c0
   85c2c:	912a0000 	add	x0, x0, #0xa80
   85c30:	940010fc 	bl	8a020 <assertion_failed>
   85c34:	940006c3 	bl	87740 <EnterCritical>
   85c38:	17ffffd4 	b	85b88 <CTimer::PollKernelTimers()+0x20>
   85c3c:	d0000061 	adrp	x1, 93000 <CExceptionHandler::Throw(unsigned int, TAbortFrame*)+0xc0>
   85c40:	d0000060 	adrp	x0, 93000 <CExceptionHandler::Throw(unsigned int, TAbortFrame*)+0xc0>
   85c44:	52804142 	mov	w2, #0x20a                 	// #522
   85c48:	91130021 	add	x1, x1, #0x4c0
   85c4c:	9113e000 	add	x0, x0, #0x4f8
   85c50:	940010f4 	bl	8a020 <assertion_failed>
   85c54:	d0000061 	adrp	x1, 93000 <CExceptionHandler::Throw(unsigned int, TAbortFrame*)+0xc0>
   85c58:	d0000060 	adrp	x0, 93000 <CExceptionHandler::Throw(unsigned int, TAbortFrame*)+0xc0>
   85c5c:	52804162 	mov	w2, #0x20b                 	// #523
   85c60:	91130021 	add	x1, x1, #0x4c0
   85c64:	91142000 	add	x0, x0, #0x508
   85c68:	940010ee 	bl	8a020 <assertion_failed>
   85c6c:	b9402a80 	ldr	w0, [x20, #40]
   85c70:	350000c0 	cbnz	w0, 85c88 <CTimer::PollKernelTimers()+0x120>
   85c74:	f9401bf7 	ldr	x23, [sp, #48]
   85c78:	a94153f3 	ldp	x19, x20, [sp, #16]
   85c7c:	a9425bf5 	ldp	x21, x22, [sp, #32]
   85c80:	a8c47bfd 	ldp	x29, x30, [sp], #64
   85c84:	d65f03c0 	ret
   85c88:	f9401bf7 	ldr	x23, [sp, #48]
   85c8c:	a94153f3 	ldp	x19, x20, [sp, #16]
   85c90:	a9425bf5 	ldp	x21, x22, [sp, #32]
   85c94:	a8c47bfd 	ldp	x29, x30, [sp], #64
   85c98:	140006da 	b	87800 <LeaveCritical>
   85c9c:	d503201f 	nop

0000000000085ca0 <CTimer::InterruptHandler()>:
   85ca0:	a9bd7bfd 	stp	x29, x30, [sp, #-48]!
   85ca4:	910003fd 	mov	x29, sp
   85ca8:	a90153f3 	stp	x19, x20, [sp, #16]
   85cac:	aa0003f4 	mov	x20, x0
   85cb0:	f90013f5 	str	x21, [sp, #32]
   85cb4:	d53be241 	mrs	x1, cntp_cval_el0
   85cb8:	b9400800 	ldr	w0, [x0, #8]
   85cbc:	8b010000 	add	x0, x0, x1
   85cc0:	d51be240 	msr	cntp_cval_el0, x0
   85cc4:	b9401a80 	ldr	w0, [x20, #24]
   85cc8:	35000460 	cbnz	w0, 85d54 <CTimer::InterruptHandler()+0xb4>
   85ccc:	b9400e80 	ldr	w0, [x20, #12]
   85cd0:	528b8521 	mov	w1, #0x5c29                	// #23593
   85cd4:	72b851e1 	movk	w1, #0xc28f, lsl #16
   85cd8:	11000400 	add	w0, w0, #0x1
   85cdc:	b9000e80 	str	w0, [x20, #12]
   85ce0:	1b017c00 	mul	w0, w0, w1
   85ce4:	528b8501 	mov	w1, #0x5c28                	// #23592
   85ce8:	72a051e1 	movk	w1, #0x28f, lsl #16
   85cec:	13800800 	ror	w0, w0, #2
   85cf0:	6b01001f 	cmp	w0, w1
   85cf4:	54000229 	b.ls	85d38 <CTimer::InterruptHandler()+0x98>  // b.plast
   85cf8:	aa1403e0 	mov	x0, x20
   85cfc:	d2800013 	mov	x19, #0x0                   	// #0
   85d00:	97ffff9a 	bl	85b68 <CTimer::PollKernelTimers()>
   85d04:	b9406280 	ldr	w0, [x20, #96]
   85d08:	91010295 	add	x21, x20, #0x40
   85d0c:	340000e0 	cbz	w0, 85d28 <CTimer::InterruptHandler()+0x88>
   85d10:	f8737aa0 	ldr	x0, [x21, x19, lsl #3]
   85d14:	91000673 	add	x19, x19, #0x1
   85d18:	d63f0000 	blr	x0
   85d1c:	b9406280 	ldr	w0, [x20, #96]
   85d20:	6b13001f 	cmp	w0, w19
   85d24:	54ffff68 	b.hi	85d10 <CTimer::InterruptHandler()+0x70>  // b.pmore
   85d28:	f94013f5 	ldr	x21, [sp, #32]
   85d2c:	a94153f3 	ldp	x19, x20, [sp, #16]
   85d30:	a8c37bfd 	ldp	x29, x30, [sp], #48
   85d34:	d65f03c0 	ret
   85d38:	b9401280 	ldr	w0, [x20, #16]
   85d3c:	11000400 	add	w0, w0, #0x1
   85d40:	b9001280 	str	w0, [x20, #16]
   85d44:	b9401680 	ldr	w0, [x20, #20]
   85d48:	11000400 	add	w0, w0, #0x1
   85d4c:	b9001680 	str	w0, [x20, #20]
   85d50:	17ffffea 	b	85cf8 <CTimer::InterruptHandler()+0x58>
   85d54:	9400067b 	bl	87740 <EnterCritical>
   85d58:	b9400e80 	ldr	w0, [x20, #12]
   85d5c:	528b8522 	mov	w2, #0x5c29                	// #23593
   85d60:	72b851e2 	movk	w2, #0xc28f, lsl #16
   85d64:	b9401a81 	ldr	w1, [x20, #24]
   85d68:	11000400 	add	w0, w0, #0x1
   85d6c:	b9000e80 	str	w0, [x20, #12]
   85d70:	1b027c00 	mul	w0, w0, w2
   85d74:	528b8502 	mov	w2, #0x5c28                	// #23592
   85d78:	72a051e2 	movk	w2, #0x28f, lsl #16
   85d7c:	13800800 	ror	w0, w0, #2
   85d80:	6b02001f 	cmp	w0, w2
   85d84:	54000089 	b.ls	85d94 <CTimer::InterruptHandler()+0xf4>  // b.plast
   85d88:	34fffb81 	cbz	w1, 85cf8 <CTimer::InterruptHandler()+0x58>
   85d8c:	9400069d 	bl	87800 <LeaveCritical>
   85d90:	17ffffda 	b	85cf8 <CTimer::InterruptHandler()+0x58>
   85d94:	b9401280 	ldr	w0, [x20, #16]
   85d98:	11000400 	add	w0, w0, #0x1
   85d9c:	b9001280 	str	w0, [x20, #16]
   85da0:	b9401680 	ldr	w0, [x20, #20]
   85da4:	11000400 	add	w0, w0, #0x1
   85da8:	b9001680 	str	w0, [x20, #20]
   85dac:	17fffff7 	b	85d88 <CTimer::InterruptHandler()+0xe8>

0000000000085db0 <CTimer::InterruptHandler(void*)>:
   85db0:	b4000040 	cbz	x0, 85db8 <CTimer::InterruptHandler(void*)+0x8>
   85db4:	17ffffbb 	b	85ca0 <CTimer::InterruptHandler()>
   85db8:	d0000061 	adrp	x1, 93000 <CExceptionHandler::Throw(unsigned int, TAbortFrame*)+0xc0>
   85dbc:	d0000060 	adrp	x0, 93000 <CExceptionHandler::Throw(unsigned int, TAbortFrame*)+0xc0>
   85dc0:	a9bf7bfd 	stp	x29, x30, [sp, #-16]!
   85dc4:	52804bc2 	mov	w2, #0x25e                 	// #606
   85dc8:	910003fd 	mov	x29, sp
   85dcc:	91130021 	add	x1, x1, #0x4c0
   85dd0:	91172000 	add	x0, x0, #0x5c8
   85dd4:	94001093 	bl	8a020 <assertion_failed>
   85dd8:	d503201f 	nop
   85ddc:	d503201f 	nop

0000000000085de0 <CTimer::TuneMsDelay()>:
   85de0:	a9bd7bfd 	stp	x29, x30, [sp, #-48]!
   85de4:	910003fd 	mov	x29, sp
   85de8:	a90153f3 	stp	x19, x20, [sp, #16]
   85dec:	aa0003f4 	mov	x20, x0
   85df0:	52807d00 	mov	w0, #0x3e8                 	// #1000
   85df4:	b9402e81 	ldr	w1, [x20, #44]
   85df8:	b9400e93 	ldr	w19, [x20, #12]
   85dfc:	f90013f5 	str	x21, [sp, #32]
   85e00:	5284e215 	mov	w21, #0x2710                	// #10000
   85e04:	1b007c20 	mul	w0, w1, w0
   85e08:	9400145e 	bl	8af80 <DelayLoop>
   85e0c:	b9400e80 	ldr	w0, [x20, #12]
   85e10:	5289ba62 	mov	w2, #0x4dd3                	// #19923
   85e14:	72a20c42 	movk	w2, #0x1062, lsl #16
   85e18:	b9402e81 	ldr	w1, [x20, #44]
   85e1c:	4b130000 	sub	w0, w0, w19
   85e20:	5290a3f3 	mov	w19, #0x851f                	// #34079
   85e24:	72aa3d73 	movk	w19, #0x51eb, lsl #16
   85e28:	1ac00ab5 	udiv	w21, w21, w0
   85e2c:	1b017ea1 	mul	w1, w21, w1
   85e30:	9bb37c21 	umull	x1, w1, w19
   85e34:	d365fc21 	lsr	x1, x1, #37
   85e38:	1107d020 	add	w0, w1, #0x1f4
   85e3c:	9ba27c00 	umull	x0, w0, w2
   85e40:	d366fc00 	lsr	x0, x0, #38
   85e44:	29058281 	stp	w1, w0, [x20, #44]
   85e48:	94001a1e 	bl	8c6c0 <CLogger::Get()>
   85e4c:	9bb37ea4 	umull	x4, w21, w19
   85e50:	52800c85 	mov	w5, #0x64                  	// #100
   85e54:	f0000061 	adrp	x1, 94000 <s_MachineName+0x80>
   85e58:	d0000063 	adrp	x3, 93000 <CExceptionHandler::Throw(unsigned int, TAbortFrame*)+0xc0>
   85e5c:	911d0021 	add	x1, x1, #0x740
   85e60:	a94153f3 	ldp	x19, x20, [sp, #16]
   85e64:	91176063 	add	x3, x3, #0x5d8
   85e68:	52800062 	mov	w2, #0x3                   	// #3
   85e6c:	d365fc84 	lsr	x4, x4, #37
   85e70:	9100c021 	add	x1, x1, #0x30
   85e74:	1b05d485 	msub	w5, w4, w5, w21
   85e78:	f94013f5 	ldr	x21, [sp, #32]
   85e7c:	a8c37bfd 	ldp	x29, x30, [sp], #48
   85e80:	14001bf0 	b	8ce40 <CLogger::Write(char const*, TLogSeverity, char const*, ...)>

0000000000085e84 <CTimer::Initialize()>:
   85e84:	a9be7bfd 	stp	x29, x30, [sp, #-32]!
   85e88:	910003fd 	mov	x29, sp
   85e8c:	a90153f3 	stp	x19, x20, [sp, #16]
   85e90:	aa0003f3 	mov	x19, x0
   85e94:	f9400000 	ldr	x0, [x0]
   85e98:	b40004a0 	cbz	x0, 85f2c <CTimer::Initialize()+0xa8>
   85e9c:	90000002 	adrp	x2, 85000 <is_power_button_pressed+0x5c>
   85ea0:	aa1303e3 	mov	x3, x19
   85ea4:	9136c042 	add	x2, x2, #0xdb0
   85ea8:	528003c1 	mov	w1, #0x1e                  	// #30
   85eac:	94000a25 	bl	88740 <CInterruptSystem::ConnectIRQ(unsigned int, void (*)(void*), void*)>
   85eb0:	d53be001 	mrs	x1, cntfrq_el0
   85eb4:	d28b8520 	mov	x0, #0x5c29                	// #23593
   85eb8:	928e1462 	mov	x2, #0xffffffffffff8f5c    	// #-28836
   85ebc:	f2b851e0 	movk	x0, #0xc28f, lsl #16
   85ec0:	f2beb842 	movk	x2, #0xf5c2, lsl #16
   85ec4:	f2c51ea0 	movk	x0, #0x28f5, lsl #32
   85ec8:	8a227842 	bic	x2, x2, x2, lsl #30
   85ecc:	f2f1eb80 	movk	x0, #0x8f5c, lsl #48
   85ed0:	9b007c20 	mul	x0, x1, x0
   85ed4:	93c00800 	ror	x0, x0, #2
   85ed8:	eb02001f 	cmp	x0, x2
   85edc:	54000348 	b.hi	85f44 <CTimer::Initialize()+0xc0>  // b.pmore
   85ee0:	d29eb860 	mov	x0, #0xf5c3                	// #62915
   85ee4:	d342fc21 	lsr	x1, x1, #2
   85ee8:	f2ab8500 	movk	x0, #0x5c28, lsl #16
   85eec:	f2d851e0 	movk	x0, #0xc28f, lsl #32
   85ef0:	f2e51ea0 	movk	x0, #0x28f5, lsl #48
   85ef4:	9bc07c21 	umulh	x1, x1, x0
   85ef8:	d342fc21 	lsr	x1, x1, #2
   85efc:	b9000a61 	str	w1, [x19, #8]
   85f00:	d53be020 	mrs	x0, cntpct_el0
   85f04:	8b214001 	add	x1, x0, w1, uxtw
   85f08:	d51be241 	msr	cntp_cval_el0, x1
   85f0c:	d2800034 	mov	x20, #0x1                   	// #1
   85f10:	d51be234 	msr	cntp_ctl_el0, x20
   85f14:	aa1303e0 	mov	x0, x19
   85f18:	97ffffb2 	bl	85de0 <CTimer::TuneMsDelay()>
   85f1c:	2a1403e0 	mov	w0, w20
   85f20:	a94153f3 	ldp	x19, x20, [sp, #16]
   85f24:	a8c27bfd 	ldp	x29, x30, [sp], #32
   85f28:	d65f03c0 	ret
   85f2c:	d0000061 	adrp	x1, 93000 <CExceptionHandler::Throw(unsigned int, TAbortFrame*)+0xc0>
   85f30:	d0000060 	adrp	x0, 93000 <CExceptionHandler::Throw(unsigned int, TAbortFrame*)+0xc0>
   85f34:	52800c82 	mov	w2, #0x64                  	// #100
   85f38:	91130021 	add	x1, x1, #0x4c0
   85f3c:	91138000 	add	x0, x0, #0x4e0
   85f40:	94001038 	bl	8a020 <assertion_failed>
   85f44:	d0000061 	adrp	x1, 93000 <CExceptionHandler::Throw(unsigned int, TAbortFrame*)+0xc0>
   85f48:	d0000060 	adrp	x0, 93000 <CExceptionHandler::Throw(unsigned int, TAbortFrame*)+0xc0>
   85f4c:	52800f82 	mov	w2, #0x7c                  	// #124
   85f50:	91130021 	add	x1, x1, #0x4c0
   85f54:	9117c000 	add	x0, x0, #0x5f0
   85f58:	94001032 	bl	8a020 <assertion_failed>
   85f5c:	d503201f 	nop

0000000000085f60 <CTimer::RegisterUpdateTimeHandler(bool (*)(unsigned int, unsigned int))>:
   85f60:	a9bf7bfd 	stp	x29, x30, [sp, #-16]!
   85f64:	910003fd 	mov	x29, sp
   85f68:	f9401c02 	ldr	x2, [x0, #56]
   85f6c:	b50000a2 	cbnz	x2, 85f80 <CTimer::RegisterUpdateTimeHandler(bool (*)(unsigned int, unsigned int))+0x20>
   85f70:	f9001c01 	str	x1, [x0, #56]
   85f74:	b4000121 	cbz	x1, 85f98 <CTimer::RegisterUpdateTimeHandler(bool (*)(unsigned int, unsigned int))+0x38>
   85f78:	a8c17bfd 	ldp	x29, x30, [sp], #16
   85f7c:	d65f03c0 	ret
   85f80:	d0000061 	adrp	x1, 93000 <CExceptionHandler::Throw(unsigned int, TAbortFrame*)+0xc0>
   85f84:	d0000060 	adrp	x0, 93000 <CExceptionHandler::Throw(unsigned int, TAbortFrame*)+0xc0>
   85f88:	52804e82 	mov	w2, #0x274                 	// #628
   85f8c:	91130021 	add	x1, x1, #0x4c0
   85f90:	91182000 	add	x0, x0, #0x608
   85f94:	94001023 	bl	8a020 <assertion_failed>
   85f98:	d0000061 	adrp	x1, 93000 <CExceptionHandler::Throw(unsigned int, TAbortFrame*)+0xc0>
   85f9c:	d0000060 	adrp	x0, 93000 <CExceptionHandler::Throw(unsigned int, TAbortFrame*)+0xc0>
   85fa0:	52804ec2 	mov	w2, #0x276                 	// #630
   85fa4:	91130021 	add	x1, x1, #0x4c0
   85fa8:	9118a000 	add	x0, x0, #0x628
   85fac:	9400101d 	bl	8a020 <assertion_failed>

0000000000085fb0 <CTimer::RegisterPeriodicHandler(void (*)())>:
   85fb0:	a9bf7bfd 	stp	x29, x30, [sp, #-16]!
   85fb4:	910003fd 	mov	x29, sp
   85fb8:	b40001c1 	cbz	x1, 85ff0 <CTimer::RegisterPeriodicHandler(void (*)())+0x40>
   85fbc:	b9406002 	ldr	w2, [x0, #96]
   85fc0:	71000c5f 	cmp	w2, #0x3
   85fc4:	54000228 	b.hi	86008 <CTimer::RegisterPeriodicHandler(void (*)())+0x58>  // b.pmore
   85fc8:	b9406002 	ldr	w2, [x0, #96]
   85fcc:	2a0203e2 	mov	w2, w2
   85fd0:	91002042 	add	x2, x2, #0x8
   85fd4:	f8227801 	str	x1, [x0, x2, lsl #3]
   85fd8:	d5033f9f 	dsb	sy
   85fdc:	b9406001 	ldr	w1, [x0, #96]
   85fe0:	a8c17bfd 	ldp	x29, x30, [sp], #16
   85fe4:	11000421 	add	w1, w1, #0x1
   85fe8:	b9006001 	str	w1, [x0, #96]
   85fec:	d65f03c0 	ret
   85ff0:	d0000061 	adrp	x1, 93000 <CExceptionHandler::Throw(unsigned int, TAbortFrame*)+0xc0>
   85ff4:	d0000060 	adrp	x0, 93000 <CExceptionHandler::Throw(unsigned int, TAbortFrame*)+0xc0>
   85ff8:	52804f62 	mov	w2, #0x27b                 	// #635
   85ffc:	91130021 	add	x1, x1, #0x4c0
   86000:	912a0000 	add	x0, x0, #0xa80
   86004:	94001007 	bl	8a020 <assertion_failed>
   86008:	b0000061 	adrp	x1, 93000 <CExceptionHandler::Throw(unsigned int, TAbortFrame*)+0xc0>
   8600c:	b0000060 	adrp	x0, 93000 <CExceptionHandler::Throw(unsigned int, TAbortFrame*)+0xc0>
   86010:	52804fa2 	mov	w2, #0x27d                 	// #637
   86014:	91130021 	add	x1, x1, #0x4c0
   86018:	91192000 	add	x0, x0, #0x648
   8601c:	94001001 	bl	8a020 <assertion_failed>

0000000000086020 <CTimer::SimpleMsDelay(unsigned int)>:
   86020:	34000280 	cbz	w0, 86070 <CTimer::SimpleMsDelay(unsigned int)+0x50>
   86024:	52807d01 	mov	w1, #0x3e8                 	// #1000
   86028:	1b017c00 	mul	w0, w0, w1
   8602c:	34000220 	cbz	w0, 86070 <CTimer::SimpleMsDelay(unsigned int)+0x50>
   86030:	11000401 	add	w1, w0, #0x1
   86034:	d5033fdf 	isb
   86038:	d53be023 	mrs	x3, cntpct_el0
   8603c:	d53be000 	mrs	x0, cntfrq_el0
   86040:	d2884804 	mov	x4, #0x4240                	// #16960
   86044:	f2a001e4 	movk	x4, #0xf, lsl #16
   86048:	9b047c63 	mul	x3, x3, x4
   8604c:	9ac00863 	udiv	x3, x3, x0
   86050:	d5033fdf 	isb
   86054:	d53be020 	mrs	x0, cntpct_el0
   86058:	d53be002 	mrs	x2, cntfrq_el0
   8605c:	9b047c00 	mul	x0, x0, x4
   86060:	9ac20800 	udiv	x0, x0, x2
   86064:	4b030000 	sub	w0, w0, w3
   86068:	6b00003f 	cmp	w1, w0
   8606c:	54ffff28 	b.hi	86050 <CTimer::SimpleMsDelay(unsigned int)+0x30>  // b.pmore
   86070:	d65f03c0 	ret
   86074:	d503201f 	nop
   86078:	d503201f 	nop
   8607c:	d503201f 	nop

0000000000086080 <CTimer::SimpleusDelay(unsigned int)>:
   86080:	34000220 	cbz	w0, 860c4 <CTimer::SimpleusDelay(unsigned int)+0x44>
   86084:	11000400 	add	w0, w0, #0x1
   86088:	d5033fdf 	isb
   8608c:	d53be023 	mrs	x3, cntpct_el0
   86090:	d53be001 	mrs	x1, cntfrq_el0
   86094:	d2884804 	mov	x4, #0x4240                	// #16960
   86098:	f2a001e4 	movk	x4, #0xf, lsl #16
   8609c:	9b047c63 	mul	x3, x3, x4
   860a0:	9ac10863 	udiv	x3, x3, x1
   860a4:	d5033fdf 	isb
   860a8:	d53be021 	mrs	x1, cntpct_el0
   860ac:	d53be002 	mrs	x2, cntfrq_el0
   860b0:	9b047c21 	mul	x1, x1, x4
   860b4:	9ac20821 	udiv	x1, x1, x2
   860b8:	4b030021 	sub	w1, w1, w3
   860bc:	6b01001f 	cmp	w0, w1
   860c0:	54ffff28 	b.hi	860a4 <CTimer::SimpleusDelay(unsigned int)+0x24>  // b.pmore
   860c4:	d65f03c0 	ret

00000000000860c8 <CTimer::IsLeapYear(unsigned int)>:
   860c8:	528b8521 	mov	w1, #0x5c29                	// #23593
   860cc:	528b8502 	mov	w2, #0x5c28                	// #23592
   860d0:	72b851e1 	movk	w1, #0xc28f, lsl #16
   860d4:	72a051e2 	movk	w2, #0x28f, lsl #16
   860d8:	1b017c01 	mul	w1, w0, w1
   860dc:	13810823 	ror	w3, w1, #2
   860e0:	6b02007f 	cmp	w3, w2
   860e4:	54000089 	b.ls	860f4 <CTimer::IsLeapYear(unsigned int)+0x2c>  // b.plast
   860e8:	f240041f 	tst	x0, #0x3
   860ec:	1a9f17e0 	cset	w0, eq	// eq = none
   860f0:	d65f03c0 	ret
   860f4:	529ae140 	mov	w0, #0xd70a                	// #55050
   860f8:	13811021 	ror	w1, w1, #4
   860fc:	72a01460 	movk	w0, #0xa3, lsl #16
   86100:	6b00003f 	cmp	w1, w0
   86104:	1a9f87e0 	cset	w0, ls	// ls = plast
   86108:	d65f03c0 	ret

000000000008610c <CTimer::GetDaysOfMonth(unsigned int, unsigned int)>:
   8610c:	7100041f 	cmp	w0, #0x1
   86110:	540000c0 	b.eq	86128 <CTimer::GetDaysOfMonth(unsigned int, unsigned int)+0x1c>  // b.none
   86114:	d0000061 	adrp	x1, 94000 <s_MachineName+0x80>
   86118:	911d0021 	add	x1, x1, #0x740
   8611c:	b8605822 	ldr	w2, [x1, w0, uxtw #2]
   86120:	2a0203e0 	mov	w0, w2
   86124:	d65f03c0 	ret
   86128:	528b8522 	mov	w2, #0x5c29                	// #23593
   8612c:	528b8503 	mov	w3, #0x5c28                	// #23592
   86130:	72b851e2 	movk	w2, #0xc28f, lsl #16
   86134:	72a051e3 	movk	w3, #0x28f, lsl #16
   86138:	1b027c22 	mul	w2, w1, w2
   8613c:	13820844 	ror	w4, w2, #2
   86140:	6b03009f 	cmp	w4, w3
   86144:	540000a9 	b.ls	86158 <CTimer::GetDaysOfMonth(unsigned int, unsigned int)+0x4c>  // b.plast
   86148:	528003a2 	mov	w2, #0x1d                  	// #29
   8614c:	f240043f 	tst	x1, #0x3
   86150:	54fffe21 	b.ne	86114 <CTimer::GetDaysOfMonth(unsigned int, unsigned int)+0x8>  // b.any
   86154:	17fffff3 	b	86120 <CTimer::GetDaysOfMonth(unsigned int, unsigned int)+0x14>
   86158:	529ae141 	mov	w1, #0xd70a                	// #55050
   8615c:	13821042 	ror	w2, w2, #4
   86160:	72a01461 	movk	w1, #0xa3, lsl #16
   86164:	6b01005f 	cmp	w2, w1
   86168:	54fffd68 	b.hi	86114 <CTimer::GetDaysOfMonth(unsigned int, unsigned int)+0x8>  // b.pmore
   8616c:	528003a2 	mov	w2, #0x1d                  	// #29
   86170:	17ffffec 	b	86120 <CTimer::GetDaysOfMonth(unsigned int, unsigned int)+0x14>
   86174:	d503201f 	nop
   86178:	d503201f 	nop
   8617c:	d503201f 	nop

0000000000086180 <CTimer::Get()>:
   86180:	90000080 	adrp	x0, 96000 <vtable for CDevice+0x4a8>
   86184:	f9456800 	ldr	x0, [x0, #2768]
   86188:	b4000040 	cbz	x0, 86190 <CTimer::Get()+0x10>
   8618c:	d65f03c0 	ret
   86190:	b0000061 	adrp	x1, 93000 <CExceptionHandler::Throw(unsigned int, TAbortFrame*)+0xc0>
   86194:	b0000060 	adrp	x0, 93000 <CExceptionHandler::Throw(unsigned int, TAbortFrame*)+0xc0>
   86198:	a9bf7bfd 	stp	x29, x30, [sp, #-16]!
   8619c:	528057c2 	mov	w2, #0x2be                 	// #702
   861a0:	910003fd 	mov	x29, sp
   861a4:	91130021 	add	x1, x1, #0x4c0
   861a8:	911a0000 	add	x0, x0, #0x680
   861ac:	94000f9d 	bl	8a020 <assertion_failed>
	...

00000000000861c0 <memmove>:
   861c0:	eb01001f 	cmp	x0, x1
   861c4:	54000089 	b.ls	861d4 <memmove+0x14>  // b.plast
   861c8:	8b020023 	add	x3, x1, x2
   861cc:	eb03001f 	cmp	x0, x3
   861d0:	54000043 	b.cc	861d8 <memmove+0x18>  // b.lo, b.ul, b.last
   861d4:	1400020d 	b	86a08 <memcpy>
   861d8:	d1000443 	sub	x3, x2, #0x1
   861dc:	b40000c2 	cbz	x2, 861f4 <memmove+0x34>
   861e0:	38e36822 	ldrsb	w2, [x1, x3]
   861e4:	38236802 	strb	w2, [x0, x3]
   861e8:	d1000463 	sub	x3, x3, #0x1
   861ec:	b100047f 	cmn	x3, #0x1
   861f0:	54ffff81 	b.ne	861e0 <memmove+0x20>  // b.any
   861f4:	d65f03c0 	ret
   861f8:	d503201f 	nop
   861fc:	d503201f 	nop

0000000000086200 <memcmp>:
   86200:	b40001a2 	cbz	x2, 86234 <memcmp+0x34>
   86204:	d2800003 	mov	x3, #0x0                   	// #0
   86208:	14000005 	b	8621c <memcmp+0x1c>
   8620c:	54000183 	b.cc	8623c <memcmp+0x3c>  // b.lo, b.ul, b.last
   86210:	91000463 	add	x3, x3, #0x1
   86214:	eb03005f 	cmp	x2, x3
   86218:	540000e0 	b.eq	86234 <memcmp+0x34>  // b.none
   8621c:	38636805 	ldrb	w5, [x0, x3]
   86220:	38636824 	ldrb	w4, [x1, x3]
   86224:	6b0400bf 	cmp	w5, w4
   86228:	54ffff29 	b.ls	8620c <memcmp+0xc>  // b.plast
   8622c:	52800020 	mov	w0, #0x1                   	// #1
   86230:	d65f03c0 	ret
   86234:	52800000 	mov	w0, #0x0                   	// #0
   86238:	d65f03c0 	ret
   8623c:	12800000 	mov	w0, #0xffffffff            	// #-1
   86240:	d65f03c0 	ret

0000000000086244 <memmem>:
   86244:	b40002e1 	cbz	x1, 862a0 <memmem+0x5c>
   86248:	eb03003f 	cmp	x1, x3
   8624c:	54000263 	b.cc	86298 <memmem+0x54>  // b.lo, b.ul, b.last
   86250:	8b010006 	add	x6, x0, x1
   86254:	b4000243 	cbz	x3, 8629c <memmem+0x58>
   86258:	d503201f 	nop
   8625c:	d503201f 	nop
   86260:	d2800001 	mov	x1, #0x0                   	// #0
   86264:	14000005 	b	86278 <memmem+0x34>
   86268:	54000103 	b.cc	86288 <memmem+0x44>  // b.lo, b.ul, b.last
   8626c:	91000421 	add	x1, x1, #0x1
   86270:	eb01007f 	cmp	x3, x1
   86274:	54000140 	b.eq	8629c <memmem+0x58>  // b.none
   86278:	38616805 	ldrb	w5, [x0, x1]
   8627c:	38616844 	ldrb	w4, [x2, x1]
   86280:	6b0400bf 	cmp	w5, w4
   86284:	54ffff29 	b.ls	86268 <memmem+0x24>  // b.plast
   86288:	91000400 	add	x0, x0, #0x1
   8628c:	cb0000c1 	sub	x1, x6, x0
   86290:	eb01007f 	cmp	x3, x1
   86294:	54fffe69 	b.ls	86260 <memmem+0x1c>  // b.plast
   86298:	d2800000 	mov	x0, #0x0                   	// #0
   8629c:	d65f03c0 	ret
   862a0:	f100007f 	cmp	x3, #0x0
   862a4:	9a9f0000 	csel	x0, x0, xzr, eq	// eq = none
   862a8:	d65f03c0 	ret

00000000000862ac <strlen>:
   862ac:	aa0003e2 	mov	x2, x0
   862b0:	39c00000 	ldrsb	w0, [x0]
   862b4:	340000e0 	cbz	w0, 862d0 <strlen+0x24>
   862b8:	d2800000 	mov	x0, #0x0                   	// #0
   862bc:	d503201f 	nop
   862c0:	91000400 	add	x0, x0, #0x1
   862c4:	38e06841 	ldrsb	w1, [x2, x0]
   862c8:	35ffffc1 	cbnz	w1, 862c0 <strlen+0x14>
   862cc:	d65f03c0 	ret
   862d0:	d2800000 	mov	x0, #0x0                   	// #0
   862d4:	d65f03c0 	ret
   862d8:	d503201f 	nop
   862dc:	d503201f 	nop

00000000000862e0 <strnlen>:
   862e0:	b4000121 	cbz	x1, 86304 <strnlen+0x24>
   862e4:	d2800002 	mov	x2, #0x0                   	// #0
   862e8:	14000004 	b	862f8 <strnlen+0x18>
   862ec:	91000442 	add	x2, x2, #0x1
   862f0:	eb02003f 	cmp	x1, x2
   862f4:	54000080 	b.eq	86304 <strnlen+0x24>  // b.none
   862f8:	38e26803 	ldrsb	w3, [x0, x2]
   862fc:	35ffff83 	cbnz	w3, 862ec <strnlen+0xc>
   86300:	aa0203e1 	mov	x1, x2
   86304:	aa0103e0 	mov	x0, x1
   86308:	d65f03c0 	ret

000000000008630c <strcmp>:
   8630c:	39c00002 	ldrsb	w2, [x0]
   86310:	35000102 	cbnz	w2, 86330 <strcmp+0x24>
   86314:	14000016 	b	8636c <strcmp+0x60>
   86318:	6b02007f 	cmp	w3, w2
   8631c:	5400016b 	b.lt	86348 <strcmp+0x3c>  // b.tstop
   86320:	5400018c 	b.gt	86350 <strcmp+0x44>
   86324:	38c01c02 	ldrsb	w2, [x0, #1]!
   86328:	34000182 	cbz	w2, 86358 <strcmp+0x4c>
   8632c:	91000421 	add	x1, x1, #0x1
   86330:	39c00023 	ldrsb	w3, [x1]
   86334:	35ffff23 	cbnz	w3, 86318 <strcmp+0xc>
   86338:	6b03005f 	cmp	w2, w3
   8633c:	5a9fa3e0 	csetm	w0, lt	// lt = tstop
   86340:	1a9fd400 	csinc	w0, w0, wzr, le
   86344:	d65f03c0 	ret
   86348:	52800020 	mov	w0, #0x1                   	// #1
   8634c:	d65f03c0 	ret
   86350:	12800000 	mov	w0, #0xffffffff            	// #-1
   86354:	d65f03c0 	ret
   86358:	39c00423 	ldrsb	w3, [x1, #1]
   8635c:	6b03005f 	cmp	w2, w3
   86360:	5a9fa3e0 	csetm	w0, lt	// lt = tstop
   86364:	1a9fd400 	csinc	w0, w0, wzr, le
   86368:	17fffff7 	b	86344 <strcmp+0x38>
   8636c:	39c00023 	ldrsb	w3, [x1]
   86370:	17fffff2 	b	86338 <strcmp+0x2c>
   86374:	d503201f 	nop
   86378:	d503201f 	nop
   8637c:	d503201f 	nop

0000000000086380 <strcasecmp>:
   86380:	1400000c 	b	863b0 <strcasecmp+0x30>
   86384:	51008063 	sub	w3, w3, #0x20
   86388:	39c00022 	ldrsb	w2, [x1]
   8638c:	51018444 	sub	w4, w2, #0x61
   86390:	7100649f 	cmp	w4, #0x19
   86394:	54000288 	b.hi	863e4 <strcasecmp+0x64>  // b.pmore
   86398:	51008042 	sub	w2, w2, #0x20
   8639c:	6b02007f 	cmp	w3, w2
   863a0:	540002cc 	b.gt	863f8 <strcasecmp+0x78>
   863a4:	540002eb 	b.lt	86400 <strcasecmp+0x80>  // b.tstop
   863a8:	91000400 	add	x0, x0, #0x1
   863ac:	91000421 	add	x1, x1, #0x1
   863b0:	39c00003 	ldrsb	w3, [x0]
   863b4:	51018462 	sub	w2, w3, #0x61
   863b8:	7100645f 	cmp	w2, #0x19
   863bc:	54fffe49 	b.ls	86384 <strcasecmp+0x4>  // b.plast
   863c0:	35fffe43 	cbnz	w3, 86388 <strcasecmp+0x8>
   863c4:	39c00022 	ldrsb	w2, [x1]
   863c8:	51018440 	sub	w0, w2, #0x61
   863cc:	7100641f 	cmp	w0, #0x19
   863d0:	540000c8 	b.hi	863e8 <strcasecmp+0x68>  // b.pmore
   863d4:	51008042 	sub	w2, w2, #0x20
   863d8:	6b03005f 	cmp	w2, w3
   863dc:	5a9fd3e0 	csetm	w0, gt
   863e0:	d65f03c0 	ret
   863e4:	35fffdc2 	cbnz	w2, 8639c <strcasecmp+0x1c>
   863e8:	52800020 	mov	w0, #0x1                   	// #1
   863ec:	6b03005f 	cmp	w2, w3
   863f0:	54ffff4a 	b.ge	863d8 <strcasecmp+0x58>  // b.tcont
   863f4:	d65f03c0 	ret
   863f8:	52800020 	mov	w0, #0x1                   	// #1
   863fc:	d65f03c0 	ret
   86400:	12800000 	mov	w0, #0xffffffff            	// #-1
   86404:	d65f03c0 	ret

0000000000086408 <strncmp>:
   86408:	b5000162 	cbnz	x2, 86434 <strncmp+0x2c>
   8640c:	14000012 	b	86454 <strncmp+0x4c>
   86410:	39c00024 	ldrsb	w4, [x1]
   86414:	34000144 	cbz	w4, 8643c <strncmp+0x34>
   86418:	6b04007f 	cmp	w3, w4
   8641c:	5400020c 	b.gt	8645c <strncmp+0x54>
   86420:	5400022b 	b.lt	86464 <strncmp+0x5c>  // b.tstop
   86424:	f1000442 	subs	x2, x2, #0x1
   86428:	91000400 	add	x0, x0, #0x1
   8642c:	91000421 	add	x1, x1, #0x1
   86430:	54000120 	b.eq	86454 <strncmp+0x4c>  // b.none
   86434:	39c00003 	ldrsb	w3, [x0]
   86438:	35fffec3 	cbnz	w3, 86410 <strncmp+0x8>
   8643c:	39c00002 	ldrsb	w2, [x0]
   86440:	39c00020 	ldrsb	w0, [x1]
   86444:	6b00005f 	cmp	w2, w0
   86448:	5a9fa3e0 	csetm	w0, lt	// lt = tstop
   8644c:	1a9fd400 	csinc	w0, w0, wzr, le
   86450:	d65f03c0 	ret
   86454:	52800000 	mov	w0, #0x0                   	// #0
   86458:	d65f03c0 	ret
   8645c:	52800020 	mov	w0, #0x1                   	// #1
   86460:	d65f03c0 	ret
   86464:	12800000 	mov	w0, #0xffffffff            	// #-1
   86468:	d65f03c0 	ret

000000000008646c <strncasecmp>:
   8646c:	b50001e2 	cbnz	x2, 864a8 <strncasecmp+0x3c>
   86470:	14000020 	b	864f0 <strncasecmp+0x84>
   86474:	51008084 	sub	w4, w4, #0x20
   86478:	39c00023 	ldrsb	w3, [x1]
   8647c:	51018465 	sub	w5, w3, #0x61
   86480:	710064bf 	cmp	w5, #0x19
   86484:	540002c8 	b.hi	864dc <strncasecmp+0x70>  // b.pmore
   86488:	51008063 	sub	w3, w3, #0x20
   8648c:	6b03009f 	cmp	w4, w3
   86490:	5400034c 	b.gt	864f8 <strncasecmp+0x8c>
   86494:	5400036b 	b.lt	86500 <strncasecmp+0x94>  // b.tstop
   86498:	f1000442 	subs	x2, x2, #0x1
   8649c:	91000400 	add	x0, x0, #0x1
   864a0:	91000421 	add	x1, x1, #0x1
   864a4:	54000260 	b.eq	864f0 <strncasecmp+0x84>  // b.none
   864a8:	39c00004 	ldrsb	w4, [x0]
   864ac:	51018483 	sub	w3, w4, #0x61
   864b0:	7100647f 	cmp	w3, #0x19
   864b4:	54fffe09 	b.ls	86474 <strncasecmp+0x8>  // b.plast
   864b8:	35fffe04 	cbnz	w4, 86478 <strncasecmp+0xc>
   864bc:	39c00023 	ldrsb	w3, [x1]
   864c0:	51018460 	sub	w0, w3, #0x61
   864c4:	7100641f 	cmp	w0, #0x19
   864c8:	540000c8 	b.hi	864e0 <strncasecmp+0x74>  // b.pmore
   864cc:	51008063 	sub	w3, w3, #0x20
   864d0:	6b03009f 	cmp	w4, w3
   864d4:	5a9fa3e0 	csetm	w0, lt	// lt = tstop
   864d8:	d65f03c0 	ret
   864dc:	35fffd83 	cbnz	w3, 8648c <strncasecmp+0x20>
   864e0:	52800020 	mov	w0, #0x1                   	// #1
   864e4:	6b04007f 	cmp	w3, w4
   864e8:	54ffff4a 	b.ge	864d0 <strncasecmp+0x64>  // b.tcont
   864ec:	d65f03c0 	ret
   864f0:	52800000 	mov	w0, #0x0                   	// #0
   864f4:	d65f03c0 	ret
   864f8:	52800020 	mov	w0, #0x1                   	// #1
   864fc:	d65f03c0 	ret
   86500:	12800000 	mov	w0, #0xffffffff            	// #-1
   86504:	d65f03c0 	ret

0000000000086508 <strcpy>:
   86508:	39c00022 	ldrsb	w2, [x1]
   8650c:	aa0003e3 	mov	x3, x0
   86510:	340000e2 	cbz	w2, 8652c <strcpy+0x24>
   86514:	d503201f 	nop
   86518:	d503201f 	nop
   8651c:	d503201f 	nop
   86520:	38001462 	strb	w2, [x3], #1
   86524:	38c01c22 	ldrsb	w2, [x1, #1]!
   86528:	35ffffc2 	cbnz	w2, 86520 <strcpy+0x18>
   8652c:	3900007f 	strb	wzr, [x3]
   86530:	d65f03c0 	ret
   86534:	d503201f 	nop
   86538:	d503201f 	nop
   8653c:	d503201f 	nop

0000000000086540 <strncpy>:
   86540:	b4000142 	cbz	x2, 86568 <strncpy+0x28>
   86544:	aa0003e4 	mov	x4, x0
   86548:	14000005 	b	8655c <strncpy+0x1c>
   8654c:	f1000442 	subs	x2, x2, #0x1
   86550:	38001483 	strb	w3, [x4], #1
   86554:	91000421 	add	x1, x1, #0x1
   86558:	54000080 	b.eq	86568 <strncpy+0x28>  // b.none
   8655c:	39c00023 	ldrsb	w3, [x1]
   86560:	35ffff63 	cbnz	w3, 8654c <strncpy+0xc>
   86564:	3900009f 	strb	wzr, [x4]
   86568:	d65f03c0 	ret

000000000008656c <strcat>:
   8656c:	39c00002 	ldrsb	w2, [x0]
   86570:	340001a2 	cbz	w2, 865a4 <strcat+0x38>
   86574:	aa0003e2 	mov	x2, x0
   86578:	d503201f 	nop
   8657c:	d503201f 	nop
   86580:	38c01c43 	ldrsb	w3, [x2, #1]!
   86584:	35ffffe3 	cbnz	w3, 86580 <strcat+0x14>
   86588:	39c00023 	ldrsb	w3, [x1]
   8658c:	34000083 	cbz	w3, 8659c <strcat+0x30>
   86590:	38001443 	strb	w3, [x2], #1
   86594:	38c01c23 	ldrsb	w3, [x1, #1]!
   86598:	35ffffc3 	cbnz	w3, 86590 <strcat+0x24>
   8659c:	3900005f 	strb	wzr, [x2]
   865a0:	d65f03c0 	ret
   865a4:	aa0003e2 	mov	x2, x0
   865a8:	17fffff8 	b	86588 <strcat+0x1c>

00000000000865ac <strncat>:
   865ac:	39c00003 	ldrsb	w3, [x0]
   865b0:	34000283 	cbz	w3, 86600 <strncat+0x54>
   865b4:	aa0003e3 	mov	x3, x0
   865b8:	d503201f 	nop
   865bc:	d503201f 	nop
   865c0:	38c01c64 	ldrsb	w4, [x3, #1]!
   865c4:	35ffffe4 	cbnz	w4, 865c0 <strncat+0x14>
   865c8:	39c00024 	ldrsb	w4, [x1]
   865cc:	34000144 	cbz	w4, 865f4 <strncat+0x48>
   865d0:	8b020062 	add	x2, x3, x2
   865d4:	14000004 	b	865e4 <strncat+0x38>
   865d8:	38001464 	strb	w4, [x3], #1
   865dc:	38c01c24 	ldrsb	w4, [x1, #1]!
   865e0:	340000a4 	cbz	w4, 865f4 <strncat+0x48>
   865e4:	eb03005f 	cmp	x2, x3
   865e8:	54ffff81 	b.ne	865d8 <strncat+0x2c>  // b.any
   865ec:	3900005f 	strb	wzr, [x2]
   865f0:	d65f03c0 	ret
   865f4:	aa0303e2 	mov	x2, x3
   865f8:	3900005f 	strb	wzr, [x2]
   865fc:	d65f03c0 	ret
   86600:	aa0003e3 	mov	x3, x0
   86604:	17fffff1 	b	865c8 <strncat+0x1c>

0000000000086608 <strchr>:
   86608:	39c00002 	ldrsb	w2, [x0]
   8660c:	35000082 	cbnz	w2, 8661c <strchr+0x14>
   86610:	14000006 	b	86628 <strchr+0x20>
   86614:	38c01c02 	ldrsb	w2, [x0, #1]!
   86618:	34000082 	cbz	w2, 86628 <strchr+0x20>
   8661c:	6b01005f 	cmp	w2, w1
   86620:	54ffffa1 	b.ne	86614 <strchr+0xc>  // b.any
   86624:	d65f03c0 	ret
   86628:	d2800000 	mov	x0, #0x0                   	// #0
   8662c:	d65f03c0 	ret

0000000000086630 <strstr>:
   86630:	39c00002 	ldrsb	w2, [x0]
   86634:	39c00025 	ldrsb	w5, [x1]
   86638:	35000082 	cbnz	w2, 86648 <strstr+0x18>
   8663c:	710000bf 	cmp	w5, #0x0
   86640:	9a9f0000 	csel	x0, x0, xzr, eq	// eq = none
   86644:	d65f03c0 	ret
   86648:	34ffffe5 	cbz	w5, 86644 <strstr+0x14>
   8664c:	2a0503e3 	mov	w3, w5
   86650:	d2800002 	mov	x2, #0x0                   	// #0
   86654:	14000004 	b	86664 <strstr+0x34>
   86658:	91000442 	add	x2, x2, #0x1
   8665c:	38e26823 	ldrsb	w3, [x1, x2]
   86660:	34ffff23 	cbz	w3, 86644 <strstr+0x14>
   86664:	38e26804 	ldrsb	w4, [x0, x2]
   86668:	6b03009f 	cmp	w4, w3
   8666c:	54ffff60 	b.eq	86658 <strstr+0x28>  // b.none
   86670:	38c01c02 	ldrsb	w2, [x0, #1]!
   86674:	35fffec2 	cbnz	w2, 8664c <strstr+0x1c>
   86678:	d2800000 	mov	x0, #0x0                   	// #0
   8667c:	d65f03c0 	ret

0000000000086680 <strtok_r>:
   86680:	b40004a0 	cbz	x0, 86714 <strtok_r+0x94>
   86684:	39c00004 	ldrsb	w4, [x0]
   86688:	34000404 	cbz	w4, 86708 <strtok_r+0x88>
   8668c:	39c00027 	ldrsb	w7, [x1]
   86690:	35000247 	cbnz	w7, 866d8 <strtok_r+0x58>
   86694:	d503201f 	nop
   86698:	d503201f 	nop
   8669c:	d503201f 	nop
   866a0:	34000344 	cbz	w4, 86708 <strtok_r+0x88>
   866a4:	34000407 	cbz	w7, 86724 <strtok_r+0xa4>
   866a8:	aa0003e6 	mov	x6, x0
   866ac:	aa0103e5 	mov	x5, x1
   866b0:	2a0703e3 	mov	w3, w7
   866b4:	14000003 	b	866c0 <strtok_r+0x40>
   866b8:	38c01ca3 	ldrsb	w3, [x5, #1]!
   866bc:	340001e3 	cbz	w3, 866f8 <strtok_r+0x78>
   866c0:	6b04007f 	cmp	w3, w4
   866c4:	54ffffa1 	b.ne	866b8 <strtok_r+0x38>  // b.any
   866c8:	380014df 	strb	wzr, [x6], #1
   866cc:	f9000046 	str	x6, [x2]
   866d0:	d65f03c0 	ret
   866d4:	38c01c04 	ldrsb	w4, [x0, #1]!
   866d8:	aa0103e5 	mov	x5, x1
   866dc:	2a0703e3 	mov	w3, w7
   866e0:	14000003 	b	866ec <strtok_r+0x6c>
   866e4:	38c01ca3 	ldrsb	w3, [x5, #1]!
   866e8:	34fffdc3 	cbz	w3, 866a0 <strtok_r+0x20>
   866ec:	6b04007f 	cmp	w3, w4
   866f0:	54ffffa1 	b.ne	866e4 <strtok_r+0x64>  // b.any
   866f4:	17fffff8 	b	866d4 <strtok_r+0x54>
   866f8:	38c01cc4 	ldrsb	w4, [x6, #1]!
   866fc:	35fffd84 	cbnz	w4, 866ac <strtok_r+0x2c>
   86700:	f9000046 	str	x6, [x2]
   86704:	17fffff3 	b	866d0 <strtok_r+0x50>
   86708:	d2800000 	mov	x0, #0x0                   	// #0
   8670c:	f900005f 	str	xzr, [x2]
   86710:	d65f03c0 	ret
   86714:	f9400040 	ldr	x0, [x2]
   86718:	b5fffb60 	cbnz	x0, 86684 <strtok_r+0x4>
   8671c:	d2800000 	mov	x0, #0x0                   	// #0
   86720:	17fffffc 	b	86710 <strtok_r+0x90>
   86724:	aa0003e1 	mov	x1, x0
   86728:	14000003 	b	86734 <strtok_r+0xb4>
   8672c:	38c02c23 	ldrsb	w3, [x1, #2]!
   86730:	340000c3 	cbz	w3, 86748 <strtok_r+0xc8>
   86734:	39c00423 	ldrsb	w3, [x1, #1]
   86738:	91000426 	add	x6, x1, #0x1
   8673c:	35ffff83 	cbnz	w3, 8672c <strtok_r+0xac>
   86740:	f9000046 	str	x6, [x2]
   86744:	17ffffe3 	b	866d0 <strtok_r+0x50>
   86748:	aa0103e6 	mov	x6, x1
   8674c:	f9000046 	str	x6, [x2]
   86750:	17ffffe0 	b	866d0 <strtok_r+0x50>
   86754:	d503201f 	nop
   86758:	d503201f 	nop
   8675c:	d503201f 	nop

0000000000086760 <strtoul>:
   86760:	aa0003e3 	mov	x3, x0
   86764:	b4000041 	cbz	x1, 8676c <strtoul+0xc>
   86768:	f9000020 	str	x0, [x1]
   8676c:	51000840 	sub	w0, w2, #0x2
   86770:	7100881f 	cmp	w0, #0x22
   86774:	7a408844 	ccmp	w2, #0x0, #0x4, hi	// hi = pmore
   86778:	54000a41 	b.ne	868c0 <strtoul+0x160>  // b.any
   8677c:	d503201f 	nop
   86780:	39c00064 	ldrsb	w4, [x3]
   86784:	7100809f 	cmp	w4, #0x20
   86788:	54000340 	b.eq	867f0 <strtoul+0x90>  // b.none
   8678c:	51002480 	sub	w0, w4, #0x9
   86790:	12001c00 	and	w0, w0, #0xff
   86794:	7100101f 	cmp	w0, #0x4
   86798:	540002c9 	b.ls	867f0 <strtoul+0x90>  // b.plast
   8679c:	7100ac9f 	cmp	w4, #0x2b
   867a0:	540002c0 	b.eq	867f8 <strtoul+0x98>  // b.none
   867a4:	52800009 	mov	w9, #0x0                   	// #0
   867a8:	7100b49f 	cmp	w4, #0x2d
   867ac:	540002c1 	b.ne	86804 <strtoul+0xa4>  // b.any
   867b0:	39c00464 	ldrsb	w4, [x3, #1]
   867b4:	52800029 	mov	w9, #0x1                   	// #1
   867b8:	91000463 	add	x3, x3, #0x1
   867bc:	7100c09f 	cmp	w4, #0x30
   867c0:	54000261 	b.ne	8680c <strtoul+0xac>  // b.any
   867c4:	39c00464 	ldrsb	w4, [x3, #1]
   867c8:	91000465 	add	x5, x3, #0x1
   867cc:	121a7880 	and	w0, w4, #0xffffffdf
   867d0:	7101601f 	cmp	w0, #0x58
   867d4:	540007a1 	b.ne	868c8 <strtoul+0x168>  // b.any
   867d8:	721b785f 	tst	w2, #0xffffffef
   867dc:	54000721 	b.ne	868c0 <strtoul+0x160>  // b.any
   867e0:	39c00864 	ldrsb	w4, [x3, #2]
   867e4:	52800202 	mov	w2, #0x10                  	// #16
   867e8:	91000863 	add	x3, x3, #0x2
   867ec:	1400000b 	b	86818 <strtoul+0xb8>
   867f0:	91000463 	add	x3, x3, #0x1
   867f4:	17ffffe3 	b	86780 <strtoul+0x20>
   867f8:	39c00464 	ldrsb	w4, [x3, #1]
   867fc:	52800009 	mov	w9, #0x0                   	// #0
   86800:	91000463 	add	x3, x3, #0x1
   86804:	7100c09f 	cmp	w4, #0x30
   86808:	54fffde0 	b.eq	867c4 <strtoul+0x64>  // b.none
   8680c:	7100005f 	cmp	w2, #0x0
   86810:	52800140 	mov	w0, #0xa                   	// #10
   86814:	1a801042 	csel	w2, w2, w0, ne	// ne = any
   86818:	2a0403e5 	mov	w5, w4
   8681c:	7100bc9f 	cmp	w4, #0x2f
   86820:	540004cd 	b.le	868b8 <strtoul+0x158>
   86824:	51018484 	sub	w4, w4, #0x61
   86828:	52800027 	mov	w7, #0x1                   	// #1
   8682c:	d2800006 	mov	x6, #0x0                   	// #0
   86830:	93407c48 	sxtw	x8, w2
   86834:	7100649f 	cmp	w4, #0x19
   86838:	54000288 	b.hi	86888 <strtoul+0x128>  // b.pmore
   8683c:	d503201f 	nop
   86840:	510080a5 	sub	w5, w5, #0x20
   86844:	51001ca5 	sub	w5, w5, #0x7
   86848:	5100c0a5 	sub	w5, w5, #0x30
   8684c:	6b0200bf 	cmp	w5, w2
   86850:	5400026a 	b.ge	8689c <strtoul+0x13c>  // b.tcont
   86854:	93407ca5 	sxtw	x5, w5
   86858:	9b061500 	madd	x0, x8, x6, x5
   8685c:	eb06001f 	cmp	x0, x6
   86860:	540003c3 	b.cc	868d8 <strtoul+0x178>  // b.lo, b.ul, b.last
   86864:	38c01c65 	ldrsb	w5, [x3, #1]!
   86868:	52800007 	mov	w7, #0x0                   	// #0
   8686c:	2a0503e4 	mov	w4, w5
   86870:	7100bcbf 	cmp	w5, #0x2f
   86874:	540003ad 	b.le	868e8 <strtoul+0x188>
   86878:	51018484 	sub	w4, w4, #0x61
   8687c:	aa0003e6 	mov	x6, x0
   86880:	7100649f 	cmp	w4, #0x19
   86884:	54fffde9 	b.ls	86840 <strtoul+0xe0>  // b.plast
   86888:	710100bf 	cmp	w5, #0x40
   8688c:	54fffdcc 	b.gt	86844 <strtoul+0xe4>
   86890:	5100c0a5 	sub	w5, w5, #0x30
   86894:	6b0200bf 	cmp	w5, w2
   86898:	54fffdeb 	b.lt	86854 <strtoul+0xf4>  // b.tstop
   8689c:	520000e7 	eor	w7, w7, #0x1
   868a0:	aa0603e0 	mov	x0, x6
   868a4:	b4000041 	cbz	x1, 868ac <strtoul+0x14c>
   868a8:	f9000023 	str	x3, [x1]
   868ac:	6a0900ff 	tst	w7, w9
   868b0:	da800400 	cneg	x0, x0, ne	// ne = any
   868b4:	d65f03c0 	ret
   868b8:	b4000041 	cbz	x1, 868c0 <strtoul+0x160>
   868bc:	f9000023 	str	x3, [x1]
   868c0:	d2800000 	mov	x0, #0x0                   	// #0
   868c4:	d65f03c0 	ret
   868c8:	aa0503e3 	mov	x3, x5
   868cc:	35fffa62 	cbnz	w2, 86818 <strtoul+0xb8>
   868d0:	52800102 	mov	w2, #0x8                   	// #8
   868d4:	17ffffd1 	b	86818 <strtoul+0xb8>
   868d8:	b4000041 	cbz	x1, 868e0 <strtoul+0x180>
   868dc:	f9000023 	str	x3, [x1]
   868e0:	92800000 	mov	x0, #0xffffffffffffffff    	// #-1
   868e4:	d65f03c0 	ret
   868e8:	52800027 	mov	w7, #0x1                   	// #1
   868ec:	17ffffee 	b	868a4 <strtoul+0x144>

00000000000868f0 <strtoull>:
   868f0:	17ffff9c 	b	86760 <strtoul>
   868f4:	d503201f 	nop
   868f8:	d503201f 	nop
   868fc:	d503201f 	nop

0000000000086900 <atoi>:
   86900:	a9bf7bfd 	stp	x29, x30, [sp, #-16]!
   86904:	52800142 	mov	w2, #0xa                   	// #10
   86908:	910003fd 	mov	x29, sp
   8690c:	d2800001 	mov	x1, #0x0                   	// #0
   86910:	97ffff94 	bl	86760 <strtoul>
   86914:	a8c17bfd 	ldp	x29, x30, [sp], #16
   86918:	d65f03c0 	ret
   8691c:	d503201f 	nop

0000000000086920 <char2int>:
   86920:	13001c00 	sxtb	w0, w0
   86924:	d65f03c0 	ret

0000000000086928 <ether_crc>:
   86928:	b4000440 	cbz	x0, 869b0 <ether_crc+0x88>
   8692c:	52906405 	mov	w5, #0x8320                	// #33568
   86930:	8b000026 	add	x6, x1, x0
   86934:	12800002 	mov	w2, #0xffffffff            	// #-1
   86938:	72bdb705 	movk	w5, #0xedb8, lsl #16
   8693c:	d503201f 	nop
   86940:	38401420 	ldrb	w0, [x1], #1
   86944:	4a000042 	eor	w2, w2, w0
   86948:	52800100 	mov	w0, #0x8                   	// #8
   8694c:	72000043 	ands	w3, w2, #0x1
   86950:	53017c44 	lsr	w4, w2, #1
   86954:	1a850063 	csel	w3, w3, w5, eq	// eq = none
   86958:	4a4204a2 	eor	w2, w5, w2, lsr #1
   8695c:	1a841042 	csel	w2, w2, w4, ne	// ne = any
   86960:	71000400 	subs	w0, w0, #0x1
   86964:	54ffff41 	b.ne	8694c <ether_crc+0x24>  // b.any
   86968:	eb06003f 	cmp	x1, x6
   8696c:	54fffea1 	b.ne	86940 <ether_crc+0x18>  // b.any
   86970:	6b03009f 	cmp	w4, w3
   86974:	540001c0 	b.eq	869ac <ether_crc+0x84>  // b.none
   86978:	2a0203e1 	mov	w1, w2
   8697c:	52800000 	mov	w0, #0x0                   	// #0
   86980:	12000023 	and	w3, w1, #0x1
   86984:	53017c21 	lsr	w1, w1, #1
   86988:	2a000460 	orr	w0, w3, w0, lsl #1
   8698c:	35ffffa1 	cbnz	w1, 86980 <ether_crc+0x58>
   86990:	52800403 	mov	w3, #0x20                  	// #32
   86994:	5ac01041 	clz	w1, w2
   86998:	4b010061 	sub	w1, w3, w1
   8699c:	7100005f 	cmp	w2, #0x0
   869a0:	1a9f1421 	csinc	w1, w1, wzr, ne	// ne = any
   869a4:	4b010063 	sub	w3, w3, w1
   869a8:	1ac32000 	lsl	w0, w0, w3
   869ac:	d65f03c0 	ret
   869b0:	12800002 	mov	w2, #0xffffffff            	// #-1
   869b4:	17fffff1 	b	86978 <ether_crc+0x50>

00000000000869b8 <memset>:
   869b8:	b40000e2 	cbz	x2, 869d4 <memset+0x1c>
   869bc:	aa0003ea 	mov	x10, x0
   869c0:	f240115f 	tst	x10, #0x1f
   869c4:	540000a0 	b.eq	869d8 <memset+0x20>  // b.none
   869c8:	38001541 	strb	w1, [x10], #1
   869cc:	d1000442 	sub	x2, x2, #0x1
   869d0:	b5ffff82 	cbnz	x2, 869c0 <memset+0x8>
   869d4:	d65f03c0 	ret
   869d8:	d345fc49 	lsr	x9, x2, #5
   869dc:	92401042 	and	x2, x2, #0x1f
   869e0:	b4000109 	cbz	x9, 86a00 <memset+0x48>
   869e4:	92401c21 	and	x1, x1, #0xff
   869e8:	b200c3e8 	mov	x8, #0x101010101010101     	// #72340172838076673
   869ec:	9b017d08 	mul	x8, x8, x1
   869f0:	d1000529 	sub	x9, x9, #0x1
   869f4:	a8812148 	stp	x8, x8, [x10], #16
   869f8:	a8812148 	stp	x8, x8, [x10], #16
   869fc:	b5ffffa9 	cbnz	x9, 869f0 <memset+0x38>
   86a00:	b4fffea2 	cbz	x2, 869d4 <memset+0x1c>
   86a04:	17fffff1 	b	869c8 <memset+0x10>

0000000000086a08 <memcpy>:
   86a08:	aa0003e8 	mov	x8, x0
   86a0c:	f101fc5f 	cmp	x2, #0x7f
   86a10:	540001c9 	b.ls	86a48 <memcpy+0x40>  // b.plast
   86a14:	f240081f 	tst	x0, #0x7
   86a18:	54000181 	b.ne	86a48 <memcpy+0x40>  // b.any
   86a1c:	f240083f 	tst	x1, #0x7
   86a20:	54000141 	b.ne	86a48 <memcpy+0x40>  // b.any
   86a24:	d2800803 	mov	x3, #0x40                  	// #64
   86a28:	a8c11424 	ldp	x4, x5, [x1], #16
   86a2c:	a8c11c26 	ldp	x6, x7, [x1], #16
   86a30:	d1008042 	sub	x2, x2, #0x20
   86a34:	a8811404 	stp	x4, x5, [x0], #16
   86a38:	a8811c06 	stp	x6, x7, [x0], #16
   86a3c:	f8a36821 	prfm	pldl1strm, [x1, x3]
   86a40:	f1007c5f 	cmp	x2, #0x1f
   86a44:	54ffff28 	b.hi	86a28 <memcpy+0x20>  // b.pmore
   86a48:	f100005f 	cmp	x2, #0x0
   86a4c:	540000a0 	b.eq	86a60 <memcpy+0x58>  // b.none
   86a50:	38401423 	ldrb	w3, [x1], #1
   86a54:	f1000442 	subs	x2, x2, #0x1
   86a58:	38001403 	strb	w3, [x0], #1
   86a5c:	54ffffa1 	b.ne	86a50 <memcpy+0x48>  // b.any
   86a60:	aa0803e0 	mov	x0, x8
   86a64:	d65f03c0 	ret
	...

0000000000086a80 <ChainBootStub(void const*, unsigned long)>:
   86a80:	91000c22 	add	x2, x1, #0x3
   86a84:	d342fc42 	lsr	x2, x2, #2
   86a88:	b4000182 	cbz	x2, 86ab8 <ChainBootStub(void const*, unsigned long)+0x38>
   86a8c:	91408042 	add	x2, x2, #0x20, lsl #12
   86a90:	d1420000 	sub	x0, x0, #0x80, lsl #12
   86a94:	d37ef442 	lsl	x2, x2, #2
   86a98:	d2a00101 	mov	x1, #0x80000               	// #524288
   86a9c:	d503201f 	nop
   86aa0:	b8606824 	ldr	w4, [x1, x0]
   86aa4:	aa0103e3 	mov	x3, x1
   86aa8:	91001021 	add	x1, x1, #0x4
   86aac:	b9000064 	str	w4, [x3]
   86ab0:	eb02003f 	cmp	x1, x2
   86ab4:	54ffff61 	b.ne	86aa0 <ChainBootStub(void const*, unsigned long)+0x20>  // b.any
   86ab8:	d508751f 	ic	iallu
   86abc:	d5033f9f 	dsb	sy
   86ac0:	d5033fdf 	isb
   86ac4:	d2a00110 	mov	x16, #0x80000               	// #524288
   86ac8:	d61f0200 	br	x16

0000000000086acc <EnableChainBoot>:
   86acc:	90000082 	adrp	x2, 96000 <vtable for CDevice+0x4a8>
   86ad0:	a9bf7bfd 	stp	x29, x30, [sp, #-16]!
   86ad4:	910003fd 	mov	x29, sp
   86ad8:	912b6043 	add	x3, x2, #0xad8
   86adc:	f9000461 	str	x1, [x3, #8]
   86ae0:	90000001 	adrp	x1, 86000 <CTimer::RegisterPeriodicHandler(void (*)())+0x50>
   86ae4:	f9056c40 	str	x0, [x2, #2776]
   86ae8:	912a0021 	add	x1, x1, #0xa80
   86aec:	d2808002 	mov	x2, #0x400                 	// #1024
   86af0:	b27623e0 	mov	x0, #0x7fc00               	// #523264
   86af4:	97ffffc5 	bl	86a08 <memcpy>
   86af8:	d508751f 	ic	iallu
   86afc:	d5033f9f 	dsb	sy
   86b00:	d5033fdf 	isb
   86b04:	a8c17bfd 	ldp	x29, x30, [sp], #16
   86b08:	d65f03c0 	ret

0000000000086b0c <IsChainBootEnabled>:
   86b0c:	90000080 	adrp	x0, 96000 <vtable for CDevice+0x4a8>
   86b10:	f9456c00 	ldr	x0, [x0, #2776]
   86b14:	f100001f 	cmp	x0, #0x0
   86b18:	1a9f07e0 	cset	w0, ne	// ne = any
   86b1c:	d65f03c0 	ret

0000000000086b20 <DoChainBoot>:
   86b20:	d4000002 	hvc	#0x0
   86b24:	90000080 	adrp	x0, 96000 <vtable for CDevice+0x4a8>
   86b28:	b27623f0 	mov	x16, #0x7fc00               	// #523264
   86b2c:	912b6001 	add	x1, x0, #0xad8
   86b30:	f9456c00 	ldr	x0, [x0, #2776]
   86b34:	f9400421 	ldr	x1, [x1, #8]
   86b38:	d61f0200 	br	x16
   86b3c:	00000000 	udf	#0

0000000000086b40 <operator new(unsigned long, int)>:
   86b40:	7100043f 	cmp	w1, #0x1
   86b44:	540002c0 	b.eq	86b9c <operator new(unsigned long, int)+0x5c>  // b.none
   86b48:	7100083f 	cmp	w1, #0x2
   86b4c:	540000e0 	b.eq	86b68 <operator new(unsigned long, int)+0x28>  // b.none
   86b50:	35000301 	cbnz	w1, 86bb0 <operator new(unsigned long, int)+0x70>
   86b54:	90000081 	adrp	x1, 96000 <vtable for CDevice+0x4a8>
   86b58:	f9457422 	ldr	x2, [x1, #2792]
   86b5c:	aa0003e1 	mov	x1, x0
   86b60:	91006040 	add	x0, x2, #0x18
   86b64:	14000171 	b	87128 <CHeapAllocator::Allocate(unsigned long)>
   86b68:	90000082 	adrp	x2, 96000 <vtable for CDevice+0x4a8>
   86b6c:	a9be7bfd 	stp	x29, x30, [sp, #-32]!
   86b70:	aa0003e1 	mov	x1, x0
   86b74:	910003fd 	mov	x29, sp
   86b78:	f9457440 	ldr	x0, [x2, #2792]
   86b7c:	f9000fe1 	str	x1, [sp, #24]
   86b80:	91064000 	add	x0, x0, #0x190
   86b84:	94000169 	bl	87128 <CHeapAllocator::Allocate(unsigned long)>
   86b88:	f9400fe1 	ldr	x1, [sp, #24]
   86b8c:	90000082 	adrp	x2, 96000 <vtable for CDevice+0x4a8>
   86b90:	b4000140 	cbz	x0, 86bb8 <operator new(unsigned long, int)+0x78>
   86b94:	a8c27bfd 	ldp	x29, x30, [sp], #32
   86b98:	d65f03c0 	ret
   86b9c:	90000081 	adrp	x1, 96000 <vtable for CDevice+0x4a8>
   86ba0:	f9457422 	ldr	x2, [x1, #2792]
   86ba4:	aa0003e1 	mov	x1, x0
   86ba8:	91064040 	add	x0, x2, #0x190
   86bac:	1400015f 	b	87128 <CHeapAllocator::Allocate(unsigned long)>
   86bb0:	d2800000 	mov	x0, #0x0                   	// #0
   86bb4:	d65f03c0 	ret
   86bb8:	f9457440 	ldr	x0, [x2, #2792]
   86bbc:	a8c27bfd 	ldp	x29, x30, [sp], #32
   86bc0:	91006000 	add	x0, x0, #0x18
   86bc4:	14000159 	b	87128 <CHeapAllocator::Allocate(unsigned long)>

0000000000086bc8 <operator new[](unsigned long, int)>:
   86bc8:	7100043f 	cmp	w1, #0x1
   86bcc:	540002c0 	b.eq	86c24 <operator new[](unsigned long, int)+0x5c>  // b.none
   86bd0:	7100083f 	cmp	w1, #0x2
   86bd4:	540000e0 	b.eq	86bf0 <operator new[](unsigned long, int)+0x28>  // b.none
   86bd8:	35000301 	cbnz	w1, 86c38 <operator new[](unsigned long, int)+0x70>
   86bdc:	90000081 	adrp	x1, 96000 <vtable for CDevice+0x4a8>
   86be0:	f9457422 	ldr	x2, [x1, #2792]
   86be4:	aa0003e1 	mov	x1, x0
   86be8:	91006040 	add	x0, x2, #0x18
   86bec:	1400014f 	b	87128 <CHeapAllocator::Allocate(unsigned long)>
   86bf0:	90000082 	adrp	x2, 96000 <vtable for CDevice+0x4a8>
   86bf4:	a9be7bfd 	stp	x29, x30, [sp, #-32]!
   86bf8:	aa0003e1 	mov	x1, x0
   86bfc:	910003fd 	mov	x29, sp
   86c00:	f9457440 	ldr	x0, [x2, #2792]
   86c04:	f9000fe1 	str	x1, [sp, #24]
   86c08:	91064000 	add	x0, x0, #0x190
   86c0c:	94000147 	bl	87128 <CHeapAllocator::Allocate(unsigned long)>
   86c10:	f9400fe1 	ldr	x1, [sp, #24]
   86c14:	90000082 	adrp	x2, 96000 <vtable for CDevice+0x4a8>
   86c18:	b4000140 	cbz	x0, 86c40 <operator new[](unsigned long, int)+0x78>
   86c1c:	a8c27bfd 	ldp	x29, x30, [sp], #32
   86c20:	d65f03c0 	ret
   86c24:	90000081 	adrp	x1, 96000 <vtable for CDevice+0x4a8>
   86c28:	f9457422 	ldr	x2, [x1, #2792]
   86c2c:	aa0003e1 	mov	x1, x0
   86c30:	91064040 	add	x0, x2, #0x190
   86c34:	1400013d 	b	87128 <CHeapAllocator::Allocate(unsigned long)>
   86c38:	d2800000 	mov	x0, #0x0                   	// #0
   86c3c:	d65f03c0 	ret
   86c40:	f9457440 	ldr	x0, [x2, #2792]
   86c44:	a8c27bfd 	ldp	x29, x30, [sp], #32
   86c48:	91006000 	add	x0, x0, #0x18
   86c4c:	14000137 	b	87128 <CHeapAllocator::Allocate(unsigned long)>

0000000000086c50 <operator new(unsigned long, void*)>:
   86c50:	aa0103e0 	mov	x0, x1
   86c54:	d65f03c0 	ret
   86c58:	d503201f 	nop
   86c5c:	d503201f 	nop

0000000000086c60 <operator new[](unsigned long, void*)>:
   86c60:	aa0103e0 	mov	x0, x1
   86c64:	d65f03c0 	ret

0000000000086c68 <operator new(unsigned long)>:
   86c68:	90000081 	adrp	x1, 96000 <vtable for CDevice+0x4a8>
   86c6c:	f9457422 	ldr	x2, [x1, #2792]
   86c70:	aa0003e1 	mov	x1, x0
   86c74:	91006040 	add	x0, x2, #0x18
   86c78:	1400012c 	b	87128 <CHeapAllocator::Allocate(unsigned long)>
   86c7c:	d503201f 	nop

0000000000086c80 <operator new[](unsigned long)>:
   86c80:	90000081 	adrp	x1, 96000 <vtable for CDevice+0x4a8>
   86c84:	f9457422 	ldr	x2, [x1, #2792]
   86c88:	aa0003e1 	mov	x1, x0
   86c8c:	91006040 	add	x0, x2, #0x18
   86c90:	14000126 	b	87128 <CHeapAllocator::Allocate(unsigned long)>
   86c94:	d503201f 	nop
   86c98:	d503201f 	nop
   86c9c:	d503201f 	nop

0000000000086ca0 <operator delete(void*)>:
   86ca0:	aa0003e1 	mov	x1, x0
   86ca4:	b24077e2 	mov	x2, #0x3fffffff            	// #1073741823
   86ca8:	90000080 	adrp	x0, 96000 <vtable for CDevice+0x4a8>
   86cac:	f9457400 	ldr	x0, [x0, #2792]
   86cb0:	eb02003f 	cmp	x1, x2
   86cb4:	54000068 	b.hi	86cc0 <operator delete(void*)+0x20>  // b.pmore
   86cb8:	91006000 	add	x0, x0, #0x18
   86cbc:	14000179 	b	872a0 <CHeapAllocator::Free(void*)>
   86cc0:	91064000 	add	x0, x0, #0x190
   86cc4:	14000177 	b	872a0 <CHeapAllocator::Free(void*)>

0000000000086cc8 <operator delete[](void*)>:
   86cc8:	aa0003e1 	mov	x1, x0
   86ccc:	b24077e2 	mov	x2, #0x3fffffff            	// #1073741823
   86cd0:	90000080 	adrp	x0, 96000 <vtable for CDevice+0x4a8>
   86cd4:	f9457400 	ldr	x0, [x0, #2792]
   86cd8:	eb02003f 	cmp	x1, x2
   86cdc:	54000068 	b.hi	86ce8 <operator delete[](void*)+0x20>  // b.pmore
   86ce0:	91006000 	add	x0, x0, #0x18
   86ce4:	1400016f 	b	872a0 <CHeapAllocator::Free(void*)>
   86ce8:	91064000 	add	x0, x0, #0x190
   86cec:	1400016d 	b	872a0 <CHeapAllocator::Free(void*)>

0000000000086cf0 <operator delete(void*, unsigned long)>:
   86cf0:	aa0003e1 	mov	x1, x0
   86cf4:	b24077e2 	mov	x2, #0x3fffffff            	// #1073741823
   86cf8:	90000080 	adrp	x0, 96000 <vtable for CDevice+0x4a8>
   86cfc:	f9457400 	ldr	x0, [x0, #2792]
   86d00:	eb02003f 	cmp	x1, x2
   86d04:	54000068 	b.hi	86d10 <operator delete(void*, unsigned long)+0x20>  // b.pmore
   86d08:	91006000 	add	x0, x0, #0x18
   86d0c:	14000165 	b	872a0 <CHeapAllocator::Free(void*)>
   86d10:	91064000 	add	x0, x0, #0x190
   86d14:	14000163 	b	872a0 <CHeapAllocator::Free(void*)>
   86d18:	d503201f 	nop
   86d1c:	d503201f 	nop

0000000000086d20 <operator delete[](void*, unsigned long)>:
   86d20:	aa0003e1 	mov	x1, x0
   86d24:	b24077e2 	mov	x2, #0x3fffffff            	// #1073741823
   86d28:	90000080 	adrp	x0, 96000 <vtable for CDevice+0x4a8>
   86d2c:	f9457400 	ldr	x0, [x0, #2792]
   86d30:	eb02003f 	cmp	x1, x2
   86d34:	54000068 	b.hi	86d40 <operator delete[](void*, unsigned long)+0x20>  // b.pmore
   86d38:	91006000 	add	x0, x0, #0x18
   86d3c:	14000159 	b	872a0 <CHeapAllocator::Free(void*)>
   86d40:	91064000 	add	x0, x0, #0x190
   86d44:	14000157 	b	872a0 <CHeapAllocator::Free(void*)>

0000000000086d48 <operator new(unsigned long, std::align_val_t)>:
   86d48:	f101003f 	cmp	x1, #0x40
   86d4c:	540000c8 	b.hi	86d64 <operator new(unsigned long, std::align_val_t)+0x1c>  // b.pmore
   86d50:	90000081 	adrp	x1, 96000 <vtable for CDevice+0x4a8>
   86d54:	f9457422 	ldr	x2, [x1, #2792]
   86d58:	aa0003e1 	mov	x1, x0
   86d5c:	91006040 	add	x0, x2, #0x18
   86d60:	140000f2 	b	87128 <CHeapAllocator::Allocate(unsigned long)>
   86d64:	d0000061 	adrp	x1, 94000 <s_MachineName+0x80>
   86d68:	a9bf7bfd 	stp	x29, x30, [sp, #-16]!
   86d6c:	52800b42 	mov	w2, #0x5a                  	// #90
   86d70:	911de021 	add	x1, x1, #0x778
   86d74:	910003fd 	mov	x29, sp
   86d78:	91002020 	add	x0, x1, #0x8
   86d7c:	94000ca9 	bl	8a020 <assertion_failed>

0000000000086d80 <operator new[](unsigned long, std::align_val_t)>:
   86d80:	f101003f 	cmp	x1, #0x40
   86d84:	540000c8 	b.hi	86d9c <operator new[](unsigned long, std::align_val_t)+0x1c>  // b.pmore
   86d88:	90000081 	adrp	x1, 96000 <vtable for CDevice+0x4a8>
   86d8c:	f9457422 	ldr	x2, [x1, #2792]
   86d90:	aa0003e1 	mov	x1, x0
   86d94:	91006040 	add	x0, x2, #0x18
   86d98:	140000e4 	b	87128 <CHeapAllocator::Allocate(unsigned long)>
   86d9c:	d0000061 	adrp	x1, 94000 <s_MachineName+0x80>
   86da0:	a9bf7bfd 	stp	x29, x30, [sp, #-16]!
   86da4:	52800c02 	mov	w2, #0x60                  	// #96
   86da8:	911de021 	add	x1, x1, #0x778
   86dac:	910003fd 	mov	x29, sp
   86db0:	91002020 	add	x0, x1, #0x8
   86db4:	94000c9b 	bl	8a020 <assertion_failed>
   86db8:	d503201f 	nop
   86dbc:	d503201f 	nop

0000000000086dc0 <operator delete(void*, std::align_val_t)>:
   86dc0:	aa0003e1 	mov	x1, x0
   86dc4:	b24077e2 	mov	x2, #0x3fffffff            	// #1073741823
   86dc8:	90000080 	adrp	x0, 96000 <vtable for CDevice+0x4a8>
   86dcc:	f9457400 	ldr	x0, [x0, #2792]
   86dd0:	eb02003f 	cmp	x1, x2
   86dd4:	54000068 	b.hi	86de0 <operator delete(void*, std::align_val_t)+0x20>  // b.pmore
   86dd8:	91006000 	add	x0, x0, #0x18
   86ddc:	14000131 	b	872a0 <CHeapAllocator::Free(void*)>
   86de0:	91064000 	add	x0, x0, #0x190
   86de4:	1400012f 	b	872a0 <CHeapAllocator::Free(void*)>

0000000000086de8 <operator delete[](void*, std::align_val_t)>:
   86de8:	aa0003e1 	mov	x1, x0
   86dec:	b24077e2 	mov	x2, #0x3fffffff            	// #1073741823
   86df0:	90000080 	adrp	x0, 96000 <vtable for CDevice+0x4a8>
   86df4:	f9457400 	ldr	x0, [x0, #2792]
   86df8:	eb02003f 	cmp	x1, x2
   86dfc:	54000068 	b.hi	86e08 <operator delete[](void*, std::align_val_t)+0x20>  // b.pmore
   86e00:	91006000 	add	x0, x0, #0x18
   86e04:	14000127 	b	872a0 <CHeapAllocator::Free(void*)>
   86e08:	91064000 	add	x0, x0, #0x190
   86e0c:	14000125 	b	872a0 <CHeapAllocator::Free(void*)>

0000000000086e10 <operator delete(void*, unsigned long, std::align_val_t)>:
   86e10:	aa0003e1 	mov	x1, x0
   86e14:	b24077e2 	mov	x2, #0x3fffffff            	// #1073741823
   86e18:	90000080 	adrp	x0, 96000 <vtable for CDevice+0x4a8>
   86e1c:	f9457400 	ldr	x0, [x0, #2792]
   86e20:	eb02003f 	cmp	x1, x2
   86e24:	54000068 	b.hi	86e30 <operator delete(void*, unsigned long, std::align_val_t)+0x20>  // b.pmore
   86e28:	91006000 	add	x0, x0, #0x18
   86e2c:	1400011d 	b	872a0 <CHeapAllocator::Free(void*)>
   86e30:	91064000 	add	x0, x0, #0x190
   86e34:	1400011b 	b	872a0 <CHeapAllocator::Free(void*)>
   86e38:	d503201f 	nop
   86e3c:	d503201f 	nop

0000000000086e40 <operator delete[](void*, unsigned long, std::align_val_t)>:
   86e40:	aa0003e1 	mov	x1, x0
   86e44:	b24077e2 	mov	x2, #0x3fffffff            	// #1073741823
   86e48:	90000080 	adrp	x0, 96000 <vtable for CDevice+0x4a8>
   86e4c:	f9457400 	ldr	x0, [x0, #2792]
   86e50:	eb02003f 	cmp	x1, x2
   86e54:	54000068 	b.hi	86e60 <operator delete[](void*, unsigned long, std::align_val_t)+0x20>  // b.pmore
   86e58:	91006000 	add	x0, x0, #0x18
   86e5c:	14000111 	b	872a0 <CHeapAllocator::Free(void*)>
   86e60:	91064000 	add	x0, x0, #0x190
   86e64:	1400010f 	b	872a0 <CHeapAllocator::Free(void*)>
	...

0000000000086e80 <CHeapAllocator::CHeapAllocator(char const*)>:
   86e80:	a9be7bfd 	stp	x29, x30, [sp, #-32]!
   86e84:	910003fd 	mov	x29, sp
   86e88:	d2802a02 	mov	x2, #0x150                 	// #336
   86e8c:	f9000bf3 	str	x19, [sp, #16]
   86e90:	91008013 	add	x19, x0, #0x20
   86e94:	a9007c01 	stp	x1, xzr, [x0]
   86e98:	52800021 	mov	w1, #0x1                   	// #1
   86e9c:	a9017c1f 	stp	xzr, xzr, [x0, #16]
   86ea0:	b9017001 	str	w1, [x0, #368]
   86ea4:	52800001 	mov	w1, #0x0                   	// #0
   86ea8:	aa1303e0 	mov	x0, x19
   86eac:	97fffec3 	bl	869b8 <memset>
   86eb0:	90000081 	adrp	x1, 96000 <vtable for CDevice+0x4a8>
   86eb4:	aa1303e0 	mov	x0, x19
   86eb8:	9128c021 	add	x1, x1, #0xa30
   86ebc:	91007023 	add	x3, x1, #0x1c
   86ec0:	b8404422 	ldr	w2, [x1], #4
   86ec4:	b8010402 	str	w2, [x0], #16
   86ec8:	eb03003f 	cmp	x1, x3
   86ecc:	54ffffa1 	b.ne	86ec0 <CHeapAllocator::CHeapAllocator(char const*)+0x40>  // b.any
   86ed0:	f9400bf3 	ldr	x19, [sp, #16]
   86ed4:	a8c27bfd 	ldp	x29, x30, [sp], #32
   86ed8:	d65f03c0 	ret
   86edc:	d503201f 	nop

0000000000086ee0 <CHeapAllocator::~CHeapAllocator()>:
   86ee0:	d65f03c0 	ret

0000000000086ee4 <CHeapAllocator::Setup(unsigned long, unsigned long, unsigned long)>:
   86ee4:	8b020022 	add	x2, x1, x2
   86ee8:	f9000c03 	str	x3, [x0, #24]
   86eec:	a9008801 	stp	x1, x2, [x0, #8]
   86ef0:	d65f03c0 	ret
   86ef4:	d503201f 	nop
   86ef8:	d503201f 	nop
   86efc:	d503201f 	nop

0000000000086f00 <CHeapAllocator::GetFreeSpace() const>:
   86f00:	a9408400 	ldp	x0, x1, [x0, #8]
   86f04:	cb000020 	sub	x0, x1, x0
   86f08:	d65f03c0 	ret

0000000000086f0c <CHeapAllocator::DoAllocate(unsigned long)>:
   86f0c:	aa0003e5 	mov	x5, x0
   86f10:	f9400400 	ldr	x0, [x0, #8]
   86f14:	b4001060 	cbz	x0, 87120 <CHeapAllocator::DoAllocate(unsigned long)+0x214>
   86f18:	a9be7bfd 	stp	x29, x30, [sp, #-32]!
   86f1c:	910003fd 	mov	x29, sp
   86f20:	b94170a0 	ldr	w0, [x5, #368]
   86f24:	35000ce0 	cbnz	w0, 870c0 <CHeapAllocator::DoAllocate(unsigned long)+0x1b4>
   86f28:	b94020a2 	ldr	w2, [x5, #32]
   86f2c:	340007a2 	cbz	w2, 87020 <CHeapAllocator::DoAllocate(unsigned long)+0x114>
   86f30:	910080a3 	add	x3, x5, #0x20
   86f34:	14000003 	b	86f40 <CHeapAllocator::DoAllocate(unsigned long)+0x34>
   86f38:	b8410c62 	ldr	w2, [x3, #16]!
   86f3c:	34000722 	cbz	w2, 87020 <CHeapAllocator::DoAllocate(unsigned long)+0x114>
   86f40:	2a0203e2 	mov	w2, w2
   86f44:	eb01005f 	cmp	x2, x1
   86f48:	54ffff83 	b.cc	86f38 <CHeapAllocator::DoAllocate(unsigned long)+0x2c>  // b.lo, b.ul, b.last
   86f4c:	f9400464 	ldr	x4, [x3, #8]
   86f50:	aa0203e1 	mov	x1, x2
   86f54:	b4000664 	cbz	x4, 87020 <CHeapAllocator::DoAllocate(unsigned long)+0x114>
   86f58:	39400081 	ldrb	w1, [x4]
   86f5c:	39400480 	ldrb	w0, [x4, #1]
   86f60:	aa002020 	orr	x0, x1, x0, lsl #8
   86f64:	39400881 	ldrb	w1, [x4, #2]
   86f68:	aa014001 	orr	x1, x0, x1, lsl #16
   86f6c:	39400c80 	ldrb	w0, [x4, #3]
   86f70:	aa006020 	orr	x0, x1, x0, lsl #24
   86f74:	5289a8c1 	mov	w1, #0x4d46                	// #19782
   86f78:	72a84981 	movk	w1, #0x424c, lsl #16
   86f7c:	6b01001f 	cmp	w0, w1
   86f80:	54000c41 	b.ne	87108 <CHeapAllocator::DoAllocate(unsigned long)+0x1fc>  // b.any
   86f84:	39402081 	ldrb	w1, [x4, #8]
   86f88:	39402480 	ldrb	w0, [x4, #9]
   86f8c:	aa002020 	orr	x0, x1, x0, lsl #8
   86f90:	39402881 	ldrb	w1, [x4, #10]
   86f94:	aa014001 	orr	x1, x0, x1, lsl #16
   86f98:	39402c80 	ldrb	w0, [x4, #11]
   86f9c:	aa006020 	orr	x0, x1, x0, lsl #24
   86fa0:	39403081 	ldrb	w1, [x4, #12]
   86fa4:	aa018001 	orr	x1, x0, x1, lsl #32
   86fa8:	39403480 	ldrb	w0, [x4, #13]
   86fac:	aa00a020 	orr	x0, x1, x0, lsl #40
   86fb0:	39403881 	ldrb	w1, [x4, #14]
   86fb4:	aa01c001 	orr	x1, x0, x1, lsl #48
   86fb8:	39403c80 	ldrb	w0, [x4, #15]
   86fbc:	aa00e020 	orr	x0, x1, x0, lsl #56
   86fc0:	f9000460 	str	x0, [x3, #8]
   86fc4:	b94170a0 	ldr	w0, [x5, #368]
   86fc8:	35000560 	cbnz	w0, 87074 <CHeapAllocator::DoAllocate(unsigned long)+0x168>
   86fcc:	52800820 	mov	w0, #0x41                  	// #65
   86fd0:	3900209f 	strb	wzr, [x4, #8]
   86fd4:	3900249f 	strb	wzr, [x4, #9]
   86fd8:	39000080 	strb	w0, [x4]
   86fdc:	528009a0 	mov	w0, #0x4d                  	// #77
   86fe0:	3900289f 	strb	wzr, [x4, #10]
   86fe4:	39000480 	strb	w0, [x4, #1]
   86fe8:	52800980 	mov	w0, #0x4c                  	// #76
   86fec:	39002c9f 	strb	wzr, [x4, #11]
   86ff0:	39000880 	strb	w0, [x4, #2]
   86ff4:	52800840 	mov	w0, #0x42                  	// #66
   86ff8:	3900309f 	strb	wzr, [x4, #12]
   86ffc:	39000c80 	strb	w0, [x4, #3]
   87000:	91010080 	add	x0, x4, #0x40
   87004:	3900349f 	strb	wzr, [x4, #13]
   87008:	3900389f 	strb	wzr, [x4, #14]
   8700c:	39003c9f 	strb	wzr, [x4, #15]
   87010:	f240149f 	tst	x4, #0x3f
   87014:	54000661 	b.ne	870e0 <CHeapAllocator::DoAllocate(unsigned long)+0x1d4>  // b.any
   87018:	a8c27bfd 	ldp	x29, x30, [sp], #32
   8701c:	d65f03c0 	ret
   87020:	f94004a4 	ldr	x4, [x5, #8]
   87024:	9101fc20 	add	x0, x1, #0x7f
   87028:	927ae400 	and	x0, x0, #0xffffffffffffffc0
   8702c:	f9400ca3 	ldr	x3, [x5, #24]
   87030:	8b000080 	add	x0, x4, x0
   87034:	eb00009f 	cmp	x4, x0
   87038:	54000262 	b.cs	87084 <CHeapAllocator::DoAllocate(unsigned long)+0x178>  // b.hs, b.nlast
   8703c:	f94008a2 	ldr	x2, [x5, #16]
   87040:	cb030042 	sub	x2, x2, x3
   87044:	eb02001f 	cmp	x0, x2
   87048:	540001e8 	b.hi	87084 <CHeapAllocator::DoAllocate(unsigned long)+0x178>  // b.pmore
   8704c:	f90004a0 	str	x0, [x5, #8]
   87050:	53083c20 	ubfx	w0, w1, #8, #8
   87054:	39001081 	strb	w1, [x4, #4]
   87058:	39001480 	strb	w0, [x4, #5]
   8705c:	53105c20 	ubfx	w0, w1, #16, #8
   87060:	53187c21 	lsr	w1, w1, #24
   87064:	39001880 	strb	w0, [x4, #6]
   87068:	39001c81 	strb	w1, [x4, #7]
   8706c:	b94170a0 	ldr	w0, [x5, #368]
   87070:	34fffae0 	cbz	w0, 86fcc <CHeapAllocator::DoAllocate(unsigned long)+0xc0>
   87074:	f9000be4 	str	x4, [sp, #16]
   87078:	940001e2 	bl	87800 <LeaveCritical>
   8707c:	f9400be4 	ldr	x4, [sp, #16]
   87080:	17ffffd3 	b	86fcc <CHeapAllocator::DoAllocate(unsigned long)+0xc0>
   87084:	b94170a0 	ldr	w0, [x5, #368]
   87088:	b4000243 	cbz	x3, 870d0 <CHeapAllocator::DoAllocate(unsigned long)+0x1c4>
   8708c:	f9000cbf 	str	xzr, [x5, #24]
   87090:	35000340 	cbnz	w0, 870f8 <CHeapAllocator::DoAllocate(unsigned long)+0x1ec>
   87094:	f9000be5 	str	x5, [sp, #16]
   87098:	9400158a 	bl	8c6c0 <CLogger::Get()>
   8709c:	f9400be5 	ldr	x5, [sp, #16]
   870a0:	90000063 	adrp	x3, 93000 <CExceptionHandler::Throw(unsigned int, TAbortFrame*)+0xc0>
   870a4:	52800002 	mov	w2, #0x0                   	// #0
   870a8:	911ce063 	add	x3, x3, #0x738
   870ac:	f94000a1 	ldr	x1, [x5]
   870b0:	94001764 	bl	8ce40 <CLogger::Write(char const*, TLogSeverity, char const*, ...)>
   870b4:	d2800000 	mov	x0, #0x0                   	// #0
   870b8:	a8c27bfd 	ldp	x29, x30, [sp], #32
   870bc:	d65f03c0 	ret
   870c0:	a90107e5 	stp	x5, x1, [sp, #16]
   870c4:	9400019f 	bl	87740 <EnterCritical>
   870c8:	a94107e5 	ldp	x5, x1, [sp, #16]
   870cc:	17ffff97 	b	86f28 <CHeapAllocator::DoAllocate(unsigned long)+0x1c>
   870d0:	34ffff20 	cbz	w0, 870b4 <CHeapAllocator::DoAllocate(unsigned long)+0x1a8>
   870d4:	940001cb 	bl	87800 <LeaveCritical>
   870d8:	d2800000 	mov	x0, #0x0                   	// #0
   870dc:	17fffff7 	b	870b8 <CHeapAllocator::DoAllocate(unsigned long)+0x1ac>
   870e0:	90000061 	adrp	x1, 93000 <CExceptionHandler::Throw(unsigned int, TAbortFrame*)+0xc0>
   870e4:	90000060 	adrp	x0, 93000 <CExceptionHandler::Throw(unsigned int, TAbortFrame*)+0xc0>
   870e8:	528012e2 	mov	w2, #0x97                  	// #151
   870ec:	911bc021 	add	x1, x1, #0x6f0
   870f0:	911d2000 	add	x0, x0, #0x748
   870f4:	94000bcb 	bl	8a020 <assertion_failed>
   870f8:	f9000be5 	str	x5, [sp, #16]
   870fc:	940001c1 	bl	87800 <LeaveCritical>
   87100:	f9400be5 	ldr	x5, [sp, #16]
   87104:	17ffffe4 	b	87094 <CHeapAllocator::DoAllocate(unsigned long)+0x188>
   87108:	90000061 	adrp	x1, 93000 <CExceptionHandler::Throw(unsigned int, TAbortFrame*)+0xc0>
   8710c:	90000060 	adrp	x0, 93000 <CExceptionHandler::Throw(unsigned int, TAbortFrame*)+0xc0>
   87110:	52800ce2 	mov	w2, #0x67                  	// #103
   87114:	911bc021 	add	x1, x1, #0x6f0
   87118:	911c2000 	add	x0, x0, #0x708
   8711c:	94000bc1 	bl	8a020 <assertion_failed>
   87120:	d2800000 	mov	x0, #0x0                   	// #0
   87124:	d65f03c0 	ret

0000000000087128 <CHeapAllocator::Allocate(unsigned long)>:
   87128:	17ffff79 	b	86f0c <CHeapAllocator::DoAllocate(unsigned long)>

000000000008712c <CHeapAllocator::DoFree(void*)>:
   8712c:	b4000781 	cbz	x1, 8721c <CHeapAllocator::DoFree(void*)+0xf0>
   87130:	a9bd7bfd 	stp	x29, x30, [sp, #-48]!
   87134:	aa0003e5 	mov	x5, x0
   87138:	910003fd 	mov	x29, sp
   8713c:	d1010023 	sub	x3, x1, #0x40
   87140:	385c0022 	ldurb	w2, [x1, #-64]
   87144:	385c1020 	ldurb	w0, [x1, #-63]
   87148:	aa002040 	orr	x0, x2, x0, lsl #8
   8714c:	385c2022 	ldurb	w2, [x1, #-62]
   87150:	aa024002 	orr	x2, x0, x2, lsl #16
   87154:	385c3020 	ldurb	w0, [x1, #-61]
   87158:	aa006040 	orr	x0, x2, x0, lsl #24
   8715c:	5289a822 	mov	w2, #0x4d41                	// #19777
   87160:	72a84982 	movk	w2, #0x424c, lsl #16
   87164:	6b02001f 	cmp	w0, w2
   87168:	54000901 	b.ne	87288 <CHeapAllocator::DoFree(void*)+0x15c>  // b.any
   8716c:	528008c0 	mov	w0, #0x46                  	// #70
   87170:	381c0020 	sturb	w0, [x1, #-64]
   87174:	528009a0 	mov	w0, #0x4d                  	// #77
   87178:	39000460 	strb	w0, [x3, #1]
   8717c:	52800980 	mov	w0, #0x4c                  	// #76
   87180:	39000860 	strb	w0, [x3, #2]
   87184:	52800840 	mov	w0, #0x42                  	// #66
   87188:	39000c60 	strb	w0, [x3, #3]
   8718c:	b94020a1 	ldr	w1, [x5, #32]
   87190:	34000421 	cbz	w1, 87214 <CHeapAllocator::DoFree(void*)+0xe8>
   87194:	39401060 	ldrb	w0, [x3, #4]
   87198:	910080a2 	add	x2, x5, #0x20
   8719c:	39401464 	ldrb	w4, [x3, #5]
   871a0:	aa042004 	orr	x4, x0, x4, lsl #8
   871a4:	39401860 	ldrb	w0, [x3, #6]
   871a8:	aa004080 	orr	x0, x4, x0, lsl #16
   871ac:	39401c64 	ldrb	w4, [x3, #7]
   871b0:	2a046004 	orr	w4, w0, w4, lsl #24
   871b4:	14000003 	b	871c0 <CHeapAllocator::DoFree(void*)+0x94>
   871b8:	b8410c41 	ldr	w1, [x2, #16]!
   871bc:	340002c1 	cbz	w1, 87214 <CHeapAllocator::DoFree(void*)+0xe8>
   871c0:	6b04003f 	cmp	w1, w4
   871c4:	54ffffa1 	b.ne	871b8 <CHeapAllocator::DoFree(void*)+0x8c>  // b.any
   871c8:	b94170a0 	ldr	w0, [x5, #368]
   871cc:	350002a0 	cbnz	w0, 87220 <CHeapAllocator::DoFree(void*)+0xf4>
   871d0:	f9400440 	ldr	x0, [x2, #8]
   871d4:	53083c01 	ubfx	w1, w0, #8, #8
   871d8:	39002060 	strb	w0, [x3, #8]
   871dc:	39002461 	strb	w1, [x3, #9]
   871e0:	53105c01 	ubfx	w1, w0, #16, #8
   871e4:	39002861 	strb	w1, [x3, #10]
   871e8:	53187c01 	lsr	w1, w0, #24
   871ec:	39002c61 	strb	w1, [x3, #11]
   871f0:	d3609c01 	ubfx	x1, x0, #32, #8
   871f4:	39003061 	strb	w1, [x3, #12]
   871f8:	d368bc01 	ubfx	x1, x0, #40, #8
   871fc:	39003461 	strb	w1, [x3, #13]
   87200:	d370dc01 	ubfx	x1, x0, #48, #8
   87204:	d378fc00 	lsr	x0, x0, #56
   87208:	39003861 	strb	w1, [x3, #14]
   8720c:	39003c60 	strb	w0, [x3, #15]
   87210:	f9000443 	str	x3, [x2, #8]
   87214:	a8c37bfd 	ldp	x29, x30, [sp], #48
   87218:	d65f03c0 	ret
   8721c:	d65f03c0 	ret
   87220:	a9018fe2 	stp	x2, x3, [sp, #24]
   87224:	f90017e5 	str	x5, [sp, #40]
   87228:	94000146 	bl	87740 <EnterCritical>
   8722c:	a9418fe2 	ldp	x2, x3, [sp, #24]
   87230:	f94017e5 	ldr	x5, [sp, #40]
   87234:	f9400440 	ldr	x0, [x2, #8]
   87238:	b94170a1 	ldr	w1, [x5, #368]
   8723c:	53083c04 	ubfx	w4, w0, #8, #8
   87240:	39002060 	strb	w0, [x3, #8]
   87244:	39002464 	strb	w4, [x3, #9]
   87248:	53105c04 	ubfx	w4, w0, #16, #8
   8724c:	39002864 	strb	w4, [x3, #10]
   87250:	53187c04 	lsr	w4, w0, #24
   87254:	39002c64 	strb	w4, [x3, #11]
   87258:	d3609c04 	ubfx	x4, x0, #32, #8
   8725c:	39003064 	strb	w4, [x3, #12]
   87260:	d368bc04 	ubfx	x4, x0, #40, #8
   87264:	39003464 	strb	w4, [x3, #13]
   87268:	d370dc04 	ubfx	x4, x0, #48, #8
   8726c:	d378fc00 	lsr	x0, x0, #56
   87270:	39003864 	strb	w4, [x3, #14]
   87274:	39003c60 	strb	w0, [x3, #15]
   87278:	f9000443 	str	x3, [x2, #8]
   8727c:	34fffcc1 	cbz	w1, 87214 <CHeapAllocator::DoFree(void*)+0xe8>
   87280:	a8c37bfd 	ldp	x29, x30, [sp], #48
   87284:	1400015f 	b	87800 <LeaveCritical>
   87288:	90000061 	adrp	x1, 93000 <CExceptionHandler::Throw(unsigned int, TAbortFrame*)+0xc0>
   8728c:	90000060 	adrp	x0, 93000 <CExceptionHandler::Throw(unsigned int, TAbortFrame*)+0xc0>
   87290:	52801b42 	mov	w2, #0xda                  	// #218
   87294:	911bc021 	add	x1, x1, #0x6f0
   87298:	911de000 	add	x0, x0, #0x778
   8729c:	94000b61 	bl	8a020 <assertion_failed>

00000000000872a0 <CHeapAllocator::Free(void*)>:
   872a0:	17ffffa3 	b	8712c <CHeapAllocator::DoFree(void*)>

00000000000872a4 <CHeapAllocator::DoReAllocate(void*, unsigned long)>:
   872a4:	b4000701 	cbz	x1, 87384 <CHeapAllocator::DoReAllocate(void*, unsigned long)+0xe0>
   872a8:	a9bd7bfd 	stp	x29, x30, [sp, #-48]!
   872ac:	910003fd 	mov	x29, sp
   872b0:	f9000bf3 	str	x19, [sp, #16]
   872b4:	aa0003f3 	mov	x19, x0
   872b8:	b40006a2 	cbz	x2, 8738c <CHeapAllocator::DoReAllocate(void*, unsigned long)+0xe8>
   872bc:	385c0024 	ldurb	w4, [x1, #-64]
   872c0:	aa0103e3 	mov	x3, x1
   872c4:	385c1021 	ldurb	w1, [x1, #-63]
   872c8:	aa012081 	orr	x1, x4, x1, lsl #8
   872cc:	385c2064 	ldurb	w4, [x3, #-62]
   872d0:	aa044024 	orr	x4, x1, x4, lsl #16
   872d4:	385c3061 	ldurb	w1, [x3, #-61]
   872d8:	aa016081 	orr	x1, x4, x1, lsl #24
   872dc:	5289a824 	mov	w4, #0x4d41                	// #19777
   872e0:	72a84984 	movk	w4, #0x424c, lsl #16
   872e4:	6b04003f 	cmp	w1, w4
   872e8:	54000581 	b.ne	87398 <CHeapAllocator::DoReAllocate(void*, unsigned long)+0xf4>  // b.any
   872ec:	385c4064 	ldurb	w4, [x3, #-60]
   872f0:	385c5061 	ldurb	w1, [x3, #-59]
   872f4:	aa012081 	orr	x1, x4, x1, lsl #8
   872f8:	385c6064 	ldurb	w4, [x3, #-58]
   872fc:	aa044024 	orr	x4, x1, x4, lsl #16
   87300:	385c7061 	ldurb	w1, [x3, #-57]
   87304:	aa016081 	orr	x1, x4, x1, lsl #24
   87308:	aa0303e4 	mov	x4, x3
   8730c:	eb02003f 	cmp	x1, x2
   87310:	540000a3 	b.cc	87324 <CHeapAllocator::DoReAllocate(void*, unsigned long)+0x80>  // b.lo, b.ul, b.last
   87314:	f9400bf3 	ldr	x19, [sp, #16]
   87318:	aa0403e0 	mov	x0, x4
   8731c:	a8c37bfd 	ldp	x29, x30, [sp], #48
   87320:	d65f03c0 	ret
   87324:	aa0203e1 	mov	x1, x2
   87328:	f90013e3 	str	x3, [sp, #32]
   8732c:	97fffef8 	bl	86f0c <CHeapAllocator::DoAllocate(unsigned long)>
   87330:	aa0003e4 	mov	x4, x0
   87334:	b4ffff00 	cbz	x0, 87314 <CHeapAllocator::DoReAllocate(void*, unsigned long)+0x70>
   87338:	f94013e3 	ldr	x3, [sp, #32]
   8733c:	f90017e0 	str	x0, [sp, #40]
   87340:	385c4061 	ldurb	w1, [x3, #-60]
   87344:	385c5062 	ldurb	w2, [x3, #-59]
   87348:	aa022022 	orr	x2, x1, x2, lsl #8
   8734c:	385c6061 	ldurb	w1, [x3, #-58]
   87350:	aa014041 	orr	x1, x2, x1, lsl #16
   87354:	385c7062 	ldurb	w2, [x3, #-57]
   87358:	aa026022 	orr	x2, x1, x2, lsl #24
   8735c:	aa0303e1 	mov	x1, x3
   87360:	97fffdaa 	bl	86a08 <memcpy>
   87364:	f94013e1 	ldr	x1, [sp, #32]
   87368:	aa1303e0 	mov	x0, x19
   8736c:	97ffff70 	bl	8712c <CHeapAllocator::DoFree(void*)>
   87370:	f94017e4 	ldr	x4, [sp, #40]
   87374:	f9400bf3 	ldr	x19, [sp, #16]
   87378:	a8c37bfd 	ldp	x29, x30, [sp], #48
   8737c:	aa0403e0 	mov	x0, x4
   87380:	d65f03c0 	ret
   87384:	aa0203e1 	mov	x1, x2
   87388:	17fffee1 	b	86f0c <CHeapAllocator::DoAllocate(unsigned long)>
   8738c:	97ffff68 	bl	8712c <CHeapAllocator::DoFree(void*)>
   87390:	d2800004 	mov	x4, #0x0                   	// #0
   87394:	17ffffe0 	b	87314 <CHeapAllocator::DoReAllocate(void*, unsigned long)+0x70>
   87398:	90000061 	adrp	x1, 93000 <CExceptionHandler::Throw(unsigned int, TAbortFrame*)+0xc0>
   8739c:	90000060 	adrp	x0, 93000 <CExceptionHandler::Throw(unsigned int, TAbortFrame*)+0xc0>
   873a0:	528016a2 	mov	w2, #0xb5                  	// #181
   873a4:	911bc021 	add	x1, x1, #0x6f0
   873a8:	911de000 	add	x0, x0, #0x778
   873ac:	94000b1d 	bl	8a020 <assertion_failed>

00000000000873b0 <CHeapAllocator::ReAllocate(void*, unsigned long)>:
   873b0:	17ffffbd 	b	872a4 <CHeapAllocator::DoReAllocate(void*, unsigned long)>
	...

00000000000873c0 <CMemorySystem::Destructor()>:
   873c0:	f0000062 	adrp	x2, 96000 <vtable for CDevice+0x4a8>
   873c4:	f9457441 	ldr	x1, [x2, #2792]
   873c8:	eb00003f 	cmp	x1, x0
   873cc:	54000040 	b.eq	873d4 <CMemorySystem::Destructor()+0x14>  // b.none
   873d0:	d65f03c0 	ret
   873d4:	39400020 	ldrb	w0, [x1]
   873d8:	f905745f 	str	xzr, [x2, #2792]
   873dc:	3607ffa0 	tbz	w0, #0, 873d0 <CMemorySystem::Destructor()+0x10>
   873e0:	a9bf7bfd 	stp	x29, x30, [sp, #-16]!
   873e4:	910003fd 	mov	x29, sp
   873e8:	d5381000 	mrs	x0, sctlr_el1
   873ec:	928000a1 	mov	x1, #0xfffffffffffffffa    	// #-6
   873f0:	8a010000 	and	x0, x0, x1
   873f4:	d5181000 	msr	sctlr_el1, x0
   873f8:	d5033f9f 	dsb	sy
   873fc:	d5033fdf 	isb
   87400:	94000198 	bl	87a60 <CleanDataCache>
   87404:	94000117 	bl	87860 <InvalidateDataCache>
   87408:	d508871f 	tlbi	vmalle1
   8740c:	d5033f9f 	dsb	sy
   87410:	d5033fdf 	isb
   87414:	a8c17bfd 	ldp	x29, x30, [sp], #16
   87418:	d65f03c0 	ret
   8741c:	d503201f 	nop

0000000000087420 <CMemorySystem::~CMemorySystem()>:
   87420:	a9be7bfd 	stp	x29, x30, [sp, #-32]!
   87424:	910003fd 	mov	x29, sp
   87428:	f9000bf3 	str	x19, [sp, #16]
   8742c:	aa0003f3 	mov	x19, x0
   87430:	97ffffe4 	bl	873c0 <CMemorySystem::Destructor()>
   87434:	910c2260 	add	x0, x19, #0x308
   87438:	94001ffa 	bl	8f420 <CPageAllocator::~CPageAllocator()>
   8743c:	91064260 	add	x0, x19, #0x190
   87440:	97fffea8 	bl	86ee0 <CHeapAllocator::~CHeapAllocator()>
   87444:	91006260 	add	x0, x19, #0x18
   87448:	f9400bf3 	ldr	x19, [sp, #16]
   8744c:	a8c27bfd 	ldp	x29, x30, [sp], #32
   87450:	17fffea4 	b	86ee0 <CHeapAllocator::~CHeapAllocator()>
   87454:	d503201f 	nop
   87458:	d503201f 	nop
   8745c:	d503201f 	nop

0000000000087460 <CMemorySystem::SetupHighMem()>:
   87460:	a9be7bfd 	stp	x29, x30, [sp, #-32]!
   87464:	910003fd 	mov	x29, sp
   87468:	f9000bf3 	str	x19, [sp, #16]
   8746c:	aa0003f3 	mov	x19, x0
   87470:	97ffee97 	bl	82ecc <CMachineInfo::Get()>
   87474:	97ffea55 	bl	81dc8 <CMachineInfo::GetRAMSize() const>
   87478:	7110001f 	cmp	w0, #0x400
   8747c:	54000088 	b.hi	8748c <CMemorySystem::SetupHighMem()+0x2c>  // b.pmore
   87480:	f9400bf3 	ldr	x19, [sp, #16]
   87484:	a8c27bfd 	ldp	x29, x30, [sp], #32
   87488:	d65f03c0 	ret
   8748c:	51100002 	sub	w2, w0, #0x400
   87490:	aa1303e0 	mov	x0, x19
   87494:	f9400bf3 	ldr	x19, [sp, #16]
   87498:	530c2c42 	lsl	w2, w2, #20
   8749c:	a8c27bfd 	ldp	x29, x30, [sp], #32
   874a0:	d2800003 	mov	x3, #0x0                   	// #0
   874a4:	d2a80001 	mov	x1, #0x40000000            	// #1073741824
   874a8:	f9000802 	str	x2, [x0, #16]
   874ac:	91064000 	add	x0, x0, #0x190
   874b0:	17fffe8d 	b	86ee4 <CHeapAllocator::Setup(unsigned long, unsigned long, unsigned long)>
   874b4:	d503201f 	nop
   874b8:	d503201f 	nop
   874bc:	d503201f 	nop

00000000000874c0 <CMemorySystem::GetMemSize() const>:
   874c0:	f0000060 	adrp	x0, 96000 <vtable for CDevice+0x4a8>
   874c4:	f9457400 	ldr	x0, [x0, #2792]
   874c8:	b4000080 	cbz	x0, 874d8 <CMemorySystem::GetMemSize() const+0x18>
   874cc:	a9408001 	ldp	x1, x0, [x0, #8]
   874d0:	8b000020 	add	x0, x1, x0
   874d4:	d65f03c0 	ret
   874d8:	d0000061 	adrp	x1, 95000 <font_data+0x830>
   874dc:	a9bf7bfd 	stp	x29, x30, [sp, #-16]!
   874e0:	52801522 	mov	w2, #0xa9                  	// #169
   874e4:	91170021 	add	x1, x1, #0x5c0
   874e8:	910003fd 	mov	x29, sp
   874ec:	91004020 	add	x0, x1, #0x10
   874f0:	94000acc 	bl	8a020 <assertion_failed>
   874f4:	d503201f 	nop
   874f8:	d503201f 	nop
   874fc:	d503201f 	nop

0000000000087500 <CMemorySystem::Get()>:
   87500:	f0000060 	adrp	x0, 96000 <vtable for CDevice+0x4a8>
   87504:	f9457400 	ldr	x0, [x0, #2792]
   87508:	b4000040 	cbz	x0, 87510 <CMemorySystem::Get()+0x10>
   8750c:	d65f03c0 	ret
   87510:	d0000061 	adrp	x1, 95000 <font_data+0x830>
   87514:	a9bf7bfd 	stp	x29, x30, [sp, #-16]!
   87518:	528015e2 	mov	w2, #0xaf                  	// #175
   8751c:	91170021 	add	x1, x1, #0x5c0
   87520:	910003fd 	mov	x29, sp
   87524:	91004020 	add	x0, x1, #0x10
   87528:	94000abe 	bl	8a020 <assertion_failed>

000000000008752c <CMemorySystem::EnableMMU()>:
   8752c:	a9bf7bfd 	stp	x29, x30, [sp, #-16]!
   87530:	910003fd 	mov	x29, sp
   87534:	39400001 	ldrb	w1, [x0]
   87538:	36000341 	tbz	w1, #0, 875a0 <CMemorySystem::EnableMMU()+0x74>
   8753c:	d2809fe1 	mov	x1, #0x4ff                 	// #1279
   87540:	d518a201 	msr	mair_el1, x1
   87544:	f9419400 	ldr	x0, [x0, #808]
   87548:	b4000360 	cbz	x0, 875b4 <CMemorySystem::EnableMMU()+0x88>
   8754c:	940001f7 	bl	87d28 <CTranslationTable::GetBaseAddress() const>
   87550:	d5182000 	msr	ttbr0_el1, x0
   87554:	d5382040 	mrs	x0, tcr_el1
   87558:	929ff7e1 	mov	x1, #0xffffffffffff0040    	// #-65472
   8755c:	f2bff7e1 	movk	x1, #0xffbf, lsl #16
   87560:	f2dfff01 	movk	x1, #0xfff8, lsl #32
   87564:	8a010000 	and	x0, x0, x1
   87568:	d28ea361 	mov	x1, #0x751b                	// #29979
   8756c:	f2a01001 	movk	x1, #0x80, lsl #16
   87570:	f2c00041 	movk	x1, #0x2, lsl #32
   87574:	aa010000 	orr	x0, x0, x1
   87578:	d5182040 	msr	tcr_el1, x0
   8757c:	d5381000 	mrs	x0, sctlr_el1
   87580:	92800041 	mov	x1, #0xfffffffffffffffd    	// #-3
   87584:	f2bffee1 	movk	x1, #0xfff7, lsl #16
   87588:	8a010000 	and	x0, x0, x1
   8758c:	d28200a1 	mov	x1, #0x1005                	// #4101
   87590:	aa010000 	orr	x0, x0, x1
   87594:	d5181000 	msr	sctlr_el1, x0
   87598:	a8c17bfd 	ldp	x29, x30, [sp], #16
   8759c:	d65f03c0 	ret
   875a0:	d0000061 	adrp	x1, 95000 <font_data+0x830>
   875a4:	528016a2 	mov	w2, #0xb5                  	// #181
   875a8:	91170021 	add	x1, x1, #0x5c0
   875ac:	91008020 	add	x0, x1, #0x20
   875b0:	94000a9c 	bl	8a020 <assertion_failed>
   875b4:	d0000061 	adrp	x1, 95000 <font_data+0x830>
   875b8:	52801782 	mov	w2, #0xbc                  	// #188
   875bc:	91170021 	add	x1, x1, #0x5c0
   875c0:	9100c020 	add	x0, x1, #0x30
   875c4:	94000a97 	bl	8a020 <assertion_failed>

00000000000875c8 <CMemorySystem::CMemorySystem(bool)>:
   875c8:	a9bb7bfd 	stp	x29, x30, [sp, #-80]!
   875cc:	910003fd 	mov	x29, sp
   875d0:	a90153f3 	stp	x19, x20, [sp, #16]
   875d4:	d0000074 	adrp	x20, 95000 <font_data+0x830>
   875d8:	aa0003f3 	mov	x19, x0
   875dc:	91170294 	add	x20, x20, #0x5c0
   875e0:	91006000 	add	x0, x0, #0x18
   875e4:	381e8001 	sturb	w1, [x0, #-24]
   875e8:	91014281 	add	x1, x20, #0x50
   875ec:	a93f7c1f 	stp	xzr, xzr, [x0, #-16]
   875f0:	97fffe24 	bl	86e80 <CHeapAllocator::CHeapAllocator(char const*)>
   875f4:	91016281 	add	x1, x20, #0x58
   875f8:	91064260 	add	x0, x19, #0x190
   875fc:	97fffe21 	bl	86e80 <CHeapAllocator::CHeapAllocator(char const*)>
   87600:	910c2260 	add	x0, x19, #0x308
   87604:	94001f7f 	bl	8f400 <CPageAllocator::CPageAllocator()>
   87608:	f0000060 	adrp	x0, 96000 <vtable for CDevice+0x4a8>
   8760c:	f901967f 	str	xzr, [x19, #808]
   87610:	f9457401 	ldr	x1, [x0, #2792]
   87614:	b4000081 	cbz	x1, 87624 <CMemorySystem::CMemorySystem(bool)+0x5c>
   87618:	a94153f3 	ldp	x19, x20, [sp, #16]
   8761c:	a8c57bfd 	ldp	x29, x30, [sp], #80
   87620:	d65f03c0 	ret
   87624:	52800021 	mov	w1, #0x1                   	// #1
   87628:	f9057413 	str	x19, [x0, #2792]
   8762c:	9100c3e0 	add	x0, sp, #0x30
   87630:	94000d04 	bl	8aa40 <CBcmPropertyTags::CBcmPropertyTags(bool)>
   87634:	528000a1 	mov	w1, #0x5                   	// #5
   87638:	52800004 	mov	w4, #0x0                   	// #0
   8763c:	52800283 	mov	w3, #0x14                  	// #20
   87640:	9100e3e2 	add	x2, sp, #0x38
   87644:	72a00021 	movk	w1, #0x1, lsl #16
   87648:	9100c3e0 	add	x0, sp, #0x30
   8764c:	94000d55 	bl	8aba0 <CBcmPropertyTags::GetTag(unsigned int, void*, unsigned int, unsigned int)>
   87650:	36000300 	tbz	w0, #0, 876b0 <CMemorySystem::CMemorySystem(bool)+0xe8>
   87654:	b94047e0 	ldr	w0, [sp, #68]
   87658:	350004c0 	cbnz	w0, 876f0 <CMemorySystem::CMemorySystem(bool)+0x128>
   8765c:	b9404be0 	ldr	w0, [sp, #72]
   87660:	b2689fe2 	mov	x2, #0xffffffffff000000    	// #-16777216
   87664:	8b020014 	add	x20, x0, x2
   87668:	d1640042 	sub	x2, x2, #0x900, lsl #12
   8766c:	8b020002 	add	x2, x0, x2
   87670:	d2a00083 	mov	x3, #0x40000               	// #262144
   87674:	d2a01201 	mov	x1, #0x900000              	// #9437184
   87678:	f9000660 	str	x0, [x19, #8]
   8767c:	91006260 	add	x0, x19, #0x18
   87680:	97fffe19 	bl	86ee4 <CHeapAllocator::Setup(unsigned long, unsigned long, unsigned long)>
   87684:	910c2260 	add	x0, x19, #0x308
   87688:	d2a02002 	mov	x2, #0x1000000             	// #16777216
   8768c:	aa1403e1 	mov	x1, x20
   87690:	94001f65 	bl	8f424 <CPageAllocator::Setup(unsigned long, unsigned long)>
   87694:	39400260 	ldrb	w0, [x19]
   87698:	37000180 	tbnz	w0, #0, 876c8 <CMemorySystem::CMemorySystem(bool)+0x100>
   8769c:	9100c3e0 	add	x0, sp, #0x30
   876a0:	94000ceb 	bl	8aa4c <CBcmPropertyTags::~CBcmPropertyTags()>
   876a4:	a94153f3 	ldp	x19, x20, [sp, #16]
   876a8:	a8c57bfd 	ldp	x29, x30, [sp], #80
   876ac:	d65f03c0 	ret
   876b0:	52a38000 	mov	w0, #0x1c000000            	// #469762048
   876b4:	d2a34e02 	mov	x2, #0x1a700000            	// #443547648
   876b8:	91640054 	add	x20, x2, #0x900, lsl #12
   876bc:	290883ff 	stp	wzr, w0, [sp, #68]
   876c0:	d2a38000 	mov	x0, #0x1c000000            	// #469762048
   876c4:	17ffffeb 	b	87670 <CMemorySystem::CMemorySystem(bool)+0xa8>
   876c8:	d2800200 	mov	x0, #0x10                  	// #16
   876cc:	97fffd67 	bl	86c68 <operator new(unsigned long)>
   876d0:	f9400661 	ldr	x1, [x19, #8]
   876d4:	aa0003f4 	mov	x20, x0
   876d8:	9400025e 	bl	88050 <CTranslationTable::CTranslationTable(unsigned long)>
   876dc:	aa1303e0 	mov	x0, x19
   876e0:	f9019674 	str	x20, [x19, #808]
   876e4:	97ffff92 	bl	8752c <CMemorySystem::EnableMMU()>
   876e8:	d5033fdf 	isb
   876ec:	17ffffec 	b	8769c <CMemorySystem::CMemorySystem(bool)+0xd4>
   876f0:	52800742 	mov	w2, #0x3a                  	// #58
   876f4:	aa1403e1 	mov	x1, x20
   876f8:	a9025bf5 	stp	x21, x22, [sp, #32]
   876fc:	9101a280 	add	x0, x20, #0x68
   87700:	94000a48 	bl	8a020 <assertion_failed>

0000000000087704 <CMemorySystem::GetCoherentPage(unsigned int)>:
   87704:	53103c00 	lsl	w0, w0, #16
   87708:	91540000 	add	x0, x0, #0x500, lsl #12
   8770c:	d65f03c0 	ret
	...

0000000000087720 <CurrentExecutionLevel>:
   87720:	d53b4221 	mrs	x1, daif
   87724:	52800040 	mov	w0, #0x2                   	// #2
   87728:	f27a003f 	tst	x1, #0x40
   8772c:	d3471c22 	ubfx	x2, x1, #7, #1
   87730:	1a800040 	csel	w0, w2, w0, eq	// eq = none
   87734:	d65f03c0 	ret
   87738:	d503201f 	nop
   8773c:	d503201f 	nop

0000000000087740 <EnterCritical>:
   87740:	a9bf7bfd 	stp	x29, x30, [sp, #-16]!
   87744:	51000401 	sub	w1, w0, #0x1
   87748:	910003fd 	mov	x29, sp
   8774c:	7100043f 	cmp	w1, #0x1
   87750:	540002c8 	b.hi	877a8 <EnterCritical+0x68>  // b.pmore
   87754:	d53b4224 	mrs	x4, daif
   87758:	7100081f 	cmp	w0, #0x2
   8775c:	54000321 	b.ne	877c0 <EnterCritical+0x80>  // b.any
   87760:	d50343df 	msr	daifset, #0x3
   87764:	f0000061 	adrp	x1, 96000 <vtable for CDevice+0x4a8>
   87768:	b94af022 	ldr	w2, [x1, #2800]
   8776c:	912bc023 	add	x3, x1, #0xaf0
   87770:	71004c5f 	cmp	w2, #0x13
   87774:	54000348 	b.hi	877dc <EnterCritical+0x9c>  // b.pmore
   87778:	b94af022 	ldr	w2, [x1, #2800]
   8777c:	91004063 	add	x3, x3, #0x10
   87780:	11000445 	add	w5, w2, #0x1
   87784:	2a0203e2 	mov	w2, w2
   87788:	b90af025 	str	w5, [x1, #2800]
   8778c:	f8227864 	str	x4, [x3, x2, lsl #3]
   87790:	7100041f 	cmp	w0, #0x1
   87794:	54000041 	b.ne	8779c <EnterCritical+0x5c>  // b.any
   87798:	d50341ff 	msr	daifclr, #0x1
   8779c:	d5033fbf 	dmb	sy
   877a0:	a8c17bfd 	ldp	x29, x30, [sp], #16
   877a4:	d65f03c0 	ret
   877a8:	90000061 	adrp	x1, 93000 <CExceptionHandler::Throw(unsigned int, TAbortFrame*)+0xc0>
   877ac:	90000060 	adrp	x0, 93000 <CExceptionHandler::Throw(unsigned int, TAbortFrame*)+0xc0>
   877b0:	52800d22 	mov	w2, #0x69                  	// #105
   877b4:	911ea021 	add	x1, x1, #0x7a8
   877b8:	911f0000 	add	x0, x0, #0x7c0
   877bc:	94000a19 	bl	8a020 <assertion_failed>
   877c0:	3637fd04 	tbz	w4, #6, 87760 <EnterCritical+0x20>
   877c4:	90000061 	adrp	x1, 93000 <CExceptionHandler::Throw(unsigned int, TAbortFrame*)+0xc0>
   877c8:	90000060 	adrp	x0, 93000 <CExceptionHandler::Throw(unsigned int, TAbortFrame*)+0xc0>
   877cc:	52800de2 	mov	w2, #0x6f                  	// #111
   877d0:	911ea021 	add	x1, x1, #0x7a8
   877d4:	911fe000 	add	x0, x0, #0x7f8
   877d8:	94000a12 	bl	8a020 <assertion_failed>
   877dc:	90000061 	adrp	x1, 93000 <CExceptionHandler::Throw(unsigned int, TAbortFrame*)+0xc0>
   877e0:	90000060 	adrp	x0, 93000 <CExceptionHandler::Throw(unsigned int, TAbortFrame*)+0xc0>
   877e4:	52800e62 	mov	w2, #0x73                  	// #115
   877e8:	911ea021 	add	x1, x1, #0x7a8
   877ec:	9120a000 	add	x0, x0, #0x828
   877f0:	94000a0c 	bl	8a020 <assertion_failed>
   877f4:	d503201f 	nop
   877f8:	d503201f 	nop
   877fc:	d503201f 	nop

0000000000087800 <LeaveCritical>:
   87800:	d5033fbf 	dmb	sy
   87804:	d50341df 	msr	daifset, #0x1
   87808:	f0000061 	adrp	x1, 96000 <vtable for CDevice+0x4a8>
   8780c:	b94af020 	ldr	w0, [x1, #2800]
   87810:	34000120 	cbz	w0, 87834 <LeaveCritical+0x34>
   87814:	b94af020 	ldr	w0, [x1, #2800]
   87818:	912bc022 	add	x2, x1, #0xaf0
   8781c:	91004042 	add	x2, x2, #0x10
   87820:	51000400 	sub	w0, w0, #0x1
   87824:	b90af020 	str	w0, [x1, #2800]
   87828:	f8607840 	ldr	x0, [x2, x0, lsl #3]
   8782c:	d51b4220 	msr	daif, x0
   87830:	d65f03c0 	ret
   87834:	90000061 	adrp	x1, 93000 <CExceptionHandler::Throw(unsigned int, TAbortFrame*)+0xc0>
   87838:	90000060 	adrp	x0, 93000 <CExceptionHandler::Throw(unsigned int, TAbortFrame*)+0xc0>
   8783c:	a9bf7bfd 	stp	x29, x30, [sp, #-16]!
   87840:	52801082 	mov	w2, #0x84                  	// #132
   87844:	910003fd 	mov	x29, sp
   87848:	911ea021 	add	x1, x1, #0x7a8
   8784c:	91214000 	add	x0, x0, #0x850
   87850:	940009f4 	bl	8a020 <assertion_failed>
   87854:	d503201f 	nop
   87858:	d503201f 	nop
   8785c:	d503201f 	nop

0000000000087860 <InvalidateDataCache>:
   87860:	d2800000 	mov	x0, #0x0                   	// #0
   87864:	d5087640 	dc	isw, x0
   87868:	32020001 	orr	w1, w0, #0x40000000
   8786c:	d5087641 	dc	isw, x1
   87870:	32010001 	orr	w1, w0, #0x80000000
   87874:	d5087641 	dc	isw, x1
   87878:	32020401 	orr	w1, w0, #0xc0000000
   8787c:	d5087641 	dc	isw, x1
   87880:	91010000 	add	x0, x0, #0x40
   87884:	f140101f 	cmp	x0, #0x4, lsl #12
   87888:	54fffee1 	b.ne	87864 <InvalidateDataCache+0x4>  // b.any
   8788c:	52800048 	mov	w8, #0x2                   	// #2
   87890:	52800047 	mov	w7, #0x2                   	// #2
   87894:	52800046 	mov	w6, #0x2                   	// #2
   87898:	52800045 	mov	w5, #0x2                   	// #2
   8789c:	52800044 	mov	w4, #0x2                   	// #2
   878a0:	52800043 	mov	w3, #0x2                   	// #2
   878a4:	52800042 	mov	w2, #0x2                   	// #2
   878a8:	52800000 	mov	w0, #0x0                   	// #0
   878ac:	72a40008 	movk	w8, #0x2000, lsl #16
   878b0:	72a80007 	movk	w7, #0x4000, lsl #16
   878b4:	72ac0006 	movk	w6, #0x6000, lsl #16
   878b8:	72b00005 	movk	w5, #0x8000, lsl #16
   878bc:	72b40004 	movk	w4, #0xa000, lsl #16
   878c0:	72b80003 	movk	w3, #0xc000, lsl #16
   878c4:	72bc0002 	movk	w2, #0xe000, lsl #16
   878c8:	321f0001 	orr	w1, w0, #0x2
   878cc:	d5087641 	dc	isw, x1
   878d0:	2a080001 	orr	w1, w0, w8
   878d4:	d5087641 	dc	isw, x1
   878d8:	2a070001 	orr	w1, w0, w7
   878dc:	d5087641 	dc	isw, x1
   878e0:	2a060001 	orr	w1, w0, w6
   878e4:	d5087641 	dc	isw, x1
   878e8:	2a050001 	orr	w1, w0, w5
   878ec:	d5087641 	dc	isw, x1
   878f0:	2a040001 	orr	w1, w0, w4
   878f4:	d5087641 	dc	isw, x1
   878f8:	2a030001 	orr	w1, w0, w3
   878fc:	d5087641 	dc	isw, x1
   87900:	2a020001 	orr	w1, w0, w2
   87904:	d5087641 	dc	isw, x1
   87908:	11010000 	add	w0, w0, #0x40
   8790c:	7140401f 	cmp	w0, #0x10, lsl #12
   87910:	54fffdc1 	b.ne	878c8 <InvalidateDataCache+0x68>  // b.any
   87914:	52800050 	mov	w16, #0x2                   	// #2
   87918:	5280004f 	mov	w15, #0x2                   	// #2
   8791c:	5280004e 	mov	w14, #0x2                   	// #2
   87920:	5280004d 	mov	w13, #0x2                   	// #2
   87924:	5280004c 	mov	w12, #0x2                   	// #2
   87928:	5280004b 	mov	w11, #0x2                   	// #2
   8792c:	5280004a 	mov	w10, #0x2                   	// #2
   87930:	52800049 	mov	w9, #0x2                   	// #2
   87934:	52800048 	mov	w8, #0x2                   	// #2
   87938:	52800047 	mov	w7, #0x2                   	// #2
   8793c:	52800046 	mov	w6, #0x2                   	// #2
   87940:	52800045 	mov	w5, #0x2                   	// #2
   87944:	52800044 	mov	w4, #0x2                   	// #2
   87948:	52800043 	mov	w3, #0x2                   	// #2
   8794c:	52800042 	mov	w2, #0x2                   	// #2
   87950:	52800000 	mov	w0, #0x0                   	// #0
   87954:	72a20010 	movk	w16, #0x1000, lsl #16
   87958:	72a4000f 	movk	w15, #0x2000, lsl #16
   8795c:	72a6000e 	movk	w14, #0x3000, lsl #16
   87960:	72a8000d 	movk	w13, #0x4000, lsl #16
   87964:	72aa000c 	movk	w12, #0x5000, lsl #16
   87968:	72ac000b 	movk	w11, #0x6000, lsl #16
   8796c:	72ae000a 	movk	w10, #0x7000, lsl #16
   87970:	72b00009 	movk	w9, #0x8000, lsl #16
   87974:	72b20008 	movk	w8, #0x9000, lsl #16
   87978:	72b40007 	movk	w7, #0xa000, lsl #16
   8797c:	72b60006 	movk	w6, #0xb000, lsl #16
   87980:	72b80005 	movk	w5, #0xc000, lsl #16
   87984:	72ba0004 	movk	w4, #0xd000, lsl #16
   87988:	72bc0003 	movk	w3, #0xe000, lsl #16
   8798c:	72be0002 	movk	w2, #0xf000, lsl #16
   87990:	321f0001 	orr	w1, w0, #0x2
   87994:	d5087641 	dc	isw, x1
   87998:	2a100001 	orr	w1, w0, w16
   8799c:	d5087641 	dc	isw, x1
   879a0:	2a0f0001 	orr	w1, w0, w15
   879a4:	d5087641 	dc	isw, x1
   879a8:	2a0e0001 	orr	w1, w0, w14
   879ac:	d5087641 	dc	isw, x1
   879b0:	2a0d0001 	orr	w1, w0, w13
   879b4:	d5087641 	dc	isw, x1
   879b8:	2a0c0001 	orr	w1, w0, w12
   879bc:	d5087641 	dc	isw, x1
   879c0:	2a0b0001 	orr	w1, w0, w11
   879c4:	d5087641 	dc	isw, x1
   879c8:	2a0a0001 	orr	w1, w0, w10
   879cc:	d5087641 	dc	isw, x1
   879d0:	2a090001 	orr	w1, w0, w9
   879d4:	d5087641 	dc	isw, x1
   879d8:	2a080001 	orr	w1, w0, w8
   879dc:	d5087641 	dc	isw, x1
   879e0:	2a070001 	orr	w1, w0, w7
   879e4:	d5087641 	dc	isw, x1
   879e8:	2a060001 	orr	w1, w0, w6
   879ec:	d5087641 	dc	isw, x1
   879f0:	2a050001 	orr	w1, w0, w5
   879f4:	d5087641 	dc	isw, x1
   879f8:	2a040001 	orr	w1, w0, w4
   879fc:	d5087641 	dc	isw, x1
   87a00:	2a030001 	orr	w1, w0, w3
   87a04:	d5087641 	dc	isw, x1
   87a08:	2a020001 	orr	w1, w0, w2
   87a0c:	d5087641 	dc	isw, x1
   87a10:	11010000 	add	w0, w0, #0x40
   87a14:	7140801f 	cmp	w0, #0x20, lsl #12
   87a18:	54fffbc1 	b.ne	87990 <InvalidateDataCache+0x130>  // b.any
   87a1c:	d5033f9f 	dsb	sy
   87a20:	d65f03c0 	ret

0000000000087a24 <InvalidateDataCacheL1Only>:
   87a24:	d2800000 	mov	x0, #0x0                   	// #0
   87a28:	d5087640 	dc	isw, x0
   87a2c:	32020001 	orr	w1, w0, #0x40000000
   87a30:	d5087641 	dc	isw, x1
   87a34:	32010001 	orr	w1, w0, #0x80000000
   87a38:	d5087641 	dc	isw, x1
   87a3c:	32020401 	orr	w1, w0, #0xc0000000
   87a40:	d5087641 	dc	isw, x1
   87a44:	91010000 	add	x0, x0, #0x40
   87a48:	f140101f 	cmp	x0, #0x4, lsl #12
   87a4c:	54fffee1 	b.ne	87a28 <InvalidateDataCacheL1Only+0x4>  // b.any
   87a50:	d5033f9f 	dsb	sy
   87a54:	d65f03c0 	ret
   87a58:	d503201f 	nop
   87a5c:	d503201f 	nop

0000000000087a60 <CleanDataCache>:
   87a60:	d2800000 	mov	x0, #0x0                   	// #0
   87a64:	d5087a40 	dc	csw, x0
   87a68:	32020001 	orr	w1, w0, #0x40000000
   87a6c:	d5087a41 	dc	csw, x1
   87a70:	32010001 	orr	w1, w0, #0x80000000
   87a74:	d5087a41 	dc	csw, x1
   87a78:	32020401 	orr	w1, w0, #0xc0000000
   87a7c:	d5087a41 	dc	csw, x1
   87a80:	91010000 	add	x0, x0, #0x40
   87a84:	f140101f 	cmp	x0, #0x4, lsl #12
   87a88:	54fffee1 	b.ne	87a64 <CleanDataCache+0x4>  // b.any
   87a8c:	52800048 	mov	w8, #0x2                   	// #2
   87a90:	52800047 	mov	w7, #0x2                   	// #2
   87a94:	52800046 	mov	w6, #0x2                   	// #2
   87a98:	52800045 	mov	w5, #0x2                   	// #2
   87a9c:	52800044 	mov	w4, #0x2                   	// #2
   87aa0:	52800043 	mov	w3, #0x2                   	// #2
   87aa4:	52800042 	mov	w2, #0x2                   	// #2
   87aa8:	52800000 	mov	w0, #0x0                   	// #0
   87aac:	72a40008 	movk	w8, #0x2000, lsl #16
   87ab0:	72a80007 	movk	w7, #0x4000, lsl #16
   87ab4:	72ac0006 	movk	w6, #0x6000, lsl #16
   87ab8:	72b00005 	movk	w5, #0x8000, lsl #16
   87abc:	72b40004 	movk	w4, #0xa000, lsl #16
   87ac0:	72b80003 	movk	w3, #0xc000, lsl #16
   87ac4:	72bc0002 	movk	w2, #0xe000, lsl #16
   87ac8:	321f0001 	orr	w1, w0, #0x2
   87acc:	d5087a41 	dc	csw, x1
   87ad0:	2a080001 	orr	w1, w0, w8
   87ad4:	d5087a41 	dc	csw, x1
   87ad8:	2a070001 	orr	w1, w0, w7
   87adc:	d5087a41 	dc	csw, x1
   87ae0:	2a060001 	orr	w1, w0, w6
   87ae4:	d5087a41 	dc	csw, x1
   87ae8:	2a050001 	orr	w1, w0, w5
   87aec:	d5087a41 	dc	csw, x1
   87af0:	2a040001 	orr	w1, w0, w4
   87af4:	d5087a41 	dc	csw, x1
   87af8:	2a030001 	orr	w1, w0, w3
   87afc:	d5087a41 	dc	csw, x1
   87b00:	2a020001 	orr	w1, w0, w2
   87b04:	d5087a41 	dc	csw, x1
   87b08:	11010000 	add	w0, w0, #0x40
   87b0c:	7140401f 	cmp	w0, #0x10, lsl #12
   87b10:	54fffdc1 	b.ne	87ac8 <CleanDataCache+0x68>  // b.any
   87b14:	52800050 	mov	w16, #0x2                   	// #2
   87b18:	5280004f 	mov	w15, #0x2                   	// #2
   87b1c:	5280004e 	mov	w14, #0x2                   	// #2
   87b20:	5280004d 	mov	w13, #0x2                   	// #2
   87b24:	5280004c 	mov	w12, #0x2                   	// #2
   87b28:	5280004b 	mov	w11, #0x2                   	// #2
   87b2c:	5280004a 	mov	w10, #0x2                   	// #2
   87b30:	52800049 	mov	w9, #0x2                   	// #2
   87b34:	52800048 	mov	w8, #0x2                   	// #2
   87b38:	52800047 	mov	w7, #0x2                   	// #2
   87b3c:	52800046 	mov	w6, #0x2                   	// #2
   87b40:	52800045 	mov	w5, #0x2                   	// #2
   87b44:	52800044 	mov	w4, #0x2                   	// #2
   87b48:	52800043 	mov	w3, #0x2                   	// #2
   87b4c:	52800042 	mov	w2, #0x2                   	// #2
   87b50:	52800000 	mov	w0, #0x0                   	// #0
   87b54:	72a20010 	movk	w16, #0x1000, lsl #16
   87b58:	72a4000f 	movk	w15, #0x2000, lsl #16
   87b5c:	72a6000e 	movk	w14, #0x3000, lsl #16
   87b60:	72a8000d 	movk	w13, #0x4000, lsl #16
   87b64:	72aa000c 	movk	w12, #0x5000, lsl #16
   87b68:	72ac000b 	movk	w11, #0x6000, lsl #16
   87b6c:	72ae000a 	movk	w10, #0x7000, lsl #16
   87b70:	72b00009 	movk	w9, #0x8000, lsl #16
   87b74:	72b20008 	movk	w8, #0x9000, lsl #16
   87b78:	72b40007 	movk	w7, #0xa000, lsl #16
   87b7c:	72b60006 	movk	w6, #0xb000, lsl #16
   87b80:	72b80005 	movk	w5, #0xc000, lsl #16
   87b84:	72ba0004 	movk	w4, #0xd000, lsl #16
   87b88:	72bc0003 	movk	w3, #0xe000, lsl #16
   87b8c:	72be0002 	movk	w2, #0xf000, lsl #16
   87b90:	321f0001 	orr	w1, w0, #0x2
   87b94:	d5087a41 	dc	csw, x1
   87b98:	2a100001 	orr	w1, w0, w16
   87b9c:	d5087a41 	dc	csw, x1
   87ba0:	2a0f0001 	orr	w1, w0, w15
   87ba4:	d5087a41 	dc	csw, x1
   87ba8:	2a0e0001 	orr	w1, w0, w14
   87bac:	d5087a41 	dc	csw, x1
   87bb0:	2a0d0001 	orr	w1, w0, w13
   87bb4:	d5087a41 	dc	csw, x1
   87bb8:	2a0c0001 	orr	w1, w0, w12
   87bbc:	d5087a41 	dc	csw, x1
   87bc0:	2a0b0001 	orr	w1, w0, w11
   87bc4:	d5087a41 	dc	csw, x1
   87bc8:	2a0a0001 	orr	w1, w0, w10
   87bcc:	d5087a41 	dc	csw, x1
   87bd0:	2a090001 	orr	w1, w0, w9
   87bd4:	d5087a41 	dc	csw, x1
   87bd8:	2a080001 	orr	w1, w0, w8
   87bdc:	d5087a41 	dc	csw, x1
   87be0:	2a070001 	orr	w1, w0, w7
   87be4:	d5087a41 	dc	csw, x1
   87be8:	2a060001 	orr	w1, w0, w6
   87bec:	d5087a41 	dc	csw, x1
   87bf0:	2a050001 	orr	w1, w0, w5
   87bf4:	d5087a41 	dc	csw, x1
   87bf8:	2a040001 	orr	w1, w0, w4
   87bfc:	d5087a41 	dc	csw, x1
   87c00:	2a030001 	orr	w1, w0, w3
   87c04:	d5087a41 	dc	csw, x1
   87c08:	2a020001 	orr	w1, w0, w2
   87c0c:	d5087a41 	dc	csw, x1
   87c10:	11010000 	add	w0, w0, #0x40
   87c14:	7140801f 	cmp	w0, #0x20, lsl #12
   87c18:	54fffbc1 	b.ne	87b90 <CleanDataCache+0x130>  // b.any
   87c1c:	d5033f9f 	dsb	sy
   87c20:	d65f03c0 	ret

0000000000087c24 <InvalidateDataCacheRange>:
   87c24:	8b010001 	add	x1, x0, x1
   87c28:	927ae400 	and	x0, x0, #0xffffffffffffffc0
   87c2c:	cb000021 	sub	x1, x1, x0
   87c30:	d5087620 	dc	ivac, x0
   87c34:	f101003f 	cmp	x1, #0x40
   87c38:	54000149 	b.ls	87c60 <InvalidateDataCacheRange+0x3c>  // b.plast
   87c3c:	d1010421 	sub	x1, x1, #0x41
   87c40:	91010000 	add	x0, x0, #0x40
   87c44:	927ae421 	and	x1, x1, #0xffffffffffffffc0
   87c48:	8b000021 	add	x1, x1, x0
   87c4c:	14000002 	b	87c54 <InvalidateDataCacheRange+0x30>
   87c50:	91010000 	add	x0, x0, #0x40
   87c54:	d5087620 	dc	ivac, x0
   87c58:	eb01001f 	cmp	x0, x1
   87c5c:	54ffffa1 	b.ne	87c50 <InvalidateDataCacheRange+0x2c>  // b.any
   87c60:	d5033f9f 	dsb	sy
   87c64:	d65f03c0 	ret

0000000000087c68 <CleanDataCacheRange>:
   87c68:	8b010001 	add	x1, x0, x1
   87c6c:	927ae400 	and	x0, x0, #0xffffffffffffffc0
   87c70:	cb000021 	sub	x1, x1, x0
   87c74:	d50b7a20 	dc	cvac, x0
   87c78:	f101003f 	cmp	x1, #0x40
   87c7c:	54000149 	b.ls	87ca4 <CleanDataCacheRange+0x3c>  // b.plast
   87c80:	d1010421 	sub	x1, x1, #0x41
   87c84:	91010000 	add	x0, x0, #0x40
   87c88:	927ae421 	and	x1, x1, #0xffffffffffffffc0
   87c8c:	8b000021 	add	x1, x1, x0
   87c90:	14000002 	b	87c98 <CleanDataCacheRange+0x30>
   87c94:	91010000 	add	x0, x0, #0x40
   87c98:	d50b7a20 	dc	cvac, x0
   87c9c:	eb01001f 	cmp	x0, x1
   87ca0:	54ffffa1 	b.ne	87c94 <CleanDataCacheRange+0x2c>  // b.any
   87ca4:	d5033f9f 	dsb	sy
   87ca8:	d65f03c0 	ret

0000000000087cac <CleanAndInvalidateDataCacheRange>:
   87cac:	8b010001 	add	x1, x0, x1
   87cb0:	927ae400 	and	x0, x0, #0xffffffffffffffc0
   87cb4:	cb000021 	sub	x1, x1, x0
   87cb8:	d50b7e20 	dc	civac, x0
   87cbc:	f101003f 	cmp	x1, #0x40
   87cc0:	54000149 	b.ls	87ce8 <CleanAndInvalidateDataCacheRange+0x3c>  // b.plast
   87cc4:	d1010421 	sub	x1, x1, #0x41
   87cc8:	91010000 	add	x0, x0, #0x40
   87ccc:	927ae421 	and	x1, x1, #0xffffffffffffffc0
   87cd0:	8b000021 	add	x1, x1, x0
   87cd4:	14000002 	b	87cdc <CleanAndInvalidateDataCacheRange+0x30>
   87cd8:	91010000 	add	x0, x0, #0x40
   87cdc:	d50b7e20 	dc	civac, x0
   87ce0:	eb01001f 	cmp	x0, x1
   87ce4:	54ffffa1 	b.ne	87cd8 <CleanAndInvalidateDataCacheRange+0x2c>  // b.any
   87ce8:	d5033f9f 	dsb	sy
   87cec:	d65f03c0 	ret

0000000000087cf0 <SyncDataAndInstructionCache>:
   87cf0:	a9bf7bfd 	stp	x29, x30, [sp, #-16]!
   87cf4:	910003fd 	mov	x29, sp
   87cf8:	97ffff5a 	bl	87a60 <CleanDataCache>
   87cfc:	d508751f 	ic	iallu
   87d00:	d5033f9f 	dsb	sy
   87d04:	d5033fdf 	isb
   87d08:	a8c17bfd 	ldp	x29, x30, [sp], #16
   87d0c:	d65f03c0 	ret
	...

0000000000087d20 <CTranslationTable::~CTranslationTable()>:
   87d20:	f9400400 	ldr	x0, [x0, #8]
   87d24:	140008b7 	b	8a000 <pfree>

0000000000087d28 <CTranslationTable::GetBaseAddress() const>:
   87d28:	f9400400 	ldr	x0, [x0, #8]
   87d2c:	b4000040 	cbz	x0, 87d34 <CTranslationTable::GetBaseAddress() const+0xc>
   87d30:	d65f03c0 	ret
   87d34:	90000061 	adrp	x1, 93000 <CExceptionHandler::Throw(unsigned int, TAbortFrame*)+0xc0>
   87d38:	90000060 	adrp	x0, 93000 <CExceptionHandler::Throw(unsigned int, TAbortFrame*)+0xc0>
   87d3c:	a9bf7bfd 	stp	x29, x30, [sp, #-16]!
   87d40:	52800d02 	mov	w2, #0x68                  	// #104
   87d44:	910003fd 	mov	x29, sp
   87d48:	9121a021 	add	x1, x1, #0x868
   87d4c:	91220000 	add	x0, x0, #0x880
   87d50:	940008b4 	bl	8a020 <assertion_failed>
   87d54:	d503201f 	nop
   87d58:	d503201f 	nop
   87d5c:	d503201f 	nop

0000000000087d60 <CTranslationTable::CreateLevel3Table(unsigned long)>:
   87d60:	a9bc7bfd 	stp	x29, x30, [sp, #-64]!
   87d64:	910003fd 	mov	x29, sp
   87d68:	f9000fe0 	str	x0, [sp, #24]
   87d6c:	f9000be1 	str	x1, [sp, #16]
   87d70:	9400089f 	bl	89fec <palloc>
   87d74:	f9001be0 	str	x0, [sp, #48]
   87d78:	f9401be0 	ldr	x0, [sp, #48]
   87d7c:	f100001f 	cmp	x0, #0x0
   87d80:	1a9f07e0 	cset	w0, ne	// ne = any
   87d84:	12001c00 	and	w0, w0, #0xff
   87d88:	92401c00 	and	x0, x0, #0xff
   87d8c:	f100001f 	cmp	x0, #0x0
   87d90:	540000e1 	b.ne	87dac <CTranslationTable::CreateLevel3Table(unsigned long)+0x4c>  // b.any
   87d94:	52800de2 	mov	w2, #0x6f                  	// #111
   87d98:	90000060 	adrp	x0, 93000 <CExceptionHandler::Throw(unsigned int, TAbortFrame*)+0xc0>
   87d9c:	9121a001 	add	x1, x0, #0x868
   87da0:	90000060 	adrp	x0, 93000 <CExceptionHandler::Throw(unsigned int, TAbortFrame*)+0xc0>
   87da4:	91224000 	add	x0, x0, #0x890
   87da8:	9400089e 	bl	8a020 <assertion_failed>
   87dac:	b9003fff 	str	wzr, [sp, #60]
   87db0:	140000a1 	b	88034 <CTranslationTable::CreateLevel3Table(unsigned long)+0x2d4>
   87db4:	b9403fe0 	ldr	w0, [sp, #60]
   87db8:	d37df000 	lsl	x0, x0, #3
   87dbc:	f9401be1 	ldr	x1, [sp, #48]
   87dc0:	8b000020 	add	x0, x1, x0
   87dc4:	f90017e0 	str	x0, [sp, #40]
   87dc8:	f94017e0 	ldr	x0, [sp, #40]
   87dcc:	39400001 	ldrb	w1, [x0]
   87dd0:	32000421 	orr	w1, w1, #0x3
   87dd4:	39000001 	strb	w1, [x0]
   87dd8:	f94017e0 	ldr	x0, [sp, #40]
   87ddc:	39400001 	ldrb	w1, [x0]
   87de0:	121b7021 	and	w1, w1, #0xffffffe3
   87de4:	39000001 	strb	w1, [x0]
   87de8:	f94017e0 	ldr	x0, [sp, #40]
   87dec:	39400001 	ldrb	w1, [x0]
   87df0:	121a7821 	and	w1, w1, #0xffffffdf
   87df4:	39000001 	strb	w1, [x0]
   87df8:	f94017e0 	ldr	x0, [sp, #40]
   87dfc:	39400001 	ldrb	w1, [x0]
   87e00:	12001421 	and	w1, w1, #0x3f
   87e04:	39000001 	strb	w1, [x0]
   87e08:	f94017e0 	ldr	x0, [sp, #40]
   87e0c:	39400401 	ldrb	w1, [x0, #1]
   87e10:	32000421 	orr	w1, w1, #0x3
   87e14:	39000401 	strb	w1, [x0, #1]
   87e18:	f94017e0 	ldr	x0, [sp, #40]
   87e1c:	39400401 	ldrb	w1, [x0, #1]
   87e20:	321e0021 	orr	w1, w1, #0x4
   87e24:	39000401 	strb	w1, [x0, #1]
   87e28:	f94017e0 	ldr	x0, [sp, #40]
   87e2c:	39400401 	ldrb	w1, [x0, #1]
   87e30:	121c7821 	and	w1, w1, #0xfffffff7
   87e34:	39000401 	strb	w1, [x0, #1]
   87e38:	f94017e0 	ldr	x0, [sp, #40]
   87e3c:	39400401 	ldrb	w1, [x0, #1]
   87e40:	12000c21 	and	w1, w1, #0xf
   87e44:	39000401 	strb	w1, [x0, #1]
   87e48:	f9400be0 	ldr	x0, [sp, #16]
   87e4c:	d350fc00 	lsr	x0, x0, #16
   87e50:	2a0003e1 	mov	w1, w0
   87e54:	f94017e0 	ldr	x0, [sp, #40]
   87e58:	2a0103e2 	mov	w2, w1
   87e5c:	92401c44 	and	x4, x2, #0xff
   87e60:	39400802 	ldrb	w2, [x0, #2]
   87e64:	52800003 	mov	w3, #0x0                   	// #0
   87e68:	0a030042 	and	w2, w2, w3
   87e6c:	2a0203e3 	mov	w3, w2
   87e70:	2a0403e2 	mov	w2, w4
   87e74:	2a020062 	orr	w2, w3, w2
   87e78:	39000802 	strb	w2, [x0, #2]
   87e7c:	53087c22 	lsr	w2, w1, #8
   87e80:	2a0203e2 	mov	w2, w2
   87e84:	92401c44 	and	x4, x2, #0xff
   87e88:	39400c02 	ldrb	w2, [x0, #3]
   87e8c:	52800003 	mov	w3, #0x0                   	// #0
   87e90:	0a030042 	and	w2, w2, w3
   87e94:	2a0203e3 	mov	w3, w2
   87e98:	2a0403e2 	mov	w2, w4
   87e9c:	2a020062 	orr	w2, w3, w2
   87ea0:	39000c02 	strb	w2, [x0, #3]
   87ea4:	53107c22 	lsr	w2, w1, #16
   87ea8:	2a0203e2 	mov	w2, w2
   87eac:	92401c44 	and	x4, x2, #0xff
   87eb0:	39401002 	ldrb	w2, [x0, #4]
   87eb4:	52800003 	mov	w3, #0x0                   	// #0
   87eb8:	0a030042 	and	w2, w2, w3
   87ebc:	2a0203e3 	mov	w3, w2
   87ec0:	2a0403e2 	mov	w2, w4
   87ec4:	2a020062 	orr	w2, w3, w2
   87ec8:	39001002 	strb	w2, [x0, #4]
   87ecc:	53187c21 	lsr	w1, w1, #24
   87ed0:	2a0103e3 	mov	w3, w1
   87ed4:	39401401 	ldrb	w1, [x0, #5]
   87ed8:	52800002 	mov	w2, #0x0                   	// #0
   87edc:	0a020021 	and	w1, w1, w2
   87ee0:	2a0103e2 	mov	w2, w1
   87ee4:	2a0303e1 	mov	w1, w3
   87ee8:	2a010041 	orr	w1, w2, w1
   87eec:	39001401 	strb	w1, [x0, #5]
   87ef0:	f94017e0 	ldr	x0, [sp, #40]
   87ef4:	39401801 	ldrb	w1, [x0, #6]
   87ef8:	121c6c21 	and	w1, w1, #0xfffffff0
   87efc:	39001801 	strb	w1, [x0, #6]
   87f00:	f94017e0 	ldr	x0, [sp, #40]
   87f04:	39401801 	ldrb	w1, [x0, #6]
   87f08:	121b7821 	and	w1, w1, #0xffffffef
   87f0c:	39001801 	strb	w1, [x0, #6]
   87f10:	f94017e0 	ldr	x0, [sp, #40]
   87f14:	39401801 	ldrb	w1, [x0, #6]
   87f18:	121a7821 	and	w1, w1, #0xffffffdf
   87f1c:	39001801 	strb	w1, [x0, #6]
   87f20:	f94017e0 	ldr	x0, [sp, #40]
   87f24:	39401801 	ldrb	w1, [x0, #6]
   87f28:	321a0021 	orr	w1, w1, #0x40
   87f2c:	39001801 	strb	w1, [x0, #6]
   87f30:	f94017e0 	ldr	x0, [sp, #40]
   87f34:	39401801 	ldrb	w1, [x0, #6]
   87f38:	12001821 	and	w1, w1, #0x7f
   87f3c:	39001801 	strb	w1, [x0, #6]
   87f40:	39401c01 	ldrb	w1, [x0, #7]
   87f44:	52800002 	mov	w2, #0x0                   	// #0
   87f48:	0a020021 	and	w1, w1, w2
   87f4c:	39001c01 	strb	w1, [x0, #7]
   87f50:	90000060 	adrp	x0, 93000 <CExceptionHandler::Throw(unsigned int, TAbortFrame*)+0xc0>
   87f54:	910a7000 	add	x0, x0, #0x29c
   87f58:	f9400be1 	ldr	x1, [sp, #16]
   87f5c:	eb00003f 	cmp	x1, x0
   87f60:	540005e3 	b.cc	8801c <CTranslationTable::CreateLevel3Table(unsigned long)+0x2bc>  // b.lo, b.ul, b.last
   87f64:	f94017e0 	ldr	x0, [sp, #40]
   87f68:	39401801 	ldrb	w1, [x0, #6]
   87f6c:	321b0021 	orr	w1, w1, #0x20
   87f70:	39001801 	strb	w1, [x0, #6]
   87f74:	f9400fe0 	ldr	x0, [sp, #24]
   87f78:	f9400000 	ldr	x0, [x0]
   87f7c:	f9400be1 	ldr	x1, [sp, #16]
   87f80:	eb00003f 	cmp	x1, x0
   87f84:	540000a3 	b.cc	87f98 <CTranslationTable::CreateLevel3Table(unsigned long)+0x238>  // b.lo, b.ul, b.last
   87f88:	f9400be1 	ldr	x1, [sp, #16]
   87f8c:	b24077e0 	mov	x0, #0x3fffffff            	// #1073741823
   87f90:	eb00003f 	cmp	x1, x0
   87f94:	540000a9 	b.ls	87fa8 <CTranslationTable::CreateLevel3Table(unsigned long)+0x248>  // b.plast
   87f98:	f9400be1 	ldr	x1, [sp, #16]
   87f9c:	b24083e0 	mov	x0, #0x1ffffffff           	// #8589934591
   87fa0:	eb00003f 	cmp	x1, x0
   87fa4:	54000189 	b.ls	87fd4 <CTranslationTable::CreateLevel3Table(unsigned long)+0x274>  // b.plast
   87fa8:	f94017e1 	ldr	x1, [sp, #40]
   87fac:	39400020 	ldrb	w0, [x1]
   87fb0:	52800022 	mov	w2, #0x1                   	// #1
   87fb4:	331e0840 	bfi	w0, w2, #2, #3
   87fb8:	39000020 	strb	w0, [x1]
   87fbc:	f94017e1 	ldr	x1, [sp, #40]
   87fc0:	39400420 	ldrb	w0, [x1, #1]
   87fc4:	52800042 	mov	w2, #0x2                   	// #2
   87fc8:	33000440 	bfxil	w0, w2, #0, #2
   87fcc:	39000420 	strb	w0, [x1, #1]
   87fd0:	14000013 	b	8801c <CTranslationTable::CreateLevel3Table(unsigned long)+0x2bc>
   87fd4:	f9400be1 	ldr	x1, [sp, #16]
   87fd8:	12bff600 	mov	w0, #0x4fffff              	// #5242879
   87fdc:	eb00003f 	cmp	x1, x0
   87fe0:	540001e9 	b.ls	8801c <CTranslationTable::CreateLevel3Table(unsigned long)+0x2bc>  // b.plast
   87fe4:	f9400be1 	ldr	x1, [sp, #16]
   87fe8:	12bfee00 	mov	w0, #0x8fffff              	// #9437183
   87fec:	eb00003f 	cmp	x1, x0
   87ff0:	54000168 	b.hi	8801c <CTranslationTable::CreateLevel3Table(unsigned long)+0x2bc>  // b.pmore
   87ff4:	f94017e1 	ldr	x1, [sp, #40]
   87ff8:	39400020 	ldrb	w0, [x1]
   87ffc:	52800042 	mov	w2, #0x2                   	// #2
   88000:	331e0840 	bfi	w0, w2, #2, #3
   88004:	39000020 	strb	w0, [x1]
   88008:	f94017e1 	ldr	x1, [sp, #40]
   8800c:	39400420 	ldrb	w0, [x1, #1]
   88010:	52800042 	mov	w2, #0x2                   	// #2
   88014:	33000440 	bfxil	w0, w2, #0, #2
   88018:	39000420 	strb	w0, [x1, #1]
   8801c:	f9400be0 	ldr	x0, [sp, #16]
   88020:	91404000 	add	x0, x0, #0x10, lsl #12
   88024:	f9000be0 	str	x0, [sp, #16]
   88028:	b9403fe0 	ldr	w0, [sp, #60]
   8802c:	11000400 	add	w0, w0, #0x1
   88030:	b9003fe0 	str	w0, [sp, #60]
   88034:	b9403fe1 	ldr	w1, [sp, #60]
   88038:	5283ffe0 	mov	w0, #0x1fff                	// #8191
   8803c:	6b00003f 	cmp	w1, w0
   88040:	54ffeba9 	b.ls	87db4 <CTranslationTable::CreateLevel3Table(unsigned long)+0x54>  // b.plast
   88044:	f9401be0 	ldr	x0, [sp, #48]
   88048:	a8c47bfd 	ldp	x29, x30, [sp], #64
   8804c:	d65f03c0 	ret

0000000000088050 <CTranslationTable::CTranslationTable(unsigned long)>:
   88050:	a9bc7bfd 	stp	x29, x30, [sp, #-64]!
   88054:	910003fd 	mov	x29, sp
   88058:	f9000fe0 	str	x0, [sp, #24]
   8805c:	f9000be1 	str	x1, [sp, #16]
   88060:	f9400fe0 	ldr	x0, [sp, #24]
   88064:	f9400be1 	ldr	x1, [sp, #16]
   88068:	f9000001 	str	x1, [x0]
   8806c:	f9400fe0 	ldr	x0, [sp, #24]
   88070:	f900041f 	str	xzr, [x0, #8]
   88074:	940007de 	bl	89fec <palloc>
   88078:	aa0003e1 	mov	x1, x0
   8807c:	f9400fe0 	ldr	x0, [sp, #24]
   88080:	f9000401 	str	x1, [x0, #8]
   88084:	f9400fe0 	ldr	x0, [sp, #24]
   88088:	f9400400 	ldr	x0, [x0, #8]
   8808c:	f100001f 	cmp	x0, #0x0
   88090:	1a9f07e0 	cset	w0, ne	// ne = any
   88094:	12001c00 	and	w0, w0, #0xff
   88098:	92401c00 	and	x0, x0, #0xff
   8809c:	f100001f 	cmp	x0, #0x0
   880a0:	540000e1 	b.ne	880bc <CTranslationTable::CTranslationTable(unsigned long)+0x6c>  // b.any
   880a4:	52800662 	mov	w2, #0x33                  	// #51
   880a8:	f0000040 	adrp	x0, 93000 <CExceptionHandler::Throw(unsigned int, TAbortFrame*)+0xc0>
   880ac:	9121a001 	add	x1, x0, #0x868
   880b0:	f0000040 	adrp	x0, 93000 <CExceptionHandler::Throw(unsigned int, TAbortFrame*)+0xc0>
   880b4:	91220000 	add	x0, x0, #0x880
   880b8:	940007da 	bl	8a020 <assertion_failed>
   880bc:	f9400fe0 	ldr	x0, [sp, #24]
   880c0:	f9400400 	ldr	x0, [x0, #8]
   880c4:	d2a00022 	mov	x2, #0x10000               	// #65536
   880c8:	52800001 	mov	w1, #0x0                   	// #0
   880cc:	97fffa3b 	bl	869b8 <memset>
   880d0:	b9003fff 	str	wzr, [sp, #60]
   880d4:	1400009b 	b	88340 <CTranslationTable::CTranslationTable(unsigned long)+0x2f0>
   880d8:	b9403fe0 	ldr	w0, [sp, #60]
   880dc:	d3638800 	lsl	x0, x0, #29
   880e0:	f9001be0 	str	x0, [sp, #48]
   880e4:	f9401be1 	ldr	x1, [sp, #48]
   880e8:	b24083e0 	mov	x0, #0x1ffffffff           	// #8589934591
   880ec:	eb00003f 	cmp	x1, x0
   880f0:	540004e9 	b.ls	8818c <CTranslationTable::CTranslationTable(unsigned long)+0x13c>  // b.plast
   880f4:	f9401be1 	ldr	x1, [sp, #48]
   880f8:	b2408fe0 	mov	x0, #0xfffffffff           	// #68719476735
   880fc:	eb00003f 	cmp	x1, x0
   88100:	540000c9 	b.ls	88118 <CTranslationTable::CTranslationTable(unsigned long)+0xc8>  // b.plast
   88104:	f9401be1 	ldr	x1, [sp, #48]
   88108:	b24073e0 	mov	x0, #0x1fffffff            	// #536870911
   8810c:	f2c00200 	movk	x0, #0x10, lsl #32
   88110:	eb00003f 	cmp	x1, x0
   88114:	540003c9 	b.ls	8818c <CTranslationTable::CTranslationTable(unsigned long)+0x13c>  // b.plast
   88118:	f9401be1 	ldr	x1, [sp, #48]
   8811c:	12b40000 	mov	w0, #0x5fffffff            	// #1610612735
   88120:	f2c00200 	movk	x0, #0x10, lsl #32
   88124:	eb00003f 	cmp	x1, x0
   88128:	540000c9 	b.ls	88140 <CTranslationTable::CTranslationTable(unsigned long)+0xf0>  // b.plast
   8812c:	f9401be1 	ldr	x1, [sp, #48]
   88130:	b2407be0 	mov	x0, #0x7fffffff            	// #2147483647
   88134:	f2c00200 	movk	x0, #0x10, lsl #32
   88138:	eb00003f 	cmp	x1, x0
   8813c:	54000289 	b.ls	8818c <CTranslationTable::CTranslationTable(unsigned long)+0x13c>  // b.plast
   88140:	f9401be1 	ldr	x1, [sp, #48]
   88144:	b2407be0 	mov	x0, #0x7fffffff            	// #2147483647
   88148:	f2c00360 	movk	x0, #0x1b, lsl #32
   8814c:	eb00003f 	cmp	x1, x0
   88150:	540000c9 	b.ls	88168 <CTranslationTable::CTranslationTable(unsigned long)+0x118>  // b.plast
   88154:	f9401be1 	ldr	x1, [sp, #48]
   88158:	12ac0000 	mov	w0, #0x9fffffff            	// #-1610612737
   8815c:	f2c00360 	movk	x0, #0x1b, lsl #32
   88160:	eb00003f 	cmp	x1, x0
   88164:	54000149 	b.ls	8818c <CTranslationTable::CTranslationTable(unsigned long)+0x13c>  // b.plast
   88168:	f9401be1 	ldr	x1, [sp, #48]
   8816c:	d2c003e0 	mov	x0, #0x1f00000000          	// #133143986176
   88170:	eb00003f 	cmp	x1, x0
   88174:	54000de3 	b.cc	88330 <CTranslationTable::CTranslationTable(unsigned long)+0x2e0>  // b.lo, b.ul, b.last
   88178:	f9401be1 	ldr	x1, [sp, #48]
   8817c:	b24093e0 	mov	x0, #0x1fffffffff          	// #137438953471
   88180:	f2a3ffe0 	movk	x0, #0x1fff, lsl #16
   88184:	eb00003f 	cmp	x1, x0
   88188:	54000d48 	b.hi	88330 <CTranslationTable::CTranslationTable(unsigned long)+0x2e0>  // b.pmore
   8818c:	f9401be1 	ldr	x1, [sp, #48]
   88190:	f9400fe0 	ldr	x0, [sp, #24]
   88194:	97fffef3 	bl	87d60 <CTranslationTable::CreateLevel3Table(unsigned long)>
   88198:	f90017e0 	str	x0, [sp, #40]
   8819c:	f94017e0 	ldr	x0, [sp, #40]
   881a0:	f100001f 	cmp	x0, #0x0
   881a4:	1a9f07e0 	cset	w0, ne	// ne = any
   881a8:	12001c00 	and	w0, w0, #0xff
   881ac:	92401c00 	and	x0, x0, #0xff
   881b0:	f100001f 	cmp	x0, #0x0
   881b4:	540000e1 	b.ne	881d0 <CTranslationTable::CTranslationTable(unsigned long)+0x180>  // b.any
   881b8:	528009c2 	mov	w2, #0x4e                  	// #78
   881bc:	f0000040 	adrp	x0, 93000 <CExceptionHandler::Throw(unsigned int, TAbortFrame*)+0xc0>
   881c0:	9121a001 	add	x1, x0, #0x868
   881c4:	f0000040 	adrp	x0, 93000 <CExceptionHandler::Throw(unsigned int, TAbortFrame*)+0xc0>
   881c8:	91224000 	add	x0, x0, #0x890
   881cc:	94000795 	bl	8a020 <assertion_failed>
   881d0:	f9400fe0 	ldr	x0, [sp, #24]
   881d4:	f9400401 	ldr	x1, [x0, #8]
   881d8:	b9403fe0 	ldr	w0, [sp, #60]
   881dc:	d37df000 	lsl	x0, x0, #3
   881e0:	8b000020 	add	x0, x1, x0
   881e4:	f90013e0 	str	x0, [sp, #32]
   881e8:	f94013e0 	ldr	x0, [sp, #32]
   881ec:	39400001 	ldrb	w1, [x0]
   881f0:	32000421 	orr	w1, w1, #0x3
   881f4:	39000001 	strb	w1, [x0]
   881f8:	f94013e0 	ldr	x0, [sp, #32]
   881fc:	39400001 	ldrb	w1, [x0]
   88200:	12000421 	and	w1, w1, #0x3
   88204:	39000001 	strb	w1, [x0]
   88208:	39400401 	ldrb	w1, [x0, #1]
   8820c:	52800002 	mov	w2, #0x0                   	// #0
   88210:	0a020021 	and	w1, w1, w2
   88214:	39000401 	strb	w1, [x0, #1]
   88218:	f94017e0 	ldr	x0, [sp, #40]
   8821c:	d350fc00 	lsr	x0, x0, #16
   88220:	2a0003e1 	mov	w1, w0
   88224:	f94013e0 	ldr	x0, [sp, #32]
   88228:	2a0103e2 	mov	w2, w1
   8822c:	92401c44 	and	x4, x2, #0xff
   88230:	39400802 	ldrb	w2, [x0, #2]
   88234:	52800003 	mov	w3, #0x0                   	// #0
   88238:	0a030042 	and	w2, w2, w3
   8823c:	2a0203e3 	mov	w3, w2
   88240:	2a0403e2 	mov	w2, w4
   88244:	2a020062 	orr	w2, w3, w2
   88248:	39000802 	strb	w2, [x0, #2]
   8824c:	53087c22 	lsr	w2, w1, #8
   88250:	2a0203e2 	mov	w2, w2
   88254:	92401c44 	and	x4, x2, #0xff
   88258:	39400c02 	ldrb	w2, [x0, #3]
   8825c:	52800003 	mov	w3, #0x0                   	// #0
   88260:	0a030042 	and	w2, w2, w3
   88264:	2a0203e3 	mov	w3, w2
   88268:	2a0403e2 	mov	w2, w4
   8826c:	2a020062 	orr	w2, w3, w2
   88270:	39000c02 	strb	w2, [x0, #3]
   88274:	53107c22 	lsr	w2, w1, #16
   88278:	2a0203e2 	mov	w2, w2
   8827c:	92401c44 	and	x4, x2, #0xff
   88280:	39401002 	ldrb	w2, [x0, #4]
   88284:	52800003 	mov	w3, #0x0                   	// #0
   88288:	0a030042 	and	w2, w2, w3
   8828c:	2a0203e3 	mov	w3, w2
   88290:	2a0403e2 	mov	w2, w4
   88294:	2a020062 	orr	w2, w3, w2
   88298:	39001002 	strb	w2, [x0, #4]
   8829c:	53187c21 	lsr	w1, w1, #24
   882a0:	2a0103e3 	mov	w3, w1
   882a4:	39401401 	ldrb	w1, [x0, #5]
   882a8:	52800002 	mov	w2, #0x0                   	// #0
   882ac:	0a020021 	and	w1, w1, w2
   882b0:	2a0103e2 	mov	w2, w1
   882b4:	2a0303e1 	mov	w1, w3
   882b8:	2a010041 	orr	w1, w2, w1
   882bc:	39001401 	strb	w1, [x0, #5]
   882c0:	f94013e0 	ldr	x0, [sp, #32]
   882c4:	39401801 	ldrb	w1, [x0, #6]
   882c8:	121c6c21 	and	w1, w1, #0xfffffff0
   882cc:	39001801 	strb	w1, [x0, #6]
   882d0:	f94013e0 	ldr	x0, [sp, #32]
   882d4:	39401801 	ldrb	w1, [x0, #6]
   882d8:	12000c21 	and	w1, w1, #0xf
   882dc:	39001801 	strb	w1, [x0, #6]
   882e0:	39401c01 	ldrb	w1, [x0, #7]
   882e4:	121d7021 	and	w1, w1, #0xfffffff8
   882e8:	39001c01 	strb	w1, [x0, #7]
   882ec:	f94013e0 	ldr	x0, [sp, #32]
   882f0:	39401c01 	ldrb	w1, [x0, #7]
   882f4:	121c7821 	and	w1, w1, #0xfffffff7
   882f8:	39001c01 	strb	w1, [x0, #7]
   882fc:	f94013e0 	ldr	x0, [sp, #32]
   88300:	39401c01 	ldrb	w1, [x0, #7]
   88304:	121b7821 	and	w1, w1, #0xffffffef
   88308:	39001c01 	strb	w1, [x0, #7]
   8830c:	f94013e0 	ldr	x0, [sp, #32]
   88310:	39401c01 	ldrb	w1, [x0, #7]
   88314:	12197421 	and	w1, w1, #0xffffff9f
   88318:	39001c01 	strb	w1, [x0, #7]
   8831c:	f94013e0 	ldr	x0, [sp, #32]
   88320:	39401c01 	ldrb	w1, [x0, #7]
   88324:	12001821 	and	w1, w1, #0x7f
   88328:	39001c01 	strb	w1, [x0, #7]
   8832c:	14000002 	b	88334 <CTranslationTable::CTranslationTable(unsigned long)+0x2e4>
   88330:	d503201f 	nop
   88334:	b9403fe0 	ldr	w0, [sp, #60]
   88338:	11000400 	add	w0, w0, #0x1
   8833c:	b9003fe0 	str	w0, [sp, #60]
   88340:	b9403fe0 	ldr	w0, [sp, #60]
   88344:	7103fc1f 	cmp	w0, #0xff
   88348:	54ffec89 	b.ls	880d8 <CTranslationTable::CTranslationTable(unsigned long)+0x88>  // b.plast
   8834c:	d5033f9f 	dsb	sy
   88350:	d503201f 	nop
   88354:	a8c47bfd 	ldp	x29, x30, [sp], #64
   88358:	d65f03c0 	ret
   8835c:	00000000 	udf	#0

0000000000088360 <CInterruptSystem::CInterruptSystem()>:
   88360:	d0000061 	adrp	x1, 96000 <vtable for CDevice+0x4a8>
   88364:	f945d022 	ldr	x2, [x1, #2976]
   88368:	b4000042 	cbz	x2, 88370 <CInterruptSystem::CInterruptSystem()+0x10>
   8836c:	d65f03c0 	ret
   88370:	f905d020 	str	x0, [x1, #2976]
   88374:	91400401 	add	x1, x0, #0x1, lsl #12
   88378:	d503201f 	nop
   8837c:	d503201f 	nop
   88380:	91002000 	add	x0, x0, #0x8
   88384:	f81f801f 	stur	xzr, [x0, #-8]
   88388:	f907fc1f 	str	xzr, [x0, #4088]
   8838c:	eb01001f 	cmp	x0, x1
   88390:	54ffff81 	b.ne	88380 <CInterruptSystem::CInterruptSystem()+0x20>  // b.any
   88394:	d65f03c0 	ret
   88398:	d503201f 	nop
   8839c:	d503201f 	nop

00000000000883a0 <CInterruptSystem::~CInterruptSystem()>:
   883a0:	d0000061 	adrp	x1, 96000 <vtable for CDevice+0x4a8>
   883a4:	f945d022 	ldr	x2, [x1, #2976]
   883a8:	eb02001f 	cmp	x0, x2
   883ac:	54000040 	b.eq	883b4 <CInterruptSystem::~CInterruptSystem()+0x14>  // b.none
   883b0:	d65f03c0 	ret
   883b4:	d50342df 	msr	daifset, #0x2
   883b8:	d2920000 	mov	x0, #0x9000                	// #36864
   883bc:	f2afffe0 	movk	x0, #0x7fff, lsl #16
   883c0:	f2c00200 	movk	x0, #0x10, lsl #32
   883c4:	b900001f 	str	wzr, [x0]
   883c8:	f905d03f 	str	xzr, [x1, #2976]
   883cc:	d65f03c0 	ret

00000000000883d0 <CInterruptSystem::Destructor()>:
   883d0:	d0000061 	adrp	x1, 96000 <vtable for CDevice+0x4a8>
   883d4:	f945d022 	ldr	x2, [x1, #2976]
   883d8:	eb00005f 	cmp	x2, x0
   883dc:	54000040 	b.eq	883e4 <CInterruptSystem::Destructor()+0x14>  // b.none
   883e0:	d65f03c0 	ret
   883e4:	d50342df 	msr	daifset, #0x2
   883e8:	d2920000 	mov	x0, #0x9000                	// #36864
   883ec:	f2afffe0 	movk	x0, #0x7fff, lsl #16
   883f0:	f2c00200 	movk	x0, #0x10, lsl #32
   883f4:	b900001f 	str	wzr, [x0]
   883f8:	f905d03f 	str	xzr, [x1, #2976]
   883fc:	d65f03c0 	ret

0000000000088400 <CInterruptSystem::Initialize()>:
   88400:	d0000061 	adrp	x1, 96000 <vtable for CDevice+0x4a8>
   88404:	f945d021 	ldr	x1, [x1, #2976]
   88408:	eb00003f 	cmp	x1, x0
   8840c:	54000060 	b.eq	88418 <CInterruptSystem::Initialize()+0x18>  // b.none
   88410:	52800020 	mov	w0, #0x1                   	// #1
   88414:	d65f03c0 	ret
   88418:	f0000027 	adrp	x7, 8f000 <CTerminalDevice::Write(char)+0x398>
   8841c:	90000048 	adrp	x8, 90000 <SErrorStub+0xc>
   88420:	a9be7bfd 	stp	x29, x30, [sp, #-32]!
   88424:	d2a000e0 	mov	x0, #0x70000               	// #458752
   88428:	d2800001 	mov	x1, #0x0                   	// #0
   8842c:	913e10e7 	add	x7, x7, #0xf84
   88430:	910a2108 	add	x8, x8, #0x288
   88434:	52a28006 	mov	w6, #0x14000000            	// #335544320
   88438:	910003fd 	mov	x29, sp
   8843c:	f9000fe0 	str	x0, [sp, #24]
   88440:	f100203f 	cmp	x1, #0x8
   88444:	54000840 	b.eq	8854c <CInterruptSystem::Initialize()+0x14c>  // b.none
   88448:	f9400fe0 	ldr	x0, [sp, #24]
   8844c:	d3797c24 	ubfiz	x4, x1, #7, #32
   88450:	91000421 	add	x1, x1, #0x1
   88454:	f9400fe5 	ldr	x5, [sp, #24]
   88458:	8b040000 	add	x0, x0, x4
   8845c:	cb0000e0 	sub	x0, x7, x0
   88460:	9342fc00 	asr	x0, x0, #2
   88464:	8b0400a2 	add	x2, x5, x4
   88468:	2a060003 	orr	w3, w0, w6
   8846c:	382468a0 	strb	w0, [x5, x4]
   88470:	53083c04 	ubfx	w4, w0, #8, #8
   88474:	53105c00 	ubfx	w0, w0, #16, #8
   88478:	39000840 	strb	w0, [x2, #2]
   8847c:	53187c60 	lsr	w0, w3, #24
   88480:	39000444 	strb	w4, [x2, #1]
   88484:	39000c40 	strb	w0, [x2, #3]
   88488:	f100403f 	cmp	x1, #0x10
   8848c:	54fffda1 	b.ne	88440 <CInterruptSystem::Initialize()+0x40>  // b.any
   88490:	97fffe18 	bl	87cf0 <SyncDataAndInstructionCache>
   88494:	d2920002 	mov	x2, #0x9000                	// #36864
   88498:	f2afffe2 	movk	x2, #0x7fff, lsl #16
   8849c:	f2c00202 	movk	x2, #0x10, lsl #32
   884a0:	b900005f 	str	wzr, [x2]
   884a4:	91060041 	add	x1, x2, #0x180
   884a8:	91070042 	add	x2, x2, #0x1c0
   884ac:	12800000 	mov	w0, #0xffffffff            	// #-1
   884b0:	b9000020 	str	w0, [x1]
   884b4:	91040020 	add	x0, x1, #0x100
   884b8:	12800003 	mov	w3, #0xffffffff            	// #-1
   884bc:	b9000003 	str	w3, [x0]
   884c0:	91080020 	add	x0, x1, #0x200
   884c4:	b9000003 	str	w3, [x0]
   884c8:	91001021 	add	x1, x1, #0x4
   884cc:	eb02003f 	cmp	x1, x2
   884d0:	54fffee1 	b.ne	884ac <CInterruptSystem::Initialize()+0xac>  // b.any
   884d4:	91090020 	add	x0, x1, #0x240
   884d8:	91110021 	add	x1, x1, #0x440
   884dc:	d503201f 	nop
   884e0:	52941402 	mov	w2, #0xa0a0                	// #41120
   884e4:	72b41402 	movk	w2, #0xa0a0, lsl #16
   884e8:	b9000002 	str	w2, [x0]
   884ec:	91100002 	add	x2, x0, #0x400
   884f0:	3200c3e3 	mov	w3, #0x1010101             	// #16843009
   884f4:	b9000043 	str	w3, [x2]
   884f8:	91001000 	add	x0, x0, #0x4
   884fc:	eb01001f 	cmp	x0, x1
   88500:	54ffff01 	b.ne	884e0 <CInterruptSystem::Initialize()+0xe0>  // b.any
   88504:	91180001 	add	x1, x0, #0x600
   88508:	911a0000 	add	x0, x0, #0x680
   8850c:	b900003f 	str	wzr, [x1]
   88510:	91001021 	add	x1, x1, #0x4
   88514:	eb00003f 	cmp	x1, x0
   88518:	54ffffa1 	b.ne	8850c <CInterruptSystem::Initialize()+0x10c>  // b.any
   8851c:	d1320020 	sub	x0, x1, #0xc80
   88520:	52800022 	mov	w2, #0x1                   	// #1
   88524:	b9000002 	str	w2, [x0]
   88528:	52801e00 	mov	w0, #0xf0                  	// #240
   8852c:	910e1021 	add	x1, x1, #0x384
   88530:	b9000020 	str	w0, [x1]
   88534:	d1001021 	sub	x1, x1, #0x4
   88538:	b9000022 	str	w2, [x1]
   8853c:	d50342ff 	msr	daifclr, #0x2
   88540:	52800020 	mov	w0, #0x1                   	// #1
   88544:	a8c27bfd 	ldp	x29, x30, [sp], #32
   88548:	d65f03c0 	ret
   8854c:	f9400fe0 	ldr	x0, [sp, #24]
   88550:	f9400fe1 	ldr	x1, [sp, #24]
   88554:	91100000 	add	x0, x0, #0x400
   88558:	cb000100 	sub	x0, x8, x0
   8855c:	9342fc00 	asr	x0, x0, #2
   88560:	2a060002 	orr	w2, w0, w6
   88564:	53083c03 	ubfx	w3, w0, #8, #8
   88568:	39100020 	strb	w0, [x1, #1024]
   8856c:	53105c00 	ubfx	w0, w0, #16, #8
   88570:	39100423 	strb	w3, [x1, #1025]
   88574:	39100820 	strb	w0, [x1, #1026]
   88578:	53187c40 	lsr	w0, w2, #24
   8857c:	39100c20 	strb	w0, [x1, #1027]
   88580:	d2800121 	mov	x1, #0x9                   	// #9
   88584:	17ffffb1 	b	88448 <CInterruptSystem::Initialize()+0x48>

0000000000088588 <CInterruptSystem::DisconnectFIQ()>:
   88588:	d0000063 	adrp	x3, 96000 <vtable for CDevice+0x4a8>
   8858c:	a9be7bfd 	stp	x29, x30, [sp, #-32]!
   88590:	910003fd 	mov	x29, sp
   88594:	91294062 	add	x2, x3, #0xa50
   88598:	39694061 	ldrb	w1, [x3, #2640]
   8859c:	39400440 	ldrb	w0, [x2, #1]
   885a0:	aa002020 	orr	x0, x1, x0, lsl #8
   885a4:	39400841 	ldrb	w1, [x2, #2]
   885a8:	aa014001 	orr	x1, x0, x1, lsl #16
   885ac:	39400c40 	ldrb	w0, [x2, #3]
   885b0:	aa006020 	orr	x0, x1, x0, lsl #24
   885b4:	39401041 	ldrb	w1, [x2, #4]
   885b8:	aa018001 	orr	x1, x0, x1, lsl #32
   885bc:	39401440 	ldrb	w0, [x2, #5]
   885c0:	aa00a020 	orr	x0, x1, x0, lsl #40
   885c4:	39401841 	ldrb	w1, [x2, #6]
   885c8:	aa01c001 	orr	x1, x0, x1, lsl #48
   885cc:	39401c40 	ldrb	w0, [x2, #7]
   885d0:	aa00e020 	orr	x0, x1, x0, lsl #56
   885d4:	b4000560 	cbz	x0, 88680 <CInterruptSystem::DisconnectFIQ()+0xf8>
   885d8:	d2801a80 	mov	x0, #0xd4                  	// #212
   885dc:	f9000fe0 	str	x0, [sp, #24]
   885e0:	f9400fe0 	ldr	x0, [sp, #24]
   885e4:	b9400001 	ldr	w1, [x0]
   885e8:	528928c0 	mov	w0, #0x4946                	// #18758
   885ec:	72aa6a20 	movk	w0, #0x5351, lsl #16
   885f0:	6b00003f 	cmp	w1, w0
   885f4:	54000221 	b.ne	88638 <CInterruptSystem::DisconnectFIQ()+0xb0>  // b.any
   885f8:	39404040 	ldrb	w0, [x2, #16]
   885fc:	39404441 	ldrb	w1, [x2, #17]
   88600:	39404c44 	ldrb	w4, [x2, #19]
   88604:	aa012001 	orr	x1, x0, x1, lsl #8
   88608:	39404840 	ldrb	w0, [x2, #18]
   8860c:	aa004020 	orr	x0, x1, x0, lsl #16
   88610:	aa046004 	orr	x4, x0, x4, lsl #24
   88614:	b4000124 	cbz	x4, 88638 <CInterruptSystem::DisconnectFIQ()+0xb0>
   88618:	d2800025 	mov	x5, #0x1                   	// #1
   8861c:	aa0503e0 	mov	x0, x5
   88620:	aa0403e1 	mov	x1, x4
   88624:	d4000003 	smc	#0x0
   88628:	3900405f 	strb	wzr, [x2, #16]
   8862c:	3900445f 	strb	wzr, [x2, #17]
   88630:	3900485f 	strb	wzr, [x2, #18]
   88634:	39004c5f 	strb	wzr, [x2, #19]
   88638:	3929407f 	strb	wzr, [x3, #2640]
   8863c:	3900045f 	strb	wzr, [x2, #1]
   88640:	3900085f 	strb	wzr, [x2, #2]
   88644:	39000c5f 	strb	wzr, [x2, #3]
   88648:	3900105f 	strb	wzr, [x2, #4]
   8864c:	3900145f 	strb	wzr, [x2, #5]
   88650:	3900185f 	strb	wzr, [x2, #6]
   88654:	39001c5f 	strb	wzr, [x2, #7]
   88658:	3900205f 	strb	wzr, [x2, #8]
   8865c:	3900245f 	strb	wzr, [x2, #9]
   88660:	3900285f 	strb	wzr, [x2, #10]
   88664:	39002c5f 	strb	wzr, [x2, #11]
   88668:	3900305f 	strb	wzr, [x2, #12]
   8866c:	3900345f 	strb	wzr, [x2, #13]
   88670:	3900385f 	strb	wzr, [x2, #14]
   88674:	39003c5f 	strb	wzr, [x2, #15]
   88678:	a8c27bfd 	ldp	x29, x30, [sp], #32
   8867c:	d65f03c0 	ret
   88680:	b0000061 	adrp	x1, 95000 <font_data+0x830>
   88684:	528023a2 	mov	w2, #0x11d                 	// #285
   88688:	91192021 	add	x1, x1, #0x648
   8868c:	91006020 	add	x0, x1, #0x18
   88690:	94000664 	bl	8a020 <assertion_failed>
   88694:	d503201f 	nop
   88698:	d503201f 	nop
   8869c:	d503201f 	nop

00000000000886a0 <CInterruptSystem::EnableIRQ(unsigned int)>:
   886a0:	a9be7bfd 	stp	x29, x30, [sp, #-32]!
   886a4:	2a0003e1 	mov	w1, w0
   886a8:	910003fd 	mov	x29, sp
   886ac:	36580121 	tbz	w1, #11, 886d0 <CInterruptSystem::EnableIRQ(unsigned int)+0x30>
   886b0:	d0000060 	adrp	x0, 96000 <vtable for CDevice+0x4a8>
   886b4:	396ec000 	ldrb	w0, [x0, #2992]
   886b8:	36000260 	tbz	w0, #0, 88704 <CInterruptSystem::EnableIRQ(unsigned int)+0x64>
   886bc:	b9001fe1 	str	w1, [sp, #28]
   886c0:	940005ab 	bl	89d6c <CSouthbridge::Get()>
   886c4:	b9401fe0 	ldr	w0, [sp, #28]
   886c8:	a8c27bfd 	ldp	x29, x30, [sp], #32
   886cc:	14000497 	b	89928 <CSouthbridge::EnableIRQ(unsigned int)>
   886d0:	37500241 	tbnz	w1, #10, 88718 <CInterruptSystem::EnableIRQ(unsigned int)+0x78>
   886d4:	7107fc1f 	cmp	w0, #0x1ff
   886d8:	540002a8 	b.hi	8872c <CInterruptSystem::EnableIRQ(unsigned int)+0x8c>  // b.pmore
   886dc:	d2922002 	mov	x2, #0x9100                	// #37120
   886e0:	d3455020 	ubfx	x0, x1, #5, #16
   886e4:	f2afffe2 	movk	x2, #0x7fff, lsl #16
   886e8:	f2c00202 	movk	x2, #0x10, lsl #32
   886ec:	8b204840 	add	x0, x2, w0, uxtw #2
   886f0:	52800022 	mov	w2, #0x1                   	// #1
   886f4:	1ac12041 	lsl	w1, w2, w1
   886f8:	b9000001 	str	w1, [x0]
   886fc:	a8c27bfd 	ldp	x29, x30, [sp], #32
   88700:	d65f03c0 	ret
   88704:	b0000061 	adrp	x1, 95000 <font_data+0x830>
   88708:	52802542 	mov	w2, #0x12a                 	// #298
   8870c:	91192021 	add	x1, x1, #0x648
   88710:	9100c020 	add	x0, x1, #0x30
   88714:	94000643 	bl	8a020 <assertion_failed>
   88718:	b0000061 	adrp	x1, 95000 <font_data+0x830>
   8871c:	52802602 	mov	w2, #0x130                 	// #304
   88720:	91192021 	add	x1, x1, #0x648
   88724:	91014020 	add	x0, x1, #0x50
   88728:	9400063e 	bl	8a020 <assertion_failed>
   8872c:	b0000061 	adrp	x1, 95000 <font_data+0x830>
   88730:	52802662 	mov	w2, #0x133                 	// #307
   88734:	91192021 	add	x1, x1, #0x648
   88738:	9101c020 	add	x0, x1, #0x70
   8873c:	94000639 	bl	8a020 <assertion_failed>

0000000000088740 <CInterruptSystem::ConnectIRQ(unsigned int, void (*)(void*), void*)>:
   88740:	d0000064 	adrp	x4, 96000 <vtable for CDevice+0x4a8>
   88744:	a9bd7bfd 	stp	x29, x30, [sp, #-48]!
   88748:	910003fd 	mov	x29, sp
   8874c:	f945d084 	ldr	x4, [x4, #2976]
   88750:	14000002 	b	88758 <CInterruptSystem::ConnectIRQ(unsigned int, void (*)(void*), void*)+0x18>
   88754:	aa0403e0 	mov	x0, x4
   88758:	eb00009f 	cmp	x4, x0
   8875c:	54ffffc1 	b.ne	88754 <CInterruptSystem::ConnectIRQ(unsigned int, void (*)(void*), void*)+0x14>  // b.any
   88760:	36580161 	tbz	w1, #11, 8878c <CInterruptSystem::ConnectIRQ(unsigned int, void (*)(void*), void*)+0x4c>
   88764:	d0000060 	adrp	x0, 96000 <vtable for CDevice+0x4a8>
   88768:	396ec000 	ldrb	w0, [x0, #2992]
   8876c:	36000280 	tbz	w0, #0, 887bc <CInterruptSystem::ConnectIRQ(unsigned int, void (*)(void*), void*)+0x7c>
   88770:	a9018fe2 	stp	x2, x3, [sp, #24]
   88774:	b9002fe1 	str	w1, [sp, #44]
   88778:	9400057d 	bl	89d6c <CSouthbridge::Get()>
   8877c:	b9402fe1 	ldr	w1, [sp, #44]
   88780:	a9418fe2 	ldp	x2, x3, [sp, #24]
   88784:	a8c37bfd 	ldp	x29, x30, [sp], #48
   88788:	1400049e 	b	89a00 <CSouthbridge::ConnectIRQ(unsigned int, void (*)(void*), void*)>
   8878c:	37500221 	tbnz	w1, #10, 887d0 <CInterruptSystem::ConnectIRQ(unsigned int, void (*)(void*), void*)+0x90>
   88790:	7107fc3f 	cmp	w1, #0x1ff
   88794:	54000288 	b.hi	887e4 <CInterruptSystem::ConnectIRQ(unsigned int, void (*)(void*), void*)+0xa4>  // b.pmore
   88798:	d37d7c20 	ubfiz	x0, x1, #3, #32
   8879c:	f8606885 	ldr	x5, [x4, x0]
   887a0:	8b000086 	add	x6, x4, x0
   887a4:	b50002a5 	cbnz	x5, 887f8 <CInterruptSystem::ConnectIRQ(unsigned int, void (*)(void*), void*)+0xb8>
   887a8:	f8206882 	str	x2, [x4, x0]
   887ac:	2a0103e0 	mov	w0, w1
   887b0:	f90800c3 	str	x3, [x6, #4096]
   887b4:	a8c37bfd 	ldp	x29, x30, [sp], #48
   887b8:	17ffffba 	b	886a0 <CInterruptSystem::EnableIRQ(unsigned int)>
   887bc:	b0000061 	adrp	x1, 95000 <font_data+0x830>
   887c0:	52801a22 	mov	w2, #0xd1                  	// #209
   887c4:	91192021 	add	x1, x1, #0x648
   887c8:	9100c020 	add	x0, x1, #0x30
   887cc:	94000615 	bl	8a020 <assertion_failed>
   887d0:	b0000061 	adrp	x1, 95000 <font_data+0x830>
   887d4:	52801ae2 	mov	w2, #0xd7                  	// #215
   887d8:	91192021 	add	x1, x1, #0x648
   887dc:	91014020 	add	x0, x1, #0x50
   887e0:	94000610 	bl	8a020 <assertion_failed>
   887e4:	b0000061 	adrp	x1, 95000 <font_data+0x830>
   887e8:	52801b42 	mov	w2, #0xda                  	// #218
   887ec:	91192021 	add	x1, x1, #0x648
   887f0:	9101c020 	add	x0, x1, #0x70
   887f4:	9400060b 	bl	8a020 <assertion_failed>
   887f8:	b0000061 	adrp	x1, 95000 <font_data+0x830>
   887fc:	52801b62 	mov	w2, #0xdb                  	// #219
   88800:	91192021 	add	x1, x1, #0x648
   88804:	91022020 	add	x0, x1, #0x88
   88808:	94000606 	bl	8a020 <assertion_failed>

000000000008880c <CInterruptSystem::DisableIRQ(unsigned int)>:
   8880c:	a9be7bfd 	stp	x29, x30, [sp, #-32]!
   88810:	2a0003e1 	mov	w1, w0
   88814:	910003fd 	mov	x29, sp
   88818:	36580121 	tbz	w1, #11, 8883c <CInterruptSystem::DisableIRQ(unsigned int)+0x30>
   8881c:	d0000060 	adrp	x0, 96000 <vtable for CDevice+0x4a8>
   88820:	396ec000 	ldrb	w0, [x0, #2992]
   88824:	36000260 	tbz	w0, #0, 88870 <CInterruptSystem::DisableIRQ(unsigned int)+0x64>
   88828:	b9001fe1 	str	w1, [sp, #28]
   8882c:	94000550 	bl	89d6c <CSouthbridge::Get()>
   88830:	b9401fe0 	ldr	w0, [sp, #28]
   88834:	a8c27bfd 	ldp	x29, x30, [sp], #32
   88838:	140004a2 	b	89ac0 <CSouthbridge::DisableIRQ(unsigned int)>
   8883c:	37500241 	tbnz	w1, #10, 88884 <CInterruptSystem::DisableIRQ(unsigned int)+0x78>
   88840:	7107fc1f 	cmp	w0, #0x1ff
   88844:	540002a8 	b.hi	88898 <CInterruptSystem::DisableIRQ(unsigned int)+0x8c>  // b.pmore
   88848:	d2923002 	mov	x2, #0x9180                	// #37248
   8884c:	d3455020 	ubfx	x0, x1, #5, #16
   88850:	f2afffe2 	movk	x2, #0x7fff, lsl #16
   88854:	f2c00202 	movk	x2, #0x10, lsl #32
   88858:	8b204840 	add	x0, x2, w0, uxtw #2
   8885c:	52800022 	mov	w2, #0x1                   	// #1
   88860:	1ac12041 	lsl	w1, w2, w1
   88864:	b9000001 	str	w1, [x0]
   88868:	a8c27bfd 	ldp	x29, x30, [sp], #32
   8886c:	d65f03c0 	ret
   88870:	b0000061 	adrp	x1, 95000 <font_data+0x830>
   88874:	528027a2 	mov	w2, #0x13d                 	// #317
   88878:	91192021 	add	x1, x1, #0x648
   8887c:	9100c020 	add	x0, x1, #0x30
   88880:	940005e8 	bl	8a020 <assertion_failed>
   88884:	b0000061 	adrp	x1, 95000 <font_data+0x830>
   88888:	52802862 	mov	w2, #0x143                 	// #323
   8888c:	91192021 	add	x1, x1, #0x648
   88890:	91014020 	add	x0, x1, #0x50
   88894:	940005e3 	bl	8a020 <assertion_failed>
   88898:	b0000061 	adrp	x1, 95000 <font_data+0x830>
   8889c:	528028c2 	mov	w2, #0x146                 	// #326
   888a0:	91192021 	add	x1, x1, #0x648
   888a4:	9101c020 	add	x0, x1, #0x70
   888a8:	940005de 	bl	8a020 <assertion_failed>

00000000000888ac <CInterruptSystem::DisconnectIRQ(unsigned int)>:
   888ac:	d0000062 	adrp	x2, 96000 <vtable for CDevice+0x4a8>
   888b0:	a9bd7bfd 	stp	x29, x30, [sp, #-48]!
   888b4:	910003fd 	mov	x29, sp
   888b8:	f945d042 	ldr	x2, [x2, #2976]
   888bc:	14000002 	b	888c4 <CInterruptSystem::DisconnectIRQ(unsigned int)+0x18>
   888c0:	aa0203e0 	mov	x0, x2
   888c4:	eb00005f 	cmp	x2, x0
   888c8:	54ffffc1 	b.ne	888c0 <CInterruptSystem::DisconnectIRQ(unsigned int)+0x14>  // b.any
   888cc:	36580121 	tbz	w1, #11, 888f0 <CInterruptSystem::DisconnectIRQ(unsigned int)+0x44>
   888d0:	d0000060 	adrp	x0, 96000 <vtable for CDevice+0x4a8>
   888d4:	396ec000 	ldrb	w0, [x0, #2992]
   888d8:	360002e0 	tbz	w0, #0, 88934 <CInterruptSystem::DisconnectIRQ(unsigned int)+0x88>
   888dc:	b9001be1 	str	w1, [sp, #24]
   888e0:	94000523 	bl	89d6c <CSouthbridge::Get()>
   888e4:	b9401be1 	ldr	w1, [sp, #24]
   888e8:	a8c37bfd 	ldp	x29, x30, [sp], #48
   888ec:	1400049d 	b	89b60 <CSouthbridge::DisconnectIRQ(unsigned int)>
   888f0:	375002c1 	tbnz	w1, #10, 88948 <CInterruptSystem::DisconnectIRQ(unsigned int)+0x9c>
   888f4:	7107fc3f 	cmp	w1, #0x1ff
   888f8:	54000328 	b.hi	8895c <CInterruptSystem::DisconnectIRQ(unsigned int)+0xb0>  // b.pmore
   888fc:	d37d7c23 	ubfiz	x3, x1, #3, #32
   88900:	f8636840 	ldr	x0, [x2, x3]
   88904:	8b030044 	add	x4, x2, x3
   88908:	b4000340 	cbz	x0, 88970 <CInterruptSystem::DisconnectIRQ(unsigned int)+0xc4>
   8890c:	2a0103e0 	mov	w0, w1
   88910:	a90193e2 	stp	x2, x4, [sp, #24]
   88914:	f90017e3 	str	x3, [sp, #40]
   88918:	97ffffbd 	bl	8880c <CInterruptSystem::DisableIRQ(unsigned int)>
   8891c:	f94017e3 	ldr	x3, [sp, #40]
   88920:	a94193e2 	ldp	x2, x4, [sp, #24]
   88924:	f823685f 	str	xzr, [x2, x3]
   88928:	f908009f 	str	xzr, [x4, #4096]
   8892c:	a8c37bfd 	ldp	x29, x30, [sp], #48
   88930:	d65f03c0 	ret
   88934:	b0000061 	adrp	x1, 95000 <font_data+0x830>
   88938:	52801de2 	mov	w2, #0xef                  	// #239
   8893c:	91192021 	add	x1, x1, #0x648
   88940:	9100c020 	add	x0, x1, #0x30
   88944:	940005b7 	bl	8a020 <assertion_failed>
   88948:	b0000061 	adrp	x1, 95000 <font_data+0x830>
   8894c:	52801ea2 	mov	w2, #0xf5                  	// #245
   88950:	91192021 	add	x1, x1, #0x648
   88954:	91014020 	add	x0, x1, #0x50
   88958:	940005b2 	bl	8a020 <assertion_failed>
   8895c:	b0000061 	adrp	x1, 95000 <font_data+0x830>
   88960:	52801f02 	mov	w2, #0xf8                  	// #248
   88964:	91192021 	add	x1, x1, #0x648
   88968:	9101c020 	add	x0, x1, #0x70
   8896c:	940005ad 	bl	8a020 <assertion_failed>
   88970:	b0000061 	adrp	x1, 95000 <font_data+0x830>
   88974:	52801f22 	mov	w2, #0xf9                  	// #249
   88978:	91192021 	add	x1, x1, #0x648
   8897c:	9102a020 	add	x0, x1, #0xa8
   88980:	940005a8 	bl	8a020 <assertion_failed>

0000000000088984 <CInterruptSystem::EnableFIQ(unsigned int)>:
   88984:	2a0003e4 	mov	w4, w0
   88988:	d2801a80 	mov	x0, #0xd4                  	// #212
   8898c:	a9bd7bfd 	stp	x29, x30, [sp, #-48]!
   88990:	910003fd 	mov	x29, sp
   88994:	f90017e0 	str	x0, [sp, #40]
   88998:	f94017e0 	ldr	x0, [sp, #40]
   8899c:	b9400001 	ldr	w1, [x0]
   889a0:	528928c0 	mov	w0, #0x4946                	// #18758
   889a4:	72aa6a20 	movk	w0, #0x5351, lsl #16
   889a8:	6b00003f 	cmp	w1, w0
   889ac:	54000140 	b.eq	889d4 <CInterruptSystem::EnableFIQ(unsigned int)+0x50>  // b.none
   889b0:	b9001fe4 	str	w4, [sp, #28]
   889b4:	94000f43 	bl	8c6c0 <CLogger::Get()>
   889b8:	b0000061 	adrp	x1, 95000 <font_data+0x830>
   889bc:	52800002 	mov	w2, #0x0                   	// #0
   889c0:	91192021 	add	x1, x1, #0x648
   889c4:	91032023 	add	x3, x1, #0xc8
   889c8:	9103c021 	add	x1, x1, #0xf0
   889cc:	9400111d 	bl	8ce40 <CLogger::Write(char const*, TLogSeverity, char const*, ...)>
   889d0:	b9401fe4 	ldr	w4, [sp, #28]
   889d4:	71003c9f 	cmp	w4, #0xf
   889d8:	54000269 	b.ls	88a24 <CInterruptSystem::EnableFIQ(unsigned int)+0xa0>  // b.plast
   889dc:	7107fc9f 	cmp	w4, #0x1ff
   889e0:	540002c8 	b.hi	88a38 <CInterruptSystem::EnableFIQ(unsigned int)+0xb4>  // b.pmore
   889e4:	d0000060 	adrp	x0, 96000 <vtable for CDevice+0x4a8>
   889e8:	d3483c81 	ubfx	x1, x4, #8, #8
   889ec:	91294000 	add	x0, x0, #0xa50
   889f0:	2a0403e3 	mov	w3, w4
   889f4:	d2800002 	mov	x2, #0x0                   	// #0
   889f8:	39004004 	strb	w4, [x0, #16]
   889fc:	39004401 	strb	w1, [x0, #17]
   88a00:	d3505c81 	ubfx	x1, x4, #16, #8
   88a04:	53187c84 	lsr	w4, w4, #24
   88a08:	39004801 	strb	w1, [x0, #18]
   88a0c:	39004c04 	strb	w4, [x0, #19]
   88a10:	aa0203e0 	mov	x0, x2
   88a14:	aa0303e1 	mov	x1, x3
   88a18:	d4000003 	smc	#0x0
   88a1c:	a8c37bfd 	ldp	x29, x30, [sp], #48
   88a20:	d65f03c0 	ret
   88a24:	b0000061 	adrp	x1, 95000 <font_data+0x830>
   88a28:	52802aa2 	mov	w2, #0x155                 	// #341
   88a2c:	91192021 	add	x1, x1, #0x648
   88a30:	9103e020 	add	x0, x1, #0xf8
   88a34:	9400057b 	bl	8a020 <assertion_failed>
   88a38:	b0000061 	adrp	x1, 95000 <font_data+0x830>
   88a3c:	52802ac2 	mov	w2, #0x156                 	// #342
   88a40:	91192021 	add	x1, x1, #0x648
   88a44:	91042020 	add	x0, x1, #0x108
   88a48:	94000576 	bl	8a020 <assertion_failed>

0000000000088a4c <CInterruptSystem::ConnectFIQ(unsigned int, void (*)(void*), void*)>:
   88a4c:	a9bf7bfd 	stp	x29, x30, [sp, #-16]!
   88a50:	910003fd 	mov	x29, sp
   88a54:	7108003f 	cmp	w1, #0x200
   88a58:	540006a8 	b.hi	88b2c <CInterruptSystem::ConnectFIQ(unsigned int, void (*)(void*), void*)+0xe0>  // b.pmore
   88a5c:	b4000722 	cbz	x2, 88b40 <CInterruptSystem::ConnectFIQ(unsigned int, void (*)(void*), void*)+0xf4>
   88a60:	d0000067 	adrp	x7, 96000 <vtable for CDevice+0x4a8>
   88a64:	912940e4 	add	x4, x7, #0xa50
   88a68:	396940e0 	ldrb	w0, [x7, #2640]
   88a6c:	39400485 	ldrb	w5, [x4, #1]
   88a70:	39400886 	ldrb	w6, [x4, #2]
   88a74:	aa052005 	orr	x5, x0, x5, lsl #8
   88a78:	aa0640a6 	orr	x6, x5, x6, lsl #16
   88a7c:	39400c85 	ldrb	w5, [x4, #3]
   88a80:	aa0560c5 	orr	x5, x6, x5, lsl #24
   88a84:	39401086 	ldrb	w6, [x4, #4]
   88a88:	aa0680a6 	orr	x6, x5, x6, lsl #32
   88a8c:	39401485 	ldrb	w5, [x4, #5]
   88a90:	aa05a0c5 	orr	x5, x6, x5, lsl #40
   88a94:	39401886 	ldrb	w6, [x4, #6]
   88a98:	aa06c0a6 	orr	x6, x5, x6, lsl #48
   88a9c:	39401c85 	ldrb	w5, [x4, #7]
   88aa0:	aa05e0c5 	orr	x5, x6, x5, lsl #56
   88aa4:	b5000585 	cbnz	x5, 88b54 <CInterruptSystem::ConnectFIQ(unsigned int, void (*)(void*), void*)+0x108>
   88aa8:	53083c40 	ubfx	w0, w2, #8, #8
   88aac:	392940e2 	strb	w2, [x7, #2640]
   88ab0:	39002083 	strb	w3, [x4, #8]
   88ab4:	39000480 	strb	w0, [x4, #1]
   88ab8:	53105c40 	ubfx	w0, w2, #16, #8
   88abc:	a8c17bfd 	ldp	x29, x30, [sp], #16
   88ac0:	39000880 	strb	w0, [x4, #2]
   88ac4:	53187c40 	lsr	w0, w2, #24
   88ac8:	39000c80 	strb	w0, [x4, #3]
   88acc:	d3609c40 	ubfx	x0, x2, #32, #8
   88ad0:	39001080 	strb	w0, [x4, #4]
   88ad4:	d368bc40 	ubfx	x0, x2, #40, #8
   88ad8:	39001480 	strb	w0, [x4, #5]
   88adc:	d370dc40 	ubfx	x0, x2, #48, #8
   88ae0:	d378fc42 	lsr	x2, x2, #56
   88ae4:	39001880 	strb	w0, [x4, #6]
   88ae8:	53083c60 	ubfx	w0, w3, #8, #8
   88aec:	39001c82 	strb	w2, [x4, #7]
   88af0:	39002480 	strb	w0, [x4, #9]
   88af4:	53105c60 	ubfx	w0, w3, #16, #8
   88af8:	39002880 	strb	w0, [x4, #10]
   88afc:	53187c60 	lsr	w0, w3, #24
   88b00:	39002c80 	strb	w0, [x4, #11]
   88b04:	d3609c60 	ubfx	x0, x3, #32, #8
   88b08:	39003080 	strb	w0, [x4, #12]
   88b0c:	d368bc60 	ubfx	x0, x3, #40, #8
   88b10:	39003480 	strb	w0, [x4, #13]
   88b14:	d370dc60 	ubfx	x0, x3, #48, #8
   88b18:	d378fc63 	lsr	x3, x3, #56
   88b1c:	39003880 	strb	w0, [x4, #14]
   88b20:	2a0103e0 	mov	w0, w1
   88b24:	39003c83 	strb	w3, [x4, #15]
   88b28:	17ffff97 	b	88984 <CInterruptSystem::EnableFIQ(unsigned int)>
   88b2c:	b0000061 	adrp	x1, 95000 <font_data+0x830>
   88b30:	52802142 	mov	w2, #0x10a                 	// #266
   88b34:	91192021 	add	x1, x1, #0x648
   88b38:	91048020 	add	x0, x1, #0x120
   88b3c:	94000539 	bl	8a020 <assertion_failed>
   88b40:	b0000061 	adrp	x1, 95000 <font_data+0x830>
   88b44:	52802162 	mov	w2, #0x10b                 	// #267
   88b48:	91192021 	add	x1, x1, #0x648
   88b4c:	9104e020 	add	x0, x1, #0x138
   88b50:	94000534 	bl	8a020 <assertion_failed>
   88b54:	b0000061 	adrp	x1, 95000 <font_data+0x830>
   88b58:	52802182 	mov	w2, #0x10c                 	// #268
   88b5c:	91192021 	add	x1, x1, #0x648
   88b60:	91052020 	add	x0, x1, #0x148
   88b64:	9400052f 	bl	8a020 <assertion_failed>

0000000000088b68 <CInterruptSystem::DisableFIQ()>:
   88b68:	d10043ff 	sub	sp, sp, #0x10
   88b6c:	d2801a80 	mov	x0, #0xd4                  	// #212
   88b70:	f90007e0 	str	x0, [sp, #8]
   88b74:	f94007e0 	ldr	x0, [sp, #8]
   88b78:	b9400001 	ldr	w1, [x0]
   88b7c:	528928c0 	mov	w0, #0x4946                	// #18758
   88b80:	72aa6a20 	movk	w0, #0x5351, lsl #16
   88b84:	6b00003f 	cmp	w1, w0
   88b88:	54000261 	b.ne	88bd4 <CInterruptSystem::DisableFIQ()+0x6c>  // b.any
   88b8c:	d0000062 	adrp	x2, 96000 <vtable for CDevice+0x4a8>
   88b90:	91294042 	add	x2, x2, #0xa50
   88b94:	39404040 	ldrb	w0, [x2, #16]
   88b98:	39404441 	ldrb	w1, [x2, #17]
   88b9c:	39404c43 	ldrb	w3, [x2, #19]
   88ba0:	aa012001 	orr	x1, x0, x1, lsl #8
   88ba4:	39404840 	ldrb	w0, [x2, #18]
   88ba8:	aa004020 	orr	x0, x1, x0, lsl #16
   88bac:	aa036003 	orr	x3, x0, x3, lsl #24
   88bb0:	b4000123 	cbz	x3, 88bd4 <CInterruptSystem::DisableFIQ()+0x6c>
   88bb4:	d2800024 	mov	x4, #0x1                   	// #1
   88bb8:	aa0403e0 	mov	x0, x4
   88bbc:	aa0303e1 	mov	x1, x3
   88bc0:	d4000003 	smc	#0x0
   88bc4:	3900405f 	strb	wzr, [x2, #16]
   88bc8:	3900445f 	strb	wzr, [x2, #17]
   88bcc:	3900485f 	strb	wzr, [x2, #18]
   88bd0:	39004c5f 	strb	wzr, [x2, #19]
   88bd4:	910043ff 	add	sp, sp, #0x10
   88bd8:	d65f03c0 	ret
   88bdc:	d503201f 	nop

0000000000088be0 <CInterruptSystem::Get()>:
   88be0:	d0000060 	adrp	x0, 96000 <vtable for CDevice+0x4a8>
   88be4:	f945d000 	ldr	x0, [x0, #2976]
   88be8:	b4000040 	cbz	x0, 88bf0 <CInterruptSystem::Get()+0x10>
   88bec:	d65f03c0 	ret
   88bf0:	b0000061 	adrp	x1, 95000 <font_data+0x830>
   88bf4:	a9bf7bfd 	stp	x29, x30, [sp, #-16]!
   88bf8:	52802e02 	mov	w2, #0x170                 	// #368
   88bfc:	91192021 	add	x1, x1, #0x648
   88c00:	910003fd 	mov	x29, sp
   88c04:	91058020 	add	x0, x1, #0x160
   88c08:	94000506 	bl	8a020 <assertion_failed>

0000000000088c0c <CInterruptSystem::CallIRQHandler(unsigned int)>:
   88c0c:	a9bf7bfd 	stp	x29, x30, [sp, #-16]!
   88c10:	910003fd 	mov	x29, sp
   88c14:	7107fc3f 	cmp	w1, #0x1ff
   88c18:	540001c8 	b.hi	88c50 <CInterruptSystem::CallIRQHandler(unsigned int)+0x44>  // b.pmore
   88c1c:	8b214c03 	add	x3, x0, w1, uxtw #3
   88c20:	f8615802 	ldr	x2, [x0, w1, uxtw #3]
   88c24:	b40000c2 	cbz	x2, 88c3c <CInterruptSystem::CallIRQHandler(unsigned int)+0x30>
   88c28:	f9480060 	ldr	x0, [x3, #4096]
   88c2c:	d63f0040 	blr	x2
   88c30:	a8c17bfd 	ldp	x29, x30, [sp], #16
   88c34:	52800020 	mov	w0, #0x1                   	// #1
   88c38:	d65f03c0 	ret
   88c3c:	2a0103e0 	mov	w0, w1
   88c40:	97fffef3 	bl	8880c <CInterruptSystem::DisableIRQ(unsigned int)>
   88c44:	52800000 	mov	w0, #0x0                   	// #0
   88c48:	a8c17bfd 	ldp	x29, x30, [sp], #16
   88c4c:	d65f03c0 	ret
   88c50:	b0000061 	adrp	x1, 95000 <font_data+0x830>
   88c54:	52802ec2 	mov	w2, #0x176                 	// #374
   88c58:	91192021 	add	x1, x1, #0x648
   88c5c:	9101c020 	add	x0, x1, #0x70
   88c60:	940004f0 	bl	8a020 <assertion_failed>

0000000000088c64 <CInterruptSystem::InterruptHandler()>:
   88c64:	d2940180 	mov	x0, #0xa00c                	// #40972
   88c68:	a9be7bfd 	stp	x29, x30, [sp, #-32]!
   88c6c:	910003fd 	mov	x29, sp
   88c70:	f2afffe0 	movk	x0, #0x7fff, lsl #16
   88c74:	f2c00200 	movk	x0, #0x10, lsl #32
   88c78:	b9400001 	ldr	w1, [x0]
   88c7c:	12002420 	and	w0, w1, #0x3ff
   88c80:	37480281 	tbnz	w1, #9, 88cd0 <CInterruptSystem::InterruptHandler()+0x6c>
   88c84:	721c143f 	tst	w1, #0x3f0
   88c88:	54000180 	b.eq	88cb8 <CInterruptSystem::InterruptHandler()+0x54>  // b.none
   88c8c:	d0000062 	adrp	x2, 96000 <vtable for CDevice+0x4a8>
   88c90:	f945d042 	ldr	x2, [x2, #2976]
   88c94:	b4000322 	cbz	x2, 88cf8 <CInterruptSystem::InterruptHandler()+0x94>
   88c98:	d37d2403 	ubfiz	x3, x0, #3, #10
   88c9c:	b9001fe1 	str	w1, [sp, #28]
   88ca0:	8b030044 	add	x4, x2, x3
   88ca4:	f8636842 	ldr	x2, [x2, x3]
   88ca8:	b4000222 	cbz	x2, 88cec <CInterruptSystem::InterruptHandler()+0x88>
   88cac:	f9480080 	ldr	x0, [x4, #4096]
   88cb0:	d63f0040 	blr	x2
   88cb4:	b9401fe1 	ldr	w1, [sp, #28]
   88cb8:	d2940200 	mov	x0, #0xa010                	// #40976
   88cbc:	f2afffe0 	movk	x0, #0x7fff, lsl #16
   88cc0:	f2c00200 	movk	x0, #0x10, lsl #32
   88cc4:	b9000001 	str	w1, [x0]
   88cc8:	a8c27bfd 	ldp	x29, x30, [sp], #32
   88ccc:	d65f03c0 	ret
   88cd0:	710fec1f 	cmp	w0, #0x3fb
   88cd4:	54ffffa8 	b.hi	88cc8 <CInterruptSystem::InterruptHandler()+0x64>  // b.pmore
   88cd8:	b0000061 	adrp	x1, 95000 <font_data+0x830>
   88cdc:	52803462 	mov	w2, #0x1a3                 	// #419
   88ce0:	91192021 	add	x1, x1, #0x648
   88ce4:	9105c020 	add	x0, x1, #0x170
   88ce8:	940004ce 	bl	8a020 <assertion_failed>
   88cec:	97fffec8 	bl	8880c <CInterruptSystem::DisableIRQ(unsigned int)>
   88cf0:	b9401fe1 	ldr	w1, [sp, #28]
   88cf4:	17fffff1 	b	88cb8 <CInterruptSystem::InterruptHandler()+0x54>
   88cf8:	b0000061 	adrp	x1, 95000 <font_data+0x830>
   88cfc:	52803222 	mov	w2, #0x191                 	// #401
   88d00:	91192021 	add	x1, x1, #0x648
   88d04:	91058020 	add	x0, x1, #0x160
   88d08:	940004c6 	bl	8a020 <assertion_failed>

0000000000088d0c <InterruptHandler>:
   88d0c:	17ffffd6 	b	88c64 <CInterruptSystem::InterruptHandler()>

0000000000088d10 <CInterruptSystem::InitializeSecondary()>:
   88d10:	d2940080 	mov	x0, #0xa004                	// #40964
   88d14:	52801e01 	mov	w1, #0xf0                  	// #240
   88d18:	f2afffe0 	movk	x0, #0x7fff, lsl #16
   88d1c:	f2c00200 	movk	x0, #0x10, lsl #32
   88d20:	b9000001 	str	w1, [x0]
   88d24:	d1001000 	sub	x0, x0, #0x4
   88d28:	52800021 	mov	w1, #0x1                   	// #1
   88d2c:	b9000001 	str	w1, [x0]
   88d30:	d65f03c0 	ret
   88d34:	d503201f 	nop
   88d38:	d503201f 	nop
   88d3c:	d503201f 	nop

0000000000088d40 <CInterruptSystem::SendIPI(unsigned int, unsigned int)>:
   88d40:	a9bf7bfd 	stp	x29, x30, [sp, #-16]!
   88d44:	910003fd 	mov	x29, sp
   88d48:	71001c1f 	cmp	w0, #0x7
   88d4c:	540001a8 	b.hi	88d80 <CInterruptSystem::SendIPI(unsigned int, unsigned int)+0x40>  // b.pmore
   88d50:	71003c3f 	cmp	w1, #0xf
   88d54:	54000208 	b.hi	88d94 <CInterruptSystem::SendIPI(unsigned int, unsigned int)+0x54>  // b.pmore
   88d58:	11004002 	add	w2, w0, #0x10
   88d5c:	52800020 	mov	w0, #0x1                   	// #1
   88d60:	1ac22000 	lsl	w0, w0, w2
   88d64:	2a010000 	orr	w0, w0, w1
   88d68:	d293e001 	mov	x1, #0x9f00                	// #40704
   88d6c:	f2afffe1 	movk	x1, #0x7fff, lsl #16
   88d70:	f2c00201 	movk	x1, #0x10, lsl #32
   88d74:	b9000020 	str	w0, [x1]
   88d78:	a8c17bfd 	ldp	x29, x30, [sp], #16
   88d7c:	d65f03c0 	ret
   88d80:	b0000061 	adrp	x1, 95000 <font_data+0x830>
   88d84:	528036c2 	mov	w2, #0x1b6                 	// #438
   88d88:	91192021 	add	x1, x1, #0x648
   88d8c:	91060020 	add	x0, x1, #0x180
   88d90:	940004a4 	bl	8a020 <assertion_failed>
   88d94:	b0000061 	adrp	x1, 95000 <font_data+0x830>
   88d98:	528036e2 	mov	w2, #0x1b7                 	// #439
   88d9c:	91192021 	add	x1, x1, #0x648
   88da0:	91064020 	add	x0, x1, #0x190
   88da4:	9400049f 	bl	8a020 <assertion_failed>

0000000000088da8 <CInterruptSystem::CallSecureMonitor(unsigned int, unsigned int)>:
   88da8:	2a0003e2 	mov	w2, w0
   88dac:	2a0103e3 	mov	w3, w1
   88db0:	aa0203e0 	mov	x0, x2
   88db4:	aa0303e1 	mov	x1, x3
   88db8:	d4000003 	smc	#0x0
   88dbc:	d65f03c0 	ret

0000000000088dc0 <CInterruptSystem::SecureMonitorHandler(unsigned int, unsigned int)>:
   88dc0:	52800022 	mov	w2, #0x1                   	// #1
   88dc4:	52928003 	mov	w3, #0x9400                	// #37888
   88dc8:	1ac12045 	lsl	w5, w2, w1
   88dcc:	72afffe3 	movk	w3, #0x7fff, lsl #16
   88dd0:	121e7422 	and	w2, w1, #0xfffffffc
   88dd4:	53057c24 	lsr	w4, w1, #5
   88dd8:	0b030042 	add	w2, w2, w3
   88ddc:	531d0421 	ubfiz	w1, w1, #3, #2
   88de0:	52801fe3 	mov	w3, #0xff                  	// #255
   88de4:	1ac12063 	lsl	w3, w3, w1
   88de8:	34000080 	cbz	w0, 88df8 <CInterruptSystem::SecureMonitorHandler(unsigned int, unsigned int)+0x38>
   88dec:	7100041f 	cmp	w0, #0x1
   88df0:	54000340 	b.eq	88e58 <CInterruptSystem::SecureMonitorHandler(unsigned int, unsigned int)+0x98>  // b.none
   88df4:	d65f03c0 	ret
   88df8:	d2920000 	mov	x0, #0x9000                	// #36864
   88dfc:	52800066 	mov	w6, #0x3                   	// #3
   88e00:	f2afffe0 	movk	x0, #0x7fff, lsl #16
   88e04:	f2c00200 	movk	x0, #0x10, lsl #32
   88e08:	b9000006 	str	w6, [x0]
   88e0c:	91400400 	add	x0, x0, #0x1, lsl #12
   88e10:	52800166 	mov	w6, #0xb                   	// #11
   88e14:	b9000006 	str	w6, [x0]
   88e18:	531e7484 	lsl	w4, w4, #2
   88e1c:	d13e0006 	sub	x6, x0, #0xf80
   88e20:	8b060086 	add	x6, x4, x6
   88e24:	b94000c7 	ldr	w7, [x6]
   88e28:	0a2500e7 	bic	w7, w7, w5
   88e2c:	b90000c7 	str	w7, [x6]
   88e30:	b9400046 	ldr	w6, [x2]
   88e34:	0a2300c3 	bic	w3, w6, w3
   88e38:	52800806 	mov	w6, #0x40                  	// #64
   88e3c:	1ac120c1 	lsl	w1, w6, w1
   88e40:	2a010061 	orr	w1, w3, w1
   88e44:	b9000041 	str	w1, [x2]
   88e48:	8b040000 	add	x0, x0, x4
   88e4c:	d13c0000 	sub	x0, x0, #0xf00
   88e50:	b9000005 	str	w5, [x0]
   88e54:	d65f03c0 	ret
   88e58:	b2713fe0 	mov	x0, #0x7fff8000            	// #2147450880
   88e5c:	531e7484 	lsl	w4, w4, #2
   88e60:	f2c00200 	movk	x0, #0x10, lsl #32
   88e64:	d2823007 	mov	x7, #0x1180                	// #4480
   88e68:	8b000086 	add	x6, x4, x0
   88e6c:	8b0700c6 	add	x6, x6, x7
   88e70:	b90000c5 	str	w5, [x6]
   88e74:	b9400046 	ldr	w6, [x2]
   88e78:	0a2300c3 	bic	w3, w6, w3
   88e7c:	52801406 	mov	w6, #0xa0                  	// #160
   88e80:	1ac120c1 	lsl	w1, w6, w1
   88e84:	2a010061 	orr	w1, w3, w1
   88e88:	b9000041 	str	w1, [x2]
   88e8c:	d2821008 	mov	x8, #0x1080                	// #4224
   88e90:	8b080001 	add	x1, x0, x8
   88e94:	8b010084 	add	x4, x4, x1
   88e98:	b9400080 	ldr	w0, [x4]
   88e9c:	2a0000a0 	orr	w0, w5, w0
   88ea0:	b9000080 	str	w0, [x4]
   88ea4:	913e0020 	add	x0, x1, #0xf80
   88ea8:	52800042 	mov	w2, #0x2                   	// #2
   88eac:	b9000002 	str	w2, [x0]
   88eb0:	d1020021 	sub	x1, x1, #0x80
   88eb4:	b9000022 	str	w2, [x1]
   88eb8:	d65f03c0 	ret
   88ebc:	d503201f 	nop

0000000000088ec0 <SecureMonitorHandler>:
   88ec0:	17ffffc0 	b	88dc0 <CInterruptSystem::SecureMonitorHandler(unsigned int, unsigned int)>
	...

0000000000088ee0 <CDeviceTreeBlob::CDeviceTreeBlob(void const*)>:
   88ee0:	f900001f 	str	xzr, [x0]
   88ee4:	b4000481 	cbz	x1, 88f74 <CDeviceTreeBlob::CDeviceTreeBlob(void const*)+0x94>
   88ee8:	39400022 	ldrb	w2, [x1]
   88eec:	aa0003e3 	mov	x3, x0
   88ef0:	39400420 	ldrb	w0, [x1, #1]
   88ef4:	aa002040 	orr	x0, x2, x0, lsl #8
   88ef8:	39400822 	ldrb	w2, [x1, #2]
   88efc:	aa024002 	orr	x2, x0, x2, lsl #16
   88f00:	39400c20 	ldrb	w0, [x1, #3]
   88f04:	aa006040 	orr	x0, x2, x0, lsl #24
   88f08:	5281ba02 	mov	w2, #0xdd0                 	// #3536
   88f0c:	72bdbfc2 	movk	w2, #0xedfe, lsl #16
   88f10:	6b02001f 	cmp	w0, w2
   88f14:	54000301 	b.ne	88f74 <CDeviceTreeBlob::CDeviceTreeBlob(void const*)+0x94>  // b.any
   88f18:	39406022 	ldrb	w2, [x1, #24]
   88f1c:	39406420 	ldrb	w0, [x1, #25]
   88f20:	aa002040 	orr	x0, x2, x0, lsl #8
   88f24:	39406822 	ldrb	w2, [x1, #26]
   88f28:	aa024002 	orr	x2, x0, x2, lsl #16
   88f2c:	39406c20 	ldrb	w0, [x1, #27]
   88f30:	aa006040 	orr	x0, x2, x0, lsl #24
   88f34:	52a20002 	mov	w2, #0x10000000            	// #268435456
   88f38:	6b02001f 	cmp	w0, w2
   88f3c:	540001c1 	b.ne	88f74 <CDeviceTreeBlob::CDeviceTreeBlob(void const*)+0x94>  // b.any
   88f40:	39401020 	ldrb	w0, [x1, #4]
   88f44:	39401422 	ldrb	w2, [x1, #5]
   88f48:	aa022002 	orr	x2, x0, x2, lsl #8
   88f4c:	39401820 	ldrb	w0, [x1, #6]
   88f50:	aa004040 	orr	x0, x2, x0, lsl #16
   88f54:	39401c22 	ldrb	w2, [x1, #7]
   88f58:	aa026002 	orr	x2, x0, x2, lsl #24
   88f5c:	529ffb00 	mov	w0, #0xffd8                	// #65496
   88f60:	72a001e0 	movk	w0, #0xf, lsl #16
   88f64:	5ac00842 	rev	w2, w2
   88f68:	5100a044 	sub	w4, w2, #0x28
   88f6c:	6b00009f 	cmp	w4, w0
   88f70:	54000049 	b.ls	88f78 <CDeviceTreeBlob::CDeviceTreeBlob(void const*)+0x98>  // b.plast
   88f74:	d65f03c0 	ret
   88f78:	a9bd7bfd 	stp	x29, x30, [sp, #-48]!
   88f7c:	aa0203e0 	mov	x0, x2
   88f80:	910003fd 	mov	x29, sp
   88f84:	a90187e2 	stp	x2, x1, [sp, #24]
   88f88:	f90017e3 	str	x3, [sp, #40]
   88f8c:	97fff73d 	bl	86c80 <operator new[](unsigned long)>
   88f90:	f94017e3 	ldr	x3, [sp, #40]
   88f94:	a94187e2 	ldp	x2, x1, [sp, #24]
   88f98:	f9000060 	str	x0, [x3]
   88f9c:	a8c37bfd 	ldp	x29, x30, [sp], #48
   88fa0:	17fff69a 	b	86a08 <memcpy>

0000000000088fa4 <CDeviceTreeBlob::~CDeviceTreeBlob()>:
   88fa4:	f9400000 	ldr	x0, [x0]
   88fa8:	b4000040 	cbz	x0, 88fb0 <CDeviceTreeBlob::~CDeviceTreeBlob()+0xc>
   88fac:	17fff747 	b	86cc8 <operator delete[](void*)>
   88fb0:	d65f03c0 	ret
   88fb4:	d503201f 	nop
   88fb8:	d503201f 	nop
   88fbc:	d503201f 	nop

0000000000088fc0 <CDeviceTreeBlob::FindNodeInternal(char const*, TDeviceTreeNode const*, TDeviceTreeNode const**) const>:
   88fc0:	a9ba7bfd 	stp	x29, x30, [sp, #-96]!
   88fc4:	910003fd 	mov	x29, sp
   88fc8:	a90153f3 	stp	x19, x20, [sp, #16]
   88fcc:	aa0203f3 	mov	x19, x2
   88fd0:	a9025bf5 	stp	x21, x22, [sp, #32]
   88fd4:	aa0103f6 	mov	x22, x1
   88fd8:	aa0003f5 	mov	x21, x0
   88fdc:	f9001bf7 	str	x23, [sp, #48]
   88fe0:	aa0303f7 	mov	x23, x3
   88fe4:	b4000816 	cbz	x22, 890e4 <CDeviceTreeBlob::FindNodeInternal(char const*, TDeviceTreeNode const*, TDeviceTreeNode const**) const+0x124>
   88fe8:	f94002a0 	ldr	x0, [x21]
   88fec:	b4001960 	cbz	x0, 89318 <CDeviceTreeBlob::FindNodeInternal(char const*, TDeviceTreeNode const*, TDeviceTreeNode const**) const+0x358>
   88ff0:	b4000873 	cbz	x19, 890fc <CDeviceTreeBlob::FindNodeInternal(char const*, TDeviceTreeNode const*, TDeviceTreeNode const**) const+0x13c>
   88ff4:	39400260 	ldrb	w0, [x19]
   88ff8:	39400661 	ldrb	w1, [x19, #1]
   88ffc:	39400e63 	ldrb	w3, [x19, #3]
   89000:	aa012001 	orr	x1, x0, x1, lsl #8
   89004:	39400a60 	ldrb	w0, [x19, #2]
   89008:	aa004020 	orr	x0, x1, x0, lsl #16
   8900c:	aa036003 	orr	x3, x0, x3, lsl #24
   89010:	52a08000 	mov	w0, #0x4000000             	// #67108864
   89014:	2a0303e2 	mov	w2, w3
   89018:	6b00007f 	cmp	w3, w0
   8901c:	54000161 	b.ne	89048 <CDeviceTreeBlob::FindNodeInternal(char const*, TDeviceTreeNode const*, TDeviceTreeNode const**) const+0x88>  // b.any
   89020:	38404e62 	ldrb	w2, [x19, #4]!
   89024:	39400660 	ldrb	w0, [x19, #1]
   89028:	aa002040 	orr	x0, x2, x0, lsl #8
   8902c:	39400a62 	ldrb	w2, [x19, #2]
   89030:	aa024002 	orr	x2, x0, x2, lsl #16
   89034:	39400e60 	ldrb	w0, [x19, #3]
   89038:	aa006040 	orr	x0, x2, x0, lsl #24
   8903c:	2a0003e2 	mov	w2, w0
   89040:	6b03001f 	cmp	w0, w3
   89044:	54fffee0 	b.eq	89020 <CDeviceTreeBlob::FindNodeInternal(char const*, TDeviceTreeNode const*, TDeviceTreeNode const**) const+0x60>  // b.none
   89048:	52a02000 	mov	w0, #0x1000000             	// #16777216
   8904c:	6b00005f 	cmp	w2, w0
   89050:	54001141 	b.ne	89278 <CDeviceTreeBlob::FindNodeInternal(char const*, TDeviceTreeNode const*, TDeviceTreeNode const**) const+0x2b8>  // b.any
   89054:	39c002c0 	ldrsb	w0, [x22]
   89058:	35000100 	cbnz	w0, 89078 <CDeviceTreeBlob::FindNodeInternal(char const*, TDeviceTreeNode const*, TDeviceTreeNode const**) const+0xb8>
   8905c:	aa1303e0 	mov	x0, x19
   89060:	910003bf 	mov	sp, x29
   89064:	f9401bf7 	ldr	x23, [sp, #48]
   89068:	a94153f3 	ldp	x19, x20, [sp, #16]
   8906c:	a9425bf5 	ldp	x21, x22, [sp, #32]
   89070:	a8c67bfd 	ldp	x29, x30, [sp], #96
   89074:	d65f03c0 	ret
   89078:	528005e1 	mov	w1, #0x2f                  	// #47
   8907c:	aa1603e0 	mov	x0, x22
   89080:	97fff562 	bl	86608 <strchr>
   89084:	b40011c0 	cbz	x0, 892bc <CDeviceTreeBlob::FindNodeInternal(char const*, TDeviceTreeNode const*, TDeviceTreeNode const**) const+0x2fc>
   89088:	cb160014 	sub	x20, x0, x22
   8908c:	b4001214 	cbz	x20, 892cc <CDeviceTreeBlob::FindNodeInternal(char const*, TDeviceTreeNode const*, TDeviceTreeNode const**) const+0x30c>
   89090:	91004280 	add	x0, x20, #0x10
   89094:	aa1603e1 	mov	x1, x22
   89098:	927cec00 	and	x0, x0, #0xfffffffffffffff0
   8909c:	aa1403e2 	mov	x2, x20
   890a0:	cb2063ff 	sub	sp, sp, x0
   890a4:	910003e0 	mov	x0, sp
   890a8:	97fff658 	bl	86a08 <memcpy>
   890ac:	91001263 	add	x3, x19, #0x4
   890b0:	910003e1 	mov	x1, sp
   890b4:	38346bff 	strb	wzr, [sp, x20]
   890b8:	aa0303e0 	mov	x0, x3
   890bc:	f90027a3 	str	x3, [x29, #72]
   890c0:	97fff493 	bl	8630c <strcmp>
   890c4:	35000380 	cbnz	w0, 89134 <CDeviceTreeBlob::FindNodeInternal(char const*, TDeviceTreeNode const*, TDeviceTreeNode const**) const+0x174>
   890c8:	38f46ac0 	ldrsb	w0, [x22, x20]
   890cc:	8b1402c1 	add	x1, x22, x20
   890d0:	7100bc1f 	cmp	w0, #0x2f
   890d4:	54fffc41 	b.ne	8905c <CDeviceTreeBlob::FindNodeInternal(char const*, TDeviceTreeNode const*, TDeviceTreeNode const**) const+0x9c>  // b.any
   890d8:	91000436 	add	x22, x1, #0x1
   890dc:	d2800017 	mov	x23, #0x0                   	// #0
   890e0:	b5fff856 	cbnz	x22, 88fe8 <CDeviceTreeBlob::FindNodeInternal(char const*, TDeviceTreeNode const*, TDeviceTreeNode const**) const+0x28>
   890e4:	d0000041 	adrp	x1, 93000 <CExceptionHandler::Throw(unsigned int, TAbortFrame*)+0xc0>
   890e8:	d0000040 	adrp	x0, 93000 <CExceptionHandler::Throw(unsigned int, TAbortFrame*)+0xc0>
   890ec:	52801082 	mov	w2, #0x84                  	// #132
   890f0:	91228021 	add	x1, x1, #0x8a0
   890f4:	9122e000 	add	x0, x0, #0x8b8
   890f8:	940003ca 	bl	8a020 <assertion_failed>
   890fc:	39c002c1 	ldrsb	w1, [x22]
   89100:	7100bc3f 	cmp	w1, #0x2f
   89104:	54000f61 	b.ne	892f0 <CDeviceTreeBlob::FindNodeInternal(char const*, TDeviceTreeNode const*, TDeviceTreeNode const**) const+0x330>  // b.any
   89108:	39402001 	ldrb	w1, [x0, #8]
   8910c:	910006d6 	add	x22, x22, #0x1
   89110:	39402402 	ldrb	w2, [x0, #9]
   89114:	39402c13 	ldrb	w19, [x0, #11]
   89118:	aa022022 	orr	x2, x1, x2, lsl #8
   8911c:	39402801 	ldrb	w1, [x0, #10]
   89120:	aa014041 	orr	x1, x2, x1, lsl #16
   89124:	aa136033 	orr	x19, x1, x19, lsl #24
   89128:	5ac00a73 	rev	w19, w19
   8912c:	8b130013 	add	x19, x0, x19
   89130:	17ffffb1 	b	88ff4 <CDeviceTreeBlob::FindNodeInternal(char const*, TDeviceTreeNode const*, TDeviceTreeNode const**) const+0x34>
   89134:	f94027a0 	ldr	x0, [x29, #72]
   89138:	97fff45d 	bl	862ac <strlen>
   8913c:	f94027a3 	ldr	x3, [x29, #72]
   89140:	91001001 	add	x1, x0, #0x4
   89144:	927ef421 	and	x1, x1, #0xfffffffffffffffc
   89148:	38616862 	ldrb	w2, [x3, x1]
   8914c:	8b010060 	add	x0, x3, x1
   89150:	14000011 	b	89194 <CDeviceTreeBlob::FindNodeInternal(char const*, TDeviceTreeNode const*, TDeviceTreeNode const**) const+0x1d4>
   89154:	d2800081 	mov	x1, #0x4                   	// #4
   89158:	7100105f 	cmp	w2, #0x4
   8915c:	54000180 	b.eq	8918c <CDeviceTreeBlob::FindNodeInternal(char const*, TDeviceTreeNode const*, TDeviceTreeNode const**) const+0x1cc>  // b.none
   89160:	39401002 	ldrb	w2, [x0, #4]
   89164:	39401401 	ldrb	w1, [x0, #5]
   89168:	aa012041 	orr	x1, x2, x1, lsl #8
   8916c:	39401802 	ldrb	w2, [x0, #6]
   89170:	aa024022 	orr	x2, x1, x2, lsl #16
   89174:	39401c01 	ldrb	w1, [x0, #7]
   89178:	aa016041 	orr	x1, x2, x1, lsl #24
   8917c:	5ac00821 	rev	w1, w1
   89180:	11000c21 	add	w1, w1, #0x3
   89184:	927e7421 	and	x1, x1, #0xfffffffc
   89188:	91003021 	add	x1, x1, #0xc
   8918c:	8b010000 	add	x0, x0, x1
   89190:	39400002 	ldrb	w2, [x0]
   89194:	39400401 	ldrb	w1, [x0, #1]
   89198:	aa012041 	orr	x1, x2, x1, lsl #8
   8919c:	39400802 	ldrb	w2, [x0, #2]
   891a0:	aa024022 	orr	x2, x1, x2, lsl #16
   891a4:	39400c01 	ldrb	w1, [x0, #3]
   891a8:	aa016041 	orr	x1, x2, x1, lsl #24
   891ac:	5ac00822 	rev	w2, w1
   891b0:	51000c43 	sub	w3, w2, #0x3
   891b4:	7100047f 	cmp	w3, #0x1
   891b8:	54fffce9 	b.ls	89154 <CDeviceTreeBlob::FindNodeInternal(char const*, TDeviceTreeNode const*, TDeviceTreeNode const**) const+0x194>  // b.plast
   891bc:	52a02003 	mov	w3, #0x1000000             	// #16777216
   891c0:	6b03003f 	cmp	w1, w3
   891c4:	54000421 	b.ne	89248 <CDeviceTreeBlob::FindNodeInternal(char const*, TDeviceTreeNode const*, TDeviceTreeNode const**) const+0x288>  // b.any
   891c8:	52a02013 	mov	w19, #0x1000000             	// #16777216
   891cc:	aa0003e2 	mov	x2, x0
   891d0:	910163a3 	add	x3, x29, #0x58
   891d4:	f9002fbf 	str	xzr, [x29, #88]
   891d8:	aa1603e1 	mov	x1, x22
   891dc:	aa1503e0 	mov	x0, x21
   891e0:	97ffff78 	bl	88fc0 <CDeviceTreeBlob::FindNodeInternal(char const*, TDeviceTreeNode const*, TDeviceTreeNode const**) const>
   891e4:	b5fff3e0 	cbnz	x0, 89060 <CDeviceTreeBlob::FindNodeInternal(char const*, TDeviceTreeNode const*, TDeviceTreeNode const**) const+0xa0>
   891e8:	f9402fa0 	ldr	x0, [x29, #88]
   891ec:	b4fff3a0 	cbz	x0, 89060 <CDeviceTreeBlob::FindNodeInternal(char const*, TDeviceTreeNode const*, TDeviceTreeNode const**) const+0xa0>
   891f0:	39400002 	ldrb	w2, [x0]
   891f4:	39400401 	ldrb	w1, [x0, #1]
   891f8:	aa012041 	orr	x1, x2, x1, lsl #8
   891fc:	39400802 	ldrb	w2, [x0, #2]
   89200:	aa024022 	orr	x2, x1, x2, lsl #16
   89204:	39400c01 	ldrb	w1, [x0, #3]
   89208:	aa016041 	orr	x1, x2, x1, lsl #24
   8920c:	6b13003f 	cmp	w1, w19
   89210:	54fffde0 	b.eq	891cc <CDeviceTreeBlob::FindNodeInternal(char const*, TDeviceTreeNode const*, TDeviceTreeNode const**) const+0x20c>  // b.none
   89214:	52a08002 	mov	w2, #0x4000000             	// #67108864
   89218:	6b02003f 	cmp	w1, w2
   8921c:	54000901 	b.ne	8933c <CDeviceTreeBlob::FindNodeInternal(char const*, TDeviceTreeNode const*, TDeviceTreeNode const**) const+0x37c>  // b.any
   89220:	38404c03 	ldrb	w3, [x0, #4]!
   89224:	39400402 	ldrb	w2, [x0, #1]
   89228:	aa022062 	orr	x2, x3, x2, lsl #8
   8922c:	39400803 	ldrb	w3, [x0, #2]
   89230:	aa034043 	orr	x3, x2, x3, lsl #16
   89234:	39400c02 	ldrb	w2, [x0, #3]
   89238:	aa026062 	orr	x2, x3, x2, lsl #24
   8923c:	6b01005f 	cmp	w2, w1
   89240:	54ffff00 	b.eq	89220 <CDeviceTreeBlob::FindNodeInternal(char const*, TDeviceTreeNode const*, TDeviceTreeNode const**) const+0x260>  // b.none
   89244:	5ac00842 	rev	w2, w2
   89248:	f10002ff 	cmp	x23, #0x0
   8924c:	7a421840 	ccmp	w2, #0x2, #0x0, ne	// ne = any
   89250:	54000061 	b.ne	8925c <CDeviceTreeBlob::FindNodeInternal(char const*, TDeviceTreeNode const*, TDeviceTreeNode const**) const+0x29c>  // b.any
   89254:	91001000 	add	x0, x0, #0x4
   89258:	f90002e0 	str	x0, [x23]
   8925c:	d2800000 	mov	x0, #0x0                   	// #0
   89260:	910003bf 	mov	sp, x29
   89264:	f9401bf7 	ldr	x23, [sp, #48]
   89268:	a94153f3 	ldp	x19, x20, [sp, #16]
   8926c:	a9425bf5 	ldp	x21, x22, [sp, #32]
   89270:	a8c67bfd 	ldp	x29, x30, [sp], #96
   89274:	d65f03c0 	ret
   89278:	94000d12 	bl	8c6c0 <CLogger::Get()>
   8927c:	39400261 	ldrb	w1, [x19]
   89280:	d0000043 	adrp	x3, 93000 <CExceptionHandler::Throw(unsigned int, TAbortFrame*)+0xc0>
   89284:	9123e063 	add	x3, x3, #0x8f8
   89288:	39400662 	ldrb	w2, [x19, #1]
   8928c:	39400e64 	ldrb	w4, [x19, #3]
   89290:	aa022022 	orr	x2, x1, x2, lsl #8
   89294:	39400a61 	ldrb	w1, [x19, #2]
   89298:	aa014041 	orr	x1, x2, x1, lsl #16
   8929c:	52800042 	mov	w2, #0x2                   	// #2
   892a0:	aa046024 	orr	x4, x1, x4, lsl #24
   892a4:	90000061 	adrp	x1, 95000 <font_data+0x830>
   892a8:	911fa021 	add	x1, x1, #0x7e8
   892ac:	5ac00884 	rev	w4, w4
   892b0:	94000ee4 	bl	8ce40 <CLogger::Write(char const*, TLogSeverity, char const*, ...)>
   892b4:	d2800000 	mov	x0, #0x0                   	// #0
   892b8:	17ffffea 	b	89260 <CDeviceTreeBlob::FindNodeInternal(char const*, TDeviceTreeNode const*, TDeviceTreeNode const**) const+0x2a0>
   892bc:	aa1603e0 	mov	x0, x22
   892c0:	97fff3fb 	bl	862ac <strlen>
   892c4:	aa0003f4 	mov	x20, x0
   892c8:	17ffff71 	b	8908c <CDeviceTreeBlob::FindNodeInternal(char const*, TDeviceTreeNode const*, TDeviceTreeNode const**) const+0xcc>
   892cc:	94000cfd 	bl	8c6c0 <CLogger::Get()>
   892d0:	d0000043 	adrp	x3, 93000 <CExceptionHandler::Throw(unsigned int, TAbortFrame*)+0xc0>
   892d4:	90000061 	adrp	x1, 95000 <font_data+0x830>
   892d8:	91246063 	add	x3, x3, #0x918
   892dc:	52800042 	mov	w2, #0x2                   	// #2
   892e0:	911fa021 	add	x1, x1, #0x7e8
   892e4:	94000ed7 	bl	8ce40 <CLogger::Write(char const*, TLogSeverity, char const*, ...)>
   892e8:	d2800000 	mov	x0, #0x0                   	// #0
   892ec:	17ffffdd 	b	89260 <CDeviceTreeBlob::FindNodeInternal(char const*, TDeviceTreeNode const*, TDeviceTreeNode const**) const+0x2a0>
   892f0:	94000cf4 	bl	8c6c0 <CLogger::Get()>
   892f4:	d0000043 	adrp	x3, 93000 <CExceptionHandler::Throw(unsigned int, TAbortFrame*)+0xc0>
   892f8:	90000061 	adrp	x1, 95000 <font_data+0x830>
   892fc:	aa1603e4 	mov	x4, x22
   89300:	91238063 	add	x3, x3, #0x8e0
   89304:	52800042 	mov	w2, #0x2                   	// #2
   89308:	911fa021 	add	x1, x1, #0x7e8
   8930c:	94000ecd 	bl	8ce40 <CLogger::Write(char const*, TLogSeverity, char const*, ...)>
   89310:	d2800000 	mov	x0, #0x0                   	// #0
   89314:	17ffffd3 	b	89260 <CDeviceTreeBlob::FindNodeInternal(char const*, TDeviceTreeNode const*, TDeviceTreeNode const**) const+0x2a0>
   89318:	94000cea 	bl	8c6c0 <CLogger::Get()>
   8931c:	d0000043 	adrp	x3, 93000 <CExceptionHandler::Throw(unsigned int, TAbortFrame*)+0xc0>
   89320:	90000061 	adrp	x1, 95000 <font_data+0x830>
   89324:	91232063 	add	x3, x3, #0x8c8
   89328:	52800042 	mov	w2, #0x2                   	// #2
   8932c:	911fa021 	add	x1, x1, #0x7e8
   89330:	94000ec4 	bl	8ce40 <CLogger::Write(char const*, TLogSeverity, char const*, ...)>
   89334:	d2800000 	mov	x0, #0x0                   	// #0
   89338:	17ffffca 	b	89260 <CDeviceTreeBlob::FindNodeInternal(char const*, TDeviceTreeNode const*, TDeviceTreeNode const**) const+0x2a0>
   8933c:	5ac00822 	rev	w2, w1
   89340:	17ffffc2 	b	89248 <CDeviceTreeBlob::FindNodeInternal(char const*, TDeviceTreeNode const*, TDeviceTreeNode const**) const+0x288>

0000000000089344 <CDeviceTreeBlob::FindNode(char const*, TDeviceTreeNode const*) const>:
   89344:	d2800003 	mov	x3, #0x0                   	// #0
   89348:	17ffff1e 	b	88fc0 <CDeviceTreeBlob::FindNodeInternal(char const*, TDeviceTreeNode const*, TDeviceTreeNode const**) const>

000000000008934c <CDeviceTreeBlob::FindProperty(TDeviceTreeNode const*, char const*) const>:
   8934c:	a9bd7bfd 	stp	x29, x30, [sp, #-48]!
   89350:	910003fd 	mov	x29, sp
   89354:	a90153f3 	stp	x19, x20, [sp, #16]
   89358:	a9025bf5 	stp	x21, x22, [sp, #32]
   8935c:	b4000d61 	cbz	x1, 89508 <CDeviceTreeBlob::FindProperty(TDeviceTreeNode const*, char const*) const+0x1bc>
   89360:	aa0203f4 	mov	x20, x2
   89364:	b4000de2 	cbz	x2, 89520 <CDeviceTreeBlob::FindProperty(TDeviceTreeNode const*, char const*) const+0x1d4>
   89368:	aa0003f5 	mov	x21, x0
   8936c:	f9400000 	ldr	x0, [x0]
   89370:	b4000980 	cbz	x0, 894a0 <CDeviceTreeBlob::FindProperty(TDeviceTreeNode const*, char const*) const+0x154>
   89374:	aa0103f6 	mov	x22, x1
   89378:	39400021 	ldrb	w1, [x1]
   8937c:	394006c0 	ldrb	w0, [x22, #1]
   89380:	aa002020 	orr	x0, x1, x0, lsl #8
   89384:	39400ac1 	ldrb	w1, [x22, #2]
   89388:	aa014001 	orr	x1, x0, x1, lsl #16
   8938c:	39400ec0 	ldrb	w0, [x22, #3]
   89390:	aa006020 	orr	x0, x1, x0, lsl #24
   89394:	52a02001 	mov	w1, #0x1000000             	// #16777216
   89398:	6b01001f 	cmp	w0, w1
   8939c:	540008c1 	b.ne	894b4 <CDeviceTreeBlob::FindProperty(TDeviceTreeNode const*, char const*) const+0x168>  // b.any
   893a0:	910012c0 	add	x0, x22, #0x4
   893a4:	97fff3c2 	bl	862ac <strlen>
   893a8:	91001000 	add	x0, x0, #0x4
   893ac:	927ef400 	and	x0, x0, #0xfffffffffffffffc
   893b0:	91001000 	add	x0, x0, #0x4
   893b4:	38606ac1 	ldrb	w1, [x22, x0]
   893b8:	8b0002d3 	add	x19, x22, x0
   893bc:	14000027 	b	89458 <CDeviceTreeBlob::FindProperty(TDeviceTreeNode const*, char const*) const+0x10c>
   893c0:	d2800081 	mov	x1, #0x4                   	// #4
   893c4:	7100101f 	cmp	w0, #0x4
   893c8:	54000440 	b.eq	89450 <CDeviceTreeBlob::FindProperty(TDeviceTreeNode const*, char const*) const+0x104>  // b.none
   893cc:	f94002a2 	ldr	x2, [x21]
   893d0:	39402263 	ldrb	w3, [x19, #8]
   893d4:	39403041 	ldrb	w1, [x2, #12]
   893d8:	39403440 	ldrb	w0, [x2, #13]
   893dc:	aa002020 	orr	x0, x1, x0, lsl #8
   893e0:	39403841 	ldrb	w1, [x2, #14]
   893e4:	aa014001 	orr	x1, x0, x1, lsl #16
   893e8:	39403c40 	ldrb	w0, [x2, #15]
   893ec:	aa006020 	orr	x0, x1, x0, lsl #24
   893f0:	39402661 	ldrb	w1, [x19, #9]
   893f4:	5ac00800 	rev	w0, w0
   893f8:	aa012061 	orr	x1, x3, x1, lsl #8
   893fc:	39402a63 	ldrb	w3, [x19, #10]
   89400:	aa034023 	orr	x3, x1, x3, lsl #16
   89404:	39402e61 	ldrb	w1, [x19, #11]
   89408:	aa016061 	orr	x1, x3, x1, lsl #24
   8940c:	5ac00821 	rev	w1, w1
   89410:	8b010000 	add	x0, x0, x1
   89414:	aa1403e1 	mov	x1, x20
   89418:	8b000040 	add	x0, x2, x0
   8941c:	97fff3bc 	bl	8630c <strcmp>
   89420:	340006a0 	cbz	w0, 894f4 <CDeviceTreeBlob::FindProperty(TDeviceTreeNode const*, char const*) const+0x1a8>
   89424:	39401260 	ldrb	w0, [x19, #4]
   89428:	39401661 	ldrb	w1, [x19, #5]
   8942c:	aa012001 	orr	x1, x0, x1, lsl #8
   89430:	39401a60 	ldrb	w0, [x19, #6]
   89434:	aa004020 	orr	x0, x1, x0, lsl #16
   89438:	39401e61 	ldrb	w1, [x19, #7]
   8943c:	aa016001 	orr	x1, x0, x1, lsl #24
   89440:	5ac00821 	rev	w1, w1
   89444:	11000c21 	add	w1, w1, #0x3
   89448:	927e7421 	and	x1, x1, #0xfffffffc
   8944c:	91003021 	add	x1, x1, #0xc
   89450:	8b010273 	add	x19, x19, x1
   89454:	39400261 	ldrb	w1, [x19]
   89458:	39400660 	ldrb	w0, [x19, #1]
   8945c:	aa002020 	orr	x0, x1, x0, lsl #8
   89460:	39400a61 	ldrb	w1, [x19, #2]
   89464:	aa014001 	orr	x1, x0, x1, lsl #16
   89468:	39400e60 	ldrb	w0, [x19, #3]
   8946c:	aa006020 	orr	x0, x1, x0, lsl #24
   89470:	5ac00800 	rev	w0, w0
   89474:	51000c01 	sub	w1, w0, #0x3
   89478:	7100043f 	cmp	w1, #0x1
   8947c:	54fffa29 	b.ls	893c0 <CDeviceTreeBlob::FindProperty(TDeviceTreeNode const*, char const*) const+0x74>  // b.plast
   89480:	94000c90 	bl	8c6c0 <CLogger::Get()>
   89484:	d0000043 	adrp	x3, 93000 <CExceptionHandler::Throw(unsigned int, TAbortFrame*)+0xc0>
   89488:	90000061 	adrp	x1, 95000 <font_data+0x830>
   8948c:	aa1403e4 	mov	x4, x20
   89490:	91252063 	add	x3, x3, #0x948
   89494:	52800042 	mov	w2, #0x2                   	// #2
   89498:	911fa021 	add	x1, x1, #0x7e8
   8949c:	94000e69 	bl	8ce40 <CLogger::Write(char const*, TLogSeverity, char const*, ...)>
   894a0:	a94153f3 	ldp	x19, x20, [sp, #16]
   894a4:	d2800000 	mov	x0, #0x0                   	// #0
   894a8:	a9425bf5 	ldp	x21, x22, [sp, #32]
   894ac:	a8c37bfd 	ldp	x29, x30, [sp], #48
   894b0:	d65f03c0 	ret
   894b4:	94000c83 	bl	8c6c0 <CLogger::Get()>
   894b8:	394002c1 	ldrb	w1, [x22]
   894bc:	d0000043 	adrp	x3, 93000 <CExceptionHandler::Throw(unsigned int, TAbortFrame*)+0xc0>
   894c0:	9123e063 	add	x3, x3, #0x8f8
   894c4:	394006c2 	ldrb	w2, [x22, #1]
   894c8:	39400ec4 	ldrb	w4, [x22, #3]
   894cc:	aa022022 	orr	x2, x1, x2, lsl #8
   894d0:	39400ac1 	ldrb	w1, [x22, #2]
   894d4:	aa014041 	orr	x1, x2, x1, lsl #16
   894d8:	52800042 	mov	w2, #0x2                   	// #2
   894dc:	aa046024 	orr	x4, x1, x4, lsl #24
   894e0:	90000061 	adrp	x1, 95000 <font_data+0x830>
   894e4:	911fa021 	add	x1, x1, #0x7e8
   894e8:	5ac00884 	rev	w4, w4
   894ec:	94000e55 	bl	8ce40 <CLogger::Write(char const*, TLogSeverity, char const*, ...)>
   894f0:	17ffffec 	b	894a0 <CDeviceTreeBlob::FindProperty(TDeviceTreeNode const*, char const*) const+0x154>
   894f4:	aa1303e0 	mov	x0, x19
   894f8:	a9425bf5 	ldp	x21, x22, [sp, #32]
   894fc:	a94153f3 	ldp	x19, x20, [sp, #16]
   89500:	a8c37bfd 	ldp	x29, x30, [sp], #48
   89504:	d65f03c0 	ret
   89508:	d0000041 	adrp	x1, 93000 <CExceptionHandler::Throw(unsigned int, TAbortFrame*)+0xc0>
   8950c:	d0000040 	adrp	x0, 93000 <CExceptionHandler::Throw(unsigned int, TAbortFrame*)+0xc0>
   89510:	52802162 	mov	w2, #0x10b                 	// #267
   89514:	91228021 	add	x1, x1, #0x8a0
   89518:	9124e000 	add	x0, x0, #0x938
   8951c:	940002c1 	bl	8a020 <assertion_failed>
   89520:	d0000041 	adrp	x1, 93000 <CExceptionHandler::Throw(unsigned int, TAbortFrame*)+0xc0>
   89524:	d0000040 	adrp	x0, 93000 <CExceptionHandler::Throw(unsigned int, TAbortFrame*)+0xc0>
   89528:	52802182 	mov	w2, #0x10c                 	// #268
   8952c:	91228021 	add	x1, x1, #0x8a0
   89530:	910b2000 	add	x0, x0, #0x2c8
   89534:	940002bb 	bl	8a020 <assertion_failed>
   89538:	d503201f 	nop
   8953c:	d503201f 	nop

0000000000089540 <CDeviceTreeBlob::GetPropertyValueLength(TDeviceTreeProperty const*) const>:
   89540:	b4000181 	cbz	x1, 89570 <CDeviceTreeBlob::GetPropertyValueLength(TDeviceTreeProperty const*) const+0x30>
   89544:	f9400000 	ldr	x0, [x0]
   89548:	b4000120 	cbz	x0, 8956c <CDeviceTreeBlob::GetPropertyValueLength(TDeviceTreeProperty const*) const+0x2c>
   8954c:	39401022 	ldrb	w2, [x1, #4]
   89550:	39401420 	ldrb	w0, [x1, #5]
   89554:	aa002040 	orr	x0, x2, x0, lsl #8
   89558:	39401822 	ldrb	w2, [x1, #6]
   8955c:	aa024002 	orr	x2, x0, x2, lsl #16
   89560:	39401c20 	ldrb	w0, [x1, #7]
   89564:	aa006040 	orr	x0, x2, x0, lsl #24
   89568:	5ac00800 	rev	w0, w0
   8956c:	d65f03c0 	ret
   89570:	d0000041 	adrp	x1, 93000 <CExceptionHandler::Throw(unsigned int, TAbortFrame*)+0xc0>
   89574:	d0000040 	adrp	x0, 93000 <CExceptionHandler::Throw(unsigned int, TAbortFrame*)+0xc0>
   89578:	a9bf7bfd 	stp	x29, x30, [sp, #-16]!
   8957c:	52802802 	mov	w2, #0x140                 	// #320
   89580:	910003fd 	mov	x29, sp
   89584:	91228021 	add	x1, x1, #0x8a0
   89588:	91258000 	add	x0, x0, #0x960
   8958c:	940002a5 	bl	8a020 <assertion_failed>

0000000000089590 <CDeviceTreeBlob::GetPropertyValue(TDeviceTreeProperty const*) const>:
   89590:	b40000c1 	cbz	x1, 895a8 <CDeviceTreeBlob::GetPropertyValue(TDeviceTreeProperty const*) const+0x18>
   89594:	f9400000 	ldr	x0, [x0]
   89598:	91003021 	add	x1, x1, #0xc
   8959c:	f100001f 	cmp	x0, #0x0
   895a0:	9a801020 	csel	x0, x1, x0, ne	// ne = any
   895a4:	d65f03c0 	ret
   895a8:	d0000041 	adrp	x1, 93000 <CExceptionHandler::Throw(unsigned int, TAbortFrame*)+0xc0>
   895ac:	d0000040 	adrp	x0, 93000 <CExceptionHandler::Throw(unsigned int, TAbortFrame*)+0xc0>
   895b0:	a9bf7bfd 	stp	x29, x30, [sp, #-16]!
   895b4:	52802982 	mov	w2, #0x14c                 	// #332
   895b8:	910003fd 	mov	x29, sp
   895bc:	91228021 	add	x1, x1, #0x8a0
   895c0:	91258000 	add	x0, x0, #0x960
   895c4:	94000297 	bl	8a020 <assertion_failed>

00000000000895c8 <CDeviceTreeBlob::GetPropertyValueWord(TDeviceTreeProperty const*, unsigned int) const>:
   895c8:	a9be7bfd 	stp	x29, x30, [sp, #-32]!
   895cc:	910003fd 	mov	x29, sp
   895d0:	b40004e1 	cbz	x1, 8966c <CDeviceTreeBlob::GetPropertyValueWord(TDeviceTreeProperty const*, unsigned int) const+0xa4>
   895d4:	f9400000 	ldr	x0, [x0]
   895d8:	b4000440 	cbz	x0, 89660 <CDeviceTreeBlob::GetPropertyValueWord(TDeviceTreeProperty const*, unsigned int) const+0x98>
   895dc:	39401023 	ldrb	w3, [x1, #4]
   895e0:	39401420 	ldrb	w0, [x1, #5]
   895e4:	aa002060 	orr	x0, x3, x0, lsl #8
   895e8:	39401823 	ldrb	w3, [x1, #6]
   895ec:	aa034003 	orr	x3, x0, x3, lsl #16
   895f0:	39401c20 	ldrb	w0, [x1, #7]
   895f4:	aa006060 	orr	x0, x3, x0, lsl #24
   895f8:	11000443 	add	w3, w2, #0x1
   895fc:	5ac00800 	rev	w0, w0
   89600:	eb03081f 	cmp	x0, x3, lsl #2
   89604:	540000c3 	b.cc	8961c <CDeviceTreeBlob::GetPropertyValueWord(TDeviceTreeProperty const*, unsigned int) const+0x54>  // b.lo, b.ul, b.last
   89608:	8b224822 	add	x2, x1, w2, uxtw #2
   8960c:	b9400c40 	ldr	w0, [x2, #12]
   89610:	a8c27bfd 	ldp	x29, x30, [sp], #32
   89614:	5ac00800 	rev	w0, w0
   89618:	d65f03c0 	ret
   8961c:	f9000fe1 	str	x1, [sp, #24]
   89620:	94000c28 	bl	8c6c0 <CLogger::Get()>
   89624:	f9400fe1 	ldr	x1, [sp, #24]
   89628:	39401022 	ldrb	w2, [x1, #4]
   8962c:	39401423 	ldrb	w3, [x1, #5]
   89630:	39401c24 	ldrb	w4, [x1, #7]
   89634:	aa032043 	orr	x3, x2, x3, lsl #8
   89638:	39401822 	ldrb	w2, [x1, #6]
   8963c:	90000061 	adrp	x1, 95000 <font_data+0x830>
   89640:	911fa021 	add	x1, x1, #0x7e8
   89644:	aa024062 	orr	x2, x3, x2, lsl #16
   89648:	d0000043 	adrp	x3, 93000 <CExceptionHandler::Throw(unsigned int, TAbortFrame*)+0xc0>
   8964c:	9125c063 	add	x3, x3, #0x970
   89650:	aa046044 	orr	x4, x2, x4, lsl #24
   89654:	52800042 	mov	w2, #0x2                   	// #2
   89658:	5ac00884 	rev	w4, w4
   8965c:	94000df9 	bl	8ce40 <CLogger::Write(char const*, TLogSeverity, char const*, ...)>
   89660:	52800000 	mov	w0, #0x0                   	// #0
   89664:	a8c27bfd 	ldp	x29, x30, [sp], #32
   89668:	d65f03c0 	ret
   8966c:	d0000041 	adrp	x1, 93000 <CExceptionHandler::Throw(unsigned int, TAbortFrame*)+0xc0>
   89670:	d0000040 	adrp	x0, 93000 <CExceptionHandler::Throw(unsigned int, TAbortFrame*)+0xc0>
   89674:	52802b22 	mov	w2, #0x159                 	// #345
   89678:	91228021 	add	x1, x1, #0x8a0
   8967c:	91258000 	add	x0, x0, #0x960
   89680:	94000268 	bl	8a020 <assertion_failed>
	...

00000000000896a0 <CSouthbridge::CSouthbridge(CInterruptSystem*)>:
   896a0:	aa0003e7 	mov	x7, x0
   896a4:	a9007c01 	stp	x1, xzr, [x0]
   896a8:	f900081f 	str	xzr, [x0, #16]
   896ac:	b0000060 	adrp	x0, 96000 <vtable for CDevice+0x4a8>
   896b0:	f945d402 	ldr	x2, [x0, #2984]
   896b4:	b4000042 	cbz	x2, 896bc <CSouthbridge::CSouthbridge(CInterruptSystem*)+0x1c>
   896b8:	d65f03c0 	ret
   896bc:	a9bd7bfd 	stp	x29, x30, [sp, #-48]!
   896c0:	cb070ce4 	sub	x4, x7, x7, lsl #3
   896c4:	910003fd 	mov	x29, sp
   896c8:	9283a7e2 	mov	x2, #0xffffffffffffe2c0    	// #-7488
   896cc:	910fa0e3 	add	x3, x7, #0x3e8
   896d0:	911094e6 	add	x6, x7, #0x425
   896d4:	f905d407 	str	x7, [x0, #2984]
   896d8:	9283e4e0 	mov	x0, #0xffffffffffffe0d8    	// #-7976
   896dc:	8b000085 	add	x5, x4, x0
   896e0:	8b020084 	add	x4, x4, x2
   896e4:	f82378bf 	str	xzr, [x5, x3, lsl #3]
   896e8:	f823789f 	str	xzr, [x4, x3, lsl #3]
   896ec:	3800147f 	strb	wzr, [x3], #1
   896f0:	eb06007f 	cmp	x3, x6
   896f4:	54ffff81 	b.ne	896e4 <CSouthbridge::CSouthbridge(CInterruptSystem*)+0x44>  // b.any
   896f8:	b4000181 	cbz	x1, 89728 <CSouthbridge::CSouthbridge(CInterruptSystem*)+0x88>
   896fc:	d2801000 	mov	x0, #0x80                  	// #128
   89700:	a90207e7 	stp	x7, x1, [sp, #32]
   89704:	97fff559 	bl	86c68 <operator new(unsigned long)>
   89708:	f94017e2 	ldr	x2, [sp, #40]
   8970c:	52800001 	mov	w1, #0x0                   	// #0
   89710:	f9000fe0 	str	x0, [sp, #24]
   89714:	94001b27 	bl	903b0 <CBcmPCIeHostBridge::CBcmPCIeHostBridge(unsigned int, CInterruptSystem*)>
   89718:	a9419fe3 	ldp	x3, x7, [sp, #24]
   8971c:	f90004e3 	str	x3, [x7, #8]
   89720:	a8c37bfd 	ldp	x29, x30, [sp], #48
   89724:	d65f03c0 	ret
   89728:	90000061 	adrp	x1, 95000 <font_data+0x830>
   8972c:	528008a2 	mov	w2, #0x45                  	// #69
   89730:	911fc021 	add	x1, x1, #0x7f0
   89734:	91004020 	add	x0, x1, #0x10
   89738:	9400023a 	bl	8a020 <assertion_failed>
   8973c:	d503201f 	nop

0000000000089740 <CSouthbridge::~CSouthbridge()>:
   89740:	b0000062 	adrp	x2, 96000 <vtable for CDevice+0x4a8>
   89744:	f945d441 	ldr	x1, [x2, #2984]
   89748:	eb00003f 	cmp	x1, x0
   8974c:	54000040 	b.eq	89754 <CSouthbridge::~CSouthbridge()+0x14>  // b.none
   89750:	d65f03c0 	ret
   89754:	912ea044 	add	x4, x2, #0xba8
   89758:	a9be7bfd 	stp	x29, x30, [sp, #-32]!
   8975c:	aa0003e3 	mov	x3, x0
   89760:	910003fd 	mov	x29, sp
   89764:	39402080 	ldrb	w0, [x4, #8]
   89768:	36000160 	tbz	w0, #0, 89794 <CSouthbridge::~CSouthbridge()+0x54>
   8976c:	f9400020 	ldr	x0, [x1]
   89770:	b4000280 	cbz	x0, 897c0 <CSouthbridge::~CSouthbridge()+0x80>
   89774:	528020a1 	mov	w1, #0x105                 	// #261
   89778:	f9000fe3 	str	x3, [sp, #24]
   8977c:	97fffc4c 	bl	888ac <CInterruptSystem::DisconnectIRQ(unsigned int)>
   89780:	f9400fe3 	ldr	x3, [sp, #24]
   89784:	b0000060 	adrp	x0, 96000 <vtable for CDevice+0x4a8>
   89788:	912ea004 	add	x4, x0, #0xba8
   8978c:	aa0003e2 	mov	x2, x0
   89790:	3900209f 	strb	wzr, [x4, #8]
   89794:	f9400460 	ldr	x0, [x3, #8]
   89798:	b40000e0 	cbz	x0, 897b4 <CSouthbridge::~CSouthbridge()+0x74>
   8979c:	f9000fe0 	str	x0, [sp, #24]
   897a0:	94001b10 	bl	903e0 <CBcmPCIeHostBridge::~CBcmPCIeHostBridge()>
   897a4:	f9400fe0 	ldr	x0, [sp, #24]
   897a8:	d2801001 	mov	x1, #0x80                  	// #128
   897ac:	97fff551 	bl	86cf0 <operator delete(void*, unsigned long)>
   897b0:	b0000062 	adrp	x2, 96000 <vtable for CDevice+0x4a8>
   897b4:	f905d45f 	str	xzr, [x2, #2984]
   897b8:	a8c27bfd 	ldp	x29, x30, [sp], #32
   897bc:	d65f03c0 	ret
   897c0:	90000061 	adrp	x1, 95000 <font_data+0x830>
   897c4:	52800a42 	mov	w2, #0x52                  	// #82
   897c8:	911fc021 	add	x1, x1, #0x7f0
   897cc:	91004020 	add	x0, x1, #0x10
   897d0:	94000214 	bl	8a020 <assertion_failed>
   897d4:	d503201f 	nop
   897d8:	d503201f 	nop
   897dc:	d503201f 	nop

00000000000897e0 <CSouthbridge::Initialize()>:
   897e0:	b0000061 	adrp	x1, 96000 <vtable for CDevice+0x4a8>
   897e4:	912ea025 	add	x5, x1, #0xba8
   897e8:	f945d421 	ldr	x1, [x1, #2984]
   897ec:	394020a4 	ldrb	w4, [x5, #8]
   897f0:	eb00003f 	cmp	x1, x0
   897f4:	54000060 	b.eq	89800 <CSouthbridge::Initialize()+0x20>  // b.none
   897f8:	2a0403e0 	mov	w0, w4
   897fc:	d65f03c0 	ret
   89800:	a9bd7bfd 	stp	x29, x30, [sp, #-48]!
   89804:	910003fd 	mov	x29, sp
   89808:	f9000bf3 	str	x19, [sp, #16]
   8980c:	aa0003f3 	mov	x19, x0
   89810:	370006e4 	tbnz	w4, #0, 898ec <CSouthbridge::Initialize()+0x10c>
   89814:	f9400420 	ldr	x0, [x1, #8]
   89818:	b4000740 	cbz	x0, 89900 <CSouthbridge::Initialize()+0x120>
   8981c:	94001fc1 	bl	91720 <CBcmPCIeHostBridge::Initialize()>
   89820:	12001c04 	and	w4, w0, #0xff
   89824:	b9002fe4 	str	w4, [sp, #44]
   89828:	360004a0 	tbz	w0, #0, 898bc <CSouthbridge::Initialize()+0xdc>
   8982c:	f9400660 	ldr	x0, [x19, #8]
   89830:	52a00041 	mov	w1, #0x20000               	// #131072
   89834:	52800003 	mov	w3, #0x0                   	// #0
   89838:	52800002 	mov	w2, #0x0                   	// #0
   8983c:	94001bca 	bl	90764 <CBcmPCIeHostBridge::EnableDevice(unsigned int, unsigned int, unsigned int)>
   89840:	b0000061 	adrp	x1, 96000 <vtable for CDevice+0x4a8>
   89844:	b9402fe4 	ldr	w4, [sp, #44]
   89848:	912ea025 	add	x5, x1, #0xba8
   8984c:	36000200 	tbz	w0, #0, 8988c <CSouthbridge::Initialize()+0xac>
   89850:	52800020 	mov	w0, #0x1                   	// #1
   89854:	390020a0 	strb	w0, [x5, #8]
   89858:	f9400260 	ldr	x0, [x19]
   8985c:	b40005c0 	cbz	x0, 89914 <CSouthbridge::Initialize()+0x134>
   89860:	90000002 	adrp	x2, 89000 <CDeviceTreeBlob::FindNodeInternal(char const*, TDeviceTreeNode const*, TDeviceTreeNode const**) const+0x40>
   89864:	aa1303e3 	mov	x3, x19
   89868:	b9002fe4 	str	w4, [sp, #44]
   8986c:	91308042 	add	x2, x2, #0xc20
   89870:	528020a1 	mov	w1, #0x105                 	// #261
   89874:	97fffbb3 	bl	88740 <CInterruptSystem::ConnectIRQ(unsigned int, void (*)(void*), void*)>
   89878:	b9402fe4 	ldr	w4, [sp, #44]
   8987c:	f9400bf3 	ldr	x19, [sp, #16]
   89880:	a8c37bfd 	ldp	x29, x30, [sp], #48
   89884:	2a0403e0 	mov	w0, w4
   89888:	d65f03c0 	ret
   8988c:	b9002fe4 	str	w4, [sp, #44]
   89890:	94000b8c 	bl	8c6c0 <CLogger::Get()>
   89894:	90000061 	adrp	x1, 95000 <font_data+0x830>
   89898:	52800022 	mov	w2, #0x1                   	// #1
   8989c:	911fc021 	add	x1, x1, #0x7f0
   898a0:	9101c023 	add	x3, x1, #0x70
   898a4:	9101a021 	add	x1, x1, #0x68
   898a8:	94000d66 	bl	8ce40 <CLogger::Write(char const*, TLogSeverity, char const*, ...)>
   898ac:	b0000060 	adrp	x0, 96000 <vtable for CDevice+0x4a8>
   898b0:	b9402fe4 	ldr	w4, [sp, #44]
   898b4:	912ea005 	add	x5, x0, #0xba8
   898b8:	17ffffe6 	b	89850 <CSouthbridge::Initialize()+0x70>
   898bc:	94000b81 	bl	8c6c0 <CLogger::Get()>
   898c0:	90000061 	adrp	x1, 95000 <font_data+0x830>
   898c4:	52800022 	mov	w2, #0x1                   	// #1
   898c8:	911fc021 	add	x1, x1, #0x7f0
   898cc:	91010023 	add	x3, x1, #0x40
   898d0:	9101a021 	add	x1, x1, #0x68
   898d4:	94000d5b 	bl	8ce40 <CLogger::Write(char const*, TLogSeverity, char const*, ...)>
   898d8:	b9402fe4 	ldr	w4, [sp, #44]
   898dc:	f9400bf3 	ldr	x19, [sp, #16]
   898e0:	a8c37bfd 	ldp	x29, x30, [sp], #48
   898e4:	2a0403e0 	mov	w0, w4
   898e8:	d65f03c0 	ret
   898ec:	90000061 	adrp	x1, 95000 <font_data+0x830>
   898f0:	52800ce2 	mov	w2, #0x67                  	// #103
   898f4:	911fc021 	add	x1, x1, #0x7f0
   898f8:	91008020 	add	x0, x1, #0x20
   898fc:	940001c9 	bl	8a020 <assertion_failed>
   89900:	90000061 	adrp	x1, 95000 <font_data+0x830>
   89904:	52800d22 	mov	w2, #0x69                  	// #105
   89908:	911fc021 	add	x1, x1, #0x7f0
   8990c:	9100e020 	add	x0, x1, #0x38
   89910:	940001c4 	bl	8a020 <assertion_failed>
   89914:	90000061 	adrp	x1, 95000 <font_data+0x830>
   89918:	52800f02 	mov	w2, #0x78                  	// #120
   8991c:	911fc021 	add	x1, x1, #0x7f0
   89920:	91004020 	add	x0, x1, #0x10
   89924:	940001bf 	bl	8a020 <assertion_failed>

0000000000089928 <CSouthbridge::EnableIRQ(unsigned int)>:
   89928:	a9bf7bfd 	stp	x29, x30, [sp, #-16]!
   8992c:	910003fd 	mov	x29, sp
   89930:	36580480 	tbz	w0, #11, 899c0 <CSouthbridge::EnableIRQ(unsigned int)+0x98>
   89934:	12002401 	and	w1, w0, #0x3ff
   89938:	7100f03f 	cmp	w1, #0x3c
   8993c:	540004c8 	b.hi	899d4 <CSouthbridge::EnableIRQ(unsigned int)+0xac>  // b.pmore
   89940:	b0000062 	adrp	x2, 96000 <vtable for CDevice+0x4a8>
   89944:	f945d443 	ldr	x3, [x2, #2984]
   89948:	b4000503 	cbz	x3, 899e8 <CSouthbridge::EnableIRQ(unsigned int)+0xc0>
   8994c:	f9400862 	ldr	x2, [x3, #16]
   89950:	d2800026 	mov	x6, #0x1                   	// #1
   89954:	d2910005 	mov	x5, #0x8800                	// #34816
   89958:	9ac120c4 	lsl	x4, x6, x1
   8995c:	f2a00205 	movk	x5, #0x10, lsl #16
   89960:	f2c003e5 	movk	x5, #0x1f, lsl #32
   89964:	aa040042 	orr	x2, x2, x4
   89968:	f9000862 	str	x2, [x3, #16]
   8996c:	11000822 	add	w2, w1, #0x2
   89970:	8b214061 	add	x1, x3, w1, uxtw
   89974:	d37e2844 	ubfiz	x4, x2, #2, #11
   89978:	8b2228a2 	add	x2, x5, w2, uxth #2
   8997c:	37500100 	tbnz	w0, #10, 8999c <CSouthbridge::EnableIRQ(unsigned int)+0x74>
   89980:	390fa03f 	strb	wzr, [x1, #1000]
   89984:	52800100 	mov	w0, #0x8                   	// #8
   89988:	b9000040 	str	w0, [x2]
   8998c:	52800020 	mov	w0, #0x1                   	// #1
   89990:	b9000040 	str	w0, [x2]
   89994:	a8c17bfd 	ldp	x29, x30, [sp], #16
   89998:	d65f03c0 	ret
   8999c:	8b050084 	add	x4, x4, x5
   899a0:	390fa026 	strb	w6, [x1, #1000]
   899a4:	52800100 	mov	w0, #0x8                   	// #8
   899a8:	91100084 	add	x4, x4, #0x400
   899ac:	b9000080 	str	w0, [x4]
   899b0:	52800020 	mov	w0, #0x1                   	// #1
   899b4:	b9000040 	str	w0, [x2]
   899b8:	a8c17bfd 	ldp	x29, x30, [sp], #16
   899bc:	d65f03c0 	ret
   899c0:	90000061 	adrp	x1, 95000 <font_data+0x830>
   899c4:	528015c2 	mov	w2, #0xae                  	// #174
   899c8:	911fc021 	add	x1, x1, #0x7f0
   899cc:	91024020 	add	x0, x1, #0x90
   899d0:	94000194 	bl	8a020 <assertion_failed>
   899d4:	90000061 	adrp	x1, 95000 <font_data+0x830>
   899d8:	52801602 	mov	w2, #0xb0                  	// #176
   899dc:	911fc021 	add	x1, x1, #0x7f0
   899e0:	9102c020 	add	x0, x1, #0xb0
   899e4:	9400018f 	bl	8a020 <assertion_failed>
   899e8:	90000061 	adrp	x1, 95000 <font_data+0x830>
   899ec:	52801642 	mov	w2, #0xb2                  	// #178
   899f0:	911fc021 	add	x1, x1, #0x7f0
   899f4:	91034020 	add	x0, x1, #0xd0
   899f8:	9400018a 	bl	8a020 <assertion_failed>
   899fc:	d503201f 	nop

0000000000089a00 <CSouthbridge::ConnectIRQ(unsigned int, void (*)(void*), void*)>:
   89a00:	b0000066 	adrp	x6, 96000 <vtable for CDevice+0x4a8>
   89a04:	a9bf7bfd 	stp	x29, x30, [sp, #-16]!
   89a08:	aa0003e5 	mov	x5, x0
   89a0c:	910003fd 	mov	x29, sp
   89a10:	f945d4c4 	ldr	x4, [x6, #2984]
   89a14:	14000002 	b	89a1c <CSouthbridge::ConnectIRQ(unsigned int, void (*)(void*), void*)+0x1c>
   89a18:	aa0403e5 	mov	x5, x4
   89a1c:	eb05009f 	cmp	x4, x5
   89a20:	54ffffc1 	b.ne	89a18 <CSouthbridge::ConnectIRQ(unsigned int, void (*)(void*), void*)+0x18>  // b.any
   89a24:	912ea0c6 	add	x6, x6, #0xba8
   89a28:	394020c0 	ldrb	w0, [x6, #8]
   89a2c:	360001c0 	tbz	w0, #0, 89a64 <CSouthbridge::ConnectIRQ(unsigned int, void (*)(void*), void*)+0x64>
   89a30:	36580241 	tbz	w1, #11, 89a78 <CSouthbridge::ConnectIRQ(unsigned int, void (*)(void*), void*)+0x78>
   89a34:	12002425 	and	w5, w1, #0x3ff
   89a38:	7100f0bf 	cmp	w5, #0x3c
   89a3c:	54000288 	b.hi	89a8c <CSouthbridge::ConnectIRQ(unsigned int, void (*)(void*), void*)+0x8c>  // b.pmore
   89a40:	d37d24a5 	ubfiz	x5, x5, #3, #10
   89a44:	8b050084 	add	x4, x4, x5
   89a48:	f9400c80 	ldr	x0, [x4, #24]
   89a4c:	b50002a0 	cbnz	x0, 89aa0 <CSouthbridge::ConnectIRQ(unsigned int, void (*)(void*), void*)+0xa0>
   89a50:	a8c17bfd 	ldp	x29, x30, [sp], #16
   89a54:	2a0103e0 	mov	w0, w1
   89a58:	f9000c82 	str	x2, [x4, #24]
   89a5c:	f9010083 	str	x3, [x4, #512]
   89a60:	17ffffb2 	b	89928 <CSouthbridge::EnableIRQ(unsigned int)>
   89a64:	90000061 	adrp	x1, 95000 <font_data+0x830>
   89a68:	528010e2 	mov	w2, #0x87                  	// #135
   89a6c:	911fc021 	add	x1, x1, #0x7f0
   89a70:	91036020 	add	x0, x1, #0xd8
   89a74:	9400016b 	bl	8a020 <assertion_failed>
   89a78:	90000061 	adrp	x1, 95000 <font_data+0x830>
   89a7c:	52801122 	mov	w2, #0x89                  	// #137
   89a80:	911fc021 	add	x1, x1, #0x7f0
   89a84:	91024020 	add	x0, x1, #0x90
   89a88:	94000166 	bl	8a020 <assertion_failed>
   89a8c:	90000061 	adrp	x1, 95000 <font_data+0x830>
   89a90:	52801182 	mov	w2, #0x8c                  	// #140
   89a94:	911fc021 	add	x1, x1, #0x7f0
   89a98:	9102c020 	add	x0, x1, #0xb0
   89a9c:	94000161 	bl	8a020 <assertion_failed>
   89aa0:	90000061 	adrp	x1, 95000 <font_data+0x830>
   89aa4:	528011a2 	mov	w2, #0x8d                  	// #141
   89aa8:	911fc021 	add	x1, x1, #0x7f0
   89aac:	9103c020 	add	x0, x1, #0xf0
   89ab0:	9400015c 	bl	8a020 <assertion_failed>
   89ab4:	d503201f 	nop
   89ab8:	d503201f 	nop
   89abc:	d503201f 	nop

0000000000089ac0 <CSouthbridge::DisableIRQ(unsigned int)>:
   89ac0:	a9bf7bfd 	stp	x29, x30, [sp, #-16]!
   89ac4:	910003fd 	mov	x29, sp
   89ac8:	365802a0 	tbz	w0, #11, 89b1c <CSouthbridge::DisableIRQ(unsigned int)+0x5c>
   89acc:	12002400 	and	w0, w0, #0x3ff
   89ad0:	7100f01f 	cmp	w0, #0x3c
   89ad4:	540002e8 	b.hi	89b30 <CSouthbridge::DisableIRQ(unsigned int)+0x70>  // b.pmore
   89ad8:	d2918002 	mov	x2, #0x8c00                	// #35840
   89adc:	11000801 	add	w1, w0, #0x2
   89ae0:	f2a00202 	movk	x2, #0x10, lsl #16
   89ae4:	f2c003e2 	movk	x2, #0x1f, lsl #32
   89ae8:	8b214841 	add	x1, x2, w1, uxtw #2
   89aec:	52800022 	mov	w2, #0x1                   	// #1
   89af0:	b9000022 	str	w2, [x1]
   89af4:	b0000061 	adrp	x1, 96000 <vtable for CDevice+0x4a8>
   89af8:	f945d421 	ldr	x1, [x1, #2984]
   89afc:	b4000241 	cbz	x1, 89b44 <CSouthbridge::DisableIRQ(unsigned int)+0x84>
   89b00:	d2800022 	mov	x2, #0x1                   	// #1
   89b04:	a8c17bfd 	ldp	x29, x30, [sp], #16
   89b08:	9ac02042 	lsl	x2, x2, x0
   89b0c:	f9400820 	ldr	x0, [x1, #16]
   89b10:	8a220000 	bic	x0, x0, x2
   89b14:	f9000820 	str	x0, [x1, #16]
   89b18:	d65f03c0 	ret
   89b1c:	90000061 	adrp	x1, 95000 <font_data+0x830>
   89b20:	528018e2 	mov	w2, #0xc7                  	// #199
   89b24:	911fc021 	add	x1, x1, #0x7f0
   89b28:	91024020 	add	x0, x1, #0x90
   89b2c:	9400013d 	bl	8a020 <assertion_failed>
   89b30:	90000061 	adrp	x1, 95000 <font_data+0x830>
   89b34:	52801922 	mov	w2, #0xc9                  	// #201
   89b38:	911fc021 	add	x1, x1, #0x7f0
   89b3c:	9102c020 	add	x0, x1, #0xb0
   89b40:	94000138 	bl	8a020 <assertion_failed>
   89b44:	90000061 	adrp	x1, 95000 <font_data+0x830>
   89b48:	528019a2 	mov	w2, #0xcd                  	// #205
   89b4c:	911fc021 	add	x1, x1, #0x7f0
   89b50:	91034020 	add	x0, x1, #0xd0
   89b54:	94000133 	bl	8a020 <assertion_failed>
   89b58:	d503201f 	nop
   89b5c:	d503201f 	nop

0000000000089b60 <CSouthbridge::DisconnectIRQ(unsigned int)>:
   89b60:	a9be7bfd 	stp	x29, x30, [sp, #-32]!
   89b64:	b0000064 	adrp	x4, 96000 <vtable for CDevice+0x4a8>
   89b68:	910003fd 	mov	x29, sp
   89b6c:	aa0003e3 	mov	x3, x0
   89b70:	f945d482 	ldr	x2, [x4, #2984]
   89b74:	f9000bf3 	str	x19, [sp, #16]
   89b78:	14000002 	b	89b80 <CSouthbridge::DisconnectIRQ(unsigned int)+0x20>
   89b7c:	aa0203e3 	mov	x3, x2
   89b80:	eb03005f 	cmp	x2, x3
   89b84:	54ffffc1 	b.ne	89b7c <CSouthbridge::DisconnectIRQ(unsigned int)+0x1c>  // b.any
   89b88:	912ea084 	add	x4, x4, #0xba8
   89b8c:	39402080 	ldrb	w0, [x4, #8]
   89b90:	36000200 	tbz	w0, #0, 89bd0 <CSouthbridge::DisconnectIRQ(unsigned int)+0x70>
   89b94:	36580281 	tbz	w1, #11, 89be4 <CSouthbridge::DisconnectIRQ(unsigned int)+0x84>
   89b98:	12002423 	and	w3, w1, #0x3ff
   89b9c:	7100f07f 	cmp	w3, #0x3c
   89ba0:	540002c8 	b.hi	89bf8 <CSouthbridge::DisconnectIRQ(unsigned int)+0x98>  // b.pmore
   89ba4:	d37d2463 	ubfiz	x3, x3, #3, #10
   89ba8:	8b030053 	add	x19, x2, x3
   89bac:	f9400e60 	ldr	x0, [x19, #24]
   89bb0:	b40002e0 	cbz	x0, 89c0c <CSouthbridge::DisconnectIRQ(unsigned int)+0xac>
   89bb4:	2a0103e0 	mov	w0, w1
   89bb8:	97ffffc2 	bl	89ac0 <CSouthbridge::DisableIRQ(unsigned int)>
   89bbc:	f9000e7f 	str	xzr, [x19, #24]
   89bc0:	f901027f 	str	xzr, [x19, #512]
   89bc4:	f9400bf3 	ldr	x19, [sp, #16]
   89bc8:	a8c27bfd 	ldp	x29, x30, [sp], #32
   89bcc:	d65f03c0 	ret
   89bd0:	90000061 	adrp	x1, 95000 <font_data+0x830>
   89bd4:	528013c2 	mov	w2, #0x9e                  	// #158
   89bd8:	911fc021 	add	x1, x1, #0x7f0
   89bdc:	91036020 	add	x0, x1, #0xd8
   89be0:	94000110 	bl	8a020 <assertion_failed>
   89be4:	90000061 	adrp	x1, 95000 <font_data+0x830>
   89be8:	52801402 	mov	w2, #0xa0                  	// #160
   89bec:	911fc021 	add	x1, x1, #0x7f0
   89bf0:	91024020 	add	x0, x1, #0x90
   89bf4:	9400010b 	bl	8a020 <assertion_failed>
   89bf8:	90000061 	adrp	x1, 95000 <font_data+0x830>
   89bfc:	52801462 	mov	w2, #0xa3                  	// #163
   89c00:	911fc021 	add	x1, x1, #0x7f0
   89c04:	9102c020 	add	x0, x1, #0xb0
   89c08:	94000106 	bl	8a020 <assertion_failed>
   89c0c:	90000061 	adrp	x1, 95000 <font_data+0x830>
   89c10:	52801482 	mov	w2, #0xa4                  	// #164
   89c14:	911fc021 	add	x1, x1, #0x7f0
   89c18:	91044020 	add	x0, x1, #0x110
   89c1c:	94000101 	bl	8a020 <assertion_failed>

0000000000089c20 <CSouthbridge::InterruptHandler(void*)>:
   89c20:	b0000060 	adrp	x0, 96000 <vtable for CDevice+0x4a8>
   89c24:	a9bc7bfd 	stp	x29, x30, [sp, #-64]!
   89c28:	910003fd 	mov	x29, sp
   89c2c:	f945d401 	ldr	x1, [x0, #2984]
   89c30:	b4000821 	cbz	x1, 89d34 <CSouthbridge::InterruptHandler(void*)+0x114>
   89c34:	a9025bf5 	stp	x21, x22, [sp, #32]
   89c38:	912ea016 	add	x22, x0, #0xba8
   89c3c:	394022c0 	ldrb	w0, [x22, #8]
   89c40:	a90153f3 	stp	x19, x20, [sp, #16]
   89c44:	36000880 	tbz	w0, #0, 89d54 <CSouthbridge::InterruptHandler(void*)+0x134>
   89c48:	d2902195 	mov	x21, #0x810c                	// #33036
   89c4c:	f2a00215 	movk	x21, #0x10, lsl #16
   89c50:	f2c003f5 	movk	x21, #0x1f, lsl #32
   89c54:	b94002b3 	ldr	w19, [x21]
   89c58:	d10012b5 	sub	x21, x21, #0x4
   89c5c:	b94002a0 	ldr	w0, [x21]
   89c60:	aa138013 	orr	x19, x0, x19, lsl #32
   89c64:	f9400820 	ldr	x0, [x1, #16]
   89c68:	ea000273 	ands	x19, x19, x0
   89c6c:	540003e0 	b.eq	89ce8 <CSouthbridge::InterruptHandler(void*)+0xc8>  // b.none
   89c70:	f9001bf7 	str	x23, [sp, #48]
   89c74:	911c02b5 	add	x21, x21, #0x700
   89c78:	52800014 	mov	w20, #0x0                   	// #0
   89c7c:	36000553 	tbz	w19, #0, 89d24 <CSouthbridge::InterruptHandler(void*)+0x104>
   89c80:	f94002c0 	ldr	x0, [x22]
   89c84:	8b344c00 	add	x0, x0, w20, uxtw #3
   89c88:	2a1403f7 	mov	w23, w20
   89c8c:	f9400c01 	ldr	x1, [x0, #24]
   89c90:	b4000341 	cbz	x1, 89cf8 <CSouthbridge::InterruptHandler(void*)+0xd8>
   89c94:	f9410000 	ldr	x0, [x0, #512]
   89c98:	d63f0020 	blr	x1
   89c9c:	f94002c0 	ldr	x0, [x22]
   89ca0:	8b170000 	add	x0, x0, x23
   89ca4:	394fa000 	ldrb	w0, [x0, #1000]
   89ca8:	36000160 	tbz	w0, #0, 89cd4 <CSouthbridge::InterruptHandler(void*)+0xb4>
   89cac:	d341fe73 	lsr	x19, x19, #1
   89cb0:	b40001b3 	cbz	x19, 89ce4 <CSouthbridge::InterruptHandler(void*)+0xc4>
   89cb4:	11000694 	add	w20, w20, #0x1
   89cb8:	910012b5 	add	x21, x21, #0x4
   89cbc:	3707fe33 	tbnz	w19, #0, 89c80 <CSouthbridge::InterruptHandler(void*)+0x60>
   89cc0:	d341fe73 	lsr	x19, x19, #1
   89cc4:	11000694 	add	w20, w20, #0x1
   89cc8:	910012b5 	add	x21, x21, #0x4
   89ccc:	3707fdb3 	tbnz	w19, #0, 89c80 <CSouthbridge::InterruptHandler(void*)+0x60>
   89cd0:	14000015 	b	89d24 <CSouthbridge::InterruptHandler(void*)+0x104>
   89cd4:	52800080 	mov	w0, #0x4                   	// #4
   89cd8:	b90002a0 	str	w0, [x21]
   89cdc:	d341fe73 	lsr	x19, x19, #1
   89ce0:	b5fffeb3 	cbnz	x19, 89cb4 <CSouthbridge::InterruptHandler(void*)+0x94>
   89ce4:	f9401bf7 	ldr	x23, [sp, #48]
   89ce8:	a94153f3 	ldp	x19, x20, [sp, #16]
   89cec:	a9425bf5 	ldp	x21, x22, [sp, #32]
   89cf0:	a8c47bfd 	ldp	x29, x30, [sp], #64
   89cf4:	d65f03c0 	ret
   89cf8:	32150280 	orr	w0, w20, #0x800
   89cfc:	97ffff71 	bl	89ac0 <CSouthbridge::DisableIRQ(unsigned int)>
   89d00:	94000a70 	bl	8c6c0 <CLogger::Get()>
   89d04:	90000061 	adrp	x1, 95000 <font_data+0x830>
   89d08:	2a1403e4 	mov	w4, w20
   89d0c:	911fc021 	add	x1, x1, #0x7f0
   89d10:	52800042 	mov	w2, #0x2                   	// #2
   89d14:	9104c023 	add	x3, x1, #0x130
   89d18:	9101a021 	add	x1, x1, #0x68
   89d1c:	94000c49 	bl	8ce40 <CLogger::Write(char const*, TLogSeverity, char const*, ...)>
   89d20:	17ffffdf 	b	89c9c <CSouthbridge::InterruptHandler(void*)+0x7c>
   89d24:	11000694 	add	w20, w20, #0x1
   89d28:	d341fe73 	lsr	x19, x19, #1
   89d2c:	910012b5 	add	x21, x21, #0x4
   89d30:	17ffffe3 	b	89cbc <CSouthbridge::InterruptHandler(void*)+0x9c>
   89d34:	90000061 	adrp	x1, 95000 <font_data+0x830>
   89d38:	52801fa2 	mov	w2, #0xfd                  	// #253
   89d3c:	a90153f3 	stp	x19, x20, [sp, #16]
   89d40:	911fc021 	add	x1, x1, #0x7f0
   89d44:	91034020 	add	x0, x1, #0xd0
   89d48:	a9025bf5 	stp	x21, x22, [sp, #32]
   89d4c:	f9001bf7 	str	x23, [sp, #48]
   89d50:	940000b4 	bl	8a020 <assertion_failed>
   89d54:	90000061 	adrp	x1, 95000 <font_data+0x830>
   89d58:	52801fc2 	mov	w2, #0xfe                  	// #254
   89d5c:	f9001bf7 	str	x23, [sp, #48]
   89d60:	911fc021 	add	x1, x1, #0x7f0
   89d64:	91036020 	add	x0, x1, #0xd8
   89d68:	940000ae 	bl	8a020 <assertion_failed>

0000000000089d6c <CSouthbridge::Get()>:
   89d6c:	b0000060 	adrp	x0, 96000 <vtable for CDevice+0x4a8>
   89d70:	f945d400 	ldr	x0, [x0, #2984]
   89d74:	b4000040 	cbz	x0, 89d7c <CSouthbridge::Get()+0x10>
   89d78:	d65f03c0 	ret
   89d7c:	90000061 	adrp	x1, 95000 <font_data+0x830>
   89d80:	a9bf7bfd 	stp	x29, x30, [sp, #-16]!
   89d84:	52801a62 	mov	w2, #0xd3                  	// #211
   89d88:	911fc021 	add	x1, x1, #0x7f0
   89d8c:	910003fd 	mov	x29, sp
   89d90:	91034020 	add	x0, x1, #0xd0
   89d94:	940000a3 	bl	8a020 <assertion_failed>
   89d98:	d503201f 	nop
   89d9c:	d503201f 	nop

0000000000089da0 <CSouthbridge::DumpStatus()>:
   89da0:	a9bb7bfd 	stp	x29, x30, [sp, #-80]!
   89da4:	b0000061 	adrp	x1, 96000 <vtable for CDevice+0x4a8>
   89da8:	910003fd 	mov	x29, sp
   89dac:	a9025bf5 	stp	x21, x22, [sp, #32]
   89db0:	f945d435 	ldr	x21, [x1, #2984]
   89db4:	14000002 	b	89dbc <CSouthbridge::DumpStatus()+0x1c>
   89db8:	aa1503e0 	mov	x0, x21
   89dbc:	eb0002bf 	cmp	x21, x0
   89dc0:	54ffffc1 	b.ne	89db8 <CSouthbridge::DumpStatus()+0x18>  // b.any
   89dc4:	912ea021 	add	x1, x1, #0xba8
   89dc8:	39402020 	ldrb	w0, [x1, #8]
   89dcc:	360005a0 	tbz	w0, #0, 89e80 <CSouthbridge::DumpStatus()+0xe0>
   89dd0:	a90153f3 	stp	x19, x20, [sp, #16]
   89dd4:	a90363f7 	stp	x23, x24, [sp, #48]
   89dd8:	a9046bf9 	stp	x25, x26, [sp, #64]
   89ddc:	f94006a0 	ldr	x0, [x21, #8]
   89de0:	b4000620 	cbz	x0, 89ea4 <CSouthbridge::DumpStatus()+0x104>
   89de4:	52800002 	mov	w2, #0x0                   	// #0
   89de8:	52800001 	mov	w1, #0x0                   	// #0
   89dec:	9400197e 	bl	903e4 <CBcmPCIeHostBridge::DumpStatus(unsigned int, unsigned int)>
   89df0:	90000076 	adrp	x22, 95000 <font_data+0x830>
   89df4:	910062b4 	add	x20, x21, #0x18
   89df8:	94000a32 	bl	8c6c0 <CLogger::Get()>
   89dfc:	911fc2d6 	add	x22, x22, #0x7f0
   89e00:	52800082 	mov	w2, #0x4                   	// #4
   89e04:	9105a2c3 	add	x3, x22, #0x168
   89e08:	9101a2c1 	add	x1, x22, #0x68
   89e0c:	910802b9 	add	x25, x21, #0x200
   89e10:	d2800013 	mov	x19, #0x0                   	// #0
   89e14:	910fa2b5 	add	x21, x21, #0x3e8
   89e18:	52800d9a 	mov	w26, #0x6c                  	// #108
   89e1c:	52800cb8 	mov	w24, #0x65                  	// #101
   89e20:	910622d7 	add	x23, x22, #0x188
   89e24:	94000c07 	bl	8ce40 <CLogger::Write(char const*, TLogSeverity, char const*, ...)>
   89e28:	f8737a80 	ldr	x0, [x20, x19, lsl #3]
   89e2c:	b4000180 	cbz	x0, 89e5c <CSouthbridge::DumpStatus()+0xbc>
   89e30:	94000a24 	bl	8c6c0 <CLogger::Get()>
   89e34:	38736aa1 	ldrb	w1, [x21, x19]
   89e38:	2a1303e4 	mov	w4, w19
   89e3c:	aa1703e3 	mov	x3, x23
   89e40:	52800082 	mov	w2, #0x4                   	// #4
   89e44:	f8737b26 	ldr	x6, [x25, x19, lsl #3]
   89e48:	f8737a85 	ldr	x5, [x20, x19, lsl #3]
   89e4c:	f240003f 	tst	x1, #0x1
   89e50:	9101a2c1 	add	x1, x22, #0x68
   89e54:	1a980347 	csel	w7, w26, w24, eq	// eq = none
   89e58:	94000bfa 	bl	8ce40 <CLogger::Write(char const*, TLogSeverity, char const*, ...)>
   89e5c:	91000673 	add	x19, x19, #0x1
   89e60:	f100f67f 	cmp	x19, #0x3d
   89e64:	54fffe21 	b.ne	89e28 <CSouthbridge::DumpStatus()+0x88>  // b.any
   89e68:	a94153f3 	ldp	x19, x20, [sp, #16]
   89e6c:	a94363f7 	ldp	x23, x24, [sp, #48]
   89e70:	a9446bf9 	ldp	x25, x26, [sp, #64]
   89e74:	a9425bf5 	ldp	x21, x22, [sp, #32]
   89e78:	a8c57bfd 	ldp	x29, x30, [sp], #80
   89e7c:	d65f03c0 	ret
   89e80:	94000a10 	bl	8c6c0 <CLogger::Get()>
   89e84:	90000061 	adrp	x1, 95000 <font_data+0x830>
   89e88:	a9425bf5 	ldp	x21, x22, [sp, #32]
   89e8c:	52800082 	mov	w2, #0x4                   	// #4
   89e90:	911fc021 	add	x1, x1, #0x7f0
   89e94:	91052023 	add	x3, x1, #0x148
   89e98:	9101a021 	add	x1, x1, #0x68
   89e9c:	a8c57bfd 	ldp	x29, x30, [sp], #80
   89ea0:	14000be8 	b	8ce40 <CLogger::Write(char const*, TLogSeverity, char const*, ...)>
   89ea4:	90000061 	adrp	x1, 95000 <font_data+0x830>
   89ea8:	52801d22 	mov	w2, #0xe9                  	// #233
   89eac:	911fc021 	add	x1, x1, #0x7f0
   89eb0:	9100e020 	add	x0, x1, #0x38
   89eb4:	9400005b 	bl	8a020 <assertion_failed>
	...

0000000000089ec0 <malloc>:
   89ec0:	b0000061 	adrp	x1, 96000 <vtable for CDevice+0x4a8>
   89ec4:	f9457422 	ldr	x2, [x1, #2792]
   89ec8:	aa0003e1 	mov	x1, x0
   89ecc:	91006040 	add	x0, x2, #0x18
   89ed0:	17fff496 	b	87128 <CHeapAllocator::Allocate(unsigned long)>
   89ed4:	d503201f 	nop
   89ed8:	d503201f 	nop
   89edc:	d503201f 	nop

0000000000089ee0 <memalign>:
   89ee0:	f101001f 	cmp	x0, #0x40
   89ee4:	540000a8 	b.hi	89ef8 <memalign+0x18>  // b.pmore
   89ee8:	b0000060 	adrp	x0, 96000 <vtable for CDevice+0x4a8>
   89eec:	f9457400 	ldr	x0, [x0, #2792]
   89ef0:	91006000 	add	x0, x0, #0x18
   89ef4:	17fff48d 	b	87128 <CHeapAllocator::Allocate(unsigned long)>
   89ef8:	90000061 	adrp	x1, 95000 <font_data+0x830>
   89efc:	a9bf7bfd 	stp	x29, x30, [sp, #-16]!
   89f00:	52800422 	mov	w2, #0x21                  	// #33
   89f04:	91264021 	add	x1, x1, #0x990
   89f08:	910003fd 	mov	x29, sp
   89f0c:	91004020 	add	x0, x1, #0x10
   89f10:	94000044 	bl	8a020 <assertion_failed>
   89f14:	d503201f 	nop
   89f18:	d503201f 	nop
   89f1c:	d503201f 	nop

0000000000089f20 <free>:
   89f20:	aa0003e1 	mov	x1, x0
   89f24:	b24077e2 	mov	x2, #0x3fffffff            	// #1073741823
   89f28:	b0000060 	adrp	x0, 96000 <vtable for CDevice+0x4a8>
   89f2c:	f9457400 	ldr	x0, [x0, #2792]
   89f30:	eb02003f 	cmp	x1, x2
   89f34:	54000068 	b.hi	89f40 <free+0x20>  // b.pmore
   89f38:	91006000 	add	x0, x0, #0x18
   89f3c:	17fff4d9 	b	872a0 <CHeapAllocator::Free(void*)>
   89f40:	91064000 	add	x0, x0, #0x190
   89f44:	17fff4d7 	b	872a0 <CHeapAllocator::Free(void*)>

0000000000089f48 <calloc>:
   89f48:	9b007c21 	mul	x1, x1, x0
   89f4c:	a9be7bfd 	stp	x29, x30, [sp, #-32]!
   89f50:	910003fd 	mov	x29, sp
   89f54:	f100003f 	cmp	x1, #0x0
   89f58:	9a9f1421 	csinc	x1, x1, xzr, ne	// ne = any
   89f5c:	eb01001f 	cmp	x0, x1
   89f60:	54000208 	b.hi	89fa0 <calloc+0x58>  // b.pmore
   89f64:	b0000060 	adrp	x0, 96000 <vtable for CDevice+0x4a8>
   89f68:	f9000be1 	str	x1, [sp, #16]
   89f6c:	f9457400 	ldr	x0, [x0, #2792]
   89f70:	91006000 	add	x0, x0, #0x18
   89f74:	97fff46d 	bl	87128 <CHeapAllocator::Allocate(unsigned long)>
   89f78:	aa0003e3 	mov	x3, x0
   89f7c:	b40000c0 	cbz	x0, 89f94 <calloc+0x4c>
   89f80:	f9400be2 	ldr	x2, [sp, #16]
   89f84:	52800001 	mov	w1, #0x0                   	// #0
   89f88:	f9000fe0 	str	x0, [sp, #24]
   89f8c:	97fff28b 	bl	869b8 <memset>
   89f90:	f9400fe3 	ldr	x3, [sp, #24]
   89f94:	aa0303e0 	mov	x0, x3
   89f98:	a8c27bfd 	ldp	x29, x30, [sp], #32
   89f9c:	d65f03c0 	ret
   89fa0:	90000061 	adrp	x1, 95000 <font_data+0x830>
   89fa4:	52800622 	mov	w2, #0x31                  	// #49
   89fa8:	91264021 	add	x1, x1, #0x990
   89fac:	9100c020 	add	x0, x1, #0x30
   89fb0:	9400001c 	bl	8a020 <assertion_failed>
   89fb4:	d503201f 	nop
   89fb8:	d503201f 	nop
   89fbc:	d503201f 	nop

0000000000089fc0 <realloc>:
   89fc0:	b0000062 	adrp	x2, 96000 <vtable for CDevice+0x4a8>
   89fc4:	f9457443 	ldr	x3, [x2, #2792]
   89fc8:	b24077e2 	mov	x2, #0x3fffffff            	// #1073741823
   89fcc:	eb02001f 	cmp	x0, x2
   89fd0:	aa0103e2 	mov	x2, x1
   89fd4:	aa0003e1 	mov	x1, x0
   89fd8:	54000068 	b.hi	89fe4 <realloc+0x24>  // b.pmore
   89fdc:	91006060 	add	x0, x3, #0x18
   89fe0:	17fff4f4 	b	873b0 <CHeapAllocator::ReAllocate(void*, unsigned long)>
   89fe4:	91064060 	add	x0, x3, #0x190
   89fe8:	17fff4f2 	b	873b0 <CHeapAllocator::ReAllocate(void*, unsigned long)>

0000000000089fec <palloc>:
   89fec:	b0000060 	adrp	x0, 96000 <vtable for CDevice+0x4a8>
   89ff0:	f9457400 	ldr	x0, [x0, #2792]
   89ff4:	910c2000 	add	x0, x0, #0x308
   89ff8:	14001525 	b	8f48c <CPageAllocator::Allocate()>
   89ffc:	d503201f 	nop

000000000008a000 <pfree>:
   8a000:	90000061 	adrp	x1, 96000 <vtable for CDevice+0x4a8>
   8a004:	f9457422 	ldr	x2, [x1, #2792]
   8a008:	aa0003e1 	mov	x1, x0
   8a00c:	910c2040 	add	x0, x2, #0x308
   8a010:	14001550 	b	8f550 <CPageAllocator::Free(void*)>
	...

000000000008a020 <assertion_failed>:
   8a020:	a9bb7bfd 	stp	x29, x30, [sp, #-80]!
   8a024:	910003fd 	mov	x29, sp
   8a028:	a90153f3 	stp	x19, x20, [sp, #16]
   8a02c:	aa0003f4 	mov	x20, x0
   8a030:	a9025bf5 	stp	x21, x22, [sp, #32]
   8a034:	aa0103f5 	mov	x21, x1
   8a038:	2a0203f6 	mov	w22, w2
   8a03c:	910003f3 	mov	x19, sp
   8a040:	97fffaca 	bl	88b68 <CInterruptSystem::DisableFIQ()>
   8a044:	d50341ff 	msr	daifclr, #0x1
   8a048:	9100c3e0 	add	x0, sp, #0x30
   8a04c:	97ffe4ef 	bl	83408 <CString::CString()>
   8a050:	b0000041 	adrp	x1, 93000 <CExceptionHandler::Throw(unsigned int, TAbortFrame*)+0xc0>
   8a054:	2a1603e3 	mov	w3, w22
   8a058:	aa1503e2 	mov	x2, x21
   8a05c:	91264021 	add	x1, x1, #0x990
   8a060:	9100c3e0 	add	x0, sp, #0x30
   8a064:	97ffeb69 	bl	84e08 <CString::Format(char const*, ...)>
   8a068:	9100c3e0 	add	x0, sp, #0x30
   8a06c:	97ffe521 	bl	834f0 <CString::operator char const*() const>
   8a070:	aa0003e1 	mov	x1, x0
   8a074:	aa1303e0 	mov	x0, x19
   8a078:	9400030a 	bl	8aca0 <DebugStackTrace(unsigned long const*, char const*)>
   8a07c:	94000991 	bl	8c6c0 <CLogger::Get()>
   8a080:	aa0003f3 	mov	x19, x0
   8a084:	9100c3e0 	add	x0, sp, #0x30
   8a088:	97ffe51a 	bl	834f0 <CString::operator char const*() const>
   8a08c:	b0000043 	adrp	x3, 93000 <CExceptionHandler::Throw(unsigned int, TAbortFrame*)+0xc0>
   8a090:	aa0003e1 	mov	x1, x0
   8a094:	aa1403e4 	mov	x4, x20
   8a098:	91266063 	add	x3, x3, #0x998
   8a09c:	52800002 	mov	w2, #0x0                   	// #0
   8a0a0:	aa1303e0 	mov	x0, x19
   8a0a4:	94000b67 	bl	8ce40 <CLogger::Write(char const*, TLogSeverity, char const*, ...)>
   8a0a8:	14000000 	b	8a0a8 <assertion_failed+0x88>
	...

000000000008a0c0 <CBcmFrameBuffer::SetPixel(unsigned int, unsigned int, unsigned int)>:
   8a0c0:	b9401c04 	ldr	w4, [x0, #28]
   8a0c4:	7100409f 	cmp	w4, #0x10
   8a0c8:	54000220 	b.eq	8a10c <CBcmFrameBuffer::SetPixel(unsigned int, unsigned int, unsigned int)+0x4c>  // b.none
   8a0cc:	7100809f 	cmp	w4, #0x20
   8a0d0:	54000120 	b.eq	8a0f4 <CBcmFrameBuffer::SetPixel(unsigned int, unsigned int, unsigned int)+0x34>  // b.none
   8a0d4:	7100209f 	cmp	w4, #0x8
   8a0d8:	540000c1 	b.ne	8a0f0 <CBcmFrameBuffer::SetPixel(unsigned int, unsigned int, unsigned int)+0x30>  // b.any
   8a0dc:	b9402c04 	ldr	w4, [x0, #44]
   8a0e0:	b9402400 	ldr	w0, [x0, #36]
   8a0e4:	1b047c42 	mul	w2, w2, w4
   8a0e8:	8b000042 	add	x2, x2, x0
   8a0ec:	38214843 	strb	w3, [x2, w1, uxtw]
   8a0f0:	d65f03c0 	ret
   8a0f4:	b9402c04 	ldr	w4, [x0, #44]
   8a0f8:	b9402400 	ldr	w0, [x0, #36]
   8a0fc:	8b214801 	add	x1, x0, w1, uxtw #2
   8a100:	1b047c42 	mul	w2, w2, w4
   8a104:	b8224823 	str	w3, [x1, w2, uxtw]
   8a108:	d65f03c0 	ret
   8a10c:	b9402c04 	ldr	w4, [x0, #44]
   8a110:	b9402400 	ldr	w0, [x0, #36]
   8a114:	8b214401 	add	x1, x0, w1, uxtw #1
   8a118:	1b047c42 	mul	w2, w2, w4
   8a11c:	78224823 	strh	w3, [x1, w2, uxtw]
   8a120:	d65f03c0 	ret

000000000008a124 <CBcmFrameBuffer::GetWidth() const>:
   8a124:	b9400c00 	ldr	w0, [x0, #12]
   8a128:	d65f03c0 	ret

000000000008a12c <CBcmFrameBuffer::GetHeight() const>:
   8a12c:	b9401000 	ldr	w0, [x0, #16]
   8a130:	d65f03c0 	ret
   8a134:	d503201f 	nop
   8a138:	d503201f 	nop
   8a13c:	d503201f 	nop

000000000008a140 <CBcmFrameBuffer::GetDepth() const>:
   8a140:	b9401c00 	ldr	w0, [x0, #28]
   8a144:	d65f03c0 	ret

000000000008a148 <CBcmFrameBuffer::~CBcmFrameBuffer()>:
   8a148:	aa0003e2 	mov	x2, x0
   8a14c:	f0000040 	adrp	x0, 95000 <font_data+0x830>
   8a150:	9127a000 	add	x0, x0, #0x9e8
   8a154:	f9000040 	str	x0, [x2]
   8a158:	f9401840 	ldr	x0, [x2, #48]
   8a15c:	b4000160 	cbz	x0, 8a188 <CBcmFrameBuffer::~CBcmFrameBuffer()+0x40>
   8a160:	a9be7bfd 	stp	x29, x30, [sp, #-32]!
   8a164:	d2800281 	mov	x1, #0x14                  	// #20
   8a168:	910003fd 	mov	x29, sp
   8a16c:	f9000fe2 	str	x2, [sp, #24]
   8a170:	97fff2e0 	bl	86cf0 <operator delete(void*, unsigned long)>
   8a174:	f9400fe2 	ldr	x2, [sp, #24]
   8a178:	f900185f 	str	xzr, [x2, #48]
   8a17c:	9102a040 	add	x0, x2, #0xa8
   8a180:	a8c27bfd 	ldp	x29, x30, [sp], #32
   8a184:	140004c0 	b	8b484 <CDMAChannel::~CDMAChannel()>
   8a188:	9102a040 	add	x0, x2, #0xa8
   8a18c:	f900185f 	str	xzr, [x2, #48]
   8a190:	140004bd 	b	8b484 <CDMAChannel::~CDMAChannel()>
   8a194:	d503201f 	nop
   8a198:	d503201f 	nop
   8a19c:	d503201f 	nop

000000000008a1a0 <CBcmFrameBuffer::SetArea(CDisplay::TArea const&, void const*, void (*)(void*), void*)>:
   8a1a0:	a9bc7bfd 	stp	x29, x30, [sp, #-64]!
   8a1a4:	910003fd 	mov	x29, sp
   8a1a8:	52800026 	mov	w6, #0x1                   	// #1
   8a1ac:	a90153f3 	stp	x19, x20, [sp, #16]
   8a1b0:	aa0003f4 	mov	x20, x0
   8a1b4:	91052013 	add	x19, x0, #0x148
   8a1b8:	a9025bf5 	stp	x21, x22, [sp, #32]
   8a1bc:	aa0303f5 	mov	x21, x3
   8a1c0:	f9001bf7 	str	x23, [sp, #48]
   8a1c4:	aa0403f7 	mov	x23, x4
   8a1c8:	52800005 	mov	w5, #0x0                   	// #0
   8a1cc:	88a57e66 	cas	w5, w6, [x19]
   8a1d0:	35ffffc5 	cbnz	w5, 8a1c8 <CBcmFrameBuffer::SetArea(CDisplay::TArea const&, void const*, void (*)(void*), void*)+0x28>
   8a1d4:	29400028 	ldp	w8, w0, [x1]
   8a1d8:	b9401e86 	ldr	w6, [x20, #28]
   8a1dc:	b9402e87 	ldr	w7, [x20, #44]
   8a1e0:	4b080000 	sub	w0, w0, w8
   8a1e4:	1b061800 	madd	w0, w0, w6, w6
   8a1e8:	2a0703e5 	mov	w5, w7
   8a1ec:	53037c03 	lsr	w3, w0, #3
   8a1f0:	29410024 	ldp	w4, w0, [x1, #8]
   8a1f4:	cb0300a5 	sub	x5, x5, x3
   8a1f8:	b9402681 	ldr	w1, [x20, #36]
   8a1fc:	11000400 	add	w0, w0, #0x1
   8a200:	1b0404e7 	madd	w7, w7, w4, w1
   8a204:	4b040004 	sub	w4, w0, w4
   8a208:	9102a280 	add	x0, x20, #0xa8
   8a20c:	1b087cc1 	mul	w1, w6, w8
   8a210:	52800046 	mov	w6, #0x2                   	// #2
   8a214:	0b410ce1 	add	w1, w7, w1, lsr #3
   8a218:	940006f2 	bl	8bde0 <CDMAChannel::SetupMemCopy2D(void*, void const*, unsigned long, unsigned int, unsigned long, unsigned int)>
   8a21c:	b40001b5 	cbz	x21, 8a250 <CBcmFrameBuffer::SetArea(CDisplay::TArea const&, void const*, void (*)(void*), void*)+0xb0>
   8a220:	90000001 	adrp	x1, 8a000 <pfree>
   8a224:	aa1403e2 	mov	x2, x20
   8a228:	a913de95 	stp	x21, x23, [x20, #312]
   8a22c:	9102a280 	add	x0, x20, #0xa8
   8a230:	910a0021 	add	x1, x1, #0x280
   8a234:	94000773 	bl	8c000 <CDMAChannel::SetCompletionRoutine(void (*)(unsigned int, unsigned int, bool, void*), void*)>
   8a238:	f9401bf7 	ldr	x23, [sp, #48]
   8a23c:	9102a280 	add	x0, x20, #0xa8
   8a240:	a9425bf5 	ldp	x21, x22, [sp, #32]
   8a244:	a94153f3 	ldp	x19, x20, [sp, #16]
   8a248:	a8c47bfd 	ldp	x29, x30, [sp], #64
   8a24c:	1400079d 	b	8c0c0 <CDMAChannel::Start()>
   8a250:	9102a280 	add	x0, x20, #0xa8
   8a254:	9400079b 	bl	8c0c0 <CDMAChannel::Start()>
   8a258:	9102a280 	add	x0, x20, #0xa8
   8a25c:	94000801 	bl	8c260 <CDMAChannel::Wait()>
   8a260:	b900027f 	str	wzr, [x19]
   8a264:	f9401bf7 	ldr	x23, [sp, #48]
   8a268:	a94153f3 	ldp	x19, x20, [sp, #16]
   8a26c:	a9425bf5 	ldp	x21, x22, [sp, #32]
   8a270:	a8c47bfd 	ldp	x29, x30, [sp], #64
   8a274:	d65f03c0 	ret
   8a278:	d503201f 	nop
   8a27c:	d503201f 	nop

000000000008a280 <CBcmFrameBuffer::DMACompletionRoutine(unsigned int, unsigned int, bool, void*)>:
   8a280:	91052060 	add	x0, x3, #0x148
   8a284:	b900001f 	str	wzr, [x0]
   8a288:	a9538061 	ldp	x1, x0, [x3, #312]
   8a28c:	aa0103f0 	mov	x16, x1
   8a290:	d61f0200 	br	x16
   8a294:	d503201f 	nop
   8a298:	d503201f 	nop
   8a29c:	d503201f 	nop

000000000008a2a0 <CBcmFrameBuffer::SetDisplay() [clone .part.0]>:
   8a2a0:	a9bc7bfd 	stp	x29, x30, [sp, #-64]!
   8a2a4:	910003fd 	mov	x29, sp
   8a2a8:	52800001 	mov	w1, #0x0                   	// #0
   8a2ac:	f9000bf3 	str	x19, [sp, #16]
   8a2b0:	aa0003f3 	mov	x19, x0
   8a2b4:	9100a3e0 	add	x0, sp, #0x28
   8a2b8:	940001e2 	bl	8aa40 <CBcmPropertyTags::CBcmPropertyTags(bool)>
   8a2bc:	b9402260 	ldr	w0, [x19, #32]
   8a2c0:	52900261 	mov	w1, #0x8013                	// #32787
   8a2c4:	52800084 	mov	w4, #0x4                   	// #4
   8a2c8:	52800203 	mov	w3, #0x10                  	// #16
   8a2cc:	9100c3e2 	add	x2, sp, #0x30
   8a2d0:	72a00081 	movk	w1, #0x4, lsl #16
   8a2d4:	b9003fe0 	str	w0, [sp, #60]
   8a2d8:	9100a3e0 	add	x0, sp, #0x28
   8a2dc:	94000231 	bl	8aba0 <CBcmPropertyTags::GetTag(unsigned int, void*, unsigned int, unsigned int)>
   8a2e0:	36000080 	tbz	w0, #0, 8a2f0 <CBcmFrameBuffer::SetDisplay() [clone .part.0]+0x50>
   8a2e4:	b9402261 	ldr	w1, [x19, #32]
   8a2e8:	90000060 	adrp	x0, 96000 <vtable for CDevice+0x4a8>
   8a2ec:	b90a4c01 	str	w1, [x0, #2636]
   8a2f0:	9100a3e0 	add	x0, sp, #0x28
   8a2f4:	940001d6 	bl	8aa4c <CBcmPropertyTags::~CBcmPropertyTags()>
   8a2f8:	f9400bf3 	ldr	x19, [sp, #16]
   8a2fc:	a8c47bfd 	ldp	x29, x30, [sp], #64
   8a300:	d65f03c0 	ret

000000000008a304 <CBcmFrameBuffer::GetNumDisplays() [clone .part.0]>:
   8a304:	a9bc7bfd 	stp	x29, x30, [sp, #-64]!
   8a308:	52800001 	mov	w1, #0x0                   	// #0
   8a30c:	910003fd 	mov	x29, sp
   8a310:	9100a3e0 	add	x0, sp, #0x28
   8a314:	f9000bf3 	str	x19, [sp, #16]
   8a318:	940001ca 	bl	8aa40 <CBcmPropertyTags::CBcmPropertyTags(bool)>
   8a31c:	52800261 	mov	w1, #0x13                  	// #19
   8a320:	9100c3e2 	add	x2, sp, #0x30
   8a324:	52800004 	mov	w4, #0x0                   	// #0
   8a328:	52800203 	mov	w3, #0x10                  	// #16
   8a32c:	72a00081 	movk	w1, #0x4, lsl #16
   8a330:	9100a3e0 	add	x0, sp, #0x28
   8a334:	9400021b 	bl	8aba0 <CBcmPropertyTags::GetTag(unsigned int, void*, unsigned int, unsigned int)>
   8a338:	f240001f 	tst	x0, #0x1
   8a33c:	90000060 	adrp	x0, 96000 <vtable for CDevice+0x4a8>
   8a340:	b9403ff3 	ldr	w19, [sp, #60]
   8a344:	1a9f1673 	csinc	w19, w19, wzr, ne	// ne = any
   8a348:	b90bb413 	str	w19, [x0, #2996]
   8a34c:	9100a3e0 	add	x0, sp, #0x28
   8a350:	940001bf 	bl	8aa4c <CBcmPropertyTags::~CBcmPropertyTags()>
   8a354:	2a1303e0 	mov	w0, w19
   8a358:	f9400bf3 	ldr	x19, [sp, #16]
   8a35c:	a8c47bfd 	ldp	x29, x30, [sp], #64
   8a360:	d65f03c0 	ret

000000000008a364 <CBcmFrameBuffer::~CBcmFrameBuffer()>:
   8a364:	a9be7bfd 	stp	x29, x30, [sp, #-32]!
   8a368:	910003fd 	mov	x29, sp
   8a36c:	f9000bf3 	str	x19, [sp, #16]
   8a370:	aa0003f3 	mov	x19, x0
   8a374:	f0000040 	adrp	x0, 95000 <font_data+0x830>
   8a378:	9127a000 	add	x0, x0, #0x9e8
   8a37c:	f9000260 	str	x0, [x19]
   8a380:	f9401a60 	ldr	x0, [x19, #48]
   8a384:	b4000060 	cbz	x0, 8a390 <CBcmFrameBuffer::~CBcmFrameBuffer()+0x2c>
   8a388:	d2800281 	mov	x1, #0x14                  	// #20
   8a38c:	97fff259 	bl	86cf0 <operator delete(void*, unsigned long)>
   8a390:	9102a260 	add	x0, x19, #0xa8
   8a394:	f9001a7f 	str	xzr, [x19, #48]
   8a398:	9400043b 	bl	8b484 <CDMAChannel::~CDMAChannel()>
   8a39c:	aa1303e0 	mov	x0, x19
   8a3a0:	f9400bf3 	ldr	x19, [sp, #16]
   8a3a4:	d2802a01 	mov	x1, #0x150                 	// #336
   8a3a8:	a8c27bfd 	ldp	x29, x30, [sp], #32
   8a3ac:	17fff251 	b	86cf0 <operator delete(void*, unsigned long)>

000000000008a3b0 <CBcmFrameBuffer::CBcmFrameBuffer(unsigned int, unsigned int, unsigned int, unsigned int, unsigned int, unsigned int, bool)>:
   8a3b0:	a9b97bfd 	stp	x29, x30, [sp, #-112]!
   8a3b4:	910003fd 	mov	x29, sp
   8a3b8:	a90153f3 	stp	x19, x20, [sp, #16]
   8a3bc:	aa0003f3 	mov	x19, x0
   8a3c0:	2a0303f4 	mov	w20, w3
   8a3c4:	a9025bf5 	stp	x21, x22, [sp, #32]
   8a3c8:	2a0403f6 	mov	w22, w4
   8a3cc:	2a0603f5 	mov	w21, w6
   8a3d0:	a90363f7 	stp	x23, x24, [sp, #48]
   8a3d4:	2a0103f8 	mov	w24, w1
   8a3d8:	2a0503f7 	mov	w23, w5
   8a3dc:	52800081 	mov	w1, #0x4                   	// #4
   8a3e0:	a9046bf9 	stp	x25, x26, [sp, #64]
   8a3e4:	2a0203f9 	mov	w25, w2
   8a3e8:	12001cfa 	and	w26, w7, #0xff
   8a3ec:	7100207f 	cmp	w3, #0x8
   8a3f0:	54000080 	b.eq	8a400 <CBcmFrameBuffer::CBcmFrameBuffer(unsigned int, unsigned int, unsigned int, unsigned int, unsigned int, unsigned int, bool)+0x50>  // b.none
   8a3f4:	7100407f 	cmp	w3, #0x10
   8a3f8:	1a9f07e1 	cset	w1, ne	// ne = any
   8a3fc:	531f7821 	lsl	w1, w1, #1
   8a400:	aa1303e0 	mov	x0, x19
   8a404:	94002103 	bl	92810 <CDisplay::CDisplay(CDisplay::TColorModel)>
   8a408:	f0000040 	adrp	x0, 95000 <font_data+0x830>
   8a40c:	2901e678 	stp	w24, w25, [x19, #12]
   8a410:	9127a000 	add	x0, x0, #0x9e8
   8a414:	2902de76 	stp	w22, w23, [x19, #20]
   8a418:	2903d674 	stp	w20, w21, [x19, #28]
   8a41c:	f9000260 	str	x0, [x19]
   8a420:	b900267f 	str	wzr, [x19, #36]
   8a424:	a902fe7f 	stp	xzr, xzr, [x19, #40]
   8a428:	97fff9ee 	bl	88be0 <CInterruptSystem::Get()>
   8a42c:	aa0003e2 	mov	x2, x0
   8a430:	52801061 	mov	w1, #0x83                  	// #131
   8a434:	9102a260 	add	x0, x19, #0xa8
   8a438:	940003b2 	bl	8b300 <CDMAChannel::CDMAChannel(unsigned int, CInterruptSystem*)>
   8a43c:	90000060 	adrp	x0, 96000 <vtable for CDevice+0x4a8>
   8a440:	b9014a7f 	str	wzr, [x19, #328]
   8a444:	b94bb400 	ldr	w0, [x0, #2996]
   8a448:	b9402274 	ldr	w20, [x19, #32]
   8a44c:	35000040 	cbnz	w0, 8a454 <CBcmFrameBuffer::CBcmFrameBuffer(unsigned int, unsigned int, unsigned int, unsigned int, unsigned int, unsigned int, bool)+0xa4>
   8a450:	97ffffad 	bl	8a304 <CBcmFrameBuffer::GetNumDisplays() [clone .part.0]>
   8a454:	6b00029f 	cmp	w20, w0
   8a458:	540006c2 	b.cs	8a530 <CBcmFrameBuffer::CBcmFrameBuffer(unsigned int, unsigned int, unsigned int, unsigned int, unsigned int, unsigned int, bool)+0x180>  // b.hs, b.nlast
   8a45c:	b9400e60 	ldr	w0, [x19, #12]
   8a460:	34000060 	cbz	w0, 8a46c <CBcmFrameBuffer::CBcmFrameBuffer(unsigned int, unsigned int, unsigned int, unsigned int, unsigned int, unsigned int, bool)+0xbc>
   8a464:	b9401260 	ldr	w0, [x19, #16]
   8a468:	35000400 	cbnz	w0, 8a4e8 <CBcmFrameBuffer::CBcmFrameBuffer(unsigned int, unsigned int, unsigned int, unsigned int, unsigned int, unsigned int, bool)+0x138>
   8a46c:	90000060 	adrp	x0, 96000 <vtable for CDevice+0x4a8>
   8a470:	b9402261 	ldr	w1, [x19, #32]
   8a474:	b94a4c00 	ldr	w0, [x0, #2636]
   8a478:	6b00003f 	cmp	w1, w0
   8a47c:	54000060 	b.eq	8a488 <CBcmFrameBuffer::CBcmFrameBuffer(unsigned int, unsigned int, unsigned int, unsigned int, unsigned int, unsigned int, bool)+0xd8>  // b.none
   8a480:	aa1303e0 	mov	x0, x19
   8a484:	97ffff87 	bl	8a2a0 <CBcmFrameBuffer::SetDisplay() [clone .part.0]>
   8a488:	52800001 	mov	w1, #0x0                   	// #0
   8a48c:	910143e0 	add	x0, sp, #0x50
   8a490:	9400016c 	bl	8aa40 <CBcmPropertyTags::CBcmPropertyTags(bool)>
   8a494:	52800061 	mov	w1, #0x3                   	// #3
   8a498:	52800004 	mov	w4, #0x0                   	// #0
   8a49c:	52800283 	mov	w3, #0x14                  	// #20
   8a4a0:	910163e2 	add	x2, sp, #0x58
   8a4a4:	72a00081 	movk	w1, #0x4, lsl #16
   8a4a8:	910143e0 	add	x0, sp, #0x50
   8a4ac:	940001bd 	bl	8aba0 <CBcmPropertyTags::GetTag(unsigned int, void*, unsigned int, unsigned int)>
   8a4b0:	36000120 	tbz	w0, #0, 8a4d4 <CBcmFrameBuffer::CBcmFrameBuffer(unsigned int, unsigned int, unsigned int, unsigned int, unsigned int, unsigned int, bool)+0x124>
   8a4b4:	294c83e1 	ldp	w1, w0, [sp, #100]
   8a4b8:	29018261 	stp	w1, w0, [x19, #12]
   8a4bc:	510a0021 	sub	w1, w1, #0x280
   8a4c0:	51078000 	sub	w0, w0, #0x1e0
   8a4c4:	7136003f 	cmp	w1, #0xd80
   8a4c8:	5280d201 	mov	w1, #0x690                 	// #1680
   8a4cc:	7a419002 	ccmp	w0, w1, #0x2, ls	// ls = plast
   8a4d0:	54000089 	b.ls	8a4e0 <CBcmFrameBuffer::CBcmFrameBuffer(unsigned int, unsigned int, unsigned int, unsigned int, unsigned int, unsigned int, bool)+0x130>  // b.plast
   8a4d4:	52805000 	mov	w0, #0x280                 	// #640
   8a4d8:	52803c01 	mov	w1, #0x1e0                 	// #480
   8a4dc:	29018660 	stp	w0, w1, [x19, #12]
   8a4e0:	910143e0 	add	x0, sp, #0x50
   8a4e4:	9400015a 	bl	8aa4c <CBcmPropertyTags::~CBcmPropertyTags()>
   8a4e8:	b9401660 	ldr	w0, [x19, #20]
   8a4ec:	340002e0 	cbz	w0, 8a548 <CBcmFrameBuffer::CBcmFrameBuffer(unsigned int, unsigned int, unsigned int, unsigned int, unsigned int, unsigned int, bool)+0x198>
   8a4f0:	b9401a60 	ldr	w0, [x19, #24]
   8a4f4:	340002a0 	cbz	w0, 8a548 <CBcmFrameBuffer::CBcmFrameBuffer(unsigned int, unsigned int, unsigned int, unsigned int, unsigned int, unsigned int, bool)+0x198>
   8a4f8:	b9401e60 	ldr	w0, [x19, #28]
   8a4fc:	7100201f 	cmp	w0, #0x8
   8a500:	54000309 	b.ls	8a560 <CBcmFrameBuffer::CBcmFrameBuffer(unsigned int, unsigned int, unsigned int, unsigned int, unsigned int, unsigned int, bool)+0x1b0>  // b.plast
   8a504:	f0000041 	adrp	x1, 95000 <font_data+0x830>
   8a508:	d2800e02 	mov	x2, #0x70                  	// #112
   8a50c:	9128e021 	add	x1, x1, #0xa38
   8a510:	9100e260 	add	x0, x19, #0x38
   8a514:	97fff13d 	bl	86a08 <memcpy>
   8a518:	29418660 	ldp	w0, w1, [x19, #12]
   8a51c:	29088660 	stp	w0, w1, [x19, #68]
   8a520:	29428660 	ldp	w0, w1, [x19, #20]
   8a524:	290b0660 	stp	w0, w1, [x19, #88]
   8a528:	b9401e60 	ldr	w0, [x19, #28]
   8a52c:	b9006e60 	str	w0, [x19, #108]
   8a530:	a94153f3 	ldp	x19, x20, [sp, #16]
   8a534:	a9425bf5 	ldp	x21, x22, [sp, #32]
   8a538:	a94363f7 	ldp	x23, x24, [sp, #48]
   8a53c:	a9446bf9 	ldp	x25, x26, [sp, #64]
   8a540:	a8c77bfd 	ldp	x29, x30, [sp], #112
   8a544:	d65f03c0 	ret
   8a548:	29418261 	ldp	w1, w0, [x19, #12]
   8a54c:	1b000340 	madd	w0, w26, w0, w0
   8a550:	29028261 	stp	w1, w0, [x19, #20]
   8a554:	b9401e60 	ldr	w0, [x19, #28]
   8a558:	7100201f 	cmp	w0, #0x8
   8a55c:	54fffd48 	b.hi	8a504 <CBcmFrameBuffer::CBcmFrameBuffer(unsigned int, unsigned int, unsigned int, unsigned int, unsigned int, unsigned int, bool)+0x154>  // b.pmore
   8a560:	d2808280 	mov	x0, #0x414                 	// #1044
   8a564:	97fff1c7 	bl	86c80 <operator new[](unsigned long)>
   8a568:	d2808002 	mov	x2, #0x400                 	// #1024
   8a56c:	52800001 	mov	w1, #0x0                   	// #0
   8a570:	f9001a60 	str	x0, [x19, #48]
   8a574:	91005000 	add	x0, x0, #0x14
   8a578:	97fff110 	bl	869b8 <memset>
   8a57c:	17ffffe2 	b	8a504 <CBcmFrameBuffer::CBcmFrameBuffer(unsigned int, unsigned int, unsigned int, unsigned int, unsigned int, unsigned int, bool)+0x154>

000000000008a580 <CBcmFrameBuffer::SetPalette(unsigned char, unsigned short)>:
   8a580:	b9401c03 	ldr	w3, [x0, #28]
   8a584:	12001c21 	and	w1, w1, #0xff
   8a588:	12003c42 	and	w2, w2, #0xffff
   8a58c:	7100207f 	cmp	w3, #0x8
   8a590:	54000248 	b.hi	8a5d8 <CBcmFrameBuffer::SetPalette(unsigned char, unsigned short)+0x58>  // b.pmore
   8a594:	530d1043 	ubfiz	w3, w2, #19, #5
   8a598:	530b7c44 	lsr	w4, w2, #11
   8a59c:	2a040c64 	orr	w4, w3, w4, lsl #3
   8a5a0:	f9401803 	ldr	x3, [x0, #48]
   8a5a4:	53057c40 	lsr	w0, w2, #5
   8a5a8:	53161400 	ubfiz	w0, w0, #10, #6
   8a5ac:	d37e1c21 	ubfiz	x1, x1, #2, #8
   8a5b0:	32081c00 	orr	w0, w0, #0xff000000
   8a5b4:	2a040000 	orr	w0, w0, w4
   8a5b8:	d3483c02 	ubfx	x2, x0, #8, #8
   8a5bc:	8b010061 	add	x1, x3, x1
   8a5c0:	39005020 	strb	w0, [x1, #20]
   8a5c4:	39005422 	strb	w2, [x1, #21]
   8a5c8:	d3505c02 	ubfx	x2, x0, #16, #8
   8a5cc:	53187c00 	lsr	w0, w0, #24
   8a5d0:	39005822 	strb	w2, [x1, #22]
   8a5d4:	39005c20 	strb	w0, [x1, #23]
   8a5d8:	d65f03c0 	ret
   8a5dc:	d503201f 	nop

000000000008a5e0 <CBcmFrameBuffer::SetPalette32(unsigned char, unsigned int)>:
   8a5e0:	b9401c03 	ldr	w3, [x0, #28]
   8a5e4:	12001c21 	and	w1, w1, #0xff
   8a5e8:	7100207f 	cmp	w3, #0x8
   8a5ec:	54000168 	b.hi	8a618 <CBcmFrameBuffer::SetPalette32(unsigned char, unsigned int)+0x38>  // b.pmore
   8a5f0:	f9401800 	ldr	x0, [x0, #48]
   8a5f4:	d37e1c21 	ubfiz	x1, x1, #2, #8
   8a5f8:	8b010000 	add	x0, x0, x1
   8a5fc:	d3483c41 	ubfx	x1, x2, #8, #8
   8a600:	39005002 	strb	w2, [x0, #20]
   8a604:	39005401 	strb	w1, [x0, #21]
   8a608:	d3505c41 	ubfx	x1, x2, #16, #8
   8a60c:	53187c42 	lsr	w2, w2, #24
   8a610:	39005801 	strb	w1, [x0, #22]
   8a614:	39005c02 	strb	w2, [x0, #23]
   8a618:	d65f03c0 	ret
   8a61c:	d503201f 	nop

000000000008a620 <CBcmFrameBuffer::GetVirtWidth() const>:
   8a620:	b9401400 	ldr	w0, [x0, #20]
   8a624:	d65f03c0 	ret

000000000008a628 <CBcmFrameBuffer::GetVirtHeight() const>:
   8a628:	b9401800 	ldr	w0, [x0, #24]
   8a62c:	d65f03c0 	ret

000000000008a630 <CBcmFrameBuffer::GetPitch() const>:
   8a630:	b9402c00 	ldr	w0, [x0, #44]
   8a634:	d65f03c0 	ret
   8a638:	d503201f 	nop
   8a63c:	d503201f 	nop

000000000008a640 <CBcmFrameBuffer::GetBuffer() const>:
   8a640:	b9402400 	ldr	w0, [x0, #36]
   8a644:	d65f03c0 	ret

000000000008a648 <CBcmFrameBuffer::GetSize() const>:
   8a648:	b9402800 	ldr	w0, [x0, #40]
   8a64c:	d65f03c0 	ret

000000000008a650 <CBcmFrameBuffer::UpdatePalette()>:
   8a650:	b9401c02 	ldr	w2, [x0, #28]
   8a654:	7100205f 	cmp	w2, #0x8
   8a658:	54000069 	b.ls	8a664 <CBcmFrameBuffer::UpdatePalette()+0x14>  // b.plast
   8a65c:	52800020 	mov	w0, #0x1                   	// #1
   8a660:	d65f03c0 	ret
   8a664:	90000061 	adrp	x1, 96000 <vtable for CDevice+0x4a8>
   8a668:	a9bd7bfd 	stp	x29, x30, [sp, #-48]!
   8a66c:	910003fd 	mov	x29, sp
   8a670:	b94a4c21 	ldr	w1, [x1, #2636]
   8a674:	f9000bf3 	str	x19, [sp, #16]
   8a678:	aa0003f3 	mov	x19, x0
   8a67c:	b9402002 	ldr	w2, [x0, #32]
   8a680:	6b01005f 	cmp	w2, w1
   8a684:	54000040 	b.eq	8a68c <CBcmFrameBuffer::UpdatePalette()+0x3c>  // b.none
   8a688:	97ffff06 	bl	8a2a0 <CBcmFrameBuffer::SetDisplay() [clone .part.0]>
   8a68c:	f9401a60 	ldr	x0, [x19, #48]
   8a690:	52800021 	mov	w1, #0x1                   	// #1
   8a694:	3900301f 	strb	wzr, [x0, #12]
   8a698:	3900341f 	strb	wzr, [x0, #13]
   8a69c:	3900381f 	strb	wzr, [x0, #14]
   8a6a0:	39003c1f 	strb	wzr, [x0, #15]
   8a6a4:	3900401f 	strb	wzr, [x0, #16]
   8a6a8:	39004401 	strb	w1, [x0, #17]
   8a6ac:	52800001 	mov	w1, #0x0                   	// #0
   8a6b0:	3900481f 	strb	wzr, [x0, #18]
   8a6b4:	39004c1f 	strb	wzr, [x0, #19]
   8a6b8:	9100a3e0 	add	x0, sp, #0x28
   8a6bc:	940000e1 	bl	8aa40 <CBcmPropertyTags::CBcmPropertyTags(bool)>
   8a6c0:	52900161 	mov	w1, #0x800b                	// #32779
   8a6c4:	f9401a62 	ldr	x2, [x19, #48]
   8a6c8:	52808104 	mov	w4, #0x408                 	// #1032
   8a6cc:	52808283 	mov	w3, #0x414                 	// #1044
   8a6d0:	72a00081 	movk	w1, #0x4, lsl #16
   8a6d4:	9100a3e0 	add	x0, sp, #0x28
   8a6d8:	94000132 	bl	8aba0 <CBcmPropertyTags::GetTag(unsigned int, void*, unsigned int, unsigned int)>
   8a6dc:	36000140 	tbz	w0, #0, 8a704 <CBcmFrameBuffer::UpdatePalette()+0xb4>
   8a6e0:	f9401a60 	ldr	x0, [x19, #48]
   8a6e4:	39403001 	ldrb	w1, [x0, #12]
   8a6e8:	39403402 	ldrb	w2, [x0, #13]
   8a6ec:	aa022022 	orr	x2, x1, x2, lsl #8
   8a6f0:	39403801 	ldrb	w1, [x0, #14]
   8a6f4:	39403c00 	ldrb	w0, [x0, #15]
   8a6f8:	aa014041 	orr	x1, x2, x1, lsl #16
   8a6fc:	aa006020 	orr	x0, x1, x0, lsl #24
   8a700:	b40000e0 	cbz	x0, 8a71c <CBcmFrameBuffer::UpdatePalette()+0xcc>
   8a704:	9100a3e0 	add	x0, sp, #0x28
   8a708:	940000d1 	bl	8aa4c <CBcmPropertyTags::~CBcmPropertyTags()>
   8a70c:	f9400bf3 	ldr	x19, [sp, #16]
   8a710:	52800000 	mov	w0, #0x0                   	// #0
   8a714:	a8c37bfd 	ldp	x29, x30, [sp], #48
   8a718:	d65f03c0 	ret
   8a71c:	9100a3e0 	add	x0, sp, #0x28
   8a720:	940000cb 	bl	8aa4c <CBcmPropertyTags::~CBcmPropertyTags()>
   8a724:	f9400bf3 	ldr	x19, [sp, #16]
   8a728:	52800020 	mov	w0, #0x1                   	// #1
   8a72c:	a8c37bfd 	ldp	x29, x30, [sp], #48
   8a730:	d65f03c0 	ret
   8a734:	d503201f 	nop
   8a738:	d503201f 	nop
   8a73c:	d503201f 	nop

000000000008a740 <CBcmFrameBuffer::SetVirtualOffset(unsigned int, unsigned int)>:
   8a740:	a9bb7bfd 	stp	x29, x30, [sp, #-80]!
   8a744:	910003fd 	mov	x29, sp
   8a748:	a90153f3 	stp	x19, x20, [sp, #16]
   8a74c:	2a0103f3 	mov	w19, w1
   8a750:	90000061 	adrp	x1, 96000 <vtable for CDevice+0x4a8>
   8a754:	2a0203f4 	mov	w20, w2
   8a758:	b94a4c21 	ldr	w1, [x1, #2636]
   8a75c:	b9402002 	ldr	w2, [x0, #32]
   8a760:	f90013f5 	str	x21, [sp, #32]
   8a764:	6b01005f 	cmp	w2, w1
   8a768:	54000040 	b.eq	8a770 <CBcmFrameBuffer::SetVirtualOffset(unsigned int, unsigned int)+0x30>  // b.none
   8a76c:	97fffecd 	bl	8a2a0 <CBcmFrameBuffer::SetDisplay() [clone .part.0]>
   8a770:	52800001 	mov	w1, #0x0                   	// #0
   8a774:	9100c3e0 	add	x0, sp, #0x30
   8a778:	940000b2 	bl	8aa40 <CBcmPropertyTags::CBcmPropertyTags(bool)>
   8a77c:	52900121 	mov	w1, #0x8009                	// #32777
   8a780:	52800104 	mov	w4, #0x8                   	// #8
   8a784:	2908d3f3 	stp	w19, w20, [sp, #68]
   8a788:	52800283 	mov	w3, #0x14                  	// #20
   8a78c:	9100e3e2 	add	x2, sp, #0x38
   8a790:	72a00081 	movk	w1, #0x4, lsl #16
   8a794:	9100c3e0 	add	x0, sp, #0x30
   8a798:	94000102 	bl	8aba0 <CBcmPropertyTags::GetTag(unsigned int, void*, unsigned int, unsigned int)>
   8a79c:	12001c15 	and	w21, w0, #0xff
   8a7a0:	360000a0 	tbz	w0, #0, 8a7b4 <CBcmFrameBuffer::SetVirtualOffset(unsigned int, unsigned int)+0x74>
   8a7a4:	b94047e0 	ldr	w0, [sp, #68]
   8a7a8:	52800015 	mov	w21, #0x0                   	// #0
   8a7ac:	6b13001f 	cmp	w0, w19
   8a7b0:	54000100 	b.eq	8a7d0 <CBcmFrameBuffer::SetVirtualOffset(unsigned int, unsigned int)+0x90>  // b.none
   8a7b4:	9100c3e0 	add	x0, sp, #0x30
   8a7b8:	940000a5 	bl	8aa4c <CBcmPropertyTags::~CBcmPropertyTags()>
   8a7bc:	2a1503e0 	mov	w0, w21
   8a7c0:	f94013f5 	ldr	x21, [sp, #32]
   8a7c4:	a94153f3 	ldp	x19, x20, [sp, #16]
   8a7c8:	a8c57bfd 	ldp	x29, x30, [sp], #80
   8a7cc:	d65f03c0 	ret
   8a7d0:	b9404be0 	ldr	w0, [sp, #72]
   8a7d4:	6b14001f 	cmp	w0, w20
   8a7d8:	9100c3e0 	add	x0, sp, #0x30
   8a7dc:	1a9f17f5 	cset	w21, eq	// eq = none
   8a7e0:	9400009b 	bl	8aa4c <CBcmPropertyTags::~CBcmPropertyTags()>
   8a7e4:	2a1503e0 	mov	w0, w21
   8a7e8:	f94013f5 	ldr	x21, [sp, #32]
   8a7ec:	a94153f3 	ldp	x19, x20, [sp, #16]
   8a7f0:	a8c57bfd 	ldp	x29, x30, [sp], #80
   8a7f4:	d65f03c0 	ret
   8a7f8:	d503201f 	nop
   8a7fc:	d503201f 	nop

000000000008a800 <CBcmFrameBuffer::WaitForVerticalSync()>:
   8a800:	90000061 	adrp	x1, 96000 <vtable for CDevice+0x4a8>
   8a804:	a9bc7bfd 	stp	x29, x30, [sp, #-64]!
   8a808:	910003fd 	mov	x29, sp
   8a80c:	b9402002 	ldr	w2, [x0, #32]
   8a810:	f9000bf3 	str	x19, [sp, #16]
   8a814:	b94a4c21 	ldr	w1, [x1, #2636]
   8a818:	6b01005f 	cmp	w2, w1
   8a81c:	54000040 	b.eq	8a824 <CBcmFrameBuffer::WaitForVerticalSync()+0x24>  // b.none
   8a820:	97fffea0 	bl	8a2a0 <CBcmFrameBuffer::SetDisplay() [clone .part.0]>
   8a824:	9100a3e0 	add	x0, sp, #0x28
   8a828:	52800001 	mov	w1, #0x0                   	// #0
   8a82c:	94000085 	bl	8aa40 <CBcmPropertyTags::CBcmPropertyTags(bool)>
   8a830:	529001c1 	mov	w1, #0x800e                	// #32782
   8a834:	9100c3e2 	add	x2, sp, #0x30
   8a838:	52800004 	mov	w4, #0x0                   	// #0
   8a83c:	52800203 	mov	w3, #0x10                  	// #16
   8a840:	72a00081 	movk	w1, #0x4, lsl #16
   8a844:	9100a3e0 	add	x0, sp, #0x28
   8a848:	940000d6 	bl	8aba0 <CBcmPropertyTags::GetTag(unsigned int, void*, unsigned int, unsigned int)>
   8a84c:	2a0003f3 	mov	w19, w0
   8a850:	9100a3e0 	add	x0, sp, #0x28
   8a854:	9400007e 	bl	8aa4c <CBcmPropertyTags::~CBcmPropertyTags()>
   8a858:	2a1303e0 	mov	w0, w19
   8a85c:	f9400bf3 	ldr	x19, [sp, #16]
   8a860:	a8c47bfd 	ldp	x29, x30, [sp], #64
   8a864:	d65f03c0 	ret

000000000008a868 <CBcmFrameBuffer::SetBacklightBrightness(unsigned int)>:
   8a868:	a9bc7bfd 	stp	x29, x30, [sp, #-64]!
   8a86c:	910003fd 	mov	x29, sp
   8a870:	b9402002 	ldr	w2, [x0, #32]
   8a874:	f9000bf3 	str	x19, [sp, #16]
   8a878:	2a0103f3 	mov	w19, w1
   8a87c:	90000061 	adrp	x1, 96000 <vtable for CDevice+0x4a8>
   8a880:	b94a4c21 	ldr	w1, [x1, #2636]
   8a884:	6b01005f 	cmp	w2, w1
   8a888:	54000040 	b.eq	8a890 <CBcmFrameBuffer::SetBacklightBrightness(unsigned int)+0x28>  // b.none
   8a88c:	97fffe85 	bl	8a2a0 <CBcmFrameBuffer::SetDisplay() [clone .part.0]>
   8a890:	9100a3e0 	add	x0, sp, #0x28
   8a894:	52800001 	mov	w1, #0x0                   	// #0
   8a898:	9400006a 	bl	8aa40 <CBcmPropertyTags::CBcmPropertyTags(bool)>
   8a89c:	529001e1 	mov	w1, #0x800f                	// #32783
   8a8a0:	9100c3e2 	add	x2, sp, #0x30
   8a8a4:	b9003ff3 	str	w19, [sp, #60]
   8a8a8:	52800084 	mov	w4, #0x4                   	// #4
   8a8ac:	52800203 	mov	w3, #0x10                  	// #16
   8a8b0:	72a00081 	movk	w1, #0x4, lsl #16
   8a8b4:	9100a3e0 	add	x0, sp, #0x28
   8a8b8:	940000ba 	bl	8aba0 <CBcmPropertyTags::GetTag(unsigned int, void*, unsigned int, unsigned int)>
   8a8bc:	2a0003f3 	mov	w19, w0
   8a8c0:	9100a3e0 	add	x0, sp, #0x28
   8a8c4:	94000062 	bl	8aa4c <CBcmPropertyTags::~CBcmPropertyTags()>
   8a8c8:	2a1303e0 	mov	w0, w19
   8a8cc:	f9400bf3 	ldr	x19, [sp, #16]
   8a8d0:	a8c47bfd 	ldp	x29, x30, [sp], #64
   8a8d4:	d65f03c0 	ret
   8a8d8:	d503201f 	nop
   8a8dc:	d503201f 	nop

000000000008a8e0 <CBcmFrameBuffer::Initialize()>:
   8a8e0:	a9bc7bfd 	stp	x29, x30, [sp, #-64]!
   8a8e4:	910003fd 	mov	x29, sp
   8a8e8:	a90153f3 	stp	x19, x20, [sp, #16]
   8a8ec:	aa0003f3 	mov	x19, x0
   8a8f0:	b9402001 	ldr	w1, [x0, #32]
   8a8f4:	90000060 	adrp	x0, 96000 <vtable for CDevice+0x4a8>
   8a8f8:	b94bb400 	ldr	w0, [x0, #2996]
   8a8fc:	35000080 	cbnz	w0, 8a90c <CBcmFrameBuffer::Initialize()+0x2c>
   8a900:	b9002fe1 	str	w1, [sp, #44]
   8a904:	97fffe80 	bl	8a304 <CBcmFrameBuffer::GetNumDisplays() [clone .part.0]>
   8a908:	b9402fe1 	ldr	w1, [sp, #44]
   8a90c:	52800014 	mov	w20, #0x0                   	// #0
   8a910:	6b00003f 	cmp	w1, w0
   8a914:	540000a3 	b.cc	8a928 <CBcmFrameBuffer::Initialize()+0x48>  // b.lo, b.ul, b.last
   8a918:	2a1403e0 	mov	w0, w20
   8a91c:	a94153f3 	ldp	x19, x20, [sp, #16]
   8a920:	a8c47bfd 	ldp	x29, x30, [sp], #64
   8a924:	d65f03c0 	ret
   8a928:	90000060 	adrp	x0, 96000 <vtable for CDevice+0x4a8>
   8a92c:	b9402261 	ldr	w1, [x19, #32]
   8a930:	b94a4c00 	ldr	w0, [x0, #2636]
   8a934:	6b00003f 	cmp	w1, w0
   8a938:	54000060 	b.eq	8a944 <CBcmFrameBuffer::Initialize()+0x64>  // b.none
   8a93c:	aa1303e0 	mov	x0, x19
   8a940:	97fffe58 	bl	8a2a0 <CBcmFrameBuffer::SetDisplay() [clone .part.0]>
   8a944:	52800001 	mov	w1, #0x0                   	// #0
   8a948:	9100e3e0 	add	x0, sp, #0x38
   8a94c:	9400003d 	bl	8aa40 <CBcmPropertyTags::CBcmPropertyTags(bool)>
   8a950:	52800e02 	mov	w2, #0x70                  	// #112
   8a954:	9100e261 	add	x1, x19, #0x38
   8a958:	9100e3e0 	add	x0, sp, #0x38
   8a95c:	9400003d 	bl	8aa50 <CBcmPropertyTags::GetTags(void*, unsigned int)>
   8a960:	360003e0 	tbz	w0, #0, 8a9dc <CBcmFrameBuffer::Initialize()+0xfc>
   8a964:	b9404660 	ldr	w0, [x19, #68]
   8a968:	340003a0 	cbz	w0, 8a9dc <CBcmFrameBuffer::Initialize()+0xfc>
   8a96c:	b9404a60 	ldr	w0, [x19, #72]
   8a970:	34000360 	cbz	w0, 8a9dc <CBcmFrameBuffer::Initialize()+0xfc>
   8a974:	b9405a60 	ldr	w0, [x19, #88]
   8a978:	34000320 	cbz	w0, 8a9dc <CBcmFrameBuffer::Initialize()+0xfc>
   8a97c:	b9405e60 	ldr	w0, [x19, #92]
   8a980:	340002e0 	cbz	w0, 8a9dc <CBcmFrameBuffer::Initialize()+0xfc>
   8a984:	b9406e60 	ldr	w0, [x19, #108]
   8a988:	340002a0 	cbz	w0, 8a9dc <CBcmFrameBuffer::Initialize()+0xfc>
   8a98c:	b9409260 	ldr	w0, [x19, #144]
   8a990:	34000260 	cbz	w0, 8a9dc <CBcmFrameBuffer::Initialize()+0xfc>
   8a994:	b9409661 	ldr	w1, [x19, #148]
   8a998:	12007400 	and	w0, w0, #0x3fffffff
   8a99c:	29048660 	stp	w0, w1, [x19, #36]
   8a9a0:	b940a660 	ldr	w0, [x19, #164]
   8a9a4:	b9002e60 	str	w0, [x19, #44]
   8a9a8:	aa1303e0 	mov	x0, x19
   8a9ac:	97ffff29 	bl	8a650 <CBcmFrameBuffer::UpdatePalette()>
   8a9b0:	12001c14 	and	w20, w0, #0xff
   8a9b4:	36000140 	tbz	w0, #0, 8a9dc <CBcmFrameBuffer::Initialize()+0xfc>
   8a9b8:	97ffdb0a 	bl	815e0 <CKernelOptions::Get()>
   8a9bc:	b4000120 	cbz	x0, 8a9e0 <CBcmFrameBuffer::Initialize()+0x100>
   8a9c0:	97ffdac8 	bl	814e0 <CKernelOptions::GetBacklight() const>
   8a9c4:	340000e0 	cbz	w0, 8a9e0 <CBcmFrameBuffer::Initialize()+0x100>
   8a9c8:	2a0003e1 	mov	w1, w0
   8a9cc:	aa1303e0 	mov	x0, x19
   8a9d0:	97ffffa6 	bl	8a868 <CBcmFrameBuffer::SetBacklightBrightness(unsigned int)>
   8a9d4:	2a0003f4 	mov	w20, w0
   8a9d8:	14000002 	b	8a9e0 <CBcmFrameBuffer::Initialize()+0x100>
   8a9dc:	52800014 	mov	w20, #0x0                   	// #0
   8a9e0:	9100e3e0 	add	x0, sp, #0x38
   8a9e4:	9400001a 	bl	8aa4c <CBcmPropertyTags::~CBcmPropertyTags()>
   8a9e8:	2a1403e0 	mov	w0, w20
   8a9ec:	a94153f3 	ldp	x19, x20, [sp, #16]
   8a9f0:	a8c47bfd 	ldp	x29, x30, [sp], #64
   8a9f4:	d65f03c0 	ret
   8a9f8:	d503201f 	nop
   8a9fc:	d503201f 	nop

000000000008aa00 <CBcmFrameBuffer::SetDisplay()>:
   8aa00:	90000061 	adrp	x1, 96000 <vtable for CDevice+0x4a8>
   8aa04:	b9402002 	ldr	w2, [x0, #32]
   8aa08:	b94a4c21 	ldr	w1, [x1, #2636]
   8aa0c:	6b01005f 	cmp	w2, w1
   8aa10:	54000040 	b.eq	8aa18 <CBcmFrameBuffer::SetDisplay()+0x18>  // b.none
   8aa14:	17fffe23 	b	8a2a0 <CBcmFrameBuffer::SetDisplay() [clone .part.0]>
   8aa18:	d65f03c0 	ret
   8aa1c:	d503201f 	nop

000000000008aa20 <CBcmFrameBuffer::GetNumDisplays()>:
   8aa20:	90000060 	adrp	x0, 96000 <vtable for CDevice+0x4a8>
   8aa24:	b94bb400 	ldr	w0, [x0, #2996]
   8aa28:	34000040 	cbz	w0, 8aa30 <CBcmFrameBuffer::GetNumDisplays()+0x10>
   8aa2c:	d65f03c0 	ret
   8aa30:	17fffe35 	b	8a304 <CBcmFrameBuffer::GetNumDisplays() [clone .part.0]>
	...

000000000008aa40 <CBcmPropertyTags::CBcmPropertyTags(bool)>:
   8aa40:	2a0103e2 	mov	w2, w1
   8aa44:	52800101 	mov	w1, #0x8                   	// #8
   8aa48:	14002066 	b	92be0 <CBcmMailBox::CBcmMailBox(unsigned int, bool)>

000000000008aa4c <CBcmPropertyTags::~CBcmPropertyTags()>:
   8aa4c:	14002068 	b	92bec <CBcmMailBox::~CBcmMailBox()>

000000000008aa50 <CBcmPropertyTags::GetTags(void*, unsigned int)>:
   8aa50:	a9bb7bfd 	stp	x29, x30, [sp, #-80]!
   8aa54:	910003fd 	mov	x29, sp
   8aa58:	a90153f3 	stp	x19, x20, [sp, #16]
   8aa5c:	a9025bf5 	stp	x21, x22, [sp, #32]
   8aa60:	f9001bf7 	str	x23, [sp, #48]
   8aa64:	b4000801 	cbz	x1, 8ab64 <CBcmPropertyTags::GetTags(void*, unsigned int)+0x114>
   8aa68:	2a0203f4 	mov	w20, w2
   8aa6c:	71003c5f 	cmp	w2, #0xf
   8aa70:	54000849 	b.ls	8ab78 <CBcmPropertyTags::GetTags(void*, unsigned int)+0x128>  // b.plast
   8aa74:	11003055 	add	w21, w2, #0xc
   8aa78:	f240069f 	tst	x20, #0x3
   8aa7c:	54000881 	b.ne	8ab8c <CBcmPropertyTags::GetTags(void*, unsigned int)+0x13c>  // b.any
   8aa80:	aa0003f7 	mov	x23, x0
   8aa84:	52800000 	mov	w0, #0x0                   	// #0
   8aa88:	aa0103f6 	mov	x22, x1
   8aa8c:	97fff31e 	bl	87704 <CMemorySystem::GetCoherentPage(unsigned int)>
   8aa90:	aa0003f3 	mov	x19, x0
   8aa94:	39000015 	strb	w21, [x0]
   8aa98:	d3483ea0 	ubfx	x0, x21, #8, #8
   8aa9c:	2a1403e2 	mov	w2, w20
   8aaa0:	aa1603e1 	mov	x1, x22
   8aaa4:	39000660 	strb	w0, [x19, #1]
   8aaa8:	d3505ea0 	ubfx	x0, x21, #16, #8
   8aaac:	53187eb5 	lsr	w21, w21, #24
   8aab0:	3900127f 	strb	wzr, [x19, #4]
   8aab4:	39000e75 	strb	w21, [x19, #3]
   8aab8:	91002275 	add	x21, x19, #0x8
   8aabc:	39000a60 	strb	w0, [x19, #2]
   8aac0:	aa1503e0 	mov	x0, x21
   8aac4:	3900167f 	strb	wzr, [x19, #5]
   8aac8:	39001a7f 	strb	wzr, [x19, #6]
   8aacc:	39001e7f 	strb	wzr, [x19, #7]
   8aad0:	f90027e2 	str	x2, [sp, #72]
   8aad4:	97ffefcd 	bl	86a08 <memcpy>
   8aad8:	b8344abf 	str	wzr, [x21, w20, uxtw]
   8aadc:	d5033f9f 	dsb	sy
   8aae0:	32020674 	orr	w20, w19, #0xc0000000
   8aae4:	aa1703e0 	mov	x0, x23
   8aae8:	2a1403e1 	mov	w1, w20
   8aaec:	94002075 	bl	92cc0 <CBcmMailBox::WriteRead(unsigned int)>
   8aaf0:	6b14001f 	cmp	w0, w20
   8aaf4:	f94027e2 	ldr	x2, [sp, #72]
   8aaf8:	540000e0 	b.eq	8ab14 <CBcmPropertyTags::GetTags(void*, unsigned int)+0xc4>  // b.none
   8aafc:	f9401bf7 	ldr	x23, [sp, #48]
   8ab00:	52800000 	mov	w0, #0x0                   	// #0
   8ab04:	a94153f3 	ldp	x19, x20, [sp, #16]
   8ab08:	a9425bf5 	ldp	x21, x22, [sp, #32]
   8ab0c:	a8c57bfd 	ldp	x29, x30, [sp], #80
   8ab10:	d65f03c0 	ret
   8ab14:	d5033fbf 	dmb	sy
   8ab18:	39401261 	ldrb	w1, [x19, #4]
   8ab1c:	39401660 	ldrb	w0, [x19, #5]
   8ab20:	aa002020 	orr	x0, x1, x0, lsl #8
   8ab24:	39401a61 	ldrb	w1, [x19, #6]
   8ab28:	aa014001 	orr	x1, x0, x1, lsl #16
   8ab2c:	39401e60 	ldrb	w0, [x19, #7]
   8ab30:	aa006020 	orr	x0, x1, x0, lsl #24
   8ab34:	52b00001 	mov	w1, #0x80000000            	// #-2147483648
   8ab38:	6b01001f 	cmp	w0, w1
   8ab3c:	54fffe01 	b.ne	8aafc <CBcmPropertyTags::GetTags(void*, unsigned int)+0xac>  // b.any
   8ab40:	aa1503e1 	mov	x1, x21
   8ab44:	aa1603e0 	mov	x0, x22
   8ab48:	97ffefb0 	bl	86a08 <memcpy>
   8ab4c:	f9401bf7 	ldr	x23, [sp, #48]
   8ab50:	52800020 	mov	w0, #0x1                   	// #1
   8ab54:	a94153f3 	ldp	x19, x20, [sp, #16]
   8ab58:	a9425bf5 	ldp	x21, x22, [sp, #32]
   8ab5c:	a8c57bfd 	ldp	x29, x30, [sp], #80
   8ab60:	d65f03c0 	ret
   8ab64:	f0000041 	adrp	x1, 95000 <font_data+0x830>
   8ab68:	52800962 	mov	w2, #0x4b                  	// #75
   8ab6c:	912aa021 	add	x1, x1, #0xaa8
   8ab70:	91006020 	add	x0, x1, #0x18
   8ab74:	97fffd2b 	bl	8a020 <assertion_failed>
   8ab78:	f0000041 	adrp	x1, 95000 <font_data+0x830>
   8ab7c:	52800982 	mov	w2, #0x4c                  	// #76
   8ab80:	912aa021 	add	x1, x1, #0xaa8
   8ab84:	9100a020 	add	x0, x1, #0x28
   8ab88:	97fffd26 	bl	8a020 <assertion_failed>
   8ab8c:	f0000041 	adrp	x1, 95000 <font_data+0x830>
   8ab90:	528009c2 	mov	w2, #0x4e                  	// #78
   8ab94:	912aa021 	add	x1, x1, #0xaa8
   8ab98:	91016020 	add	x0, x1, #0x58
   8ab9c:	97fffd21 	bl	8a020 <assertion_failed>

000000000008aba0 <CBcmPropertyTags::GetTag(unsigned int, void*, unsigned int, unsigned int)>:
   8aba0:	a9be7bfd 	stp	x29, x30, [sp, #-32]!
   8aba4:	910003fd 	mov	x29, sp
   8aba8:	f9000bf3 	str	x19, [sp, #16]
   8abac:	b4000662 	cbz	x2, 8ac78 <CBcmPropertyTags::GetTag(unsigned int, void*, unsigned int, unsigned int)+0xd8>
   8abb0:	71003c7f 	cmp	w3, #0xf
   8abb4:	540006c9 	b.ls	8ac8c <CBcmPropertyTags::GetTag(unsigned int, void*, unsigned int, unsigned int)+0xec>  // b.plast
   8abb8:	aa0203f3 	mov	x19, x2
   8abbc:	39000041 	strb	w1, [x2]
   8abc0:	d3483c22 	ubfx	x2, x1, #8, #8
   8abc4:	39000662 	strb	w2, [x19, #1]
   8abc8:	d3505c22 	ubfx	x2, x1, #16, #8
   8abcc:	53187c21 	lsr	w1, w1, #24
   8abd0:	39002264 	strb	w4, [x19, #8]
   8abd4:	39000e61 	strb	w1, [x19, #3]
   8abd8:	51003061 	sub	w1, w3, #0xc
   8abdc:	39000a62 	strb	w2, [x19, #2]
   8abe0:	d3483c22 	ubfx	x2, x1, #8, #8
   8abe4:	39001261 	strb	w1, [x19, #4]
   8abe8:	39001662 	strb	w2, [x19, #5]
   8abec:	d3505c22 	ubfx	x2, x1, #16, #8
   8abf0:	53187c21 	lsr	w1, w1, #24
   8abf4:	39001e61 	strb	w1, [x19, #7]
   8abf8:	d3483c81 	ubfx	x1, x4, #8, #8
   8abfc:	39001a62 	strb	w2, [x19, #6]
   8ac00:	2a0303e2 	mov	w2, w3
   8ac04:	39002661 	strb	w1, [x19, #9]
   8ac08:	d3505c81 	ubfx	x1, x4, #16, #8
   8ac0c:	d3587884 	ubfx	x4, x4, #24, #7
   8ac10:	39002a61 	strb	w1, [x19, #10]
   8ac14:	aa1303e1 	mov	x1, x19
   8ac18:	39002e64 	strb	w4, [x19, #11]
   8ac1c:	97ffff8d 	bl	8aa50 <CBcmPropertyTags::GetTags(void*, unsigned int)>
   8ac20:	12001c01 	and	w1, w0, #0xff
   8ac24:	36000220 	tbz	w0, #0, 8ac68 <CBcmPropertyTags::GetTag(unsigned int, void*, unsigned int, unsigned int)+0xc8>
   8ac28:	39402261 	ldrb	w1, [x19, #8]
   8ac2c:	39402660 	ldrb	w0, [x19, #9]
   8ac30:	aa002020 	orr	x0, x1, x0, lsl #8
   8ac34:	39402a61 	ldrb	w1, [x19, #10]
   8ac38:	aa014001 	orr	x1, x0, x1, lsl #16
   8ac3c:	39402e60 	ldrb	w0, [x19, #11]
   8ac40:	aa006020 	orr	x0, x1, x0, lsl #24
   8ac44:	53083c01 	ubfx	w1, w0, #8, #8
   8ac48:	f240781f 	tst	x0, #0x7fffffff
   8ac4c:	39002260 	strb	w0, [x19, #8]
   8ac50:	39002661 	strb	w1, [x19, #9]
   8ac54:	53105c01 	ubfx	w1, w0, #16, #8
   8ac58:	39002a61 	strb	w1, [x19, #10]
   8ac5c:	53187801 	ubfx	w1, w0, #24, #7
   8ac60:	39002e61 	strb	w1, [x19, #11]
   8ac64:	1a9f07e1 	cset	w1, ne	// ne = any
   8ac68:	f9400bf3 	ldr	x19, [sp, #16]
   8ac6c:	2a0103e0 	mov	w0, w1
   8ac70:	a8c27bfd 	ldp	x29, x30, [sp], #32
   8ac74:	d65f03c0 	ret
   8ac78:	f0000041 	adrp	x1, 95000 <font_data+0x830>
   8ac7c:	52800662 	mov	w2, #0x33                  	// #51
   8ac80:	912aa021 	add	x1, x1, #0xaa8
   8ac84:	9101c020 	add	x0, x1, #0x70
   8ac88:	97fffce6 	bl	8a020 <assertion_failed>
   8ac8c:	f0000041 	adrp	x1, 95000 <font_data+0x830>
   8ac90:	52800682 	mov	w2, #0x34                  	// #52
   8ac94:	912aa021 	add	x1, x1, #0xaa8
   8ac98:	91020020 	add	x0, x1, #0x80
   8ac9c:	97fffce1 	bl	8a020 <assertion_failed>

000000000008aca0 <DebugStackTrace(unsigned long const*, char const*)>:
   8aca0:	a9bc7bfd 	stp	x29, x30, [sp, #-64]!
   8aca4:	910003fd 	mov	x29, sp
   8aca8:	f100003f 	cmp	x1, #0x0
   8acac:	a9025bf5 	stp	x21, x22, [sp, #32]
   8acb0:	b0000055 	adrp	x21, 93000 <CExceptionHandler::Throw(unsigned int, TAbortFrame*)+0xc0>
   8acb4:	b2404bf6 	mov	x22, #0x7ffff               	// #524287
   8acb8:	910a72b5 	add	x21, x21, #0x29c
   8acbc:	a90363f7 	stp	x23, x24, [sp, #48]
   8acc0:	f0000057 	adrp	x23, 95000 <font_data+0x830>
   8acc4:	b0000058 	adrp	x24, 93000 <CExceptionHandler::Throw(unsigned int, TAbortFrame*)+0xc0>
   8acc8:	912d42f7 	add	x23, x23, #0xb50
   8accc:	9126c318 	add	x24, x24, #0x9b0
   8acd0:	9a8102f7 	csel	x23, x23, x1, eq	// eq = none
   8acd4:	a90153f3 	stp	x19, x20, [sp, #16]
   8acd8:	aa0003f4 	mov	x20, x0
   8acdc:	d2800013 	mov	x19, #0x0                   	// #0
   8ace0:	14000004 	b	8acf0 <DebugStackTrace(unsigned long const*, char const*)+0x50>
   8ace4:	91000673 	add	x19, x19, #0x1
   8ace8:	f101027f 	cmp	x19, #0x40
   8acec:	54000220 	b.eq	8ad30 <DebugStackTrace(unsigned long const*, char const*)+0x90>  // b.none
   8acf0:	f8737a80 	ldr	x0, [x20, x19, lsl #3]
   8acf4:	eb15001f 	cmp	x0, x21
   8acf8:	fa563000 	ccmp	x0, x22, #0x0, cc	// cc = lo, ul, last
   8acfc:	54ffff49 	b.ls	8ace4 <DebugStackTrace(unsigned long const*, char const*)+0x44>  // b.plast
   8ad00:	f240041f 	tst	x0, #0x3
   8ad04:	54ffff01 	b.ne	8ace4 <DebugStackTrace(unsigned long const*, char const*)+0x44>  // b.any
   8ad08:	9400066e 	bl	8c6c0 <CLogger::Get()>
   8ad0c:	f8737a85 	ldr	x5, [x20, x19, lsl #3]
   8ad10:	2a1303e4 	mov	w4, w19
   8ad14:	aa1803e3 	mov	x3, x24
   8ad18:	52800082 	mov	w2, #0x4                   	// #4
   8ad1c:	aa1703e1 	mov	x1, x23
   8ad20:	91000673 	add	x19, x19, #0x1
   8ad24:	94000847 	bl	8ce40 <CLogger::Write(char const*, TLogSeverity, char const*, ...)>
   8ad28:	f101027f 	cmp	x19, #0x40
   8ad2c:	54fffe21 	b.ne	8acf0 <DebugStackTrace(unsigned long const*, char const*)+0x50>  // b.any
   8ad30:	a94153f3 	ldp	x19, x20, [sp, #16]
   8ad34:	a9425bf5 	ldp	x21, x22, [sp, #32]
   8ad38:	a94363f7 	ldp	x23, x24, [sp, #48]
   8ad3c:	a8c47bfd 	ldp	x29, x30, [sp], #64
   8ad40:	d65f03c0 	ret

000000000008ad44 <DebugHexDump(void const*, unsigned int, char const*, unsigned int)>:
   8ad44:	a9b17bfd 	stp	x29, x30, [sp, #-240]!
   8ad48:	910003fd 	mov	x29, sp
   8ad4c:	f100005f 	cmp	x2, #0x0
   8ad50:	a90573fb 	stp	x27, x28, [sp, #80]
   8ad54:	aa0003fb 	mov	x27, x0
   8ad58:	f0000040 	adrp	x0, 95000 <font_data+0x830>
   8ad5c:	912d4000 	add	x0, x0, #0xb50
   8ad60:	9a820000 	csel	x0, x0, x2, eq	// eq = none
   8ad64:	a90153f3 	stp	x19, x20, [sp, #16]
   8ad68:	2a0303f3 	mov	w19, w3
   8ad6c:	a9025bf5 	stp	x21, x22, [sp, #32]
   8ad70:	2a0103f5 	mov	w21, w1
   8ad74:	f9003be0 	str	x0, [sp, #112]
   8ad78:	37000d93 	tbnz	w19, #0, 8af28 <DebugHexDump(void const*, unsigned int, char const*, unsigned int)+0x1e4>
   8ad7c:	34000b35 	cbz	w21, 8aee0 <DebugHexDump(void const*, unsigned int, char const*, unsigned int)+0x19c>
   8ad80:	d3420a60 	ubfx	x0, x19, #2, #1
   8ad84:	a90363f7 	stp	x23, x24, [sp, #48]
   8ad88:	b0000057 	adrp	x23, 93000 <CExceptionHandler::Throw(unsigned int, TAbortFrame*)+0xc0>
   8ad8c:	aa1b03f4 	mov	x20, x27
   8ad90:	9127c2f7 	add	x23, x23, #0x9f0
   8ad94:	52800418 	mov	w24, #0x20                  	// #32
   8ad98:	f9003fe0 	str	x0, [sp, #120]
   8ad9c:	121f0260 	and	w0, w19, #0x2
   8ada0:	a9046bf9 	stp	x25, x26, [sp, #64]
   8ada4:	121e0279 	and	w25, w19, #0x4
   8ada8:	528005da 	mov	w26, #0x2e                  	// #46
   8adac:	b90087e0 	str	w0, [sp, #132]
   8adb0:	b0000040 	adrp	x0, 93000 <CExceptionHandler::Throw(unsigned int, TAbortFrame*)+0xc0>
   8adb4:	91280000 	add	x0, x0, #0xa00
   8adb8:	f90047e0 	str	x0, [sp, #136]
   8adbc:	b0000040 	adrp	x0, 93000 <CExceptionHandler::Throw(unsigned int, TAbortFrame*)+0xc0>
   8adc0:	9127e000 	add	x0, x0, #0x9f8
   8adc4:	f90037e0 	str	x0, [sp, #104]
   8adc8:	910243e0 	add	x0, sp, #0x90
   8adcc:	d280001c 	mov	x28, #0x0                   	// #0
   8add0:	97ffe18e 	bl	83408 <CString::CString()>
   8add4:	9102c3e0 	add	x0, sp, #0xb0
   8add8:	528005b6 	mov	w22, #0x2d                  	// #45
   8addc:	97ffe18b 	bl	83408 <CString::CString()>
   8ade0:	910343e0 	add	x0, sp, #0xd0
   8ade4:	2a1c03f3 	mov	w19, w28
   8ade8:	97ffe188 	bl	83408 <CString::CString()>
   8adec:	387c6a83 	ldrb	w3, [x20, x28]
   8adf0:	f100239f 	cmp	x28, #0x8
   8adf4:	aa1703e1 	mov	x1, x23
   8adf8:	910343e0 	add	x0, sp, #0xd0
   8adfc:	1a961302 	csel	w2, w24, w22, ne	// ne = any
   8ae00:	97ffe802 	bl	84e08 <CString::Format(char const*, ...)>
   8ae04:	910343e0 	add	x0, sp, #0xd0
   8ae08:	97ffe1ba 	bl	834f0 <CString::operator char const*() const>
   8ae0c:	aa0003e1 	mov	x1, x0
   8ae10:	910243e0 	add	x0, sp, #0x90
   8ae14:	97ffe217 	bl	83670 <CString::Append(char const*)>
   8ae18:	34000119 	cbz	w25, 8ae38 <DebugHexDump(void const*, unsigned int, char const*, unsigned int)+0xf4>
   8ae1c:	387c6a81 	ldrb	w1, [x20, x28]
   8ae20:	51008020 	sub	w0, w1, #0x20
   8ae24:	12001c00 	and	w0, w0, #0xff
   8ae28:	71017c1f 	cmp	w0, #0x5f
   8ae2c:	9102c3e0 	add	x0, sp, #0xb0
   8ae30:	1a9a3021 	csel	w1, w1, w26, cc	// cc = lo, ul, last
   8ae34:	97ffe24f 	bl	83770 <CString::Append(char)>
   8ae38:	11000673 	add	w19, w19, #0x1
   8ae3c:	910343e0 	add	x0, sp, #0xd0
   8ae40:	6b15027f 	cmp	w19, w21
   8ae44:	54000582 	b.cs	8aef4 <DebugHexDump(void const*, unsigned int, char const*, unsigned int)+0x1b0>  // b.hs, b.nlast
   8ae48:	9100079c 	add	x28, x28, #0x1
   8ae4c:	97ffe135 	bl	83320 <CString::~CString()>
   8ae50:	f100439f 	cmp	x28, #0x10
   8ae54:	54fffc61 	b.ne	8ade0 <DebugHexDump(void const*, unsigned int, char const*, unsigned int)+0x9c>  // b.any
   8ae58:	b9407be0 	ldr	w0, [sp, #120]
   8ae5c:	7100001f 	cmp	w0, #0x0
   8ae60:	7a4f1aa2 	ccmp	w21, #0xf, #0x2, ne	// ne = any
   8ae64:	54000529 	b.ls	8af08 <DebugHexDump(void const*, unsigned int, char const*, unsigned int)+0x1c4>  // b.plast
   8ae68:	b94087e0 	ldr	w0, [sp, #132]
   8ae6c:	cb1b0293 	sub	x19, x20, x27
   8ae70:	7100001f 	cmp	w0, #0x0
   8ae74:	9a940273 	csel	x19, x19, x20, eq	// eq = none
   8ae78:	91004294 	add	x20, x20, #0x10
   8ae7c:	94000611 	bl	8c6c0 <CLogger::Get()>
   8ae80:	aa0003f6 	mov	x22, x0
   8ae84:	910243e0 	add	x0, sp, #0x90
   8ae88:	97ffe1ee 	bl	83640 <CString::c_str() const>
   8ae8c:	aa0003e5 	mov	x5, x0
   8ae90:	9102c3e0 	add	x0, sp, #0xb0
   8ae94:	f90033e5 	str	x5, [sp, #96]
   8ae98:	97ffe1ea 	bl	83640 <CString::c_str() const>
   8ae9c:	f94033e5 	ldr	x5, [sp, #96]
   8aea0:	aa0003e6 	mov	x6, x0
   8aea4:	92403e64 	and	x4, x19, #0xffff
   8aea8:	52800082 	mov	w2, #0x4                   	// #4
   8aeac:	aa1603e0 	mov	x0, x22
   8aeb0:	f9403be1 	ldr	x1, [sp, #112]
   8aeb4:	f94047e3 	ldr	x3, [sp, #136]
   8aeb8:	940007e2 	bl	8ce40 <CLogger::Write(char const*, TLogSeverity, char const*, ...)>
   8aebc:	710042b5 	subs	w21, w21, #0x10
   8aec0:	9102c3e0 	add	x0, sp, #0xb0
   8aec4:	1a9f22b5 	csel	w21, w21, wzr, cs	// cs = hs, nlast
   8aec8:	97ffe116 	bl	83320 <CString::~CString()>
   8aecc:	910243e0 	add	x0, sp, #0x90
   8aed0:	97ffe114 	bl	83320 <CString::~CString()>
   8aed4:	35fff7b5 	cbnz	w21, 8adc8 <DebugHexDump(void const*, unsigned int, char const*, unsigned int)+0x84>
   8aed8:	a94363f7 	ldp	x23, x24, [sp, #48]
   8aedc:	a9446bf9 	ldp	x25, x26, [sp, #64]
   8aee0:	a94153f3 	ldp	x19, x20, [sp, #16]
   8aee4:	a9425bf5 	ldp	x21, x22, [sp, #32]
   8aee8:	a94573fb 	ldp	x27, x28, [sp, #80]
   8aeec:	a8cf7bfd 	ldp	x29, x30, [sp], #240
   8aef0:	d65f03c0 	ret
   8aef4:	97ffe10b 	bl	83320 <CString::~CString()>
   8aef8:	b9407be0 	ldr	w0, [sp, #120]
   8aefc:	7100001f 	cmp	w0, #0x0
   8af00:	7a4f1aa2 	ccmp	w21, #0xf, #0x2, ne	// ne = any
   8af04:	54fffb28 	b.hi	8ae68 <DebugHexDump(void const*, unsigned int, char const*, unsigned int)+0x124>  // b.pmore
   8af08:	52800213 	mov	w19, #0x10                  	// #16
   8af0c:	4b150273 	sub	w19, w19, w21
   8af10:	f94037e1 	ldr	x1, [sp, #104]
   8af14:	910243e0 	add	x0, sp, #0x90
   8af18:	97ffe1d6 	bl	83670 <CString::Append(char const*)>
   8af1c:	71000673 	subs	w19, w19, #0x1
   8af20:	54ffff81 	b.ne	8af10 <DebugHexDump(void const*, unsigned int, char const*, unsigned int)+0x1cc>  // b.any
   8af24:	17ffffd1 	b	8ae68 <DebugHexDump(void const*, unsigned int, char const*, unsigned int)+0x124>
   8af28:	940005e6 	bl	8c6c0 <CLogger::Get()>
   8af2c:	b0000043 	adrp	x3, 93000 <CExceptionHandler::Throw(unsigned int, TAbortFrame*)+0xc0>
   8af30:	f9403be1 	ldr	x1, [sp, #112]
   8af34:	aa1b03e5 	mov	x5, x27
   8af38:	2a1503e4 	mov	w4, w21
   8af3c:	91272063 	add	x3, x3, #0x9c8
   8af40:	52800082 	mov	w2, #0x4                   	// #4
   8af44:	940007bf 	bl	8ce40 <CLogger::Write(char const*, TLogSeverity, char const*, ...)>
   8af48:	17ffff8d 	b	8ad7c <DebugHexDump(void const*, unsigned int, char const*, unsigned int)+0x38>
	...

000000000008af80 <DelayLoop>:
   8af80:	2a0103e1 	mov	w1, w1
   8af84:	2a0203e2 	mov	w2, w2
   8af88:	71000400 	subs	w0, w0, #0x1
   8af8c:	54ffffa1 	b.ne	8af80 <DelayLoop>  // b.any
   8af90:	d65f03c0 	ret
	...

000000000008afa0 <CDevice::Read(void*, unsigned long)>:
   8afa0:	12800000 	mov	w0, #0xffffffff            	// #-1
   8afa4:	d65f03c0 	ret

000000000008afa8 <CDevice::Seek(unsigned long)>:
   8afa8:	92800000 	mov	x0, #0xffffffffffffffff    	// #-1
   8afac:	d65f03c0 	ret

000000000008afb0 <CDevice::GetSize() const>:
   8afb0:	92800000 	mov	x0, #0xffffffffffffffff    	// #-1
   8afb4:	d65f03c0 	ret
   8afb8:	d503201f 	nop
   8afbc:	d503201f 	nop

000000000008afc0 <CDevice::IOCtl(unsigned long, void*)>:
   8afc0:	12800000 	mov	w0, #0xffffffff            	// #-1
   8afc4:	d65f03c0 	ret

000000000008afc8 <CDevice::RemoveDevice()>:
   8afc8:	52800000 	mov	w0, #0x0                   	// #0
   8afcc:	d65f03c0 	ret

000000000008afd0 <CDevice::CDevice(CDevice*)>:
   8afd0:	a9bd7bfd 	stp	x29, x30, [sp, #-48]!
   8afd4:	910003fd 	mov	x29, sp
   8afd8:	a9025bf5 	stp	x21, x22, [sp, #32]
   8afdc:	aa0103f6 	mov	x22, x1
   8afe0:	f0000041 	adrp	x1, 95000 <font_data+0x830>
   8afe4:	aa0003f5 	mov	x21, x0
   8afe8:	912da021 	add	x1, x1, #0xb68
   8afec:	a90153f3 	stp	x19, x20, [sp, #16]
   8aff0:	910042b4 	add	x20, x21, #0x10
   8aff4:	910242b5 	add	x21, x21, #0x90
   8aff8:	aa1403f3 	mov	x19, x20
   8affc:	f8008401 	str	x1, [x0], #8
   8b000:	940007f0 	bl	8cfc0 <CPtrList::CPtrList()>
   8b004:	aa1303e0 	mov	x0, x19
   8b008:	91008273 	add	x19, x19, #0x20
   8b00c:	97ffe0ff 	bl	83408 <CString::CString()>
   8b010:	eb15027f 	cmp	x19, x21
   8b014:	54ffff81 	b.ne	8b004 <CDevice::CDevice(CDevice*)+0x34>  // b.any
   8b018:	910042d3 	add	x19, x22, #0x10
   8b01c:	b4000116 	cbz	x22, 8b03c <CDevice::CDevice(CDevice*)+0x6c>
   8b020:	aa1303e1 	mov	x1, x19
   8b024:	aa1403e0 	mov	x0, x20
   8b028:	97ffe14e 	bl	83560 <CString::operator=(CString const&)>
   8b02c:	91008294 	add	x20, x20, #0x20
   8b030:	91008273 	add	x19, x19, #0x20
   8b034:	eb15029f 	cmp	x20, x21
   8b038:	54ffff41 	b.ne	8b020 <CDevice::CDevice(CDevice*)+0x50>  // b.any
   8b03c:	a94153f3 	ldp	x19, x20, [sp, #16]
   8b040:	a9425bf5 	ldp	x21, x22, [sp, #32]
   8b044:	a8c37bfd 	ldp	x29, x30, [sp], #48
   8b048:	d65f03c0 	ret

000000000008b04c <CDevice::RegisterRemovedHandler(void (*)(CDevice*, void*), void*)>:
   8b04c:	a9bd7bfd 	stp	x29, x30, [sp, #-48]!
   8b050:	910003fd 	mov	x29, sp
   8b054:	a90153f3 	stp	x19, x20, [sp, #16]
   8b058:	a9025bf5 	stp	x21, x22, [sp, #32]
   8b05c:	b4000381 	cbz	x1, 8b0cc <CDevice::RegisterRemovedHandler(void (*)(CDevice*, void*), void*)+0x80>
   8b060:	aa0203f6 	mov	x22, x2
   8b064:	aa0103f4 	mov	x20, x1
   8b068:	91002015 	add	x21, x0, #0x8
   8b06c:	d2800200 	mov	x0, #0x10                  	// #16
   8b070:	97ffeefe 	bl	86c68 <operator new(unsigned long)>
   8b074:	aa0003f3 	mov	x19, x0
   8b078:	a9005814 	stp	x20, x22, [x0]
   8b07c:	aa1503e0 	mov	x0, x21
   8b080:	940007e0 	bl	8d000 <CPtrList::GetFirst() const>
   8b084:	aa1303e2 	mov	x2, x19
   8b088:	b4000120 	cbz	x0, 8b0ac <CDevice::RegisterRemovedHandler(void (*)(CDevice*, void*), void*)+0x60>
   8b08c:	aa0003e1 	mov	x1, x0
   8b090:	aa1503e0 	mov	x0, x21
   8b094:	9400080b 	bl	8d0c0 <CPtrList::InsertBefore(TPtrListElement*, void*)>
   8b098:	aa1303e0 	mov	x0, x19
   8b09c:	a9425bf5 	ldp	x21, x22, [sp, #32]
   8b0a0:	a94153f3 	ldp	x19, x20, [sp, #16]
   8b0a4:	a8c37bfd 	ldp	x29, x30, [sp], #48
   8b0a8:	d65f03c0 	ret
   8b0ac:	aa1503e0 	mov	x0, x21
   8b0b0:	d2800001 	mov	x1, #0x0                   	// #0
   8b0b4:	94000843 	bl	8d1c0 <CPtrList::InsertAfter(TPtrListElement*, void*)>
   8b0b8:	aa1303e0 	mov	x0, x19
   8b0bc:	a9425bf5 	ldp	x21, x22, [sp, #32]
   8b0c0:	a94153f3 	ldp	x19, x20, [sp, #16]
   8b0c4:	a8c37bfd 	ldp	x29, x30, [sp], #48
   8b0c8:	d65f03c0 	ret
   8b0cc:	90000041 	adrp	x1, 93000 <CExceptionHandler::Throw(unsigned int, TAbortFrame*)+0xc0>
   8b0d0:	90000040 	adrp	x0, 93000 <CExceptionHandler::Throw(unsigned int, TAbortFrame*)+0xc0>
   8b0d4:	52800b42 	mov	w2, #0x5a                  	// #90
   8b0d8:	91284021 	add	x1, x1, #0xa10
   8b0dc:	912a0000 	add	x0, x0, #0xa80
   8b0e0:	97fffbd0 	bl	8a020 <assertion_failed>

000000000008b0e4 <CDevice::UnregisterRemovedHandler(void*)>:
   8b0e4:	a9be7bfd 	stp	x29, x30, [sp, #-32]!
   8b0e8:	910003fd 	mov	x29, sp
   8b0ec:	a90153f3 	stp	x19, x20, [sp, #16]
   8b0f0:	b40001c1 	cbz	x1, 8b128 <CDevice::UnregisterRemovedHandler(void*)+0x44>
   8b0f4:	91002013 	add	x19, x0, #0x8
   8b0f8:	aa0103f4 	mov	x20, x1
   8b0fc:	aa1303e0 	mov	x0, x19
   8b100:	940008b8 	bl	8d3e0 <CPtrList::Find(void*) const>
   8b104:	b40001e0 	cbz	x0, 8b140 <CDevice::UnregisterRemovedHandler(void*)+0x5c>
   8b108:	aa0003e1 	mov	x1, x0
   8b10c:	aa1303e0 	mov	x0, x19
   8b110:	9400086c 	bl	8d2c0 <CPtrList::Remove(TPtrListElement*)>
   8b114:	aa1403e0 	mov	x0, x20
   8b118:	d2800201 	mov	x1, #0x10                  	// #16
   8b11c:	a94153f3 	ldp	x19, x20, [sp, #16]
   8b120:	a8c27bfd 	ldp	x29, x30, [sp], #32
   8b124:	17ffeef3 	b	86cf0 <operator delete(void*, unsigned long)>
   8b128:	90000041 	adrp	x1, 93000 <CExceptionHandler::Throw(unsigned int, TAbortFrame*)+0xc0>
   8b12c:	90000040 	adrp	x0, 93000 <CExceptionHandler::Throw(unsigned int, TAbortFrame*)+0xc0>
   8b130:	52800e22 	mov	w2, #0x71                  	// #113
   8b134:	91284021 	add	x1, x1, #0xa10
   8b138:	91288000 	add	x0, x0, #0xa20
   8b13c:	97fffbb9 	bl	8a020 <assertion_failed>
   8b140:	90000041 	adrp	x1, 93000 <CExceptionHandler::Throw(unsigned int, TAbortFrame*)+0xc0>
   8b144:	90000040 	adrp	x0, 93000 <CExceptionHandler::Throw(unsigned int, TAbortFrame*)+0xc0>
   8b148:	52800e82 	mov	w2, #0x74                  	// #116
   8b14c:	91284021 	add	x1, x1, #0xa10
   8b150:	9128c000 	add	x0, x0, #0xa30
   8b154:	97fffbb3 	bl	8a020 <assertion_failed>
   8b158:	d503201f 	nop
   8b15c:	d503201f 	nop

000000000008b160 <CDevice::SetProperty(CDevice::TProperty, char const*)>:
   8b160:	a9be7bfd 	stp	x29, x30, [sp, #-32]!
   8b164:	910003fd 	mov	x29, sp
   8b168:	f9000bf3 	str	x19, [sp, #16]
   8b16c:	71000c3f 	cmp	w1, #0x3
   8b170:	540001ec 	b.gt	8b1ac <CDevice::SetProperty(CDevice::TProperty, char const*)+0x4c>
   8b174:	b4000282 	cbz	x2, 8b1c4 <CDevice::SetProperty(CDevice::TProperty, char const*)+0x64>
   8b178:	52800404 	mov	w4, #0x20                  	// #32
   8b17c:	d2800203 	mov	x3, #0x10                  	// #16
   8b180:	9b240c23 	smaddl	x3, w1, w4, x3
   8b184:	aa0203e1 	mov	x1, x2
   8b188:	8b030013 	add	x19, x0, x3
   8b18c:	aa1303e0 	mov	x0, x19
   8b190:	97ffe0de 	bl	83508 <CString::operator=(char const*)>
   8b194:	90000041 	adrp	x1, 93000 <CExceptionHandler::Throw(unsigned int, TAbortFrame*)+0xc0>
   8b198:	aa1303e0 	mov	x0, x19
   8b19c:	f9400bf3 	ldr	x19, [sp, #16]
   8b1a0:	9129c021 	add	x1, x1, #0xa70
   8b1a4:	a8c27bfd 	ldp	x29, x30, [sp], #32
   8b1a8:	17ffe19e 	b	83820 <CString::TrimRight(char const*)>
   8b1ac:	90000041 	adrp	x1, 93000 <CExceptionHandler::Throw(unsigned int, TAbortFrame*)+0xc0>
   8b1b0:	90000040 	adrp	x0, 93000 <CExceptionHandler::Throw(unsigned int, TAbortFrame*)+0xc0>
   8b1b4:	52800fa2 	mov	w2, #0x7d                  	// #125
   8b1b8:	91284021 	add	x1, x1, #0xa10
   8b1bc:	91290000 	add	x0, x0, #0xa40
   8b1c0:	97fffb98 	bl	8a020 <assertion_failed>
   8b1c4:	90000041 	adrp	x1, 93000 <CExceptionHandler::Throw(unsigned int, TAbortFrame*)+0xc0>
   8b1c8:	90000040 	adrp	x0, 93000 <CExceptionHandler::Throw(unsigned int, TAbortFrame*)+0xc0>
   8b1cc:	52800fc2 	mov	w2, #0x7e                  	// #126
   8b1d0:	91284021 	add	x1, x1, #0xa10
   8b1d4:	91298000 	add	x0, x0, #0xa60
   8b1d8:	97fffb92 	bl	8a020 <assertion_failed>
   8b1dc:	d503201f 	nop

000000000008b1e0 <CDevice::GetProperty(CDevice::TProperty) const>:
   8b1e0:	71000c3f 	cmp	w1, #0x3
   8b1e4:	540000cc 	b.gt	8b1fc <CDevice::GetProperty(CDevice::TProperty) const+0x1c>
   8b1e8:	52800403 	mov	w3, #0x20                  	// #32
   8b1ec:	d2800202 	mov	x2, #0x10                  	// #16
   8b1f0:	9b230821 	smaddl	x1, w1, w3, x2
   8b1f4:	8b010000 	add	x0, x0, x1
   8b1f8:	17ffe0be 	b	834f0 <CString::operator char const*() const>
   8b1fc:	90000041 	adrp	x1, 93000 <CExceptionHandler::Throw(unsigned int, TAbortFrame*)+0xc0>
   8b200:	90000040 	adrp	x0, 93000 <CExceptionHandler::Throw(unsigned int, TAbortFrame*)+0xc0>
   8b204:	a9bf7bfd 	stp	x29, x30, [sp, #-16]!
   8b208:	528010a2 	mov	w2, #0x85                  	// #133
   8b20c:	910003fd 	mov	x29, sp
   8b210:	91284021 	add	x1, x1, #0xa10
   8b214:	91290000 	add	x0, x0, #0xa40
   8b218:	97fffb82 	bl	8a020 <assertion_failed>
   8b21c:	d503201f 	nop

000000000008b220 <CDevice::~CDevice()>:
   8b220:	a9bd7bfd 	stp	x29, x30, [sp, #-48]!
   8b224:	910003fd 	mov	x29, sp
   8b228:	a9025bf5 	stp	x21, x22, [sp, #32]
   8b22c:	aa0003f5 	mov	x21, x0
   8b230:	aa0003f6 	mov	x22, x0
   8b234:	d0000040 	adrp	x0, 95000 <font_data+0x830>
   8b238:	912da000 	add	x0, x0, #0xb68
   8b23c:	a90153f3 	stp	x19, x20, [sp, #16]
   8b240:	f80086a0 	str	x0, [x21], #8
   8b244:	1400000a 	b	8b26c <CDevice::~CDevice()+0x4c>
   8b248:	f9400661 	ldr	x1, [x19, #8]
   8b24c:	aa1603e0 	mov	x0, x22
   8b250:	d63f0040 	blr	x2
   8b254:	aa1503e0 	mov	x0, x21
   8b258:	aa1403e1 	mov	x1, x20
   8b25c:	94000819 	bl	8d2c0 <CPtrList::Remove(TPtrListElement*)>
   8b260:	d2800201 	mov	x1, #0x10                  	// #16
   8b264:	aa1303e0 	mov	x0, x19
   8b268:	97ffeea2 	bl	86cf0 <operator delete(void*, unsigned long)>
   8b26c:	aa1503e0 	mov	x0, x21
   8b270:	94000764 	bl	8d000 <CPtrList::GetFirst() const>
   8b274:	aa0003f4 	mov	x20, x0
   8b278:	b4000160 	cbz	x0, 8b2a4 <CDevice::~CDevice()+0x84>
   8b27c:	9400077a 	bl	8d064 <CPtrList::GetPtr(TPtrListElement*)>
   8b280:	f9400002 	ldr	x2, [x0]
   8b284:	aa0003f3 	mov	x19, x0
   8b288:	b5fffe02 	cbnz	x2, 8b248 <CDevice::~CDevice()+0x28>
   8b28c:	90000041 	adrp	x1, 93000 <CExceptionHandler::Throw(unsigned int, TAbortFrame*)+0xc0>
   8b290:	90000040 	adrp	x0, 93000 <CExceptionHandler::Throw(unsigned int, TAbortFrame*)+0xc0>
   8b294:	52800602 	mov	w2, #0x30                  	// #48
   8b298:	91284021 	add	x1, x1, #0xa10
   8b29c:	9129e000 	add	x0, x0, #0xa78
   8b2a0:	97fffb60 	bl	8a020 <assertion_failed>
   8b2a4:	910242d3 	add	x19, x22, #0x90
   8b2a8:	910042d6 	add	x22, x22, #0x10
   8b2ac:	d1008273 	sub	x19, x19, #0x20
   8b2b0:	aa1303e0 	mov	x0, x19
   8b2b4:	97ffe01b 	bl	83320 <CString::~CString()>
   8b2b8:	eb1302df 	cmp	x22, x19
   8b2bc:	54ffff81 	b.ne	8b2ac <CDevice::~CDevice()+0x8c>  // b.any
   8b2c0:	a94153f3 	ldp	x19, x20, [sp, #16]
   8b2c4:	aa1503e0 	mov	x0, x21
   8b2c8:	a9425bf5 	ldp	x21, x22, [sp, #32]
   8b2cc:	a8c37bfd 	ldp	x29, x30, [sp], #48
   8b2d0:	1400073e 	b	8cfc8 <CPtrList::~CPtrList()>
   8b2d4:	d503201f 	nop
   8b2d8:	d503201f 	nop
   8b2dc:	d503201f 	nop

000000000008b2e0 <CDevice::~CDevice()>:
   8b2e0:	a9be7bfd 	stp	x29, x30, [sp, #-32]!
   8b2e4:	910003fd 	mov	x29, sp
   8b2e8:	f9000fe0 	str	x0, [sp, #24]
   8b2ec:	97ffffcd 	bl	8b220 <CDevice::~CDevice()>
   8b2f0:	f9400fe0 	ldr	x0, [sp, #24]
   8b2f4:	d2801201 	mov	x1, #0x90                  	// #144
   8b2f8:	a8c27bfd 	ldp	x29, x30, [sp], #32
   8b2fc:	17ffee7d 	b	86cf0 <operator delete(void*, unsigned long)>

000000000008b300 <CDMAChannel::CDMAChannel(unsigned int, CInterruptSystem*)>:
   8b300:	a9bc7bfd 	stp	x29, x30, [sp, #-64]!
   8b304:	910003fd 	mov	x29, sp
   8b308:	a90153f3 	stp	x19, x20, [sp, #16]
   8b30c:	aa0003f3 	mov	x19, x0
   8b310:	aa0203f4 	mov	x20, x2
   8b314:	f90013f5 	str	x21, [sp, #32]
   8b318:	2a0103f5 	mov	w21, w1
   8b31c:	97ffdeec 	bl	82ecc <CMachineInfo::Get()>
   8b320:	2a1503e1 	mov	w1, w21
   8b324:	97ffdb77 	bl	82100 <CMachineInfo::AllocateDMAChannel(unsigned int)>
   8b328:	2a0003e1 	mov	w1, w0
   8b32c:	71020ebf 	cmp	w21, #0x83
   8b330:	b9000260 	str	w0, [x19]
   8b334:	51001aa0 	sub	w0, w21, #0x6
   8b338:	b9002a7f 	str	wzr, [x19, #40]
   8b33c:	7a451800 	ccmp	w0, #0x5, #0x0, ne	// ne = any
   8b340:	f9002a74 	str	x20, [x19, #80]
   8b344:	3901627f 	strb	wzr, [x19, #88]
   8b348:	a9067e7f 	stp	xzr, xzr, [x19, #96]
   8b34c:	3901c27f 	strb	wzr, [x19, #112]
   8b350:	f900467f 	str	xzr, [x19, #136]
   8b354:	540001e8 	b.hi	8b390 <CDMAChannel::CDMAChannel(unsigned int, CInterruptSystem*)+0x90>  // b.pmore
   8b358:	7102003f 	cmp	w1, #0x80
   8b35c:	54000760 	b.eq	8b448 <CDMAChannel::CDMAChannel(unsigned int, CInterruptSystem*)+0x148>  // b.none
   8b360:	d2801100 	mov	x0, #0x88                  	// #136
   8b364:	b9003fe1 	str	w1, [sp, #60]
   8b368:	97ffee40 	bl	86c68 <operator new(unsigned long)>
   8b36c:	aa0003f5 	mov	x21, x0
   8b370:	b9403fe1 	ldr	w1, [sp, #60]
   8b374:	aa1403e2 	mov	x2, x20
   8b378:	9400191a 	bl	917e0 <CDMA4Channel::CDMA4Channel(unsigned int, CInterruptSystem*)>
   8b37c:	f9004675 	str	x21, [x19, #136]
   8b380:	f94013f5 	ldr	x21, [sp, #32]
   8b384:	a94153f3 	ldp	x19, x20, [sp, #16]
   8b388:	a8c47bfd 	ldp	x29, x30, [sp], #64
   8b38c:	d65f03c0 	ret
   8b390:	7102003f 	cmp	w1, #0x80
   8b394:	54000640 	b.eq	8b45c <CDMAChannel::CDMAChannel(unsigned int, CInterruptSystem*)+0x15c>  // b.none
   8b398:	d2800034 	mov	x20, #0x1                   	// #1
   8b39c:	7100143f 	cmp	w1, #0x5
   8b3a0:	54000688 	b.hi	8b470 <CDMAChannel::CDMAChannel(unsigned int, CInterruptSystem*)+0x170>  // b.pmore
   8b3a4:	52800001 	mov	w1, #0x0                   	// #0
   8b3a8:	d2800400 	mov	x0, #0x20                  	// #32
   8b3ac:	97ffede5 	bl	86b40 <operator new(unsigned long, int)>
   8b3b0:	f8347a60 	str	x0, [x19, x20, lsl #3]
   8b3b4:	91000694 	add	x20, x20, #0x1
   8b3b8:	3900601f 	strb	wzr, [x0, #24]
   8b3bc:	3900641f 	strb	wzr, [x0, #25]
   8b3c0:	3900681f 	strb	wzr, [x0, #26]
   8b3c4:	39006c1f 	strb	wzr, [x0, #27]
   8b3c8:	3900701f 	strb	wzr, [x0, #28]
   8b3cc:	3900741f 	strb	wzr, [x0, #29]
   8b3d0:	3900781f 	strb	wzr, [x0, #30]
   8b3d4:	39007c1f 	strb	wzr, [x0, #31]
   8b3d8:	f100169f 	cmp	x20, #0x5
   8b3dc:	54fffe41 	b.ne	8b3a4 <CDMAChannel::CDMAChannel(unsigned int, CInterruptSystem*)+0xa4>  // b.any
   8b3e0:	d281fe14 	mov	x20, #0xff0                 	// #4080
   8b3e4:	f2a00034 	movk	x20, #0x1, lsl #16
   8b3e8:	f2c00214 	movk	x20, #0x10, lsl #32
   8b3ec:	b9400281 	ldr	w1, [x20]
   8b3f0:	b9400262 	ldr	w2, [x19]
   8b3f4:	52800020 	mov	w0, #0x1                   	// #1
   8b3f8:	1ac22000 	lsl	w0, w0, w2
   8b3fc:	2a010000 	orr	w0, w0, w1
   8b400:	b9000280 	str	w0, [x20]
   8b404:	d13fc294 	sub	x20, x20, #0xff0
   8b408:	52807d00 	mov	w0, #0x3e8                 	// #1000
   8b40c:	97ffeb1d 	bl	86080 <CTimer::SimpleusDelay(unsigned int)>
   8b410:	b9400260 	ldr	w0, [x19]
   8b414:	52b00001 	mov	w1, #0x80000000            	// #-2147483648
   8b418:	53185c00 	lsl	w0, w0, #8
   8b41c:	8b140000 	add	x0, x0, x20
   8b420:	b9000001 	str	w1, [x0]
   8b424:	b9400261 	ldr	w1, [x19]
   8b428:	53185c21 	lsl	w1, w1, #8
   8b42c:	8b140021 	add	x1, x1, x20
   8b430:	b9400020 	ldr	w0, [x1]
   8b434:	37ffffe0 	tbnz	w0, #31, 8b430 <CDMAChannel::CDMAChannel(unsigned int, CInterruptSystem*)+0x130>
   8b438:	f94013f5 	ldr	x21, [sp, #32]
   8b43c:	a94153f3 	ldp	x19, x20, [sp, #16]
   8b440:	a8c47bfd 	ldp	x29, x30, [sp], #64
   8b444:	d65f03c0 	ret
   8b448:	d0000041 	adrp	x1, 95000 <font_data+0x830>
   8b44c:	528005c2 	mov	w2, #0x2e                  	// #46
   8b450:	912ea021 	add	x1, x1, #0xba8
   8b454:	91004020 	add	x0, x1, #0x10
   8b458:	97fffaf2 	bl	8a020 <assertion_failed>
   8b45c:	d0000041 	adrp	x1, 95000 <font_data+0x830>
   8b460:	52800702 	mov	w2, #0x38                  	// #56
   8b464:	912ea021 	add	x1, x1, #0xba8
   8b468:	91004020 	add	x0, x1, #0x10
   8b46c:	97fffaed 	bl	8a020 <assertion_failed>
   8b470:	d0000041 	adrp	x1, 95000 <font_data+0x830>
   8b474:	52800722 	mov	w2, #0x39                  	// #57
   8b478:	912ea021 	add	x1, x1, #0xba8
   8b47c:	9100c020 	add	x0, x1, #0x30
   8b480:	97fffae8 	bl	8a020 <assertion_failed>

000000000008b484 <CDMAChannel::~CDMAChannel()>:
   8b484:	a9be7bfd 	stp	x29, x30, [sp, #-32]!
   8b488:	910003fd 	mov	x29, sp
   8b48c:	a90153f3 	stp	x19, x20, [sp, #16]
   8b490:	aa0003f3 	mov	x19, x0
   8b494:	f9404414 	ldr	x20, [x0, #136]
   8b498:	b9400001 	ldr	w1, [x0]
   8b49c:	b40001f4 	cbz	x20, 8b4d8 <CDMAChannel::~CDMAChannel()+0x54>
   8b4a0:	51001821 	sub	w1, w1, #0x6
   8b4a4:	7100143f 	cmp	w1, #0x5
   8b4a8:	54000788 	b.hi	8b598 <CDMAChannel::~CDMAChannel()+0x114>  // b.pmore
   8b4ac:	aa1403e0 	mov	x0, x20
   8b4b0:	94001904 	bl	918c0 <CDMA4Channel::~CDMA4Channel()>
   8b4b4:	d2801101 	mov	x1, #0x88                  	// #136
   8b4b8:	aa1403e0 	mov	x0, x20
   8b4bc:	97ffee0d 	bl	86cf0 <operator delete(void*, unsigned long)>
   8b4c0:	f900467f 	str	xzr, [x19, #136]
   8b4c4:	97ffde82 	bl	82ecc <CMachineInfo::Get()>
   8b4c8:	b9400261 	ldr	w1, [x19]
   8b4cc:	a94153f3 	ldp	x19, x20, [sp, #16]
   8b4d0:	a8c27bfd 	ldp	x29, x30, [sp], #32
   8b4d4:	17ffdb3f 	b	821d0 <CMachineInfo::FreeDMAChannel(unsigned int)>
   8b4d8:	7100143f 	cmp	w1, #0x5
   8b4dc:	54000688 	b.hi	8b5ac <CDMAChannel::~CDMAChannel()+0x128>  // b.pmore
   8b4e0:	d2a00020 	mov	x0, #0x10000               	// #65536
   8b4e4:	53185c21 	lsl	w1, w1, #8
   8b4e8:	f2c00200 	movk	x0, #0x10, lsl #32
   8b4ec:	52b00002 	mov	w2, #0x80000000            	// #-2147483648
   8b4f0:	8b000021 	add	x1, x1, x0
   8b4f4:	b9000022 	str	w2, [x1]
   8b4f8:	b9400263 	ldr	w3, [x19]
   8b4fc:	53185c61 	lsl	w1, w3, #8
   8b500:	8b000021 	add	x1, x1, x0
   8b504:	b9400020 	ldr	w0, [x1]
   8b508:	37ffffe0 	tbnz	w0, #31, 8b504 <CDMAChannel::~CDMAChannel()+0x80>
   8b50c:	d281fe02 	mov	x2, #0xff0                 	// #4080
   8b510:	f2a00022 	movk	x2, #0x1, lsl #16
   8b514:	f2c00202 	movk	x2, #0x10, lsl #32
   8b518:	b9400040 	ldr	w0, [x2]
   8b51c:	52800021 	mov	w1, #0x1                   	// #1
   8b520:	1ac32021 	lsl	w1, w1, w3
   8b524:	0a210000 	bic	w0, w0, w1
   8b528:	b9000040 	str	w0, [x2]
   8b52c:	f9402a60 	ldr	x0, [x19, #80]
   8b530:	f900327f 	str	xzr, [x19, #96]
   8b534:	b4000080 	cbz	x0, 8b544 <CDMAChannel::~CDMAChannel()+0xc0>
   8b538:	39416261 	ldrb	w1, [x19, #88]
   8b53c:	37000221 	tbnz	w1, #0, 8b580 <CDMAChannel::~CDMAChannel()+0xfc>
   8b540:	f9002a7f 	str	xzr, [x19, #80]
   8b544:	97ffde62 	bl	82ecc <CMachineInfo::Get()>
   8b548:	b9400261 	ldr	w1, [x19]
   8b54c:	d2800034 	mov	x20, #0x1                   	// #1
   8b550:	97ffdb20 	bl	821d0 <CMachineInfo::FreeDMAChannel(unsigned int)>
   8b554:	f8747a60 	ldr	x0, [x19, x20, lsl #3]
   8b558:	b4000060 	cbz	x0, 8b564 <CDMAChannel::~CDMAChannel()+0xe0>
   8b55c:	d2800401 	mov	x1, #0x20                  	// #32
   8b560:	97ffede4 	bl	86cf0 <operator delete(void*, unsigned long)>
   8b564:	f8347a7f 	str	xzr, [x19, x20, lsl #3]
   8b568:	91000694 	add	x20, x20, #0x1
   8b56c:	f100169f 	cmp	x20, #0x5
   8b570:	54ffff21 	b.ne	8b554 <CDMAChannel::~CDMAChannel()+0xd0>  // b.any
   8b574:	a94153f3 	ldp	x19, x20, [sp, #16]
   8b578:	a8c27bfd 	ldp	x29, x30, [sp], #32
   8b57c:	d65f03c0 	ret
   8b580:	b9400261 	ldr	w1, [x19]
   8b584:	7100303f 	cmp	w1, #0xc
   8b588:	540001c8 	b.hi	8b5c0 <CDMAChannel::~CDMAChannel()+0x13c>  // b.pmore
   8b58c:	1101c021 	add	w1, w1, #0x70
   8b590:	97fff4c7 	bl	888ac <CInterruptSystem::DisconnectIRQ(unsigned int)>
   8b594:	17ffffeb 	b	8b540 <CDMAChannel::~CDMAChannel()+0xbc>
   8b598:	d0000041 	adrp	x1, 95000 <font_data+0x830>
   8b59c:	52800ac2 	mov	w2, #0x56                  	// #86
   8b5a0:	912ea021 	add	x1, x1, #0xba8
   8b5a4:	91014020 	add	x0, x1, #0x50
   8b5a8:	97fffa9e 	bl	8a020 <assertion_failed>
   8b5ac:	d0000041 	adrp	x1, 95000 <font_data+0x830>
   8b5b0:	52800c62 	mov	w2, #0x63                  	// #99
   8b5b4:	912ea021 	add	x1, x1, #0xba8
   8b5b8:	9100c020 	add	x0, x1, #0x30
   8b5bc:	97fffa99 	bl	8a020 <assertion_failed>
   8b5c0:	d0000041 	adrp	x1, 95000 <font_data+0x830>
   8b5c4:	52800ea2 	mov	w2, #0x75                  	// #117
   8b5c8:	912ea021 	add	x1, x1, #0xba8
   8b5cc:	91026020 	add	x0, x1, #0x98
   8b5d0:	97fffa94 	bl	8a020 <assertion_failed>
   8b5d4:	d503201f 	nop
   8b5d8:	d503201f 	nop
   8b5dc:	d503201f 	nop

000000000008b5e0 <CDMAChannel::SetupMemCopy(void*, void const*, unsigned long, unsigned int, bool)>:
   8b5e0:	aa0003e9 	mov	x9, x0
   8b5e4:	f9404400 	ldr	x0, [x0, #136]
   8b5e8:	12001ca5 	and	w5, w5, #0xff
   8b5ec:	b50008e0 	cbnz	x0, 8b708 <CDMAChannel::SetupMemCopy(void*, void const*, unsigned long, unsigned int, bool)+0x128>
   8b5f0:	a9bd7bfd 	stp	x29, x30, [sp, #-48]!
   8b5f4:	910003fd 	mov	x29, sp
   8b5f8:	aa0103ea 	mov	x10, x1
   8b5fc:	b4000ae1 	cbz	x1, 8b758 <CDMAChannel::SetupMemCopy(void*, void const*, unsigned long, unsigned int, bool)+0x178>
   8b600:	b4000b62 	cbz	x2, 8b76c <CDMAChannel::SetupMemCopy(void*, void const*, unsigned long, unsigned int, bool)+0x18c>
   8b604:	b4000843 	cbz	x3, 8b70c <CDMAChannel::SetupMemCopy(void*, void const*, unsigned long, unsigned int, bool)+0x12c>
   8b608:	71003c9f 	cmp	w4, #0xf
   8b60c:	54000ba8 	b.hi	8b780 <CDMAChannel::SetupMemCopy(void*, void const*, unsigned long, unsigned int, bool)+0x1a0>  // b.pmore
   8b610:	f9400526 	ldr	x6, [x9, #8]
   8b614:	b4000c06 	cbz	x6, 8b794 <CDMAChannel::SetupMemCopy(void*, void const*, unsigned long, unsigned int, bool)+0x1b4>
   8b618:	b24077e0 	mov	x0, #0x3fffffff            	// #1073741823
   8b61c:	eb00007f 	cmp	x3, x0
   8b620:	54000c48 	b.hi	8b7a8 <CDMAChannel::SetupMemCopy(void*, void const*, unsigned long, unsigned int, bool)+0x1c8>  // b.pmore
   8b624:	b9400120 	ldr	w0, [x9]
   8b628:	d2800401 	mov	x1, #0x20                  	// #32
   8b62c:	f2a00021 	movk	x1, #0x1, lsl #16
   8b630:	f2c00201 	movk	x1, #0x10, lsl #32
   8b634:	53185c00 	lsl	w0, w0, #8
   8b638:	8b010000 	add	x0, x0, x1
   8b63c:	b9400000 	ldr	w0, [x0]
   8b640:	f264001f 	tst	x0, #0x10000000
   8b644:	d29fffe0 	mov	x0, #0xffff                	// #65535
   8b648:	fa401060 	ccmp	x3, x0, #0x0, ne	// ne = any
   8b64c:	54000b88 	b.hi	8b7bc <CDMAChannel::SetupMemCopy(void*, void const*, unsigned long, unsigned int, bool)+0x1dc>  // b.pmore
   8b650:	52806600 	mov	w0, #0x330                 	// #816
   8b654:	53083c41 	ubfx	w1, w2, #8, #8
   8b658:	390010c2 	strb	w2, [x6, #4]
   8b65c:	2a043004 	orr	w4, w0, w4, lsl #12
   8b660:	390020ca 	strb	w10, [x6, #8]
   8b664:	390000c0 	strb	w0, [x6]
   8b668:	53087c80 	lsr	w0, w4, #8
   8b66c:	390014c1 	strb	w1, [x6, #5]
   8b670:	53105c41 	ubfx	w1, w2, #16, #8
   8b674:	390030c3 	strb	w3, [x6, #12]
   8b678:	390004c0 	strb	w0, [x6, #1]
   8b67c:	d3505c80 	ubfx	x0, x4, #16, #8
   8b680:	53187c84 	lsr	w4, w4, #24
   8b684:	390018c1 	strb	w1, [x6, #6]
   8b688:	53083d41 	ubfx	w1, w10, #8, #8
   8b68c:	390008c0 	strb	w0, [x6, #2]
   8b690:	32020440 	orr	w0, w2, #0xc0000000
   8b694:	53187c00 	lsr	w0, w0, #24
   8b698:	390024c1 	strb	w1, [x6, #9]
   8b69c:	53105d41 	ubfx	w1, w10, #16, #8
   8b6a0:	39000cc4 	strb	w4, [x6, #3]
   8b6a4:	39001cc0 	strb	w0, [x6, #7]
   8b6a8:	32020540 	orr	w0, w10, #0xc0000000
   8b6ac:	53187c00 	lsr	w0, w0, #24
   8b6b0:	390028c1 	strb	w1, [x6, #10]
   8b6b4:	390040df 	strb	wzr, [x6, #16]
   8b6b8:	39002cc0 	strb	w0, [x6, #11]
   8b6bc:	53083c60 	ubfx	w0, w3, #8, #8
   8b6c0:	390044df 	strb	wzr, [x6, #17]
   8b6c4:	390034c0 	strb	w0, [x6, #13]
   8b6c8:	53105c60 	ubfx	w0, w3, #16, #8
   8b6cc:	390048df 	strb	wzr, [x6, #18]
   8b6d0:	390038c0 	strb	w0, [x6, #14]
   8b6d4:	53187c60 	lsr	w0, w3, #24
   8b6d8:	39004cdf 	strb	wzr, [x6, #19]
   8b6dc:	39003cc0 	strb	w0, [x6, #15]
   8b6e0:	390050df 	strb	wzr, [x6, #20]
   8b6e4:	390054df 	strb	wzr, [x6, #21]
   8b6e8:	390058df 	strb	wzr, [x6, #22]
   8b6ec:	39005cdf 	strb	wzr, [x6, #23]
   8b6f0:	37000185 	tbnz	w5, #0, 8b720 <CDMAChannel::SetupMemCopy(void*, void const*, unsigned long, unsigned int, bool)+0x140>
   8b6f4:	52800020 	mov	w0, #0x1                   	// #1
   8b6f8:	f9003d3f 	str	xzr, [x9, #120]
   8b6fc:	b9002920 	str	w0, [x9, #40]
   8b700:	a8c37bfd 	ldp	x29, x30, [sp], #48
   8b704:	d65f03c0 	ret
   8b708:	140018a6 	b	919a0 <CDMA4Channel::SetupMemCopy(void*, void const*, unsigned long, unsigned int, bool)>
   8b70c:	d0000041 	adrp	x1, 95000 <font_data+0x830>
   8b710:	52801262 	mov	w2, #0x93                  	// #147
   8b714:	912ea021 	add	x1, x1, #0xba8
   8b718:	91036020 	add	x0, x1, #0xd8
   8b71c:	97fffa41 	bl	8a020 <assertion_failed>
   8b720:	aa0303e1 	mov	x1, x3
   8b724:	aa0203e0 	mov	x0, x2
   8b728:	a9078d2a 	stp	x10, x3, [x9, #120]
   8b72c:	a901a7e3 	stp	x3, x9, [sp, #24]
   8b730:	f90017ea 	str	x10, [sp, #40]
   8b734:	97fff15e 	bl	87cac <CleanAndInvalidateDataCacheRange>
   8b738:	f9400fe1 	ldr	x1, [sp, #24]
   8b73c:	f94017e0 	ldr	x0, [sp, #40]
   8b740:	97fff15b 	bl	87cac <CleanAndInvalidateDataCacheRange>
   8b744:	f94013e9 	ldr	x9, [sp, #32]
   8b748:	52800020 	mov	w0, #0x1                   	// #1
   8b74c:	b9002920 	str	w0, [x9, #40]
   8b750:	a8c37bfd 	ldp	x29, x30, [sp], #48
   8b754:	d65f03c0 	ret
   8b758:	d0000041 	adrp	x1, 95000 <font_data+0x830>
   8b75c:	52801222 	mov	w2, #0x91                  	// #145
   8b760:	912ea021 	add	x1, x1, #0xba8
   8b764:	9102c020 	add	x0, x1, #0xb0
   8b768:	97fffa2e 	bl	8a020 <assertion_failed>
   8b76c:	d0000041 	adrp	x1, 95000 <font_data+0x830>
   8b770:	52801242 	mov	w2, #0x92                  	// #146
   8b774:	912ea021 	add	x1, x1, #0xba8
   8b778:	91032020 	add	x0, x1, #0xc8
   8b77c:	97fffa29 	bl	8a020 <assertion_failed>
   8b780:	d0000041 	adrp	x1, 95000 <font_data+0x830>
   8b784:	52801282 	mov	w2, #0x94                  	// #148
   8b788:	912ea021 	add	x1, x1, #0xba8
   8b78c:	9103a020 	add	x0, x1, #0xe8
   8b790:	97fffa24 	bl	8a020 <assertion_failed>
   8b794:	d0000041 	adrp	x1, 95000 <font_data+0x830>
   8b798:	528012c2 	mov	w2, #0x96                  	// #150
   8b79c:	912ea021 	add	x1, x1, #0xba8
   8b7a0:	91040020 	add	x0, x1, #0x100
   8b7a4:	97fffa1f 	bl	8a020 <assertion_failed>
   8b7a8:	d0000041 	adrp	x1, 95000 <font_data+0x830>
   8b7ac:	528012e2 	mov	w2, #0x97                  	// #151
   8b7b0:	912ea021 	add	x1, x1, #0xba8
   8b7b4:	91046020 	add	x0, x1, #0x118
   8b7b8:	97fffa1a 	bl	8a020 <assertion_failed>
   8b7bc:	d0000041 	adrp	x1, 95000 <font_data+0x830>
   8b7c0:	52801302 	mov	w2, #0x98                  	// #152
   8b7c4:	912ea021 	add	x1, x1, #0xba8
   8b7c8:	9104c020 	add	x0, x1, #0x130
   8b7cc:	97fffa15 	bl	8a020 <assertion_failed>

000000000008b7d0 <CDMAChannel::SetupIORead(void*, unsigned long, unsigned long, TDREQ)>:
   8b7d0:	f9404405 	ldr	x5, [x0, #136]
   8b7d4:	aa0003e8 	mov	x8, x0
   8b7d8:	b5000905 	cbnz	x5, 8b8f8 <CDMAChannel::SetupIORead(void*, unsigned long, unsigned long, TDREQ)+0x128>
   8b7dc:	a9be7bfd 	stp	x29, x30, [sp, #-32]!
   8b7e0:	910003fd 	mov	x29, sp
   8b7e4:	aa0103e0 	mov	x0, x1
   8b7e8:	b4000961 	cbz	x1, 8b914 <CDMAChannel::SetupIORead(void*, unsigned long, unsigned long, TDREQ)+0x144>
   8b7ec:	aa0303e6 	mov	x6, x3
   8b7f0:	b40009c3 	cbz	x3, 8b928 <CDMAChannel::SetupIORead(void*, unsigned long, unsigned long, TDREQ)+0x158>
   8b7f4:	b24077e1 	mov	x1, #0x3fffffff            	// #1073741823
   8b7f8:	eb01007f 	cmp	x3, x1
   8b7fc:	54000828 	b.hi	8b900 <CDMAChannel::SetupIORead(void*, unsigned long, unsigned long, TDREQ)+0x130>  // b.pmore
   8b800:	b9400103 	ldr	w3, [x8]
   8b804:	d2800401 	mov	x1, #0x20                  	// #32
   8b808:	f2a00021 	movk	x1, #0x1, lsl #16
   8b80c:	f2c00201 	movk	x1, #0x10, lsl #32
   8b810:	53185c63 	lsl	w3, w3, #8
   8b814:	8b010063 	add	x3, x3, x1
   8b818:	b9400061 	ldr	w1, [x3]
   8b81c:	f264003f 	tst	x1, #0x10000000
   8b820:	d29fffe1 	mov	x1, #0xffff                	// #65535
   8b824:	fa4110c0 	ccmp	x6, x1, #0x0, ne	// ne = any
   8b828:	540009e8 	b.hi	8b964 <CDMAChannel::SetupIORead(void*, unsigned long, unsigned long, TDREQ)+0x194>  // b.pmore
   8b82c:	f2405c42 	ands	x2, x2, #0xffffff
   8b830:	54000860 	b.eq	8b93c <CDMAChannel::SetupIORead(void*, unsigned long, unsigned long, TDREQ)+0x16c>  // b.none
   8b834:	f9400505 	ldr	x5, [x8, #8]
   8b838:	b40008c5 	cbz	x5, 8b950 <CDMAChannel::SetupIORead(void*, unsigned long, unsigned long, TDREQ)+0x180>
   8b83c:	52808701 	mov	w1, #0x438                 	// #1080
   8b840:	390010a2 	strb	w2, [x5, #4]
   8b844:	2a0403e7 	mov	w7, w4
   8b848:	390008a4 	strb	w4, [x5, #2]
   8b84c:	d3483ce4 	ubfx	x4, x7, #8, #8
   8b850:	390000a1 	strb	w1, [x5]
   8b854:	53087c21 	lsr	w1, w1, #8
   8b858:	39000ca4 	strb	w4, [x5, #3]
   8b85c:	390004a1 	strb	w1, [x5, #1]
   8b860:	53083c41 	ubfx	w1, w2, #8, #8
   8b864:	d350bc42 	ubfx	x2, x2, #16, #32
   8b868:	390020a0 	strb	w0, [x5, #8]
   8b86c:	390014a1 	strb	w1, [x5, #5]
   8b870:	d2800fc1 	mov	x1, #0x7e                  	// #126
   8b874:	390018a2 	strb	w2, [x5, #6]
   8b878:	53083c02 	ubfx	w2, w0, #8, #8
   8b87c:	39001ca1 	strb	w1, [x5, #7]
   8b880:	32020401 	orr	w1, w0, #0xc0000000
   8b884:	53187c21 	lsr	w1, w1, #24
   8b888:	390024a2 	strb	w2, [x5, #9]
   8b88c:	53105c02 	ubfx	w2, w0, #16, #8
   8b890:	390030a6 	strb	w6, [x5, #12]
   8b894:	39002ca1 	strb	w1, [x5, #11]
   8b898:	53083cc1 	ubfx	w1, w6, #8, #8
   8b89c:	390028a2 	strb	w2, [x5, #10]
   8b8a0:	390034a1 	strb	w1, [x5, #13]
   8b8a4:	53105cc1 	ubfx	w1, w6, #16, #8
   8b8a8:	390040bf 	strb	wzr, [x5, #16]
   8b8ac:	390038a1 	strb	w1, [x5, #14]
   8b8b0:	53187cc1 	lsr	w1, w6, #24
   8b8b4:	390044bf 	strb	wzr, [x5, #17]
   8b8b8:	39003ca1 	strb	w1, [x5, #15]
   8b8bc:	aa0603e1 	mov	x1, x6
   8b8c0:	390048bf 	strb	wzr, [x5, #18]
   8b8c4:	39004cbf 	strb	wzr, [x5, #19]
   8b8c8:	390050bf 	strb	wzr, [x5, #20]
   8b8cc:	390054bf 	strb	wzr, [x5, #21]
   8b8d0:	390058bf 	strb	wzr, [x5, #22]
   8b8d4:	39005cbf 	strb	wzr, [x5, #23]
   8b8d8:	a9079900 	stp	x0, x6, [x8, #120]
   8b8dc:	f9000fe8 	str	x8, [sp, #24]
   8b8e0:	97fff0f3 	bl	87cac <CleanAndInvalidateDataCacheRange>
   8b8e4:	f9400fe8 	ldr	x8, [sp, #24]
   8b8e8:	52800020 	mov	w0, #0x1                   	// #1
   8b8ec:	b9002900 	str	w0, [x8, #40]
   8b8f0:	a8c27bfd 	ldp	x29, x30, [sp], #32
   8b8f4:	d65f03c0 	ret
   8b8f8:	aa0503e0 	mov	x0, x5
   8b8fc:	1400189c 	b	91b6c <CDMA4Channel::SetupIORead(void*, unsigned long, unsigned long, TDREQ)>
   8b900:	d0000041 	adrp	x1, 95000 <font_data+0x830>
   8b904:	52801862 	mov	w2, #0xc3                  	// #195
   8b908:	912ea021 	add	x1, x1, #0xba8
   8b90c:	91046020 	add	x0, x1, #0x118
   8b910:	97fff9c4 	bl	8a020 <assertion_failed>
   8b914:	d0000041 	adrp	x1, 95000 <font_data+0x830>
   8b918:	52801822 	mov	w2, #0xc1                  	// #193
   8b91c:	912ea021 	add	x1, x1, #0xba8
   8b920:	9102c020 	add	x0, x1, #0xb0
   8b924:	97fff9bf 	bl	8a020 <assertion_failed>
   8b928:	d0000041 	adrp	x1, 95000 <font_data+0x830>
   8b92c:	52801842 	mov	w2, #0xc2                  	// #194
   8b930:	912ea021 	add	x1, x1, #0xba8
   8b934:	91036020 	add	x0, x1, #0xd8
   8b938:	97fff9ba 	bl	8a020 <assertion_failed>
   8b93c:	d0000041 	adrp	x1, 95000 <font_data+0x830>
   8b940:	52801902 	mov	w2, #0xc8                  	// #200
   8b944:	912ea021 	add	x1, x1, #0xba8
   8b948:	91062020 	add	x0, x1, #0x188
   8b94c:	97fff9b5 	bl	8a020 <assertion_failed>
   8b950:	d0000041 	adrp	x1, 95000 <font_data+0x830>
   8b954:	52801962 	mov	w2, #0xcb                  	// #203
   8b958:	912ea021 	add	x1, x1, #0xba8
   8b95c:	91040020 	add	x0, x1, #0x100
   8b960:	97fff9b0 	bl	8a020 <assertion_failed>
   8b964:	d0000041 	adrp	x1, 95000 <font_data+0x830>
   8b968:	52801882 	mov	w2, #0xc4                  	// #196
   8b96c:	912ea021 	add	x1, x1, #0xba8
   8b970:	9104c020 	add	x0, x1, #0x130
   8b974:	97fff9ab 	bl	8a020 <assertion_failed>
   8b978:	d503201f 	nop
   8b97c:	d503201f 	nop

000000000008b980 <CDMAChannel::SetupIOWrite(unsigned long, void const*, unsigned long, TDREQ)>:
   8b980:	f9404405 	ldr	x5, [x0, #136]
   8b984:	aa0003e7 	mov	x7, x0
   8b988:	b5000925 	cbnz	x5, 8baac <CDMAChannel::SetupIOWrite(unsigned long, void const*, unsigned long, TDREQ)+0x12c>
   8b98c:	a9be7bfd 	stp	x29, x30, [sp, #-32]!
   8b990:	910003fd 	mov	x29, sp
   8b994:	aa0203e0 	mov	x0, x2
   8b998:	b4000982 	cbz	x2, 8bac8 <CDMAChannel::SetupIOWrite(unsigned long, void const*, unsigned long, TDREQ)+0x148>
   8b99c:	aa0303e6 	mov	x6, x3
   8b9a0:	b40009e3 	cbz	x3, 8badc <CDMAChannel::SetupIOWrite(unsigned long, void const*, unsigned long, TDREQ)+0x15c>
   8b9a4:	b24077e2 	mov	x2, #0x3fffffff            	// #1073741823
   8b9a8:	eb02007f 	cmp	x3, x2
   8b9ac:	54000848 	b.hi	8bab4 <CDMAChannel::SetupIOWrite(unsigned long, void const*, unsigned long, TDREQ)+0x134>  // b.pmore
   8b9b0:	b94000e3 	ldr	w3, [x7]
   8b9b4:	d2800402 	mov	x2, #0x20                  	// #32
   8b9b8:	f2a00022 	movk	x2, #0x1, lsl #16
   8b9bc:	f2c00202 	movk	x2, #0x10, lsl #32
   8b9c0:	53185c63 	lsl	w3, w3, #8
   8b9c4:	8b020063 	add	x3, x3, x2
   8b9c8:	b9400062 	ldr	w2, [x3]
   8b9cc:	f264005f 	tst	x2, #0x10000000
   8b9d0:	d29fffe2 	mov	x2, #0xffff                	// #65535
   8b9d4:	fa4210c0 	ccmp	x6, x2, #0x0, ne	// ne = any
   8b9d8:	54000a08 	b.hi	8bb18 <CDMAChannel::SetupIOWrite(unsigned long, void const*, unsigned long, TDREQ)+0x198>  // b.pmore
   8b9dc:	f2405c21 	ands	x1, x1, #0xffffff
   8b9e0:	54000880 	b.eq	8baf0 <CDMAChannel::SetupIOWrite(unsigned long, void const*, unsigned long, TDREQ)+0x170>  // b.none
   8b9e4:	f94004e5 	ldr	x5, [x7, #8]
   8b9e8:	b40008e5 	cbz	x5, 8bb04 <CDMAChannel::SetupIOWrite(unsigned long, void const*, unsigned long, TDREQ)+0x184>
   8b9ec:	52806902 	mov	w2, #0x348                 	// #840
   8b9f0:	390020a1 	strb	w1, [x5, #8]
   8b9f4:	53083c03 	ubfx	w3, w0, #8, #8
   8b9f8:	2a044044 	orr	w4, w2, w4, lsl #16
   8b9fc:	390010a0 	strb	w0, [x5, #4]
   8ba00:	390014a3 	strb	w3, [x5, #5]
   8ba04:	53105c03 	ubfx	w3, w0, #16, #8
   8ba08:	d3482482 	ubfx	x2, x4, #8, #2
   8ba0c:	390030a6 	strb	w6, [x5, #12]
   8ba10:	390000a4 	strb	w4, [x5]
   8ba14:	390004a2 	strb	w2, [x5, #1]
   8ba18:	d3505c82 	ubfx	x2, x4, #16, #8
   8ba1c:	53187c84 	lsr	w4, w4, #24
   8ba20:	390018a3 	strb	w3, [x5, #6]
   8ba24:	390008a2 	strb	w2, [x5, #2]
   8ba28:	32020402 	orr	w2, w0, #0xc0000000
   8ba2c:	53187c42 	lsr	w2, w2, #24
   8ba30:	39000ca4 	strb	w4, [x5, #3]
   8ba34:	390040bf 	strb	wzr, [x5, #16]
   8ba38:	39001ca2 	strb	w2, [x5, #7]
   8ba3c:	53083c22 	ubfx	w2, w1, #8, #8
   8ba40:	d350bc21 	ubfx	x1, x1, #16, #32
   8ba44:	390044bf 	strb	wzr, [x5, #17]
   8ba48:	390028a1 	strb	w1, [x5, #10]
   8ba4c:	d2800fc1 	mov	x1, #0x7e                  	// #126
   8ba50:	390024a2 	strb	w2, [x5, #9]
   8ba54:	39002ca1 	strb	w1, [x5, #11]
   8ba58:	53083cc1 	ubfx	w1, w6, #8, #8
   8ba5c:	390048bf 	strb	wzr, [x5, #18]
   8ba60:	390034a1 	strb	w1, [x5, #13]
   8ba64:	53105cc1 	ubfx	w1, w6, #16, #8
   8ba68:	39004cbf 	strb	wzr, [x5, #19]
   8ba6c:	390038a1 	strb	w1, [x5, #14]
   8ba70:	53187cc1 	lsr	w1, w6, #24
   8ba74:	390050bf 	strb	wzr, [x5, #20]
   8ba78:	39003ca1 	strb	w1, [x5, #15]
   8ba7c:	aa0603e1 	mov	x1, x6
   8ba80:	390054bf 	strb	wzr, [x5, #21]
   8ba84:	390058bf 	strb	wzr, [x5, #22]
   8ba88:	39005cbf 	strb	wzr, [x5, #23]
   8ba8c:	f9003cff 	str	xzr, [x7, #120]
   8ba90:	f9000fe7 	str	x7, [sp, #24]
   8ba94:	97fff086 	bl	87cac <CleanAndInvalidateDataCacheRange>
   8ba98:	f9400fe7 	ldr	x7, [sp, #24]
   8ba9c:	52800020 	mov	w0, #0x1                   	// #1
   8baa0:	b90028e0 	str	w0, [x7, #40]
   8baa4:	a8c27bfd 	ldp	x29, x30, [sp], #32
   8baa8:	d65f03c0 	ret
   8baac:	aa0503e0 	mov	x0, x5
   8bab0:	14001887 	b	91ccc <CDMA4Channel::SetupIOWrite(unsigned long, void const*, unsigned long, TDREQ)>
   8bab4:	d0000041 	adrp	x1, 95000 <font_data+0x830>
   8bab8:	52801da2 	mov	w2, #0xed                  	// #237
   8babc:	912ea021 	add	x1, x1, #0xba8
   8bac0:	91046020 	add	x0, x1, #0x118
   8bac4:	97fff957 	bl	8a020 <assertion_failed>
   8bac8:	d0000041 	adrp	x1, 95000 <font_data+0x830>
   8bacc:	52801d62 	mov	w2, #0xeb                  	// #235
   8bad0:	912ea021 	add	x1, x1, #0xba8
   8bad4:	91032020 	add	x0, x1, #0xc8
   8bad8:	97fff952 	bl	8a020 <assertion_failed>
   8badc:	d0000041 	adrp	x1, 95000 <font_data+0x830>
   8bae0:	52801d82 	mov	w2, #0xec                  	// #236
   8bae4:	912ea021 	add	x1, x1, #0xba8
   8bae8:	91036020 	add	x0, x1, #0xd8
   8baec:	97fff94d 	bl	8a020 <assertion_failed>
   8baf0:	d0000041 	adrp	x1, 95000 <font_data+0x830>
   8baf4:	52801e42 	mov	w2, #0xf2                  	// #242
   8baf8:	912ea021 	add	x1, x1, #0xba8
   8bafc:	91062020 	add	x0, x1, #0x188
   8bb00:	97fff948 	bl	8a020 <assertion_failed>
   8bb04:	d0000041 	adrp	x1, 95000 <font_data+0x830>
   8bb08:	52801ea2 	mov	w2, #0xf5                  	// #245
   8bb0c:	912ea021 	add	x1, x1, #0xba8
   8bb10:	91040020 	add	x0, x1, #0x100
   8bb14:	97fff943 	bl	8a020 <assertion_failed>
   8bb18:	d0000041 	adrp	x1, 95000 <font_data+0x830>
   8bb1c:	52801dc2 	mov	w2, #0xee                  	// #238
   8bb20:	912ea021 	add	x1, x1, #0xba8
   8bb24:	9104c020 	add	x0, x1, #0x130
   8bb28:	97fff93e 	bl	8a020 <assertion_failed>

000000000008bb2c <CDMAChannel::SetupCyclicIOWrite(unsigned long, void const**, unsigned int, unsigned long, TDREQ)>:
   8bb2c:	a9ba7bfd 	stp	x29, x30, [sp, #-96]!
   8bb30:	910003fd 	mov	x29, sp
   8bb34:	a9025bf5 	stp	x21, x22, [sp, #32]
   8bb38:	aa0003f6 	mov	x22, x0
   8bb3c:	f9404400 	ldr	x0, [x0, #136]
   8bb40:	b5000f40 	cbnz	x0, 8bd28 <CDMAChannel::SetupCyclicIOWrite(unsigned long, void const**, unsigned int, unsigned long, TDREQ)+0x1fc>
   8bb44:	a90153f3 	stp	x19, x20, [sp, #16]
   8bb48:	a90363f7 	stp	x23, x24, [sp, #48]
   8bb4c:	aa0203f8 	mov	x24, x2
   8bb50:	b40010a2 	cbz	x2, 8bd64 <CDMAChannel::SetupCyclicIOWrite(unsigned long, void const**, unsigned int, unsigned long, TDREQ)+0x238>
   8bb54:	aa0403f3 	mov	x19, x4
   8bb58:	b4001144 	cbz	x4, 8bd80 <CDMAChannel::SetupCyclicIOWrite(unsigned long, void const**, unsigned int, unsigned long, TDREQ)+0x254>
   8bb5c:	b24077e0 	mov	x0, #0x3fffffff            	// #1073741823
   8bb60:	eb00009f 	cmp	x4, x0
   8bb64:	54000e88 	b.hi	8bd34 <CDMAChannel::SetupCyclicIOWrite(unsigned long, void const**, unsigned int, unsigned long, TDREQ)+0x208>  // b.pmore
   8bb68:	b94002c0 	ldr	w0, [x22]
   8bb6c:	d2800402 	mov	x2, #0x20                  	// #32
   8bb70:	f2a00022 	movk	x2, #0x1, lsl #16
   8bb74:	f2c00202 	movk	x2, #0x10, lsl #32
   8bb78:	53185c00 	lsl	w0, w0, #8
   8bb7c:	8b020000 	add	x0, x0, x2
   8bb80:	b9400000 	ldr	w0, [x0]
   8bb84:	f264001f 	tst	x0, #0x10000000
   8bb88:	d29fffe0 	mov	x0, #0xffff                	// #65535
   8bb8c:	fa401080 	ccmp	x4, x0, #0x0, ne	// ne = any
   8bb90:	54001148 	b.hi	8bdb8 <CDMAChannel::SetupCyclicIOWrite(unsigned long, void const**, unsigned int, unsigned long, TDREQ)+0x28c>  // b.pmore
   8bb94:	f2405c21 	ands	x1, x1, #0xffffff
   8bb98:	54001020 	b.eq	8bd9c <CDMAChannel::SetupCyclicIOWrite(unsigned long, void const**, unsigned int, unsigned long, TDREQ)+0x270>  // b.none
   8bb9c:	2a0303f7 	mov	w23, w3
   8bba0:	34000b63 	cbz	w3, 8bd0c <CDMAChannel::SetupCyclicIOWrite(unsigned long, void const**, unsigned int, unsigned long, TDREQ)+0x1e0>
   8bba4:	d2afc000 	mov	x0, #0x7e000000            	// #2113929216
   8bba8:	a9046bf9 	stp	x25, x26, [sp, #64]
   8bbac:	d2800014 	mov	x20, #0x0                   	// #0
   8bbb0:	8b000035 	add	x21, x1, x0
   8bbb4:	52806900 	mov	w0, #0x348                 	// #840
   8bbb8:	2a05401a 	orr	w26, w0, w5, lsl #16
   8bbbc:	a90573fb 	stp	x27, x28, [sp, #80]
   8bbc0:	910022db 	add	x27, x22, #0x8
   8bbc4:	92401f5c 	and	x28, x26, #0xff
   8bbc8:	f9400300 	ldr	x0, [x24]
   8bbcc:	b40007e0 	cbz	x0, 8bcc8 <CDMAChannel::SetupCyclicIOWrite(unsigned long, void const**, unsigned int, unsigned long, TDREQ)+0x19c>
   8bbd0:	f9400365 	ldr	x5, [x27]
   8bbd4:	b4000be5 	cbz	x5, 8bd50 <CDMAChannel::SetupCyclicIOWrite(unsigned long, void const**, unsigned int, unsigned long, TDREQ)+0x224>
   8bbd8:	d3482741 	ubfx	x1, x26, #8, #2
   8bbdc:	53083c02 	ubfx	w2, w0, #8, #8
   8bbe0:	390000bc 	strb	w28, [x5]
   8bbe4:	390010a0 	strb	w0, [x5, #4]
   8bbe8:	390004a1 	strb	w1, [x5, #1]
   8bbec:	d3505f41 	ubfx	x1, x26, #16, #8
   8bbf0:	390014a2 	strb	w2, [x5, #5]
   8bbf4:	53105c02 	ubfx	w2, w0, #16, #8
   8bbf8:	390008a1 	strb	w1, [x5, #2]
   8bbfc:	53187f41 	lsr	w1, w26, #24
   8bc00:	390018a2 	strb	w2, [x5, #6]
   8bc04:	39000ca1 	strb	w1, [x5, #3]
   8bc08:	32020401 	orr	w1, w0, #0xc0000000
   8bc0c:	53187c21 	lsr	w1, w1, #24
   8bc10:	390020b5 	strb	w21, [x5, #8]
   8bc14:	390030b3 	strb	w19, [x5, #12]
   8bc18:	39001ca1 	strb	w1, [x5, #7]
   8bc1c:	53083ea1 	ubfx	w1, w21, #8, #8
   8bc20:	390040bf 	strb	wzr, [x5, #16]
   8bc24:	390024a1 	strb	w1, [x5, #9]
   8bc28:	53105ea1 	ubfx	w1, w21, #16, #8
   8bc2c:	390044bf 	strb	wzr, [x5, #17]
   8bc30:	390028a1 	strb	w1, [x5, #10]
   8bc34:	53187ea1 	lsr	w1, w21, #24
   8bc38:	390048bf 	strb	wzr, [x5, #18]
   8bc3c:	39002ca1 	strb	w1, [x5, #11]
   8bc40:	53083e61 	ubfx	w1, w19, #8, #8
   8bc44:	39004cbf 	strb	wzr, [x5, #19]
   8bc48:	390034a1 	strb	w1, [x5, #13]
   8bc4c:	53105e61 	ubfx	w1, w19, #16, #8
   8bc50:	390038a1 	strb	w1, [x5, #14]
   8bc54:	53187e61 	lsr	w1, w19, #24
   8bc58:	39003ca1 	strb	w1, [x5, #15]
   8bc5c:	710006ff 	cmp	w23, #0x1
   8bc60:	540003e0 	b.eq	8bcdc <CDMAChannel::SetupCyclicIOWrite(unsigned long, void const**, unsigned int, unsigned long, TDREQ)+0x1b0>  // b.none
   8bc64:	510006e1 	sub	w1, w23, #0x1
   8bc68:	11000699 	add	w25, w20, #0x1
   8bc6c:	6b01029f 	cmp	w20, w1
   8bc70:	1a9407f4 	csinc	w20, wzr, w20, eq	// eq = none
   8bc74:	8b344ed4 	add	x20, x22, w20, uxtw #3
   8bc78:	f9400681 	ldr	x1, [x20, #8]
   8bc7c:	9100237b 	add	x27, x27, #0x8
   8bc80:	32020424 	orr	w4, w1, #0xc0000000
   8bc84:	53083c22 	ubfx	w2, w1, #8, #8
   8bc88:	390050a1 	strb	w1, [x5, #20]
   8bc8c:	53105c21 	ubfx	w1, w1, #16, #8
   8bc90:	390054a2 	strb	w2, [x5, #21]
   8bc94:	390058a1 	strb	w1, [x5, #22]
   8bc98:	53187c81 	lsr	w1, w4, #24
   8bc9c:	39005ca1 	strb	w1, [x5, #23]
   8bca0:	aa1303e1 	mov	x1, x19
   8bca4:	f9003edf 	str	xzr, [x22, #120]
   8bca8:	97fff001 	bl	87cac <CleanAndInvalidateDataCacheRange>
   8bcac:	f8408700 	ldr	x0, [x24], #8
   8bcb0:	f9001360 	str	x0, [x27, #32]
   8bcb4:	6b17033f 	cmp	w25, w23
   8bcb8:	54000260 	b.eq	8bd04 <CDMAChannel::SetupCyclicIOWrite(unsigned long, void const**, unsigned int, unsigned long, TDREQ)+0x1d8>  // b.none
   8bcbc:	f9400300 	ldr	x0, [x24]
   8bcc0:	2a1903f4 	mov	w20, w25
   8bcc4:	b5fff860 	cbnz	x0, 8bbd0 <CDMAChannel::SetupCyclicIOWrite(unsigned long, void const**, unsigned int, unsigned long, TDREQ)+0xa4>
   8bcc8:	d0000041 	adrp	x1, 95000 <font_data+0x830>
   8bccc:	52802442 	mov	w2, #0x122                 	// #290
   8bcd0:	912ea021 	add	x1, x1, #0xba8
   8bcd4:	91090020 	add	x0, x1, #0x240
   8bcd8:	97fff8d2 	bl	8a020 <assertion_failed>
   8bcdc:	390050bf 	strb	wzr, [x5, #20]
   8bce0:	aa1303e1 	mov	x1, x19
   8bce4:	91001a94 	add	x20, x20, #0x6
   8bce8:	390054bf 	strb	wzr, [x5, #21]
   8bcec:	390058bf 	strb	wzr, [x5, #22]
   8bcf0:	39005cbf 	strb	wzr, [x5, #23]
   8bcf4:	f9003edf 	str	xzr, [x22, #120]
   8bcf8:	97ffefed 	bl	87cac <CleanAndInvalidateDataCacheRange>
   8bcfc:	f9400300 	ldr	x0, [x24]
   8bd00:	f8347ac0 	str	x0, [x22, x20, lsl #3]
   8bd04:	a9446bf9 	ldp	x25, x26, [sp, #64]
   8bd08:	a94573fb 	ldp	x27, x28, [sp, #80]
   8bd0c:	b9002ad7 	str	w23, [x22, #40]
   8bd10:	f90042d3 	str	x19, [x22, #128]
   8bd14:	a94153f3 	ldp	x19, x20, [sp, #16]
   8bd18:	a94363f7 	ldp	x23, x24, [sp, #48]
   8bd1c:	a9425bf5 	ldp	x21, x22, [sp, #32]
   8bd20:	a8c67bfd 	ldp	x29, x30, [sp], #96
   8bd24:	d65f03c0 	ret
   8bd28:	a9425bf5 	ldp	x21, x22, [sp, #32]
   8bd2c:	a8c67bfd 	ldp	x29, x30, [sp], #96
   8bd30:	14001840 	b	91e30 <CDMA4Channel::SetupCyclicIOWrite(unsigned long, void const**, unsigned int, unsigned long, TDREQ)>
   8bd34:	d0000041 	adrp	x1, 95000 <font_data+0x830>
   8bd38:	52802302 	mov	w2, #0x118                 	// #280
   8bd3c:	a9046bf9 	stp	x25, x26, [sp, #64]
   8bd40:	912ea021 	add	x1, x1, #0xba8
   8bd44:	91070020 	add	x0, x1, #0x1c0
   8bd48:	a90573fb 	stp	x27, x28, [sp, #80]
   8bd4c:	97fff8b5 	bl	8a020 <assertion_failed>
   8bd50:	d0000041 	adrp	x1, 95000 <font_data+0x830>
   8bd54:	52802462 	mov	w2, #0x123                 	// #291
   8bd58:	912ea021 	add	x1, x1, #0xba8
   8bd5c:	91094020 	add	x0, x1, #0x250
   8bd60:	97fff8b0 	bl	8a020 <assertion_failed>
   8bd64:	d0000041 	adrp	x1, 95000 <font_data+0x830>
   8bd68:	528022c2 	mov	w2, #0x116                 	// #278
   8bd6c:	a9046bf9 	stp	x25, x26, [sp, #64]
   8bd70:	912ea021 	add	x1, x1, #0xba8
   8bd74:	91068020 	add	x0, x1, #0x1a0
   8bd78:	a90573fb 	stp	x27, x28, [sp, #80]
   8bd7c:	97fff8a9 	bl	8a020 <assertion_failed>
   8bd80:	d0000041 	adrp	x1, 95000 <font_data+0x830>
   8bd84:	528022e2 	mov	w2, #0x117                 	// #279
   8bd88:	a9046bf9 	stp	x25, x26, [sp, #64]
   8bd8c:	912ea021 	add	x1, x1, #0xba8
   8bd90:	9106c020 	add	x0, x1, #0x1b0
   8bd94:	a90573fb 	stp	x27, x28, [sp, #80]
   8bd98:	97fff8a2 	bl	8a020 <assertion_failed>
   8bd9c:	d0000041 	adrp	x1, 95000 <font_data+0x830>
   8bda0:	528023a2 	mov	w2, #0x11d                 	// #285
   8bda4:	a9046bf9 	stp	x25, x26, [sp, #64]
   8bda8:	912ea021 	add	x1, x1, #0xba8
   8bdac:	91062020 	add	x0, x1, #0x188
   8bdb0:	a90573fb 	stp	x27, x28, [sp, #80]
   8bdb4:	97fff89b 	bl	8a020 <assertion_failed>
   8bdb8:	d0000041 	adrp	x1, 95000 <font_data+0x830>
   8bdbc:	52802322 	mov	w2, #0x119                 	// #281
   8bdc0:	a9046bf9 	stp	x25, x26, [sp, #64]
   8bdc4:	912ea021 	add	x1, x1, #0xba8
   8bdc8:	91078020 	add	x0, x1, #0x1e0
   8bdcc:	a90573fb 	stp	x27, x28, [sp, #80]
   8bdd0:	97fff894 	bl	8a020 <assertion_failed>
   8bdd4:	d503201f 	nop
   8bdd8:	d503201f 	nop
   8bddc:	d503201f 	nop

000000000008bde0 <CDMAChannel::SetupMemCopy2D(void*, void const*, unsigned long, unsigned int, unsigned long, unsigned int)>:
   8bde0:	aa0003e8 	mov	x8, x0
   8bde4:	f9404400 	ldr	x0, [x0, #136]
   8bde8:	b5000a40 	cbnz	x0, 8bf30 <CDMAChannel::SetupMemCopy2D(void*, void const*, unsigned long, unsigned int, unsigned long, unsigned int)+0x150>
   8bdec:	a9be7bfd 	stp	x29, x30, [sp, #-32]!
   8bdf0:	910003fd 	mov	x29, sp
   8bdf4:	aa0103e9 	mov	x9, x1
   8bdf8:	b4000a81 	cbz	x1, 8bf48 <CDMAChannel::SetupMemCopy2D(void*, void const*, unsigned long, unsigned int, unsigned long, unsigned int)+0x168>
   8bdfc:	b4000b02 	cbz	x2, 8bf5c <CDMAChannel::SetupMemCopy2D(void*, void const*, unsigned long, unsigned int, unsigned long, unsigned int)+0x17c>
   8be00:	b40009a3 	cbz	x3, 8bf34 <CDMAChannel::SetupMemCopy2D(void*, void const*, unsigned long, unsigned int, unsigned long, unsigned int)+0x154>
   8be04:	d29fffe0 	mov	x0, #0xffff                	// #65535
   8be08:	eb00007f 	cmp	x3, x0
   8be0c:	54000b28 	b.hi	8bf70 <CDMAChannel::SetupMemCopy2D(void*, void const*, unsigned long, unsigned int, unsigned long, unsigned int)+0x190>  // b.pmore
   8be10:	34000ba4 	cbz	w4, 8bf84 <CDMAChannel::SetupMemCopy2D(void*, void const*, unsigned long, unsigned int, unsigned long, unsigned int)+0x1a4>
   8be14:	5287ffe1 	mov	w1, #0x3fff                	// #16383
   8be18:	6b01009f 	cmp	w4, w1
   8be1c:	54000be8 	b.hi	8bf98 <CDMAChannel::SetupMemCopy2D(void*, void const*, unsigned long, unsigned int, unsigned long, unsigned int)+0x1b8>  // b.pmore
   8be20:	eb0000bf 	cmp	x5, x0
   8be24:	54000c48 	b.hi	8bfac <CDMAChannel::SetupMemCopy2D(void*, void const*, unsigned long, unsigned int, unsigned long, unsigned int)+0x1cc>  // b.pmore
   8be28:	71003cdf 	cmp	w6, #0xf
   8be2c:	54000ca8 	b.hi	8bfc0 <CDMAChannel::SetupMemCopy2D(void*, void const*, unsigned long, unsigned int, unsigned long, unsigned int)+0x1e0>  // b.pmore
   8be30:	b9400100 	ldr	w0, [x8]
   8be34:	d2800401 	mov	x1, #0x20                  	// #32
   8be38:	f2a00021 	movk	x1, #0x1, lsl #16
   8be3c:	f2c00201 	movk	x1, #0x10, lsl #32
   8be40:	53185c00 	lsl	w0, w0, #8
   8be44:	8b010000 	add	x0, x0, x1
   8be48:	b9400000 	ldr	w0, [x0]
   8be4c:	37e00c40 	tbnz	w0, #28, 8bfd4 <CDMAChannel::SetupMemCopy2D(void*, void const*, unsigned long, unsigned int, unsigned long, unsigned int)+0x1f4>
   8be50:	f9400507 	ldr	x7, [x8, #8]
   8be54:	b4000ca7 	cbz	x7, 8bfe8 <CDMAChannel::SetupMemCopy2D(void*, void const*, unsigned long, unsigned int, unsigned long, unsigned int)+0x208>
   8be58:	52806640 	mov	w0, #0x332                 	// #818
   8be5c:	53083c41 	ubfx	w1, w2, #8, #8
   8be60:	390020e9 	strb	w9, [x7, #8]
   8be64:	2a063006 	orr	w6, w0, w6, lsl #12
   8be68:	390048e5 	strb	w5, [x7, #18]
   8be6c:	53083ca5 	ubfx	w5, w5, #8, #8
   8be70:	390014e1 	strb	w1, [x7, #5]
   8be74:	53105c41 	ubfx	w1, w2, #16, #8
   8be78:	53087cc0 	lsr	w0, w6, #8
   8be7c:	390010e2 	strb	w2, [x7, #4]
   8be80:	390018e1 	strb	w1, [x7, #6]
   8be84:	53083d21 	ubfx	w1, w9, #8, #8
   8be88:	390004e0 	strb	w0, [x7, #1]
   8be8c:	d3505cc0 	ubfx	x0, x6, #16, #8
   8be90:	390024e1 	strb	w1, [x7, #9]
   8be94:	53083c61 	ubfx	w1, w3, #8, #8
   8be98:	390008e0 	strb	w0, [x7, #2]
   8be9c:	32020440 	orr	w0, w2, #0xc0000000
   8bea0:	53187c00 	lsr	w0, w0, #24
   8bea4:	390034e1 	strb	w1, [x7, #13]
   8bea8:	390000e6 	strb	w6, [x7]
   8beac:	53187cc6 	lsr	w6, w6, #24
   8beb0:	39001ce0 	strb	w0, [x7, #7]
   8beb4:	32020520 	orr	w0, w9, #0xc0000000
   8beb8:	53105d29 	ubfx	w9, w9, #16, #8
   8bebc:	53187c00 	lsr	w0, w0, #24
   8bec0:	39000ce6 	strb	w6, [x7, #3]
   8bec4:	390028e9 	strb	w9, [x7, #10]
   8bec8:	39002ce0 	strb	w0, [x7, #11]
   8becc:	51000480 	sub	w0, w4, #0x1
   8bed0:	2a004060 	orr	w0, w3, w0, lsl #16
   8bed4:	390030e3 	strb	w3, [x7, #12]
   8bed8:	390040ff 	strb	wzr, [x7, #16]
   8bedc:	d3505c01 	ubfx	x1, x0, #16, #8
   8bee0:	53187c00 	lsr	w0, w0, #24
   8bee4:	390044ff 	strb	wzr, [x7, #17]
   8bee8:	39004ce5 	strb	w5, [x7, #19]
   8beec:	390038e1 	strb	w1, [x7, #14]
   8bef0:	2a0403e1 	mov	w1, w4
   8bef4:	39003ce0 	strb	w0, [x7, #15]
   8bef8:	aa0203e0 	mov	x0, x2
   8befc:	390050ff 	strb	wzr, [x7, #20]
   8bf00:	9b037c21 	mul	x1, x1, x3
   8bf04:	390054ff 	strb	wzr, [x7, #21]
   8bf08:	390058ff 	strb	wzr, [x7, #22]
   8bf0c:	39005cff 	strb	wzr, [x7, #23]
   8bf10:	f9003d1f 	str	xzr, [x8, #120]
   8bf14:	f9000fe8 	str	x8, [sp, #24]
   8bf18:	97ffef65 	bl	87cac <CleanAndInvalidateDataCacheRange>
   8bf1c:	f9400fe8 	ldr	x8, [sp, #24]
   8bf20:	52800020 	mov	w0, #0x1                   	// #1
   8bf24:	b9002900 	str	w0, [x8, #40]
   8bf28:	a8c27bfd 	ldp	x29, x30, [sp], #32
   8bf2c:	d65f03c0 	ret
   8bf30:	1400184c 	b	92060 <CDMA4Channel::SetupMemCopy2D(void*, void const*, unsigned long, unsigned int, unsigned long, unsigned int)>
   8bf34:	d0000041 	adrp	x1, 95000 <font_data+0x830>
   8bf38:	52802a82 	mov	w2, #0x154                 	// #340
   8bf3c:	912ea021 	add	x1, x1, #0xba8
   8bf40:	9109a020 	add	x0, x1, #0x268
   8bf44:	97fff837 	bl	8a020 <assertion_failed>
   8bf48:	d0000041 	adrp	x1, 95000 <font_data+0x830>
   8bf4c:	52802a42 	mov	w2, #0x152                 	// #338
   8bf50:	912ea021 	add	x1, x1, #0xba8
   8bf54:	9102c020 	add	x0, x1, #0xb0
   8bf58:	97fff832 	bl	8a020 <assertion_failed>
   8bf5c:	d0000041 	adrp	x1, 95000 <font_data+0x830>
   8bf60:	52802a62 	mov	w2, #0x153                 	// #339
   8bf64:	912ea021 	add	x1, x1, #0xba8
   8bf68:	91032020 	add	x0, x1, #0xc8
   8bf6c:	97fff82d 	bl	8a020 <assertion_failed>
   8bf70:	d0000041 	adrp	x1, 95000 <font_data+0x830>
   8bf74:	52802aa2 	mov	w2, #0x155                 	// #341
   8bf78:	912ea021 	add	x1, x1, #0xba8
   8bf7c:	910a0020 	add	x0, x1, #0x280
   8bf80:	97fff828 	bl	8a020 <assertion_failed>
   8bf84:	d0000041 	adrp	x1, 95000 <font_data+0x830>
   8bf88:	52802ac2 	mov	w2, #0x156                 	// #342
   8bf8c:	912ea021 	add	x1, x1, #0xba8
   8bf90:	910a6020 	add	x0, x1, #0x298
   8bf94:	97fff823 	bl	8a020 <assertion_failed>
   8bf98:	d0000041 	adrp	x1, 95000 <font_data+0x830>
   8bf9c:	52802ae2 	mov	w2, #0x157                 	// #343
   8bfa0:	912ea021 	add	x1, x1, #0xba8
   8bfa4:	910aa020 	add	x0, x1, #0x2a8
   8bfa8:	97fff81e 	bl	8a020 <assertion_failed>
   8bfac:	d0000041 	adrp	x1, 95000 <font_data+0x830>
   8bfb0:	52802b02 	mov	w2, #0x158                 	// #344
   8bfb4:	912ea021 	add	x1, x1, #0xba8
   8bfb8:	910b0020 	add	x0, x1, #0x2c0
   8bfbc:	97fff819 	bl	8a020 <assertion_failed>
   8bfc0:	d0000041 	adrp	x1, 95000 <font_data+0x830>
   8bfc4:	52802b22 	mov	w2, #0x159                 	// #345
   8bfc8:	912ea021 	add	x1, x1, #0xba8
   8bfcc:	9103a020 	add	x0, x1, #0xe8
   8bfd0:	97fff814 	bl	8a020 <assertion_failed>
   8bfd4:	d0000041 	adrp	x1, 95000 <font_data+0x830>
   8bfd8:	52802b62 	mov	w2, #0x15b                 	// #347
   8bfdc:	912ea021 	add	x1, x1, #0xba8
   8bfe0:	910b6020 	add	x0, x1, #0x2d8
   8bfe4:	97fff80f 	bl	8a020 <assertion_failed>
   8bfe8:	d0000041 	adrp	x1, 95000 <font_data+0x830>
   8bfec:	52802ba2 	mov	w2, #0x15d                 	// #349
   8bff0:	912ea021 	add	x1, x1, #0xba8
   8bff4:	91040020 	add	x0, x1, #0x100
   8bff8:	97fff80a 	bl	8a020 <assertion_failed>
   8bffc:	d503201f 	nop

000000000008c000 <CDMAChannel::SetCompletionRoutine(void (*)(unsigned int, unsigned int, bool, void*), void*)>:
   8c000:	aa0003e3 	mov	x3, x0
   8c004:	f9404400 	ldr	x0, [x0, #136]
   8c008:	b5000220 	cbnz	x0, 8c04c <CDMAChannel::SetCompletionRoutine(void (*)(unsigned int, unsigned int, bool, void*), void*)+0x4c>
   8c00c:	a9bd7bfd 	stp	x29, x30, [sp, #-48]!
   8c010:	aa0103e4 	mov	x4, x1
   8c014:	910003fd 	mov	x29, sp
   8c018:	b9400061 	ldr	w1, [x3]
   8c01c:	7100183f 	cmp	w1, #0x6
   8c020:	540003a8 	b.hi	8c094 <CDMAChannel::SetCompletionRoutine(void (*)(unsigned int, unsigned int, bool, void*), void*)+0x94>  // b.pmore
   8c024:	f9402860 	ldr	x0, [x3, #80]
   8c028:	b4000400 	cbz	x0, 8c0a8 <CDMAChannel::SetCompletionRoutine(void (*)(unsigned int, unsigned int, bool, void*), void*)+0xa8>
   8c02c:	aa0203e5 	mov	x5, x2
   8c030:	39416062 	ldrb	w2, [x3, #88]
   8c034:	360000e2 	tbz	w2, #0, 8c050 <CDMAChannel::SetCompletionRoutine(void (*)(unsigned int, unsigned int, bool, void*), void*)+0x50>
   8c038:	f9003064 	str	x4, [x3, #96]
   8c03c:	b4000224 	cbz	x4, 8c080 <CDMAChannel::SetCompletionRoutine(void (*)(unsigned int, unsigned int, bool, void*), void*)+0x80>
   8c040:	f9003465 	str	x5, [x3, #104]
   8c044:	a8c37bfd 	ldp	x29, x30, [sp], #48
   8c048:	d65f03c0 	ret
   8c04c:	14001886 	b	92264 <CDMA4Channel::SetCompletionRoutine(void (*)(unsigned int, unsigned int, bool, void*), void*)>
   8c050:	90000002 	adrp	x2, 8c000 <CDMAChannel::SetCompletionRoutine(void (*)(unsigned int, unsigned int, bool, void*), void*)>
   8c054:	1101c021 	add	w1, w1, #0x70
   8c058:	a90193e3 	stp	x3, x4, [sp, #24]
   8c05c:	91160042 	add	x2, x2, #0x580
   8c060:	f90017e5 	str	x5, [sp, #40]
   8c064:	97fff1b7 	bl	88740 <CInterruptSystem::ConnectIRQ(unsigned int, void (*)(void*), void*)>
   8c068:	a94193e3 	ldp	x3, x4, [sp, #24]
   8c06c:	52800020 	mov	w0, #0x1                   	// #1
   8c070:	f94017e5 	ldr	x5, [sp, #40]
   8c074:	39016060 	strb	w0, [x3, #88]
   8c078:	f9003064 	str	x4, [x3, #96]
   8c07c:	b5fffe24 	cbnz	x4, 8c040 <CDMAChannel::SetCompletionRoutine(void (*)(unsigned int, unsigned int, bool, void*), void*)+0x40>
   8c080:	b0000041 	adrp	x1, 95000 <font_data+0x830>
   8c084:	52803122 	mov	w2, #0x189                 	// #393
   8c088:	912ea021 	add	x1, x1, #0xba8
   8c08c:	910d2020 	add	x0, x1, #0x348
   8c090:	97fff7e4 	bl	8a020 <assertion_failed>
   8c094:	b0000041 	adrp	x1, 95000 <font_data+0x830>
   8c098:	52802fc2 	mov	w2, #0x17e                 	// #382
   8c09c:	912ea021 	add	x1, x1, #0xba8
   8c0a0:	910c4020 	add	x0, x1, #0x310
   8c0a4:	97fff7df 	bl	8a020 <assertion_failed>
   8c0a8:	b0000041 	adrp	x1, 95000 <font_data+0x830>
   8c0ac:	52802fe2 	mov	w2, #0x17f                 	// #383
   8c0b0:	912ea021 	add	x1, x1, #0xba8
   8c0b4:	910cc020 	add	x0, x1, #0x330
   8c0b8:	97fff7da 	bl	8a020 <assertion_failed>
   8c0bc:	d503201f 	nop

000000000008c0c0 <CDMAChannel::Start()>:
   8c0c0:	a9bd7bfd 	stp	x29, x30, [sp, #-48]!
   8c0c4:	910003fd 	mov	x29, sp
   8c0c8:	a90153f3 	stp	x19, x20, [sp, #16]
   8c0cc:	aa0003f3 	mov	x19, x0
   8c0d0:	f9404400 	ldr	x0, [x0, #136]
   8c0d4:	b5000820 	cbnz	x0, 8c1d8 <CDMAChannel::Start()+0x118>
   8c0d8:	b9402a60 	ldr	w0, [x19, #40]
   8c0dc:	d2800014 	mov	x20, #0x0                   	// #0
   8c0e0:	f90013f5 	str	x21, [sp, #32]
   8c0e4:	91002275 	add	x21, x19, #0x8
   8c0e8:	340003c0 	cbz	w0, 8c160 <CDMAChannel::Start()+0xa0>
   8c0ec:	f8747aa0 	ldr	x0, [x21, x20, lsl #3]
   8c0f0:	b40007a0 	cbz	x0, 8c1e4 <CDMAChannel::Start()+0x124>
   8c0f4:	f9403261 	ldr	x1, [x19, #96]
   8c0f8:	b4000281 	cbz	x1, 8c148 <CDMAChannel::Start()+0x88>
   8c0fc:	f9402a61 	ldr	x1, [x19, #80]
   8c100:	b40007c1 	cbz	x1, 8c1f8 <CDMAChannel::Start()+0x138>
   8c104:	39416261 	ldrb	w1, [x19, #88]
   8c108:	36000821 	tbz	w1, #0, 8c20c <CDMAChannel::Start()+0x14c>
   8c10c:	39400002 	ldrb	w2, [x0]
   8c110:	39400401 	ldrb	w1, [x0, #1]
   8c114:	aa012041 	orr	x1, x2, x1, lsl #8
   8c118:	39400802 	ldrb	w2, [x0, #2]
   8c11c:	aa024022 	orr	x2, x1, x2, lsl #16
   8c120:	39400c01 	ldrb	w1, [x0, #3]
   8c124:	aa016041 	orr	x1, x2, x1, lsl #24
   8c128:	32000021 	orr	w1, w1, #0x1
   8c12c:	d3483c22 	ubfx	x2, x1, #8, #8
   8c130:	39000001 	strb	w1, [x0]
   8c134:	39000402 	strb	w2, [x0, #1]
   8c138:	d3505c22 	ubfx	x2, x1, #16, #8
   8c13c:	53187c21 	lsr	w1, w1, #24
   8c140:	39000802 	strb	w2, [x0, #2]
   8c144:	39000c01 	strb	w1, [x0, #3]
   8c148:	d2800401 	mov	x1, #0x20                  	// #32
   8c14c:	91000694 	add	x20, x20, #0x1
   8c150:	97ffeed7 	bl	87cac <CleanAndInvalidateDataCacheRange>
   8c154:	b9402a60 	ldr	w0, [x19, #40]
   8c158:	6b14001f 	cmp	w0, w20
   8c15c:	54fffc88 	b.hi	8c0ec <CDMAChannel::Start()+0x2c>  // b.pmore
   8c160:	b9400261 	ldr	w1, [x19]
   8c164:	7100143f 	cmp	w1, #0x5
   8c168:	54000668 	b.hi	8c234 <CDMAChannel::Start()+0x174>  // b.pmore
   8c16c:	d2a00022 	mov	x2, #0x10000               	// #65536
   8c170:	53185c20 	lsl	w0, w1, #8
   8c174:	f2c00202 	movk	x2, #0x10, lsl #32
   8c178:	8b020000 	add	x0, x0, x2
   8c17c:	b9400003 	ldr	w3, [x0]
   8c180:	37100643 	tbnz	w3, #2, 8c248 <CDMAChannel::Start()+0x188>
   8c184:	913f8043 	add	x3, x2, #0xfe0
   8c188:	b9400064 	ldr	w4, [x3]
   8c18c:	52800023 	mov	w3, #0x1                   	// #1
   8c190:	1ac12061 	lsl	w1, w3, w1
   8c194:	6a04003f 	tst	w1, w4
   8c198:	54000441 	b.ne	8c220 <CDMAChannel::Start()+0x160>  // b.any
   8c19c:	f9400661 	ldr	x1, [x19, #8]
   8c1a0:	91001000 	add	x0, x0, #0x4
   8c1a4:	b9002e7f 	str	wzr, [x19, #44]
   8c1a8:	32020421 	orr	w1, w1, #0xc0000000
   8c1ac:	b9000001 	str	w1, [x0]
   8c1b0:	b9400260 	ldr	w0, [x19]
   8c1b4:	52800021 	mov	w1, #0x1                   	// #1
   8c1b8:	72a21e21 	movk	w1, #0x10f1, lsl #16
   8c1bc:	53185c00 	lsl	w0, w0, #8
   8c1c0:	8b020000 	add	x0, x0, x2
   8c1c4:	b9000001 	str	w1, [x0]
   8c1c8:	f94013f5 	ldr	x21, [sp, #32]
   8c1cc:	a94153f3 	ldp	x19, x20, [sp, #16]
   8c1d0:	a8c37bfd 	ldp	x29, x30, [sp], #48
   8c1d4:	d65f03c0 	ret
   8c1d8:	a94153f3 	ldp	x19, x20, [sp, #16]
   8c1dc:	a8c37bfd 	ldp	x29, x30, [sp], #48
   8c1e0:	14001853 	b	9232c <CDMA4Channel::Start()>
   8c1e4:	b0000041 	adrp	x1, 95000 <font_data+0x830>
   8c1e8:	52803362 	mov	w2, #0x19b                 	// #411
   8c1ec:	912ea021 	add	x1, x1, #0xba8
   8c1f0:	91094020 	add	x0, x1, #0x250
   8c1f4:	97fff78b 	bl	8a020 <assertion_failed>
   8c1f8:	b0000041 	adrp	x1, 95000 <font_data+0x830>
   8c1fc:	528033e2 	mov	w2, #0x19f                 	// #415
   8c200:	912ea021 	add	x1, x1, #0xba8
   8c204:	910cc020 	add	x0, x1, #0x330
   8c208:	97fff786 	bl	8a020 <assertion_failed>
   8c20c:	b0000041 	adrp	x1, 95000 <font_data+0x830>
   8c210:	52803402 	mov	w2, #0x1a0                 	// #416
   8c214:	912ea021 	add	x1, x1, #0xba8
   8c218:	910da020 	add	x0, x1, #0x368
   8c21c:	97fff781 	bl	8a020 <assertion_failed>
   8c220:	b0000041 	adrp	x1, 95000 <font_data+0x830>
   8c224:	52803582 	mov	w2, #0x1ac                 	// #428
   8c228:	912ea021 	add	x1, x1, #0xba8
   8c22c:	910ec020 	add	x0, x1, #0x3b0
   8c230:	97fff77c 	bl	8a020 <assertion_failed>
   8c234:	b0000041 	adrp	x1, 95000 <font_data+0x830>
   8c238:	52803542 	mov	w2, #0x1aa                 	// #426
   8c23c:	912ea021 	add	x1, x1, #0xba8
   8c240:	9100c020 	add	x0, x1, #0x30
   8c244:	97fff777 	bl	8a020 <assertion_failed>
   8c248:	b0000041 	adrp	x1, 95000 <font_data+0x830>
   8c24c:	52803562 	mov	w2, #0x1ab                 	// #427
   8c250:	912ea021 	add	x1, x1, #0xba8
   8c254:	910de020 	add	x0, x1, #0x378
   8c258:	97fff772 	bl	8a020 <assertion_failed>
   8c25c:	d503201f 	nop

000000000008c260 <CDMAChannel::Wait()>:
   8c260:	aa0003e2 	mov	x2, x0
   8c264:	f9404400 	ldr	x0, [x0, #136]
   8c268:	b4000040 	cbz	x0, 8c270 <CDMAChannel::Wait()+0x10>
   8c26c:	1400188e 	b	924a4 <CDMA4Channel::Wait()>
   8c270:	a9be7bfd 	stp	x29, x30, [sp, #-32]!
   8c274:	910003fd 	mov	x29, sp
   8c278:	b9400040 	ldr	w0, [x2]
   8c27c:	7100141f 	cmp	w0, #0x5
   8c280:	54000368 	b.hi	8c2ec <CDMAChannel::Wait()+0x8c>  // b.pmore
   8c284:	f9403041 	ldr	x1, [x2, #96]
   8c288:	b50003c1 	cbnz	x1, 8c300 <CDMAChannel::Wait()+0xa0>
   8c28c:	d2a00021 	mov	x1, #0x10000               	// #65536
   8c290:	53185c00 	lsl	w0, w0, #8
   8c294:	f2c00201 	movk	x1, #0x10, lsl #32
   8c298:	8b010000 	add	x0, x0, x1
   8c29c:	d503201f 	nop
   8c2a0:	b9400001 	ldr	w1, [x0]
   8c2a4:	3707ffe1 	tbnz	w1, #0, 8c2a0 <CDMAChannel::Wait()+0x40>
   8c2a8:	d3482021 	ubfx	x1, x1, #8, #1
   8c2ac:	f9403c40 	ldr	x0, [x2, #120]
   8c2b0:	52000021 	eor	w1, w1, #0x1
   8c2b4:	12001c21 	and	w1, w1, #0xff
   8c2b8:	3901c041 	strb	w1, [x2, #112]
   8c2bc:	b5000080 	cbnz	x0, 8c2cc <CDMAChannel::Wait()+0x6c>
   8c2c0:	2a0103e0 	mov	w0, w1
   8c2c4:	a8c27bfd 	ldp	x29, x30, [sp], #32
   8c2c8:	d65f03c0 	ret
   8c2cc:	f9404041 	ldr	x1, [x2, #128]
   8c2d0:	f9000fe2 	str	x2, [sp, #24]
   8c2d4:	97ffee76 	bl	87cac <CleanAndInvalidateDataCacheRange>
   8c2d8:	f9400fe2 	ldr	x2, [sp, #24]
   8c2dc:	3941c041 	ldrb	w1, [x2, #112]
   8c2e0:	a8c27bfd 	ldp	x29, x30, [sp], #32
   8c2e4:	2a0103e0 	mov	w0, w1
   8c2e8:	d65f03c0 	ret
   8c2ec:	b0000041 	adrp	x1, 95000 <font_data+0x830>
   8c2f0:	52803842 	mov	w2, #0x1c2                 	// #450
   8c2f4:	912ea021 	add	x1, x1, #0xba8
   8c2f8:	9100c020 	add	x0, x1, #0x30
   8c2fc:	97fff749 	bl	8a020 <assertion_failed>
   8c300:	b0000041 	adrp	x1, 95000 <font_data+0x830>
   8c304:	52803862 	mov	w2, #0x1c3                 	// #451
   8c308:	912ea021 	add	x1, x1, #0xba8
   8c30c:	910fa020 	add	x0, x1, #0x3e8
   8c310:	97fff744 	bl	8a020 <assertion_failed>
   8c314:	d503201f 	nop
   8c318:	d503201f 	nop
   8c31c:	d503201f 	nop

000000000008c320 <CDMAChannel::GetStatus()>:
   8c320:	f9404401 	ldr	x1, [x0, #136]
   8c324:	b4000061 	cbz	x1, 8c330 <CDMAChannel::GetStatus()+0x10>
   8c328:	aa0103e0 	mov	x0, x1
   8c32c:	1400188e 	b	92564 <CDMA4Channel::GetStatus()>
   8c330:	a9bf7bfd 	stp	x29, x30, [sp, #-16]!
   8c334:	910003fd 	mov	x29, sp
   8c338:	b9400001 	ldr	w1, [x0]
   8c33c:	7100143f 	cmp	w1, #0x5
   8c340:	54000148 	b.hi	8c368 <CDMAChannel::GetStatus()+0x48>  // b.pmore
   8c344:	d2a00022 	mov	x2, #0x10000               	// #65536
   8c348:	53185c21 	lsl	w1, w1, #8
   8c34c:	f2c00202 	movk	x2, #0x10, lsl #32
   8c350:	8b020021 	add	x1, x1, x2
   8c354:	b9400021 	ldr	w1, [x1]
   8c358:	37000121 	tbnz	w1, #0, 8c37c <CDMAChannel::GetStatus()+0x5c>
   8c35c:	3941c000 	ldrb	w0, [x0, #112]
   8c360:	a8c17bfd 	ldp	x29, x30, [sp], #16
   8c364:	d65f03c0 	ret
   8c368:	b0000041 	adrp	x1, 95000 <font_data+0x830>
   8c36c:	52803c42 	mov	w2, #0x1e2                 	// #482
   8c370:	912ea021 	add	x1, x1, #0xba8
   8c374:	9100c020 	add	x0, x1, #0x30
   8c378:	97fff72a 	bl	8a020 <assertion_failed>
   8c37c:	b0000041 	adrp	x1, 95000 <font_data+0x830>
   8c380:	52803c62 	mov	w2, #0x1e3                 	// #483
   8c384:	912ea021 	add	x1, x1, #0xba8
   8c388:	91102020 	add	x0, x1, #0x408
   8c38c:	97fff725 	bl	8a020 <assertion_failed>

000000000008c390 <CDMAChannel::Cancel()>:
   8c390:	aa0003e1 	mov	x1, x0
   8c394:	f9404400 	ldr	x0, [x0, #136]
   8c398:	b5000160 	cbnz	x0, 8c3c4 <CDMAChannel::Cancel()+0x34>
   8c39c:	b9400020 	ldr	w0, [x1]
   8c3a0:	7100141f 	cmp	w0, #0x5
   8c3a4:	54000128 	b.hi	8c3c8 <CDMAChannel::Cancel()+0x38>  // b.pmore
   8c3a8:	d2a00022 	mov	x2, #0x10000               	// #65536
   8c3ac:	53185c00 	lsl	w0, w0, #8
   8c3b0:	f2c00202 	movk	x2, #0x10, lsl #32
   8c3b4:	8b020000 	add	x0, x0, x2
   8c3b8:	b900001f 	str	wzr, [x0]
   8c3bc:	f900303f 	str	xzr, [x1, #96]
   8c3c0:	d65f03c0 	ret
   8c3c4:	14001887 	b	925e0 <CDMA4Channel::Cancel()>
   8c3c8:	b0000041 	adrp	x1, 95000 <font_data+0x830>
   8c3cc:	a9bf7bfd 	stp	x29, x30, [sp, #-16]!
   8c3d0:	52803ea2 	mov	w2, #0x1f5                 	// #501
   8c3d4:	912ea021 	add	x1, x1, #0xba8
   8c3d8:	910003fd 	mov	x29, sp
   8c3dc:	9100c020 	add	x0, x1, #0x30
   8c3e0:	97fff710 	bl	8a020 <assertion_failed>

000000000008c3e4 <CDMAChannel::InterruptHandler()>:
   8c3e4:	a9be7bfd 	stp	x29, x30, [sp, #-32]!
   8c3e8:	910003fd 	mov	x29, sp
   8c3ec:	f9000bf3 	str	x19, [sp, #16]
   8c3f0:	aa0003f3 	mov	x19, x0
   8c3f4:	f9403c00 	ldr	x0, [x0, #120]
   8c3f8:	b50007a0 	cbnz	x0, 8c4ec <CDMAChannel::InterruptHandler()+0x108>
   8c3fc:	b9400262 	ldr	w2, [x19]
   8c400:	7100145f 	cmp	w2, #0x5
   8c404:	540007e8 	b.hi	8c500 <CDMAChannel::InterruptHandler()+0x11c>  // b.pmore
   8c408:	d281fc01 	mov	x1, #0xfe0                 	// #4064
   8c40c:	f2a00021 	movk	x1, #0x1, lsl #16
   8c410:	f2c00201 	movk	x1, #0x10, lsl #32
   8c414:	b9400023 	ldr	w3, [x1]
   8c418:	52800020 	mov	w0, #0x1                   	// #1
   8c41c:	1ac22000 	lsl	w0, w0, w2
   8c420:	6a03001f 	tst	w0, w3
   8c424:	54000780 	b.eq	8c514 <CDMAChannel::InterruptHandler()+0x130>  // b.none
   8c428:	b9000020 	str	w0, [x1]
   8c42c:	b9400260 	ldr	w0, [x19]
   8c430:	d13f8021 	sub	x1, x1, #0xfe0
   8c434:	53185c00 	lsl	w0, w0, #8
   8c438:	8b010000 	add	x0, x0, x1
   8c43c:	b9400002 	ldr	w2, [x0]
   8c440:	36100742 	tbz	w2, #2, 8c528 <CDMAChannel::InterruptHandler()+0x144>
   8c444:	b9000002 	str	w2, [x0]
   8c448:	d3482042 	ubfx	x2, x2, #8, #1
   8c44c:	f9403264 	ldr	x4, [x19, #96]
   8c450:	52000042 	eor	w2, w2, #0x1
   8c454:	3901c262 	strb	w2, [x19, #112]
   8c458:	b4000724 	cbz	x4, 8c53c <CDMAChannel::InterruptHandler()+0x158>
   8c45c:	b9402a60 	ldr	w0, [x19, #40]
   8c460:	7100041f 	cmp	w0, #0x1
   8c464:	54000400 	b.eq	8c4e4 <CDMAChannel::InterruptHandler()+0x100>  // b.none
   8c468:	b9402e60 	ldr	w0, [x19, #44]
   8c46c:	71000c1f 	cmp	w0, #0x3
   8c470:	54000708 	b.hi	8c550 <CDMAChannel::InterruptHandler()+0x16c>  // b.pmore
   8c474:	f9403663 	ldr	x3, [x19, #104]
   8c478:	b9400260 	ldr	w0, [x19]
   8c47c:	b9402e61 	ldr	w1, [x19, #44]
   8c480:	d63f0080 	blr	x4
   8c484:	3941c260 	ldrb	w0, [x19, #112]
   8c488:	36000280 	tbz	w0, #0, 8c4d8 <CDMAChannel::InterruptHandler()+0xf4>
   8c48c:	b9402a60 	ldr	w0, [x19, #40]
   8c490:	7100041f 	cmp	w0, #0x1
   8c494:	54000229 	b.ls	8c4d8 <CDMAChannel::InterruptHandler()+0xf4>  // b.plast
   8c498:	b9402e61 	ldr	w1, [x19, #44]
   8c49c:	6b01001f 	cmp	w0, w1
   8c4a0:	54000629 	b.ls	8c564 <CDMAChannel::InterruptHandler()+0x180>  // b.plast
   8c4a4:	b9402e60 	ldr	w0, [x19, #44]
   8c4a8:	f9404261 	ldr	x1, [x19, #128]
   8c4ac:	2a0003e0 	mov	w0, w0
   8c4b0:	91001800 	add	x0, x0, #0x6
   8c4b4:	f8607a60 	ldr	x0, [x19, x0, lsl #3]
   8c4b8:	97ffedfd 	bl	87cac <CleanAndInvalidateDataCacheRange>
   8c4bc:	b9402e60 	ldr	w0, [x19, #44]
   8c4c0:	b9402a61 	ldr	w1, [x19, #40]
   8c4c4:	11000400 	add	w0, w0, #0x1
   8c4c8:	b9002e60 	str	w0, [x19, #44]
   8c4cc:	6b01001f 	cmp	w0, w1
   8c4d0:	54000041 	b.ne	8c4d8 <CDMAChannel::InterruptHandler()+0xf4>  // b.any
   8c4d4:	b9002e7f 	str	wzr, [x19, #44]
   8c4d8:	f9400bf3 	ldr	x19, [sp, #16]
   8c4dc:	a8c27bfd 	ldp	x29, x30, [sp], #32
   8c4e0:	d65f03c0 	ret
   8c4e4:	f900327f 	str	xzr, [x19, #96]
   8c4e8:	17ffffe0 	b	8c468 <CDMAChannel::InterruptHandler()+0x84>
   8c4ec:	f9404261 	ldr	x1, [x19, #128]
   8c4f0:	97ffedef 	bl	87cac <CleanAndInvalidateDataCacheRange>
   8c4f4:	b9400262 	ldr	w2, [x19]
   8c4f8:	7100145f 	cmp	w2, #0x5
   8c4fc:	54fff869 	b.ls	8c408 <CDMAChannel::InterruptHandler()+0x24>  // b.plast
   8c500:	b0000041 	adrp	x1, 95000 <font_data+0x830>
   8c504:	528040c2 	mov	w2, #0x206                 	// #518
   8c508:	912ea021 	add	x1, x1, #0xba8
   8c50c:	9100c020 	add	x0, x1, #0x30
   8c510:	97fff6c4 	bl	8a020 <assertion_failed>
   8c514:	b0000041 	adrp	x1, 95000 <font_data+0x830>
   8c518:	52804182 	mov	w2, #0x20c                 	// #524
   8c51c:	912ea021 	add	x1, x1, #0xba8
   8c520:	91110020 	add	x0, x1, #0x440
   8c524:	97fff6bf 	bl	8a020 <assertion_failed>
   8c528:	b0000041 	adrp	x1, 95000 <font_data+0x830>
   8c52c:	52804202 	mov	w2, #0x210                 	// #528
   8c530:	912ea021 	add	x1, x1, #0xba8
   8c534:	91116020 	add	x0, x1, #0x458
   8c538:	97fff6ba 	bl	8a020 <assertion_failed>
   8c53c:	b0000041 	adrp	x1, 95000 <font_data+0x830>
   8c540:	528042e2 	mov	w2, #0x217                 	// #535
   8c544:	912ea021 	add	x1, x1, #0xba8
   8c548:	910d2020 	add	x0, x1, #0x348
   8c54c:	97fff6b5 	bl	8a020 <assertion_failed>
   8c550:	b0000041 	adrp	x1, 95000 <font_data+0x830>
   8c554:	528043c2 	mov	w2, #0x21e                 	// #542
   8c558:	912ea021 	add	x1, x1, #0xba8
   8c55c:	9111a020 	add	x0, x1, #0x468
   8c560:	97fff6b0 	bl	8a020 <assertion_failed>
   8c564:	b0000041 	adrp	x1, 95000 <font_data+0x830>
   8c568:	52804482 	mov	w2, #0x224                 	// #548
   8c56c:	912ea021 	add	x1, x1, #0xba8
   8c570:	91124020 	add	x0, x1, #0x490
   8c574:	97fff6ab 	bl	8a020 <assertion_failed>
   8c578:	d503201f 	nop
   8c57c:	d503201f 	nop

000000000008c580 <CDMAChannel::InterruptStub(void*)>:
   8c580:	b4000040 	cbz	x0, 8c588 <CDMAChannel::InterruptStub(void*)+0x8>
   8c584:	17ffff98 	b	8c3e4 <CDMAChannel::InterruptHandler()>
   8c588:	b0000041 	adrp	x1, 95000 <font_data+0x830>
   8c58c:	a9bf7bfd 	stp	x29, x30, [sp, #-16]!
   8c590:	52804662 	mov	w2, #0x233                 	// #563
   8c594:	912ea021 	add	x1, x1, #0xba8
   8c598:	910003fd 	mov	x29, sp
   8c59c:	9112c020 	add	x0, x1, #0x4b0
   8c5a0:	97fff6a0 	bl	8a020 <assertion_failed>
	...

000000000008c5c0 <CLogger::CLogger(unsigned int, CTimer*, bool)>:
   8c5c0:	a9be7bfd 	stp	x29, x30, [sp, #-32]!
   8c5c4:	910003fd 	mov	x29, sp
   8c5c8:	f9000bf3 	str	x19, [sp, #16]
   8c5cc:	aa0003f3 	mov	x19, x0
   8c5d0:	39004003 	strb	w3, [x0, #16]
   8c5d4:	52800020 	mov	w0, #0x1                   	// #1
   8c5d8:	b9000261 	str	w1, [x19]
   8c5dc:	f9000662 	str	x2, [x19, #8]
   8c5e0:	f9000e7f 	str	xzr, [x19, #24]
   8c5e4:	f900167f 	str	xzr, [x19, #40]
   8c5e8:	b9003260 	str	w0, [x19, #48]
   8c5ec:	f900e67f 	str	xzr, [x19, #456]
   8c5f0:	b901d260 	str	w0, [x19, #464]
   8c5f4:	d2880000 	mov	x0, #0x4000                	// #16384
   8c5f8:	a91dfe7f 	stp	xzr, xzr, [x19, #472]
   8c5fc:	97ffe9a1 	bl	86c80 <operator new[](unsigned long)>
   8c600:	f9001260 	str	x0, [x19, #32]
   8c604:	d0000040 	adrp	x0, 96000 <vtable for CDevice+0x4a8>
   8c608:	f905dc13 	str	x19, [x0, #3000]
   8c60c:	f9400bf3 	ldr	x19, [sp, #16]
   8c610:	a8c27bfd 	ldp	x29, x30, [sp], #32
   8c614:	d65f03c0 	ret
   8c618:	d503201f 	nop
   8c61c:	d503201f 	nop

000000000008c620 <CLogger::~CLogger()>:
   8c620:	a9be7bfd 	stp	x29, x30, [sp, #-32]!
   8c624:	910003fd 	mov	x29, sp
   8c628:	f9000bf3 	str	x19, [sp, #16]
   8c62c:	aa0003f3 	mov	x19, x0
   8c630:	d0000040 	adrp	x0, 96000 <vtable for CDevice+0x4a8>
   8c634:	b941ca62 	ldr	w2, [x19, #456]
   8c638:	f905dc1f 	str	xzr, [x0, #3000]
   8c63c:	b941ce61 	ldr	w1, [x19, #460]
   8c640:	1400000c 	b	8c670 <CLogger::~CLogger()+0x50>
   8c644:	8b214e60 	add	x0, x19, w1, uxtw #3
   8c648:	f9401c00 	ldr	x0, [x0, #56]
   8c64c:	b40000a0 	cbz	x0, 8c660 <CLogger::~CLogger()+0x40>
   8c650:	d2802201 	mov	x1, #0x110                 	// #272
   8c654:	97ffe9a7 	bl	86cf0 <operator delete(void*, unsigned long)>
   8c658:	b941ca62 	ldr	w2, [x19, #456]
   8c65c:	b941ce61 	ldr	w1, [x19, #460]
   8c660:	11000421 	add	w1, w1, #0x1
   8c664:	b901ce61 	str	w1, [x19, #460]
   8c668:	7100c83f 	cmp	w1, #0x32
   8c66c:	54000100 	b.eq	8c68c <CLogger::~CLogger()+0x6c>  // b.none
   8c670:	6b02003f 	cmp	w1, w2
   8c674:	54fffe81 	b.ne	8c644 <CLogger::~CLogger()+0x24>  // b.any
   8c678:	f9401260 	ldr	x0, [x19, #32]
   8c67c:	b40000e0 	cbz	x0, 8c698 <CLogger::~CLogger()+0x78>
   8c680:	f9400bf3 	ldr	x19, [sp, #16]
   8c684:	a8c27bfd 	ldp	x29, x30, [sp], #32
   8c688:	17ffe990 	b	86cc8 <operator delete[](void*)>
   8c68c:	52800001 	mov	w1, #0x0                   	// #0
   8c690:	b901ce7f 	str	wzr, [x19, #460]
   8c694:	17fffff7 	b	8c670 <CLogger::~CLogger()+0x50>
   8c698:	f9400bf3 	ldr	x19, [sp, #16]
   8c69c:	a8c27bfd 	ldp	x29, x30, [sp], #32
   8c6a0:	d65f03c0 	ret

000000000008c6a4 <CLogger::SetNewTarget(CDevice*)>:
   8c6a4:	f9000c01 	str	x1, [x0, #24]
   8c6a8:	d65f03c0 	ret

000000000008c6ac <CLogger::GetTarget() const>:
   8c6ac:	f9400c00 	ldr	x0, [x0, #24]
   8c6b0:	d65f03c0 	ret
   8c6b4:	d503201f 	nop
   8c6b8:	d503201f 	nop
   8c6bc:	d503201f 	nop

000000000008c6c0 <CLogger::Get()>:
   8c6c0:	d0000042 	adrp	x2, 96000 <vtable for CDevice+0x4a8>
   8c6c4:	f945dc41 	ldr	x1, [x2, #3000]
   8c6c8:	b4000061 	cbz	x1, 8c6d4 <CLogger::Get()+0x14>
   8c6cc:	aa0103e0 	mov	x0, x1
   8c6d0:	d65f03c0 	ret
   8c6d4:	a9be7bfd 	stp	x29, x30, [sp, #-32]!
   8c6d8:	d2803d00 	mov	x0, #0x1e8                 	// #488
   8c6dc:	910003fd 	mov	x29, sp
   8c6e0:	97ffe962 	bl	86c68 <operator new(unsigned long)>
   8c6e4:	aa0003e1 	mov	x1, x0
   8c6e8:	a9007c1f 	stp	xzr, xzr, [x0]
   8c6ec:	d2800020 	mov	x0, #0x1                   	// #1
   8c6f0:	a9017c20 	stp	x0, xzr, [x1, #16]
   8c6f4:	a902803f 	stp	xzr, x0, [x1, #40]
   8c6f8:	a91c803f 	stp	xzr, x0, [x1, #456]
   8c6fc:	d2880000 	mov	x0, #0x4000                	// #16384
   8c700:	a91dfc3f 	stp	xzr, xzr, [x1, #472]
   8c704:	f9000fe1 	str	x1, [sp, #24]
   8c708:	97ffe95e 	bl	86c80 <operator new[](unsigned long)>
   8c70c:	f9400fe1 	ldr	x1, [sp, #24]
   8c710:	d0000042 	adrp	x2, 96000 <vtable for CDevice+0x4a8>
   8c714:	f905dc41 	str	x1, [x2, #3000]
   8c718:	f9001020 	str	x0, [x1, #32]
   8c71c:	aa0103e0 	mov	x0, x1
   8c720:	a8c27bfd 	ldp	x29, x30, [sp], #32
   8c724:	d65f03c0 	ret

000000000008c728 <CLogger::Write(char const*)>:
   8c728:	a9bd7bfd 	stp	x29, x30, [sp, #-48]!
   8c72c:	910003fd 	mov	x29, sp
   8c730:	a90153f3 	stp	x19, x20, [sp, #16]
   8c734:	aa0003f3 	mov	x19, x0
   8c738:	aa0103e0 	mov	x0, x1
   8c73c:	aa0103f4 	mov	x20, x1
   8c740:	f90013f5 	str	x21, [sp, #32]
   8c744:	97ffe6da 	bl	862ac <strlen>
   8c748:	aa0003f5 	mov	x21, x0
   8c74c:	f9400e60 	ldr	x0, [x19, #24]
   8c750:	b40000c0 	cbz	x0, 8c768 <CLogger::Write(char const*)+0x40>
   8c754:	f9400001 	ldr	x1, [x0]
   8c758:	aa1503e2 	mov	x2, x21
   8c75c:	f9400c23 	ldr	x3, [x1, #24]
   8c760:	aa1403e1 	mov	x1, x20
   8c764:	d63f0060 	blr	x3
   8c768:	b9403260 	ldr	w0, [x19, #48]
   8c76c:	35000440 	cbnz	w0, 8c7f4 <CLogger::Write(char const*)+0xcc>
   8c770:	b40003b5 	cbz	x21, 8c7e4 <CLogger::Write(char const*)+0xbc>
   8c774:	aa1403e1 	mov	x1, x20
   8c778:	8b150282 	add	x2, x20, x21
   8c77c:	14000004 	b	8c78c <CLogger::Write(char const*)+0x64>
   8c780:	91000421 	add	x1, x1, #0x1
   8c784:	eb02003f 	cmp	x1, x2
   8c788:	540002a0 	b.eq	8c7dc <CLogger::Write(char const*)+0xb4>  // b.none
   8c78c:	39c00023 	ldrsb	w3, [x1]
   8c790:	7100347f 	cmp	w3, #0xd
   8c794:	54ffff60 	b.eq	8c780 <CLogger::Write(char const*)+0x58>  // b.none
   8c798:	f9401265 	ldr	x5, [x19, #32]
   8c79c:	b9402a64 	ldr	w4, [x19, #40]
   8c7a0:	382468a3 	strb	w3, [x5, x4]
   8c7a4:	29451263 	ldp	w3, w4, [x19, #40]
   8c7a8:	11000463 	add	w3, w3, #0x1
   8c7ac:	12003463 	and	w3, w3, #0x3fff
   8c7b0:	b9002a63 	str	w3, [x19, #40]
   8c7b4:	6b04007f 	cmp	w3, w4
   8c7b8:	54fffe41 	b.ne	8c780 <CLogger::Write(char const*)+0x58>  // b.any
   8c7bc:	39404260 	ldrb	w0, [x19, #16]
   8c7c0:	36000280 	tbz	w0, #0, 8c810 <CLogger::Write(char const*)+0xe8>
   8c7c4:	11000463 	add	w3, w3, #0x1
   8c7c8:	91000421 	add	x1, x1, #0x1
   8c7cc:	12003463 	and	w3, w3, #0x3fff
   8c7d0:	b9002e63 	str	w3, [x19, #44]
   8c7d4:	eb02003f 	cmp	x1, x2
   8c7d8:	54fffda1 	b.ne	8c78c <CLogger::Write(char const*)+0x64>  // b.any
   8c7dc:	b9403260 	ldr	w0, [x19, #48]
   8c7e0:	35000100 	cbnz	w0, 8c800 <CLogger::Write(char const*)+0xd8>
   8c7e4:	f94013f5 	ldr	x21, [sp, #32]
   8c7e8:	a94153f3 	ldp	x19, x20, [sp, #16]
   8c7ec:	a8c37bfd 	ldp	x29, x30, [sp], #48
   8c7f0:	d65f03c0 	ret
   8c7f4:	97ffebd3 	bl	87740 <EnterCritical>
   8c7f8:	b5fffbf5 	cbnz	x21, 8c774 <CLogger::Write(char const*)+0x4c>
   8c7fc:	17fffff8 	b	8c7dc <CLogger::Write(char const*)+0xb4>
   8c800:	f94013f5 	ldr	x21, [sp, #32]
   8c804:	a94153f3 	ldp	x19, x20, [sp, #16]
   8c808:	a8c37bfd 	ldp	x29, x30, [sp], #48
   8c80c:	17ffebfd 	b	87800 <LeaveCritical>
   8c810:	51000461 	sub	w1, w3, #0x1
   8c814:	12003421 	and	w1, w1, #0x3fff
   8c818:	b9002a61 	str	w1, [x19, #40]
   8c81c:	17fffff0 	b	8c7dc <CLogger::Write(char const*)+0xb4>

000000000008c820 <CLogger::WriteNoAlloc(char const*, TLogSeverity, char const*)>:
   8c820:	b9400005 	ldr	w5, [x0]
   8c824:	6b0200bf 	cmp	w5, w2
   8c828:	54000763 	b.cc	8c914 <CLogger::WriteNoAlloc(char const*, TLogSeverity, char const*)+0xf4>  // b.lo, b.ul, b.last
   8c82c:	a9af7bfd 	stp	x29, x30, [sp, #-272]!
   8c830:	910003fd 	mov	x29, sp
   8c834:	a90153f3 	stp	x19, x20, [sp, #16]
   8c838:	aa0003f4 	mov	x20, x0
   8c83c:	f90013f5 	str	x21, [sp, #32]
   8c840:	aa0303f5 	mov	x21, x3
   8c844:	390123ff 	strb	wzr, [sp, #72]
   8c848:	340002e2 	cbz	w2, 8c8a4 <CLogger::WriteNoAlloc(char const*, TLogSeverity, char const*)+0x84>
   8c84c:	910123e0 	add	x0, sp, #0x48
   8c850:	97ffe747 	bl	8656c <strcat>
   8c854:	d0000042 	adrp	x2, 96000 <vtable for CDevice+0x4a8>
   8c858:	910123e0 	add	x0, sp, #0x48
   8c85c:	9101a042 	add	x2, x2, #0x68
   8c860:	91002041 	add	x1, x2, #0x8
   8c864:	97ffe742 	bl	8656c <strcat>
   8c868:	aa1503e1 	mov	x1, x21
   8c86c:	910123e0 	add	x0, sp, #0x48
   8c870:	97ffe73f 	bl	8656c <strcat>
   8c874:	d0000040 	adrp	x0, 96000 <vtable for CDevice+0x4a8>
   8c878:	9101a002 	add	x2, x0, #0x68
   8c87c:	910123e0 	add	x0, sp, #0x48
   8c880:	91006041 	add	x1, x2, #0x18
   8c884:	97ffe73a 	bl	8656c <strcat>
   8c888:	910123e1 	add	x1, sp, #0x48
   8c88c:	aa1403e0 	mov	x0, x20
   8c890:	97ffffa6 	bl	8c728 <CLogger::Write(char const*)>
   8c894:	f94013f5 	ldr	x21, [sp, #32]
   8c898:	a94153f3 	ldp	x19, x20, [sp, #16]
   8c89c:	a8d17bfd 	ldp	x29, x30, [sp], #272
   8c8a0:	d65f03c0 	ret
   8c8a4:	d0000040 	adrp	x0, 96000 <vtable for CDevice+0x4a8>
   8c8a8:	aa0103e4 	mov	x4, x1
   8c8ac:	9101a013 	add	x19, x0, #0x68
   8c8b0:	910123e0 	add	x0, sp, #0x48
   8c8b4:	aa1303e1 	mov	x1, x19
   8c8b8:	f9001fe4 	str	x4, [sp, #56]
   8c8bc:	97ffe713 	bl	86508 <strcpy>
   8c8c0:	f9401fe1 	ldr	x1, [sp, #56]
   8c8c4:	910123e0 	add	x0, sp, #0x48
   8c8c8:	97ffe729 	bl	8656c <strcat>
   8c8cc:	910123e0 	add	x0, sp, #0x48
   8c8d0:	91002261 	add	x1, x19, #0x8
   8c8d4:	97ffe726 	bl	8656c <strcat>
   8c8d8:	aa1503e1 	mov	x1, x21
   8c8dc:	910123e0 	add	x0, sp, #0x48
   8c8e0:	97ffe723 	bl	8656c <strcat>
   8c8e4:	91004261 	add	x1, x19, #0x10
   8c8e8:	910123e0 	add	x0, sp, #0x48
   8c8ec:	97ffe720 	bl	8656c <strcat>
   8c8f0:	91006261 	add	x1, x19, #0x18
   8c8f4:	910123e0 	add	x0, sp, #0x48
   8c8f8:	97ffe71d 	bl	8656c <strcat>
   8c8fc:	910123e1 	add	x1, sp, #0x48
   8c900:	aa1403e0 	mov	x0, x20
   8c904:	97ffff89 	bl	8c728 <CLogger::Write(char const*)>
   8c908:	52801fe0 	mov	w0, #0xff                  	// #255
   8c90c:	97ffe165 	bl	84ea0 <set_qemu_exit_status>
   8c910:	97ffe180 	bl	84f10 <halt>
   8c914:	d65f03c0 	ret
   8c918:	d503201f 	nop
   8c91c:	d503201f 	nop

000000000008c920 <CLogger::Read(void*, unsigned int, bool)>:
   8c920:	a9bd7bfd 	stp	x29, x30, [sp, #-48]!
   8c924:	aa0003e6 	mov	x6, x0
   8c928:	910003fd 	mov	x29, sp
   8c92c:	12001c63 	and	w3, w3, #0xff
   8c930:	b9403000 	ldr	w0, [x0, #48]
   8c934:	35000360 	cbnz	w0, 8c9a0 <CLogger::Read(void*, unsigned int, bool)+0x80>
   8c938:	294510c0 	ldp	w0, w4, [x6, #40]
   8c93c:	6b04001f 	cmp	w0, w4
   8c940:	54000460 	b.eq	8c9cc <CLogger::Read(void*, unsigned int, bool)+0xac>  // b.none
   8c944:	2a0203e2 	mov	w2, w2
   8c948:	d2800005 	mov	x5, #0x0                   	// #0
   8c94c:	1400000a 	b	8c974 <CLogger::Read(void*, unsigned int, bool)+0x54>
   8c950:	f94010c0 	ldr	x0, [x6, #32]
   8c954:	38e44800 	ldrsb	w0, [x0, w4, uxtw]
   8c958:	11000484 	add	w4, w4, #0x1
   8c95c:	12003484 	and	w4, w4, #0x3fff
   8c960:	38256820 	strb	w0, [x1, x5]
   8c964:	b94028c0 	ldr	w0, [x6, #40]
   8c968:	6b04001f 	cmp	w0, w4
   8c96c:	54000160 	b.eq	8c998 <CLogger::Read(void*, unsigned int, bool)+0x78>  // b.none
   8c970:	910004a5 	add	x5, x5, #0x1
   8c974:	eb0200bf 	cmp	x5, x2
   8c978:	54fffec1 	b.ne	8c950 <CLogger::Read(void*, unsigned int, bool)+0x30>  // b.any
   8c97c:	2a0503e0 	mov	w0, w5
   8c980:	36000043 	tbz	w3, #0, 8c988 <CLogger::Read(void*, unsigned int, bool)+0x68>
   8c984:	b9002cc4 	str	w4, [x6, #44]
   8c988:	b94030c1 	ldr	w1, [x6, #48]
   8c98c:	35000261 	cbnz	w1, 8c9d8 <CLogger::Read(void*, unsigned int, bool)+0xb8>
   8c990:	a8c37bfd 	ldp	x29, x30, [sp], #48
   8c994:	d65f03c0 	ret
   8c998:	110004a0 	add	w0, w5, #0x1
   8c99c:	17fffff9 	b	8c980 <CLogger::Read(void*, unsigned int, bool)+0x60>
   8c9a0:	a90187e6 	stp	x6, x1, [sp, #24]
   8c9a4:	29050be3 	stp	w3, w2, [sp, #40]
   8c9a8:	97ffeb66 	bl	87740 <EnterCritical>
   8c9ac:	a94187e6 	ldp	x6, x1, [sp, #24]
   8c9b0:	29450be3 	ldp	w3, w2, [sp, #40]
   8c9b4:	294510c0 	ldp	w0, w4, [x6, #40]
   8c9b8:	6b04001f 	cmp	w0, w4
   8c9bc:	54fffc41 	b.ne	8c944 <CLogger::Read(void*, unsigned int, bool)+0x24>  // b.any
   8c9c0:	b94030c0 	ldr	w0, [x6, #48]
   8c9c4:	34000040 	cbz	w0, 8c9cc <CLogger::Read(void*, unsigned int, bool)+0xac>
   8c9c8:	97ffeb8e 	bl	87800 <LeaveCritical>
   8c9cc:	52800000 	mov	w0, #0x0                   	// #0
   8c9d0:	a8c37bfd 	ldp	x29, x30, [sp], #48
   8c9d4:	d65f03c0 	ret
   8c9d8:	b9001be0 	str	w0, [sp, #24]
   8c9dc:	97ffeb89 	bl	87800 <LeaveCritical>
   8c9e0:	b9401be0 	ldr	w0, [sp, #24]
   8c9e4:	a8c37bfd 	ldp	x29, x30, [sp], #48
   8c9e8:	d65f03c0 	ret

000000000008c9ec <CLogger::WriteEvent(char const*, TLogSeverity, char const*)>:
   8c9ec:	a9bb7bfd 	stp	x29, x30, [sp, #-80]!
   8c9f0:	910003fd 	mov	x29, sp
   8c9f4:	a90153f3 	stp	x19, x20, [sp, #16]
   8c9f8:	aa0003f3 	mov	x19, x0
   8c9fc:	d2802200 	mov	x0, #0x110                 	// #272
   8ca00:	a9025bf5 	stp	x21, x22, [sp, #32]
   8ca04:	aa0303f6 	mov	x22, x3
   8ca08:	2a0203f5 	mov	w21, w2
   8ca0c:	f9001fe1 	str	x1, [sp, #56]
   8ca10:	97ffe896 	bl	86c68 <operator new(unsigned long)>
   8ca14:	f9401fe1 	ldr	x1, [sp, #56]
   8ca18:	aa0003f4 	mov	x20, x0
   8ca1c:	d2800642 	mov	x2, #0x32                  	// #50
   8ca20:	b8004415 	str	w21, [x0], #4
   8ca24:	97ffe6c7 	bl	86540 <strncpy>
   8ca28:	d2801902 	mov	x2, #0xc8                  	// #200
   8ca2c:	aa1603e1 	mov	x1, x22
   8ca30:	3900d69f 	strb	wzr, [x20, #53]
   8ca34:	9100da80 	add	x0, x20, #0x36
   8ca38:	97ffe6c2 	bl	86540 <strncpy>
   8ca3c:	f9400660 	ldr	x0, [x19, #8]
   8ca40:	3903f69f 	strb	wzr, [x20, #253]
   8ca44:	b40000a0 	cbz	x0, 8ca58 <CLogger::WriteEvent(char const*, TLogSeverity, char const*)+0x6c>
   8ca48:	910133e2 	add	x2, sp, #0x4c
   8ca4c:	910123e1 	add	x1, sp, #0x48
   8ca50:	97ffe2b6 	bl	85528 <CTimer::GetLocalTime(unsigned int*, unsigned int*)>
   8ca54:	37000680 	tbnz	w0, #0, 8cb24 <CLogger::WriteEvent(char const*, TLogSeverity, char const*)+0x138>
   8ca58:	52800000 	mov	w0, #0x0                   	// #0
   8ca5c:	f900829f 	str	xzr, [x20, #256]
   8ca60:	b9010a9f 	str	wzr, [x20, #264]
   8ca64:	b941d262 	ldr	w2, [x19, #464]
   8ca68:	b9010e80 	str	w0, [x20, #268]
   8ca6c:	35000542 	cbnz	w2, 8cb14 <CLogger::WriteEvent(char const*, TLogSeverity, char const*)+0x128>
   8ca70:	b941ca61 	ldr	w1, [x19, #456]
   8ca74:	8b214e60 	add	x0, x19, w1, uxtw #3
   8ca78:	b941ce63 	ldr	w3, [x19, #460]
   8ca7c:	f9001c14 	str	x20, [x0, #56]
   8ca80:	11000420 	add	w0, w1, #0x1
   8ca84:	7100c43f 	cmp	w1, #0x31
   8ca88:	54000320 	b.eq	8caec <CLogger::WriteEvent(char const*, TLogSeverity, char const*)+0x100>  // b.none
   8ca8c:	b901ca60 	str	w0, [x19, #456]
   8ca90:	6b03001f 	cmp	w0, w3
   8ca94:	54000120 	b.eq	8cab8 <CLogger::WriteEvent(char const*, TLogSeverity, char const*)+0xcc>  // b.none
   8ca98:	35000262 	cbnz	w2, 8cae4 <CLogger::WriteEvent(char const*, TLogSeverity, char const*)+0xf8>
   8ca9c:	f940ee60 	ldr	x0, [x19, #472]
   8caa0:	b4000040 	cbz	x0, 8caa8 <CLogger::WriteEvent(char const*, TLogSeverity, char const*)+0xbc>
   8caa4:	d63f0000 	blr	x0
   8caa8:	a94153f3 	ldp	x19, x20, [sp, #16]
   8caac:	a9425bf5 	ldp	x21, x22, [sp, #32]
   8cab0:	a8c57bfd 	ldp	x29, x30, [sp], #80
   8cab4:	d65f03c0 	ret
   8cab8:	11000823 	add	w3, w1, #0x2
   8cabc:	7100c03f 	cmp	w1, #0x30
   8cac0:	8b204e60 	add	x0, x19, w0, uxtw #3
   8cac4:	f9401c00 	ldr	x0, [x0, #56]
   8cac8:	1a9f1063 	csel	w3, w3, wzr, ne	// ne = any
   8cacc:	b901ce63 	str	w3, [x19, #460]
   8cad0:	350001a2 	cbnz	w2, 8cb04 <CLogger::WriteEvent(char const*, TLogSeverity, char const*)+0x118>
   8cad4:	b4fffe40 	cbz	x0, 8ca9c <CLogger::WriteEvent(char const*, TLogSeverity, char const*)+0xb0>
   8cad8:	d2802201 	mov	x1, #0x110                 	// #272
   8cadc:	97ffe885 	bl	86cf0 <operator delete(void*, unsigned long)>
   8cae0:	17ffffef 	b	8ca9c <CLogger::WriteEvent(char const*, TLogSeverity, char const*)+0xb0>
   8cae4:	97ffeb47 	bl	87800 <LeaveCritical>
   8cae8:	17ffffed 	b	8ca9c <CLogger::WriteEvent(char const*, TLogSeverity, char const*)+0xb0>
   8caec:	b901ca7f 	str	wzr, [x19, #456]
   8caf0:	35fffd43 	cbnz	w3, 8ca98 <CLogger::WriteEvent(char const*, TLogSeverity, char const*)+0xac>
   8caf4:	52800023 	mov	w3, #0x1                   	// #1
   8caf8:	f9401e60 	ldr	x0, [x19, #56]
   8cafc:	b901ce63 	str	w3, [x19, #460]
   8cb00:	34fffea2 	cbz	w2, 8cad4 <CLogger::WriteEvent(char const*, TLogSeverity, char const*)+0xe8>
   8cb04:	f9001fe0 	str	x0, [sp, #56]
   8cb08:	97ffeb3e 	bl	87800 <LeaveCritical>
   8cb0c:	f9401fe0 	ldr	x0, [sp, #56]
   8cb10:	17fffff1 	b	8cad4 <CLogger::WriteEvent(char const*, TLogSeverity, char const*)+0xe8>
   8cb14:	2a0203e0 	mov	w0, w2
   8cb18:	97ffeb0a 	bl	87740 <EnterCritical>
   8cb1c:	b941d262 	ldr	w2, [x19, #464]
   8cb20:	17ffffd4 	b	8ca70 <CLogger::WriteEvent(char const*, TLogSeverity, char const*)+0x84>
   8cb24:	b9404be0 	ldr	w0, [sp, #72]
   8cb28:	5282eb21 	mov	w1, #0x1759                	// #5977
   8cb2c:	72ba36e1 	movk	w1, #0xd1b7, lsl #16
   8cb30:	f9008280 	str	x0, [x20, #256]
   8cb34:	b9404fe0 	ldr	w0, [sp, #76]
   8cb38:	9ba17c00 	umull	x0, w0, w1
   8cb3c:	d36dfc00 	lsr	x0, x0, #45
   8cb40:	b9010a80 	str	w0, [x20, #264]
   8cb44:	f9400660 	ldr	x0, [x19, #8]
   8cb48:	97ffe202 	bl	85350 <CTimer::GetTimeZone() const>
   8cb4c:	17ffffc6 	b	8ca64 <CLogger::WriteEvent(char const*, TLogSeverity, char const*)+0x78>

000000000008cb50 <CLogger::ReadEvent(TLogSeverity*, char*, char*, long*, unsigned int*, int*)>:
   8cb50:	a9ba7bfd 	stp	x29, x30, [sp, #-96]!
   8cb54:	910003fd 	mov	x29, sp
   8cb58:	aa0003e7 	mov	x7, x0
   8cb5c:	aa0103e8 	mov	x8, x1
   8cb60:	a90153f3 	stp	x19, x20, [sp, #16]
   8cb64:	aa0403f4 	mov	x20, x4
   8cb68:	a9025bf5 	stp	x21, x22, [sp, #32]
   8cb6c:	aa0503f5 	mov	x21, x5
   8cb70:	aa0603f6 	mov	x22, x6
   8cb74:	b941d000 	ldr	w0, [x0, #464]
   8cb78:	f9001bf7 	str	x23, [sp, #48]
   8cb7c:	aa0303f7 	mov	x23, x3
   8cb80:	35000420 	cbnz	w0, 8cc04 <CLogger::ReadEvent(TLogSeverity*, char*, char*, long*, unsigned int*, int*)+0xb4>
   8cb84:	b941c8e1 	ldr	w1, [x7, #456]
   8cb88:	b941cce0 	ldr	w0, [x7, #460]
   8cb8c:	6b00003f 	cmp	w1, w0
   8cb90:	54000660 	b.eq	8cc5c <CLogger::ReadEvent(TLogSeverity*, char*, char*, long*, unsigned int*, int*)+0x10c>  // b.none
   8cb94:	8b204ce1 	add	x1, x7, w0, uxtw #3
   8cb98:	f9401c33 	ldr	x19, [x1, #56]
   8cb9c:	7100c41f 	cmp	w0, #0x31
   8cba0:	1a8007e0 	csinc	w0, wzr, w0, eq	// eq = none
   8cba4:	b901cce0 	str	w0, [x7, #460]
   8cba8:	aa1303e1 	mov	x1, x19
   8cbac:	b8404420 	ldr	w0, [x1], #4
   8cbb0:	b9000100 	str	w0, [x8]
   8cbb4:	aa0203e0 	mov	x0, x2
   8cbb8:	97ffe654 	bl	86508 <strcpy>
   8cbbc:	9100da61 	add	x1, x19, #0x36
   8cbc0:	aa1703e0 	mov	x0, x23
   8cbc4:	97ffe651 	bl	86508 <strcpy>
   8cbc8:	f9408260 	ldr	x0, [x19, #256]
   8cbcc:	d2802201 	mov	x1, #0x110                 	// #272
   8cbd0:	f9000280 	str	x0, [x20]
   8cbd4:	b9410a60 	ldr	w0, [x19, #264]
   8cbd8:	b90002a0 	str	w0, [x21]
   8cbdc:	b9410e60 	ldr	w0, [x19, #268]
   8cbe0:	b90002c0 	str	w0, [x22]
   8cbe4:	aa1303e0 	mov	x0, x19
   8cbe8:	97ffe842 	bl	86cf0 <operator delete(void*, unsigned long)>
   8cbec:	f9401bf7 	ldr	x23, [sp, #48]
   8cbf0:	52800020 	mov	w0, #0x1                   	// #1
   8cbf4:	a94153f3 	ldp	x19, x20, [sp, #16]
   8cbf8:	a9425bf5 	ldp	x21, x22, [sp, #32]
   8cbfc:	a8c67bfd 	ldp	x29, x30, [sp], #96
   8cc00:	d65f03c0 	ret
   8cc04:	a90487e7 	stp	x7, x1, [sp, #72]
   8cc08:	f9002fe2 	str	x2, [sp, #88]
   8cc0c:	97ffeacd 	bl	87740 <EnterCritical>
   8cc10:	a944a3e7 	ldp	x7, x8, [sp, #72]
   8cc14:	f9402fe2 	ldr	x2, [sp, #88]
   8cc18:	b941c8e1 	ldr	w1, [x7, #456]
   8cc1c:	b941cce0 	ldr	w0, [x7, #460]
   8cc20:	b941d0e3 	ldr	w3, [x7, #464]
   8cc24:	6b00003f 	cmp	w1, w0
   8cc28:	54000160 	b.eq	8cc54 <CLogger::ReadEvent(TLogSeverity*, char*, char*, long*, unsigned int*, int*)+0x104>  // b.none
   8cc2c:	8b204ce1 	add	x1, x7, w0, uxtw #3
   8cc30:	f9401c33 	ldr	x19, [x1, #56]
   8cc34:	7100c41f 	cmp	w0, #0x31
   8cc38:	1a8007e0 	csinc	w0, wzr, w0, eq	// eq = none
   8cc3c:	b901cce0 	str	w0, [x7, #460]
   8cc40:	34fffb43 	cbz	w3, 8cba8 <CLogger::ReadEvent(TLogSeverity*, char*, char*, long*, unsigned int*, int*)+0x58>
   8cc44:	a9048be8 	stp	x8, x2, [sp, #72]
   8cc48:	97ffeaee 	bl	87800 <LeaveCritical>
   8cc4c:	a9448be8 	ldp	x8, x2, [sp, #72]
   8cc50:	17ffffd6 	b	8cba8 <CLogger::ReadEvent(TLogSeverity*, char*, char*, long*, unsigned int*, int*)+0x58>
   8cc54:	34000043 	cbz	w3, 8cc5c <CLogger::ReadEvent(TLogSeverity*, char*, char*, long*, unsigned int*, int*)+0x10c>
   8cc58:	97ffeaea 	bl	87800 <LeaveCritical>
   8cc5c:	f9401bf7 	ldr	x23, [sp, #48]
   8cc60:	52800000 	mov	w0, #0x0                   	// #0
   8cc64:	a94153f3 	ldp	x19, x20, [sp, #16]
   8cc68:	a9425bf5 	ldp	x21, x22, [sp, #32]
   8cc6c:	a8c67bfd 	ldp	x29, x30, [sp], #96
   8cc70:	d65f03c0 	ret
   8cc74:	d503201f 	nop
   8cc78:	d503201f 	nop
   8cc7c:	d503201f 	nop

000000000008cc80 <CLogger::RegisterEventNotificationHandler(void (*)())>:
   8cc80:	f900ec01 	str	x1, [x0, #472]
   8cc84:	d65f03c0 	ret

000000000008cc88 <CLogger::RegisterPanicHandler(void (*)())>:
   8cc88:	f900f001 	str	x1, [x0, #480]
   8cc8c:	d65f03c0 	ret

000000000008cc90 <CLogger::WriteV(char const*, TLogSeverity, char const*, std::__va_list)>:
   8cc90:	a9b67bfd 	stp	x29, x30, [sp, #-160]!
   8cc94:	910003fd 	mov	x29, sp
   8cc98:	a90153f3 	stp	x19, x20, [sp, #16]
   8cc9c:	aa0003f3 	mov	x19, x0
   8cca0:	910183e0 	add	x0, sp, #0x60
   8cca4:	2a0203f4 	mov	w20, w2
   8cca8:	a9025bf5 	stp	x21, x22, [sp, #32]
   8ccac:	aa0303f5 	mov	x21, x3
   8ccb0:	aa0103f6 	mov	x22, x1
   8ccb4:	f9001fe4 	str	x4, [sp, #56]
   8ccb8:	97ffd9d4 	bl	83408 <CString::CString()>
   8ccbc:	f9401fe4 	ldr	x4, [sp, #56]
   8ccc0:	910103e2 	add	x2, sp, #0x40
   8ccc4:	aa1503e1 	mov	x1, x21
   8ccc8:	f9400080 	ldr	x0, [x4]
   8cccc:	f90023e0 	str	x0, [sp, #64]
   8ccd0:	f9400480 	ldr	x0, [x4, #8]
   8ccd4:	f90027e0 	str	x0, [sp, #72]
   8ccd8:	f9400880 	ldr	x0, [x4, #16]
   8ccdc:	f9002be0 	str	x0, [sp, #80]
   8cce0:	f9400c80 	ldr	x0, [x4, #24]
   8cce4:	f9002fe0 	str	x0, [sp, #88]
   8cce8:	910183e0 	add	x0, sp, #0x60
   8ccec:	97ffdc8d 	bl	83f20 <CString::FormatV(char const*, std::__va_list)>
   8ccf0:	910183e0 	add	x0, sp, #0x60
   8ccf4:	97ffd9ff 	bl	834f0 <CString::operator char const*() const>
   8ccf8:	aa0003e3 	mov	x3, x0
   8ccfc:	2a1403e2 	mov	w2, w20
   8cd00:	aa1303e0 	mov	x0, x19
   8cd04:	aa1603e1 	mov	x1, x22
   8cd08:	97ffff39 	bl	8c9ec <CLogger::WriteEvent(char const*, TLogSeverity, char const*)>
   8cd0c:	b9400260 	ldr	w0, [x19]
   8cd10:	6b14001f 	cmp	w0, w20
   8cd14:	540005a3 	b.cc	8cdc8 <CLogger::WriteV(char const*, TLogSeverity, char const*, std::__va_list)+0x138>  // b.lo, b.ul, b.last
   8cd18:	910203e0 	add	x0, sp, #0x80
   8cd1c:	d0000055 	adrp	x21, 96000 <vtable for CDevice+0x4a8>
   8cd20:	9101a2b5 	add	x21, x21, #0x68
   8cd24:	97ffd9b9 	bl	83408 <CString::CString()>
   8cd28:	340005d4 	cbz	w20, 8cde0 <CLogger::WriteV(char const*, TLogSeverity, char const*, std::__va_list)+0x150>
   8cd2c:	f9400660 	ldr	x0, [x19, #8]
   8cd30:	b4000200 	cbz	x0, 8cd70 <CLogger::WriteV(char const*, TLogSeverity, char const*, std::__va_list)+0xe0>
   8cd34:	97ffe27b 	bl	85720 <CTimer::GetTimeString()>
   8cd38:	b40001c0 	cbz	x0, 8cd70 <CLogger::WriteV(char const*, TLogSeverity, char const*, std::__va_list)+0xe0>
   8cd3c:	f9001fe0 	str	x0, [sp, #56]
   8cd40:	97ffd9ec 	bl	834f0 <CString::operator char const*() const>
   8cd44:	aa0003e1 	mov	x1, x0
   8cd48:	910203e0 	add	x0, sp, #0x80
   8cd4c:	97ffda49 	bl	83670 <CString::Append(char const*)>
   8cd50:	910082a1 	add	x1, x21, #0x20
   8cd54:	910203e0 	add	x0, sp, #0x80
   8cd58:	97ffda46 	bl	83670 <CString::Append(char const*)>
   8cd5c:	f9401fe2 	ldr	x2, [sp, #56]
   8cd60:	f9400040 	ldr	x0, [x2]
   8cd64:	f9400401 	ldr	x1, [x0, #8]
   8cd68:	aa0203e0 	mov	x0, x2
   8cd6c:	d63f0020 	blr	x1
   8cd70:	aa1603e1 	mov	x1, x22
   8cd74:	910203e0 	add	x0, sp, #0x80
   8cd78:	97ffda3e 	bl	83670 <CString::Append(char const*)>
   8cd7c:	910022a1 	add	x1, x21, #0x8
   8cd80:	910203e0 	add	x0, sp, #0x80
   8cd84:	97ffda3b 	bl	83670 <CString::Append(char const*)>
   8cd88:	910183e0 	add	x0, sp, #0x60
   8cd8c:	97ffd9d9 	bl	834f0 <CString::operator char const*() const>
   8cd90:	aa0003e1 	mov	x1, x0
   8cd94:	910203e0 	add	x0, sp, #0x80
   8cd98:	97ffda36 	bl	83670 <CString::Append(char const*)>
   8cd9c:	340002f4 	cbz	w20, 8cdf8 <CLogger::WriteV(char const*, TLogSeverity, char const*, std::__va_list)+0x168>
   8cda0:	910062a1 	add	x1, x21, #0x18
   8cda4:	910203e0 	add	x0, sp, #0x80
   8cda8:	97ffda32 	bl	83670 <CString::Append(char const*)>
   8cdac:	910203e0 	add	x0, sp, #0x80
   8cdb0:	97ffd9d0 	bl	834f0 <CString::operator char const*() const>
   8cdb4:	aa0003e1 	mov	x1, x0
   8cdb8:	aa1303e0 	mov	x0, x19
   8cdbc:	97fffe5b 	bl	8c728 <CLogger::Write(char const*)>
   8cdc0:	910203e0 	add	x0, sp, #0x80
   8cdc4:	97ffd957 	bl	83320 <CString::~CString()>
   8cdc8:	910183e0 	add	x0, sp, #0x60
   8cdcc:	97ffd955 	bl	83320 <CString::~CString()>
   8cdd0:	a94153f3 	ldp	x19, x20, [sp, #16]
   8cdd4:	a9425bf5 	ldp	x21, x22, [sp, #32]
   8cdd8:	a8ca7bfd 	ldp	x29, x30, [sp], #160
   8cddc:	d65f03c0 	ret
   8cde0:	aa1503e1 	mov	x1, x21
   8cde4:	910203e0 	add	x0, sp, #0x80
   8cde8:	97ffd9c8 	bl	83508 <CString::operator=(char const*)>
   8cdec:	f9400660 	ldr	x0, [x19, #8]
   8cdf0:	b5fffa20 	cbnz	x0, 8cd34 <CLogger::WriteV(char const*, TLogSeverity, char const*, std::__va_list)+0xa4>
   8cdf4:	17ffffdf 	b	8cd70 <CLogger::WriteV(char const*, TLogSeverity, char const*, std::__va_list)+0xe0>
   8cdf8:	910042a1 	add	x1, x21, #0x10
   8cdfc:	910203e0 	add	x0, sp, #0x80
   8ce00:	97ffda1c 	bl	83670 <CString::Append(char const*)>
   8ce04:	910062a1 	add	x1, x21, #0x18
   8ce08:	910203e0 	add	x0, sp, #0x80
   8ce0c:	97ffda19 	bl	83670 <CString::Append(char const*)>
   8ce10:	910203e0 	add	x0, sp, #0x80
   8ce14:	97ffd9b7 	bl	834f0 <CString::operator char const*() const>
   8ce18:	aa0003e1 	mov	x1, x0
   8ce1c:	aa1303e0 	mov	x0, x19
   8ce20:	97fffe42 	bl	8c728 <CLogger::Write(char const*)>
   8ce24:	f940f260 	ldr	x0, [x19, #480]
   8ce28:	b4000040 	cbz	x0, 8ce30 <CLogger::WriteV(char const*, TLogSeverity, char const*, std::__va_list)+0x1a0>
   8ce2c:	d63f0000 	blr	x0
   8ce30:	52801fe0 	mov	w0, #0xff                  	// #255
   8ce34:	97ffe01b 	bl	84ea0 <set_qemu_exit_status>
   8ce38:	97ffe036 	bl	84f10 <halt>
   8ce3c:	d503201f 	nop

000000000008ce40 <CLogger::Write(char const*, TLogSeverity, char const*, ...)>:
   8ce40:	a9b17bfd 	stp	x29, x30, [sp, #-240]!
   8ce44:	910003fd 	mov	x29, sp
   8ce48:	a90d17e4 	stp	x4, x5, [sp, #208]
   8ce4c:	9103c3e4 	add	x4, sp, #0xf0
   8ce50:	a90313e4 	stp	x4, x4, [sp, #48]
   8ce54:	910343e4 	add	x4, sp, #0xd0
   8ce58:	f90023e4 	str	x4, [sp, #64]
   8ce5c:	128003e4 	mov	w4, #0xffffffe0            	// #-32
   8ce60:	ad0287e0 	stp	q0, q1, [sp, #80]
   8ce64:	b9004be4 	str	w4, [sp, #72]
   8ce68:	12800fe4 	mov	w4, #0xffffff80            	// #-128
   8ce6c:	ad038fe2 	stp	q2, q3, [sp, #112]
   8ce70:	b9004fe4 	str	w4, [sp, #76]
   8ce74:	a94317e4 	ldp	x4, x5, [sp, #48]
   8ce78:	ad0497e4 	stp	q4, q5, [sp, #144]
   8ce7c:	a90117e4 	stp	x4, x5, [sp, #16]
   8ce80:	a94417e4 	ldp	x4, x5, [sp, #64]
   8ce84:	ad059fe6 	stp	q6, q7, [sp, #176]
   8ce88:	a90217e4 	stp	x4, x5, [sp, #32]
   8ce8c:	910043e4 	add	x4, sp, #0x10
   8ce90:	a90e1fe6 	stp	x6, x7, [sp, #224]
   8ce94:	97ffff7f 	bl	8cc90 <CLogger::WriteV(char const*, TLogSeverity, char const*, std::__va_list)>
   8ce98:	a8cf7bfd 	ldp	x29, x30, [sp], #240
   8ce9c:	d65f03c0 	ret

000000000008cea0 <CLogger::Initialize(CDevice*)>:
   8cea0:	a9b97bfd 	stp	x29, x30, [sp, #-112]!
   8cea4:	910003fd 	mov	x29, sp
   8cea8:	a90153f3 	stp	x19, x20, [sp, #16]
   8ceac:	aa0003f4 	mov	x20, x0
   8ceb0:	d0000053 	adrp	x19, 96000 <vtable for CDevice+0x4a8>
   8ceb4:	9101a273 	add	x19, x19, #0x68
   8ceb8:	f9000c01 	str	x1, [x0, #24]
   8cebc:	97ffd804 	bl	82ecc <CMachineInfo::Get()>
   8cec0:	97ffd3c2 	bl	81dc8 <CMachineInfo::GetRAMSize() const>
   8cec4:	b90023e0 	str	w0, [sp, #32]
   8cec8:	9100c3e0 	add	x0, sp, #0x30
   8cecc:	97ffd94f 	bl	83408 <CString::CString()>
   8ced0:	b94023e2 	ldr	w2, [sp, #32]
   8ced4:	710ffc5f 	cmp	w2, #0x3ff
   8ced8:	54000648 	b.hi	8cfa0 <CLogger::Initialize(CDevice*)+0x100>  // b.pmore
   8cedc:	9100a261 	add	x1, x19, #0x28
   8cee0:	9100c3e0 	add	x0, sp, #0x30
   8cee4:	97ffdfc9 	bl	84e08 <CString::Format(char const*, ...)>
   8cee8:	9100e261 	add	x1, x19, #0x38
   8ceec:	910143e0 	add	x0, sp, #0x50
   8cef0:	97ffd94c 	bl	83420 <CString::CString(char const*)>
   8cef4:	91010261 	add	x1, x19, #0x40
   8cef8:	52800024 	mov	w4, #0x1                   	// #1
   8cefc:	52800043 	mov	w3, #0x2                   	// #2
   8cf00:	528001e2 	mov	w2, #0xf                   	// #15
   8cf04:	910143e0 	add	x0, sp, #0x50
   8cf08:	97ffdfc0 	bl	84e08 <CString::Format(char const*, ...)>
   8cf0c:	97ffd7f0 	bl	82ecc <CMachineInfo::Get()>
   8cf10:	97ffd39e 	bl	81d88 <CMachineInfo::GetMachineName() const>
   8cf14:	aa0003e5 	mov	x5, x0
   8cf18:	9100c3e0 	add	x0, sp, #0x30
   8cf1c:	f90013e5 	str	x5, [sp, #32]
   8cf20:	97ffd974 	bl	834f0 <CString::operator char const*() const>
   8cf24:	f94013e5 	ldr	x5, [sp, #32]
   8cf28:	9101e261 	add	x1, x19, #0x78
   8cf2c:	d0000044 	adrp	x4, 96000 <vtable for CDevice+0x4a8>
   8cf30:	aa0003e6 	mov	x6, x0
   8cf34:	91014263 	add	x3, x19, #0x50
   8cf38:	52800062 	mov	w2, #0x3                   	// #3
   8cf3c:	912ae084 	add	x4, x4, #0xab8
   8cf40:	f90017e1 	str	x1, [sp, #40]
   8cf44:	aa1403e0 	mov	x0, x20
   8cf48:	97ffffbe 	bl	8ce40 <CLogger::Write(char const*, TLogSeverity, char const*, ...)>
   8cf4c:	97ffd7e0 	bl	82ecc <CMachineInfo::Get()>
   8cf50:	97ffd3ac 	bl	81e00 <CMachineInfo::GetRevisionRaw() const>
   8cf54:	2a0003e4 	mov	w4, w0
   8cf58:	910143e0 	add	x0, sp, #0x50
   8cf5c:	b90023e4 	str	w4, [sp, #32]
   8cf60:	97ffd964 	bl	834f0 <CString::operator char const*() const>
   8cf64:	f94017e1 	ldr	x1, [sp, #40]
   8cf68:	aa0003e5 	mov	x5, x0
   8cf6c:	91020263 	add	x3, x19, #0x80
   8cf70:	52800082 	mov	w2, #0x4                   	// #4
   8cf74:	aa1403e0 	mov	x0, x20
   8cf78:	b94023e4 	ldr	w4, [sp, #32]
   8cf7c:	97ffffb1 	bl	8ce40 <CLogger::Write(char const*, TLogSeverity, char const*, ...)>
   8cf80:	910143e0 	add	x0, sp, #0x50
   8cf84:	97ffd8e7 	bl	83320 <CString::~CString()>
   8cf88:	9100c3e0 	add	x0, sp, #0x30
   8cf8c:	97ffd8e5 	bl	83320 <CString::~CString()>
   8cf90:	52800020 	mov	w0, #0x1                   	// #1
   8cf94:	a94153f3 	ldp	x19, x20, [sp, #16]
   8cf98:	a8c77bfd 	ldp	x29, x30, [sp], #112
   8cf9c:	d65f03c0 	ret
   8cfa0:	530a7c42 	lsr	w2, w2, #10
   8cfa4:	9100c261 	add	x1, x19, #0x30
   8cfa8:	9100c3e0 	add	x0, sp, #0x30
   8cfac:	97ffdf97 	bl	84e08 <CString::Format(char const*, ...)>
   8cfb0:	17ffffce 	b	8cee8 <CLogger::Initialize(CDevice*)+0x48>
	...

000000000008cfc0 <CPtrList::CPtrList()>:
   8cfc0:	f900001f 	str	xzr, [x0]
   8cfc4:	d65f03c0 	ret

000000000008cfc8 <CPtrList::~CPtrList()>:
   8cfc8:	f9400000 	ldr	x0, [x0]
   8cfcc:	b5000040 	cbnz	x0, 8cfd4 <CPtrList::~CPtrList()+0xc>
   8cfd0:	d65f03c0 	ret
   8cfd4:	f0000021 	adrp	x1, 93000 <CExceptionHandler::Throw(unsigned int, TAbortFrame*)+0xc0>
   8cfd8:	f0000020 	adrp	x0, 93000 <CExceptionHandler::Throw(unsigned int, TAbortFrame*)+0xc0>
   8cfdc:	a9bf7bfd 	stp	x29, x30, [sp, #-16]!
   8cfe0:	52800542 	mov	w2, #0x2a                  	// #42
   8cfe4:	910003fd 	mov	x29, sp
   8cfe8:	912a4021 	add	x1, x1, #0xa90
   8cfec:	912a8000 	add	x0, x0, #0xaa0
   8cff0:	97fff40c 	bl	8a020 <assertion_failed>
   8cff4:	d503201f 	nop
   8cff8:	d503201f 	nop
   8cffc:	d503201f 	nop

000000000008d000 <CPtrList::GetFirst() const>:
   8d000:	f9400000 	ldr	x0, [x0]
   8d004:	d65f03c0 	ret

000000000008d008 <CPtrList::GetNext(TPtrListElement*) const>:
   8d008:	a9bf7bfd 	stp	x29, x30, [sp, #-16]!
   8d00c:	910003fd 	mov	x29, sp
   8d010:	b4000121 	cbz	x1, 8d034 <CPtrList::GetNext(TPtrListElement*) const+0x2c>
   8d014:	5289a860 	mov	w0, #0x4d43                	// #19779
   8d018:	b9400022 	ldr	w2, [x1]
   8d01c:	72aa0980 	movk	w0, #0x504c, lsl #16
   8d020:	6b00005f 	cmp	w2, w0
   8d024:	54000141 	b.ne	8d04c <CPtrList::GetNext(TPtrListElement*) const+0x44>  // b.any
   8d028:	f9400820 	ldr	x0, [x1, #16]
   8d02c:	a8c17bfd 	ldp	x29, x30, [sp], #16
   8d030:	d65f03c0 	ret
   8d034:	d0000021 	adrp	x1, 93000 <CExceptionHandler::Throw(unsigned int, TAbortFrame*)+0xc0>
   8d038:	d0000020 	adrp	x0, 93000 <CExceptionHandler::Throw(unsigned int, TAbortFrame*)+0xc0>
   8d03c:	52800682 	mov	w2, #0x34                  	// #52
   8d040:	912a4021 	add	x1, x1, #0xa90
   8d044:	9128c000 	add	x0, x0, #0xa30
   8d048:	97fff3f6 	bl	8a020 <assertion_failed>
   8d04c:	d0000021 	adrp	x1, 93000 <CExceptionHandler::Throw(unsigned int, TAbortFrame*)+0xc0>
   8d050:	d0000020 	adrp	x0, 93000 <CExceptionHandler::Throw(unsigned int, TAbortFrame*)+0xc0>
   8d054:	528006a2 	mov	w2, #0x35                  	// #53
   8d058:	912a4021 	add	x1, x1, #0xa90
   8d05c:	912ac000 	add	x0, x0, #0xab0
   8d060:	97fff3f0 	bl	8a020 <assertion_failed>

000000000008d064 <CPtrList::GetPtr(TPtrListElement*)>:
   8d064:	a9bf7bfd 	stp	x29, x30, [sp, #-16]!
   8d068:	910003fd 	mov	x29, sp
   8d06c:	b4000120 	cbz	x0, 8d090 <CPtrList::GetPtr(TPtrListElement*)+0x2c>
   8d070:	5289a861 	mov	w1, #0x4d43                	// #19779
   8d074:	b9400002 	ldr	w2, [x0]
   8d078:	72aa0981 	movk	w1, #0x504c, lsl #16
   8d07c:	6b01005f 	cmp	w2, w1
   8d080:	54000141 	b.ne	8d0a8 <CPtrList::GetPtr(TPtrListElement*)+0x44>  // b.any
   8d084:	f9400c00 	ldr	x0, [x0, #24]
   8d088:	a8c17bfd 	ldp	x29, x30, [sp], #16
   8d08c:	d65f03c0 	ret
   8d090:	d0000021 	adrp	x1, 93000 <CExceptionHandler::Throw(unsigned int, TAbortFrame*)+0xc0>
   8d094:	d0000020 	adrp	x0, 93000 <CExceptionHandler::Throw(unsigned int, TAbortFrame*)+0xc0>
   8d098:	52800782 	mov	w2, #0x3c                  	// #60
   8d09c:	912a4021 	add	x1, x1, #0xa90
   8d0a0:	9128c000 	add	x0, x0, #0xa30
   8d0a4:	97fff3df 	bl	8a020 <assertion_failed>
   8d0a8:	d0000021 	adrp	x1, 93000 <CExceptionHandler::Throw(unsigned int, TAbortFrame*)+0xc0>
   8d0ac:	d0000020 	adrp	x0, 93000 <CExceptionHandler::Throw(unsigned int, TAbortFrame*)+0xc0>
   8d0b0:	528007a2 	mov	w2, #0x3d                  	// #61
   8d0b4:	912a4021 	add	x1, x1, #0xa90
   8d0b8:	912ac000 	add	x0, x0, #0xab0
   8d0bc:	97fff3d9 	bl	8a020 <assertion_failed>

000000000008d0c0 <CPtrList::InsertBefore(TPtrListElement*, void*)>:
   8d0c0:	a9bd7bfd 	stp	x29, x30, [sp, #-48]!
   8d0c4:	910003fd 	mov	x29, sp
   8d0c8:	a90153f3 	stp	x19, x20, [sp, #16]
   8d0cc:	aa0003f4 	mov	x20, x0
   8d0d0:	d2800400 	mov	x0, #0x20                  	// #32
   8d0d4:	aa0103f3 	mov	x19, x1
   8d0d8:	f90013f5 	str	x21, [sp, #32]
   8d0dc:	aa0203f5 	mov	x21, x2
   8d0e0:	97ffe6e2 	bl	86c68 <operator new(unsigned long)>
   8d0e4:	5289a862 	mov	w2, #0x4d43                	// #19779
   8d0e8:	f9400281 	ldr	x1, [x20]
   8d0ec:	72aa0982 	movk	w2, #0x504c, lsl #16
   8d0f0:	f9000c15 	str	x21, [x0, #24]
   8d0f4:	b9000002 	str	w2, [x0]
   8d0f8:	b4000341 	cbz	x1, 8d160 <CPtrList::InsertBefore(TPtrListElement*, void*)+0xa0>
   8d0fc:	b40003f3 	cbz	x19, 8d178 <CPtrList::InsertBefore(TPtrListElement*, void*)+0xb8>
   8d100:	b9400263 	ldr	w3, [x19]
   8d104:	6b02007f 	cmp	w3, w2
   8d108:	54000441 	b.ne	8d190 <CPtrList::InsertBefore(TPtrListElement*, void*)+0xd0>  // b.any
   8d10c:	eb13003f 	cmp	x1, x19
   8d110:	540001a0 	b.eq	8d144 <CPtrList::InsertBefore(TPtrListElement*, void*)+0x84>  // b.none
   8d114:	f9400661 	ldr	x1, [x19, #8]
   8d118:	a900cc01 	stp	x1, x19, [x0, #8]
   8d11c:	b40000a1 	cbz	x1, 8d130 <CPtrList::InsertBefore(TPtrListElement*, void*)+0x70>
   8d120:	b9400022 	ldr	w2, [x1]
   8d124:	6b03005f 	cmp	w2, w3
   8d128:	54000401 	b.ne	8d1a8 <CPtrList::InsertBefore(TPtrListElement*, void*)+0xe8>  // b.any
   8d12c:	f9000820 	str	x0, [x1, #16]
   8d130:	f94013f5 	ldr	x21, [sp, #32]
   8d134:	f9000660 	str	x0, [x19, #8]
   8d138:	a94153f3 	ldp	x19, x20, [sp, #16]
   8d13c:	a8c37bfd 	ldp	x29, x30, [sp], #48
   8d140:	d65f03c0 	ret
   8d144:	a900841f 	stp	xzr, x1, [x0, #8]
   8d148:	f9000420 	str	x0, [x1, #8]
   8d14c:	f94013f5 	ldr	x21, [sp, #32]
   8d150:	f9000280 	str	x0, [x20]
   8d154:	a94153f3 	ldp	x19, x20, [sp, #16]
   8d158:	a8c37bfd 	ldp	x29, x30, [sp], #48
   8d15c:	d65f03c0 	ret
   8d160:	d0000021 	adrp	x1, 93000 <CExceptionHandler::Throw(unsigned int, TAbortFrame*)+0xc0>
   8d164:	d0000020 	adrp	x0, 93000 <CExceptionHandler::Throw(unsigned int, TAbortFrame*)+0xc0>
   8d168:	52800982 	mov	w2, #0x4c                  	// #76
   8d16c:	912a4021 	add	x1, x1, #0xa90
   8d170:	912b6000 	add	x0, x0, #0xad8
   8d174:	97fff3ab 	bl	8a020 <assertion_failed>
   8d178:	d0000021 	adrp	x1, 93000 <CExceptionHandler::Throw(unsigned int, TAbortFrame*)+0xc0>
   8d17c:	d0000020 	adrp	x0, 93000 <CExceptionHandler::Throw(unsigned int, TAbortFrame*)+0xc0>
   8d180:	528009a2 	mov	w2, #0x4d                  	// #77
   8d184:	912a4021 	add	x1, x1, #0xa90
   8d188:	912ba000 	add	x0, x0, #0xae8
   8d18c:	97fff3a5 	bl	8a020 <assertion_failed>
   8d190:	d0000021 	adrp	x1, 93000 <CExceptionHandler::Throw(unsigned int, TAbortFrame*)+0xc0>
   8d194:	d0000020 	adrp	x0, 93000 <CExceptionHandler::Throw(unsigned int, TAbortFrame*)+0xc0>
   8d198:	528009c2 	mov	w2, #0x4e                  	// #78
   8d19c:	912a4021 	add	x1, x1, #0xa90
   8d1a0:	912be000 	add	x0, x0, #0xaf8
   8d1a4:	97fff39f 	bl	8a020 <assertion_failed>
   8d1a8:	d0000021 	adrp	x1, 93000 <CExceptionHandler::Throw(unsigned int, TAbortFrame*)+0xc0>
   8d1ac:	d0000020 	adrp	x0, 93000 <CExceptionHandler::Throw(unsigned int, TAbortFrame*)+0xc0>
   8d1b0:	52800c02 	mov	w2, #0x60                  	// #96
   8d1b4:	912a4021 	add	x1, x1, #0xa90
   8d1b8:	912c8000 	add	x0, x0, #0xb20
   8d1bc:	97fff399 	bl	8a020 <assertion_failed>

000000000008d1c0 <CPtrList::InsertAfter(TPtrListElement*, void*)>:
   8d1c0:	a9bd7bfd 	stp	x29, x30, [sp, #-48]!
   8d1c4:	910003fd 	mov	x29, sp
   8d1c8:	a90153f3 	stp	x19, x20, [sp, #16]
   8d1cc:	aa0003f4 	mov	x20, x0
   8d1d0:	d2800400 	mov	x0, #0x20                  	// #32
   8d1d4:	aa0103f3 	mov	x19, x1
   8d1d8:	f90013f5 	str	x21, [sp, #32]
   8d1dc:	aa0203f5 	mov	x21, x2
   8d1e0:	97ffe6a2 	bl	86c68 <operator new(unsigned long)>
   8d1e4:	5289a861 	mov	w1, #0x4d43                	// #19779
   8d1e8:	f9000c15 	str	x21, [x0, #24]
   8d1ec:	72aa0981 	movk	w1, #0x504c, lsl #16
   8d1f0:	f9400282 	ldr	x2, [x20]
   8d1f4:	b9000001 	str	w1, [x0]
   8d1f8:	b4000233 	cbz	x19, 8d23c <CPtrList::InsertAfter(TPtrListElement*, void*)+0x7c>
   8d1fc:	b40002e2 	cbz	x2, 8d258 <CPtrList::InsertAfter(TPtrListElement*, void*)+0x98>
   8d200:	b9400262 	ldr	w2, [x19]
   8d204:	6b01005f 	cmp	w2, w1
   8d208:	54000341 	b.ne	8d270 <CPtrList::InsertAfter(TPtrListElement*, void*)+0xb0>  // b.any
   8d20c:	f9400a61 	ldr	x1, [x19, #16]
   8d210:	a9008413 	stp	x19, x1, [x0, #8]
   8d214:	b40000a1 	cbz	x1, 8d228 <CPtrList::InsertAfter(TPtrListElement*, void*)+0x68>
   8d218:	b9400023 	ldr	w3, [x1]
   8d21c:	6b02007f 	cmp	w3, w2
   8d220:	54000341 	b.ne	8d288 <CPtrList::InsertAfter(TPtrListElement*, void*)+0xc8>  // b.any
   8d224:	f9000420 	str	x0, [x1, #8]
   8d228:	f94013f5 	ldr	x21, [sp, #32]
   8d22c:	f9000a60 	str	x0, [x19, #16]
   8d230:	a94153f3 	ldp	x19, x20, [sp, #16]
   8d234:	a8c37bfd 	ldp	x29, x30, [sp], #48
   8d238:	d65f03c0 	ret
   8d23c:	b5000322 	cbnz	x2, 8d2a0 <CPtrList::InsertAfter(TPtrListElement*, void*)+0xe0>
   8d240:	a900fc1f 	stp	xzr, xzr, [x0, #8]
   8d244:	f94013f5 	ldr	x21, [sp, #32]
   8d248:	f9000280 	str	x0, [x20]
   8d24c:	a94153f3 	ldp	x19, x20, [sp, #16]
   8d250:	a8c37bfd 	ldp	x29, x30, [sp], #48
   8d254:	d65f03c0 	ret
   8d258:	d0000021 	adrp	x1, 93000 <CExceptionHandler::Throw(unsigned int, TAbortFrame*)+0xc0>
   8d25c:	d0000020 	adrp	x0, 93000 <CExceptionHandler::Throw(unsigned int, TAbortFrame*)+0xc0>
   8d260:	52800fa2 	mov	w2, #0x7d                  	// #125
   8d264:	912a4021 	add	x1, x1, #0xa90
   8d268:	912b6000 	add	x0, x0, #0xad8
   8d26c:	97fff36d 	bl	8a020 <assertion_failed>
   8d270:	d0000021 	adrp	x1, 93000 <CExceptionHandler::Throw(unsigned int, TAbortFrame*)+0xc0>
   8d274:	d0000020 	adrp	x0, 93000 <CExceptionHandler::Throw(unsigned int, TAbortFrame*)+0xc0>
   8d278:	52800fc2 	mov	w2, #0x7e                  	// #126
   8d27c:	912a4021 	add	x1, x1, #0xa90
   8d280:	912d2000 	add	x0, x0, #0xb48
   8d284:	97fff367 	bl	8a020 <assertion_failed>
   8d288:	d0000021 	adrp	x1, 93000 <CExceptionHandler::Throw(unsigned int, TAbortFrame*)+0xc0>
   8d28c:	d0000020 	adrp	x0, 93000 <CExceptionHandler::Throw(unsigned int, TAbortFrame*)+0xc0>
   8d290:	528010a2 	mov	w2, #0x85                  	// #133
   8d294:	912a4021 	add	x1, x1, #0xa90
   8d298:	912dc000 	add	x0, x0, #0xb70
   8d29c:	97fff361 	bl	8a020 <assertion_failed>
   8d2a0:	d0000021 	adrp	x1, 93000 <CExceptionHandler::Throw(unsigned int, TAbortFrame*)+0xc0>
   8d2a4:	d0000020 	adrp	x0, 93000 <CExceptionHandler::Throw(unsigned int, TAbortFrame*)+0xc0>
   8d2a8:	52800e82 	mov	w2, #0x74                  	// #116
   8d2ac:	912a4021 	add	x1, x1, #0xa90
   8d2b0:	912a8000 	add	x0, x0, #0xaa0
   8d2b4:	97fff35b 	bl	8a020 <assertion_failed>
   8d2b8:	d503201f 	nop
   8d2bc:	d503201f 	nop

000000000008d2c0 <CPtrList::Remove(TPtrListElement*)>:
   8d2c0:	a9bf7bfd 	stp	x29, x30, [sp, #-16]!
   8d2c4:	910003fd 	mov	x29, sp
   8d2c8:	b4000541 	cbz	x1, 8d370 <CPtrList::Remove(TPtrListElement*)+0xb0>
   8d2cc:	aa0003e2 	mov	x2, x0
   8d2d0:	aa0103e0 	mov	x0, x1
   8d2d4:	b9400021 	ldr	w1, [x1]
   8d2d8:	5289a863 	mov	w3, #0x4d43                	// #19779
   8d2dc:	72aa0983 	movk	w3, #0x504c, lsl #16
   8d2e0:	6b03003f 	cmp	w1, w3
   8d2e4:	54000521 	b.ne	8d388 <CPtrList::Remove(TPtrListElement*)+0xc8>  // b.any
   8d2e8:	f9400043 	ldr	x3, [x2]
   8d2ec:	eb00007f 	cmp	x3, x0
   8d2f0:	54000200 	b.eq	8d330 <CPtrList::Remove(TPtrListElement*)+0x70>  // b.none
   8d2f4:	f9400402 	ldr	x2, [x0, #8]
   8d2f8:	b4000542 	cbz	x2, 8d3a0 <CPtrList::Remove(TPtrListElement*)+0xe0>
   8d2fc:	b9400043 	ldr	w3, [x2]
   8d300:	6b01007f 	cmp	w3, w1
   8d304:	540002a1 	b.ne	8d358 <CPtrList::Remove(TPtrListElement*)+0x98>  // b.any
   8d308:	f9400801 	ldr	x1, [x0, #16]
   8d30c:	f9000841 	str	x1, [x2, #16]
   8d310:	b40000a1 	cbz	x1, 8d324 <CPtrList::Remove(TPtrListElement*)+0x64>
   8d314:	b9400024 	ldr	w4, [x1]
   8d318:	6b03009f 	cmp	w4, w3
   8d31c:	540004e1 	b.ne	8d3b8 <CPtrList::Remove(TPtrListElement*)+0xf8>  // b.any
   8d320:	f9000422 	str	x2, [x1, #8]
   8d324:	a8c17bfd 	ldp	x29, x30, [sp], #16
   8d328:	d2800401 	mov	x1, #0x20                  	// #32
   8d32c:	17ffe671 	b	86cf0 <operator delete(void*, unsigned long)>
   8d330:	f9400863 	ldr	x3, [x3, #16]
   8d334:	f9000043 	str	x3, [x2]
   8d338:	b4ffff63 	cbz	x3, 8d324 <CPtrList::Remove(TPtrListElement*)+0x64>
   8d33c:	b9400062 	ldr	w2, [x3]
   8d340:	6b01005f 	cmp	w2, w1
   8d344:	54000461 	b.ne	8d3d0 <CPtrList::Remove(TPtrListElement*)+0x110>  // b.any
   8d348:	a8c17bfd 	ldp	x29, x30, [sp], #16
   8d34c:	d2800401 	mov	x1, #0x20                  	// #32
   8d350:	f900047f 	str	xzr, [x3, #8]
   8d354:	17ffe667 	b	86cf0 <operator delete(void*, unsigned long)>
   8d358:	d0000021 	adrp	x1, 93000 <CExceptionHandler::Throw(unsigned int, TAbortFrame*)+0xc0>
   8d35c:	d0000020 	adrp	x0, 93000 <CExceptionHandler::Throw(unsigned int, TAbortFrame*)+0xc0>
   8d360:	528013e2 	mov	w2, #0x9f                  	// #159
   8d364:	912a4021 	add	x1, x1, #0xa90
   8d368:	912fa000 	add	x0, x0, #0xbe8
   8d36c:	97fff32d 	bl	8a020 <assertion_failed>
   8d370:	d0000021 	adrp	x1, 93000 <CExceptionHandler::Throw(unsigned int, TAbortFrame*)+0xc0>
   8d374:	d0000020 	adrp	x0, 93000 <CExceptionHandler::Throw(unsigned int, TAbortFrame*)+0xc0>
   8d378:	528011e2 	mov	w2, #0x8f                  	// #143
   8d37c:	912a4021 	add	x1, x1, #0xa90
   8d380:	9128c000 	add	x0, x0, #0xa30
   8d384:	97fff327 	bl	8a020 <assertion_failed>
   8d388:	d0000021 	adrp	x1, 93000 <CExceptionHandler::Throw(unsigned int, TAbortFrame*)+0xc0>
   8d38c:	d0000020 	adrp	x0, 93000 <CExceptionHandler::Throw(unsigned int, TAbortFrame*)+0xc0>
   8d390:	52801202 	mov	w2, #0x90                  	// #144
   8d394:	912a4021 	add	x1, x1, #0xa90
   8d398:	912ac000 	add	x0, x0, #0xab0
   8d39c:	97fff321 	bl	8a020 <assertion_failed>
   8d3a0:	d0000021 	adrp	x1, 93000 <CExceptionHandler::Throw(unsigned int, TAbortFrame*)+0xc0>
   8d3a4:	d0000020 	adrp	x0, 93000 <CExceptionHandler::Throw(unsigned int, TAbortFrame*)+0xc0>
   8d3a8:	528013c2 	mov	w2, #0x9e                  	// #158
   8d3ac:	912a4021 	add	x1, x1, #0xa90
   8d3b0:	912f4000 	add	x0, x0, #0xbd0
   8d3b4:	97fff31b 	bl	8a020 <assertion_failed>
   8d3b8:	52801482 	mov	w2, #0xa4                  	// #164
   8d3bc:	d0000021 	adrp	x1, 93000 <CExceptionHandler::Throw(unsigned int, TAbortFrame*)+0xc0>
   8d3c0:	d0000020 	adrp	x0, 93000 <CExceptionHandler::Throw(unsigned int, TAbortFrame*)+0xc0>
   8d3c4:	912a4021 	add	x1, x1, #0xa90
   8d3c8:	912e8000 	add	x0, x0, #0xba0
   8d3cc:	97fff315 	bl	8a020 <assertion_failed>
   8d3d0:	52801302 	mov	w2, #0x98                  	// #152
   8d3d4:	17fffffa 	b	8d3bc <CPtrList::Remove(TPtrListElement*)+0xfc>
   8d3d8:	d503201f 	nop
   8d3dc:	d503201f 	nop

000000000008d3e0 <CPtrList::Find(void*) const>:
   8d3e0:	f9400000 	ldr	x0, [x0]
   8d3e4:	b4000280 	cbz	x0, 8d434 <CPtrList::Find(void*) const+0x54>
   8d3e8:	5289a863 	mov	w3, #0x4d43                	// #19779
   8d3ec:	72aa0983 	movk	w3, #0x504c, lsl #16
   8d3f0:	14000006 	b	8d408 <CPtrList::Find(void*) const+0x28>
   8d3f4:	f9400c02 	ldr	x2, [x0, #24]
   8d3f8:	eb01005f 	cmp	x2, x1
   8d3fc:	540001c0 	b.eq	8d434 <CPtrList::Find(void*) const+0x54>  // b.none
   8d400:	f9400800 	ldr	x0, [x0, #16]
   8d404:	b4000180 	cbz	x0, 8d434 <CPtrList::Find(void*) const+0x54>
   8d408:	b9400002 	ldr	w2, [x0]
   8d40c:	6b03005f 	cmp	w2, w3
   8d410:	54ffff20 	b.eq	8d3f4 <CPtrList::Find(void*) const+0x14>  // b.none
   8d414:	d0000021 	adrp	x1, 93000 <CExceptionHandler::Throw(unsigned int, TAbortFrame*)+0xc0>
   8d418:	d0000020 	adrp	x0, 93000 <CExceptionHandler::Throw(unsigned int, TAbortFrame*)+0xc0>
   8d41c:	a9bf7bfd 	stp	x29, x30, [sp, #-16]!
   8d420:	52801662 	mov	w2, #0xb3                  	// #179
   8d424:	910003fd 	mov	x29, sp
   8d428:	912a4021 	add	x1, x1, #0xa90
   8d42c:	912ac000 	add	x0, x0, #0xab0
   8d430:	97fff2fc 	bl	8a020 <assertion_failed>
   8d434:	d65f03c0 	ret
	...

000000000008d440 <CTerminalDevice::~CTerminalDevice()>:
   8d440:	a9be7bfd 	stp	x29, x30, [sp, #-32]!
   8d444:	910003fd 	mov	x29, sp
   8d448:	f9000bf3 	str	x19, [sp, #16]
   8d44c:	aa0003f3 	mov	x19, x0
   8d450:	b0000040 	adrp	x0, 96000 <vtable for CDevice+0x4a8>
   8d454:	91082000 	add	x0, x0, #0x208
   8d458:	f9000260 	str	x0, [x19]
   8d45c:	97ffcee1 	bl	80fe0 <CDeviceNameService::Get()>
   8d460:	b9409a62 	ldr	w2, [x19, #152]
   8d464:	b0000041 	adrp	x1, 96000 <vtable for CDevice+0x4a8>
   8d468:	52800003 	mov	w3, #0x0                   	// #0
   8d46c:	9107c021 	add	x1, x1, #0x1f0
   8d470:	11000442 	add	w2, w2, #0x1
   8d474:	97ffcf05 	bl	81088 <CDeviceNameService::RemoveDevice(char const*, unsigned int, bool)>
   8d478:	f9406a60 	ldr	x0, [x19, #208]
   8d47c:	b4000040 	cbz	x0, 8d484 <CTerminalDevice::~CTerminalDevice()+0x44>
   8d480:	97ffe612 	bl	86cc8 <operator delete[](void*)>
   8d484:	f9406660 	ldr	x0, [x19, #200]
   8d488:	f9006a7f 	str	xzr, [x19, #208]
   8d48c:	b4000040 	cbz	x0, 8d494 <CTerminalDevice::~CTerminalDevice()+0x54>
   8d490:	97ffe60e 	bl	86cc8 <operator delete[](void*)>
   8d494:	aa1303e0 	mov	x0, x19
   8d498:	f9004a7f 	str	xzr, [x19, #144]
   8d49c:	f900667f 	str	xzr, [x19, #200]
   8d4a0:	f9400bf3 	ldr	x19, [sp, #16]
   8d4a4:	a8c27bfd 	ldp	x29, x30, [sp], #32
   8d4a8:	17fff75e 	b	8b220 <CDevice::~CDevice()>

000000000008d4ac <CTerminalDevice::~CTerminalDevice()>:
   8d4ac:	a9be7bfd 	stp	x29, x30, [sp, #-32]!
   8d4b0:	910003fd 	mov	x29, sp
   8d4b4:	f9000fe0 	str	x0, [sp, #24]
   8d4b8:	97ffffe2 	bl	8d440 <CTerminalDevice::~CTerminalDevice()>
   8d4bc:	f9400fe0 	ldr	x0, [sp, #24]
   8d4c0:	d2802801 	mov	x1, #0x140                 	// #320
   8d4c4:	a8c27bfd 	ldp	x29, x30, [sp], #32
   8d4c8:	17ffe60a 	b	86cf0 <operator delete(void*, unsigned long)>

000000000008d4cc <CTerminalDevice::InvertCursor() [clone .part.0]>:
   8d4cc:	39446401 	ldrb	w1, [x0, #281]
   8d4d0:	37000ee1 	tbnz	w1, #0, 8d6ac <CTerminalDevice::InvertCursor() [clone .part.0]+0x1e0>
   8d4d4:	b940c00a 	ldr	w10, [x0, #192]
   8d4d8:	91028008 	add	x8, x0, #0xa0
   8d4dc:	b9401d02 	ldr	w2, [x8, #28]
   8d4e0:	6b02015f 	cmp	w10, w2
   8d4e4:	54000ee2 	b.cs	8d6c0 <CTerminalDevice::InvertCursor() [clone .part.0]+0x1f4>  // b.hs, b.nlast
   8d4e8:	f9406405 	ldr	x5, [x0, #200]
   8d4ec:	2a0a03e7 	mov	w7, w10
   8d4f0:	52801009 	mov	w9, #0x80                  	// #128
   8d4f4:	b9411406 	ldr	w6, [x0, #276]
   8d4f8:	d503201f 	nop
   8d4fc:	d503201f 	nop
   8d500:	52800002 	mov	w2, #0x0                   	// #0
   8d504:	b9401101 	ldr	w1, [x8, #16]
   8d508:	34000521 	cbz	w1, 8d5ac <CTerminalDevice::InvertCursor() [clone .part.0]+0xe0>
   8d50c:	b9411001 	ldr	w1, [x0, #272]
   8d510:	0b0600ed 	add	w13, w7, w6
   8d514:	910010a5 	add	x5, x5, #0x4
   8d518:	3944680c 	ldrb	w12, [x0, #282]
   8d51c:	f940680b 	ldr	x11, [x0, #208]
   8d520:	0b010041 	add	w1, w2, w1
   8d524:	b940e003 	ldr	w3, [x0, #224]
   8d528:	b940f004 	ldr	w4, [x0, #240]
   8d52c:	3700066c 	tbnz	w12, #0, 8d5f8 <CTerminalDevice::InvertCursor() [clone .part.0]+0x12c>
   8d530:	7100409f 	cmp	w4, #0x10
   8d534:	54000ae0 	b.eq	8d690 <CTerminalDevice::InvertCursor() [clone .part.0]+0x1c4>  // b.none
   8d538:	540008c8 	b.hi	8d650 <CTerminalDevice::InvertCursor() [clone .part.0]+0x184>  // b.pmore
   8d53c:	7100049f 	cmp	w4, #0x1
   8d540:	54000960 	b.eq	8d66c <CTerminalDevice::InvertCursor() [clone .part.0]+0x1a0>  // b.none
   8d544:	7100209f 	cmp	w4, #0x8
   8d548:	540008e1 	b.ne	8d664 <CTerminalDevice::InvertCursor() [clone .part.0]+0x198>  // b.any
   8d54c:	1b0d0463 	madd	w3, w3, w13, w1
   8d550:	38634961 	ldrb	w1, [x11, w3, uxtw]
   8d554:	b81fc0a1 	stur	w1, [x5, #-4]
   8d558:	b9411001 	ldr	w1, [x0, #272]
   8d55c:	b9411406 	ldr	w6, [x0, #276]
   8d560:	b940f004 	ldr	w4, [x0, #240]
   8d564:	0b010041 	add	w1, w2, w1
   8d568:	b940e00d 	ldr	w13, [x0, #224]
   8d56c:	0b0600e3 	add	w3, w7, w6
   8d570:	b9411c0c 	ldr	w12, [x0, #284]
   8d574:	7100409f 	cmp	w4, #0x10
   8d578:	54000460 	b.eq	8d604 <CTerminalDevice::InvertCursor() [clone .part.0]+0x138>  // b.none
   8d57c:	540004a8 	b.hi	8d610 <CTerminalDevice::InvertCursor() [clone .part.0]+0x144>  // b.pmore
   8d580:	7100049f 	cmp	w4, #0x1
   8d584:	54000520 	b.eq	8d628 <CTerminalDevice::InvertCursor() [clone .part.0]+0x15c>  // b.none
   8d588:	7100209f 	cmp	w4, #0x8
   8d58c:	54000081 	b.ne	8d59c <CTerminalDevice::InvertCursor() [clone .part.0]+0xd0>  // b.any
   8d590:	1b0d0463 	madd	w3, w3, w13, w1
   8d594:	3823496c 	strb	w12, [x11, w3, uxtw]
   8d598:	b9411406 	ldr	w6, [x0, #276]
   8d59c:	11000442 	add	w2, w2, #0x1
   8d5a0:	b9401101 	ldr	w1, [x8, #16]
   8d5a4:	6b01005f 	cmp	w2, w1
   8d5a8:	54fffb23 	b.cc	8d50c <CTerminalDevice::InvertCursor() [clone .part.0]+0x40>  // b.lo, b.ul, b.last
   8d5ac:	b9401d02 	ldr	w2, [x8, #28]
   8d5b0:	110004e7 	add	w7, w7, #0x1
   8d5b4:	6b0200ff 	cmp	w7, w2
   8d5b8:	54fffa43 	b.cc	8d500 <CTerminalDevice::InvertCursor() [clone .part.0]+0x34>  // b.lo, b.ul, b.last
   8d5bc:	39446801 	ldrb	w1, [x0, #282]
   8d5c0:	0b0a00ca 	add	w10, w6, w10
   8d5c4:	52000021 	eor	w1, w1, #0x1
   8d5c8:	39046801 	strb	w1, [x0, #282]
   8d5cc:	510004c1 	sub	w1, w6, #0x1
   8d5d0:	0b020021 	add	w1, w1, w2
   8d5d4:	b940fc02 	ldr	w2, [x0, #252]
   8d5d8:	6b02015f 	cmp	w10, w2
   8d5dc:	54000042 	b.cs	8d5e4 <CTerminalDevice::InvertCursor() [clone .part.0]+0x118>  // b.hs, b.nlast
   8d5e0:	b900fc0a 	str	w10, [x0, #252]
   8d5e4:	b9410002 	ldr	w2, [x0, #256]
   8d5e8:	6b02003f 	cmp	w1, w2
   8d5ec:	54000049 	b.ls	8d5f4 <CTerminalDevice::InvertCursor() [clone .part.0]+0x128>  // b.plast
   8d5f0:	b9010001 	str	w1, [x0, #256]
   8d5f4:	d65f03c0 	ret
   8d5f8:	b85fc0ac 	ldur	w12, [x5, #-4]
   8d5fc:	7100409f 	cmp	w4, #0x10
   8d600:	54fffbe1 	b.ne	8d57c <CTerminalDevice::InvertCursor() [clone .part.0]+0xb0>  // b.any
   8d604:	1b0d0463 	madd	w3, w3, w13, w1
   8d608:	7823796c 	strh	w12, [x11, x3, lsl #1]
   8d60c:	17ffffe4 	b	8d59c <CTerminalDevice::InvertCursor() [clone .part.0]+0xd0>
   8d610:	7100809f 	cmp	w4, #0x20
   8d614:	54fffc41 	b.ne	8d59c <CTerminalDevice::InvertCursor() [clone .part.0]+0xd0>  // b.any
   8d618:	1b0d0463 	madd	w3, w3, w13, w1
   8d61c:	b823796c 	str	w12, [x11, x3, lsl #2]
   8d620:	b9411406 	ldr	w6, [x0, #276]
   8d624:	17ffffde 	b	8d59c <CTerminalDevice::InvertCursor() [clone .part.0]+0xd0>
   8d628:	1b0d0463 	madd	w3, w3, w13, w1
   8d62c:	12000821 	and	w1, w1, #0x7
   8d630:	1ac12921 	asr	w1, w9, w1
   8d634:	53037c63 	lsr	w3, w3, #3
   8d638:	38634964 	ldrb	w4, [x11, w3, uxtw]
   8d63c:	3400030c 	cbz	w12, 8d69c <CTerminalDevice::InvertCursor() [clone .part.0]+0x1d0>
   8d640:	2a010084 	orr	w4, w4, w1
   8d644:	38234964 	strb	w4, [x11, w3, uxtw]
   8d648:	b9411406 	ldr	w6, [x0, #276]
   8d64c:	17ffffd4 	b	8d59c <CTerminalDevice::InvertCursor() [clone .part.0]+0xd0>
   8d650:	7100809f 	cmp	w4, #0x20
   8d654:	54000081 	b.ne	8d664 <CTerminalDevice::InvertCursor() [clone .part.0]+0x198>  // b.any
   8d658:	1b0d0463 	madd	w3, w3, w13, w1
   8d65c:	b8637961 	ldr	w1, [x11, x3, lsl #2]
   8d660:	17ffffbd 	b	8d554 <CTerminalDevice::InvertCursor() [clone .part.0]+0x88>
   8d664:	52800001 	mov	w1, #0x0                   	// #0
   8d668:	17ffffbb 	b	8d554 <CTerminalDevice::InvertCursor() [clone .part.0]+0x88>
   8d66c:	1b0d0463 	madd	w3, w3, w13, w1
   8d670:	12000821 	and	w1, w1, #0x7
   8d674:	1ac12921 	asr	w1, w9, w1
   8d678:	53037c63 	lsr	w3, w3, #3
   8d67c:	38634963 	ldrb	w3, [x11, w3, uxtw]
   8d680:	0a030021 	and	w1, w1, w3
   8d684:	72001c3f 	tst	w1, #0xff
   8d688:	1a9f07e1 	cset	w1, ne	// ne = any
   8d68c:	17ffffb2 	b	8d554 <CTerminalDevice::InvertCursor() [clone .part.0]+0x88>
   8d690:	1b0d0463 	madd	w3, w3, w13, w1
   8d694:	78637961 	ldrh	w1, [x11, x3, lsl #1]
   8d698:	17ffffaf 	b	8d554 <CTerminalDevice::InvertCursor() [clone .part.0]+0x88>
   8d69c:	0a210084 	bic	w4, w4, w1
   8d6a0:	38234964 	strb	w4, [x11, w3, uxtw]
   8d6a4:	b9411406 	ldr	w6, [x0, #276]
   8d6a8:	17ffffbd 	b	8d59c <CTerminalDevice::InvertCursor() [clone .part.0]+0xd0>
   8d6ac:	b940bc02 	ldr	w2, [x0, #188]
   8d6b0:	5280000a 	mov	w10, #0x0                   	// #0
   8d6b4:	91028008 	add	x8, x0, #0xa0
   8d6b8:	6b02015f 	cmp	w10, w2
   8d6bc:	54fff163 	b.cc	8d4e8 <CTerminalDevice::InvertCursor() [clone .part.0]+0x1c>  // b.lo, b.ul, b.last
   8d6c0:	b9411406 	ldr	w6, [x0, #276]
   8d6c4:	17ffffbe 	b	8d5bc <CTerminalDevice::InvertCursor() [clone .part.0]+0xf0>

000000000008d6c8 <CTerminalDevice::CTerminalDevice(CDisplay*, unsigned int, TFont const&, CCharGenerator::TFontFlags)>:
   8d6c8:	a9bc7bfd 	stp	x29, x30, [sp, #-64]!
   8d6cc:	910003fd 	mov	x29, sp
   8d6d0:	a9025bf5 	stp	x21, x22, [sp, #32]
   8d6d4:	aa0103f6 	mov	x22, x1
   8d6d8:	d2800001 	mov	x1, #0x0                   	// #0
   8d6dc:	2a0203f5 	mov	w21, w2
   8d6e0:	a90153f3 	stp	x19, x20, [sp, #16]
   8d6e4:	aa0003f3 	mov	x19, x0
   8d6e8:	2a0403f4 	mov	w20, w4
   8d6ec:	f9001fe3 	str	x3, [sp, #56]
   8d6f0:	97fff638 	bl	8afd0 <CDevice::CDevice(CDevice*)>
   8d6f4:	b0000040 	adrp	x0, 96000 <vtable for CDevice+0x4a8>
   8d6f8:	f9401fe1 	ldr	x1, [sp, #56]
   8d6fc:	2a1403e2 	mov	w2, w20
   8d700:	91082000 	add	x0, x0, #0x208
   8d704:	f9004a76 	str	x22, [x19, #144]
   8d708:	b9009a75 	str	w21, [x19, #152]
   8d70c:	f9000260 	str	x0, [x19]
   8d710:	91028260 	add	x0, x19, #0xa0
   8d714:	940015b3 	bl	92de0 <CCharGenerator::CCharGenerator(TFont const&, CCharGenerator::TFontFlags)>
   8d718:	52800020 	mov	w0, #0x1                   	// #1
   8d71c:	a90cfe7f 	stp	xzr, xzr, [x19, #200]
   8d720:	79023260 	strh	w0, [x19, #280]
   8d724:	52800020 	mov	w0, #0x1                   	// #1
   8d728:	a90dfe7f 	stp	xzr, xzr, [x19, #216]
   8d72c:	f900767f 	str	xzr, [x19, #232]
   8d730:	b900f27f 	str	wzr, [x19, #240]
   8d734:	b901067f 	str	wzr, [x19, #260]
   8d738:	a910fe7f 	stp	xzr, xzr, [x19, #264]
   8d73c:	39046a7f 	strb	wzr, [x19, #282]
   8d740:	b9011e7f 	str	wzr, [x19, #284]
   8d744:	b901227f 	str	wzr, [x19, #288]
   8d748:	79024a7f 	strh	wzr, [x19, #292]
   8d74c:	7902627f 	strh	wzr, [x19, #304]
   8d750:	b9013a60 	str	w0, [x19, #312]
   8d754:	a94153f3 	ldp	x19, x20, [sp, #16]
   8d758:	a9425bf5 	ldp	x21, x22, [sp, #32]
   8d75c:	a8c47bfd 	ldp	x29, x30, [sp], #64
   8d760:	d65f03c0 	ret

000000000008d764 <CTerminalDevice::GetWidth() const>:
   8d764:	b940e000 	ldr	w0, [x0, #224]
   8d768:	d65f03c0 	ret

000000000008d76c <CTerminalDevice::GetHeight() const>:
   8d76c:	b940e400 	ldr	w0, [x0, #228]
   8d770:	d65f03c0 	ret
   8d774:	d503201f 	nop
   8d778:	d503201f 	nop
   8d77c:	d503201f 	nop

000000000008d780 <CTerminalDevice::GetColumns() const>:
   8d780:	b940e801 	ldr	w1, [x0, #232]
   8d784:	b940b000 	ldr	w0, [x0, #176]
   8d788:	1ac00820 	udiv	w0, w1, w0
   8d78c:	d65f03c0 	ret

000000000008d790 <CTerminalDevice::GetRows() const>:
   8d790:	b940ec01 	ldr	w1, [x0, #236]
   8d794:	b940bc00 	ldr	w0, [x0, #188]
   8d798:	1ac00820 	udiv	w0, w1, w0
   8d79c:	d65f03c0 	ret

000000000008d7a0 <CTerminalDevice::GetDisplay()>:
   8d7a0:	f9404800 	ldr	x0, [x0, #144]
   8d7a4:	d65f03c0 	ret

000000000008d7a8 <CTerminalDevice::SetPixel(unsigned int, unsigned int, CDisplay::TColor)>:
   8d7a8:	b940e004 	ldr	w4, [x0, #224]
   8d7ac:	6b01009f 	cmp	w4, w1
   8d7b0:	54000089 	b.ls	8d7c0 <CTerminalDevice::SetPixel(unsigned int, unsigned int, CDisplay::TColor)+0x18>  // b.plast
   8d7b4:	b940e404 	ldr	w4, [x0, #228]
   8d7b8:	6b02009f 	cmp	w4, w2
   8d7bc:	54000048 	b.hi	8d7c4 <CTerminalDevice::SetPixel(unsigned int, unsigned int, CDisplay::TColor)+0x1c>  // b.pmore
   8d7c0:	d65f03c0 	ret
   8d7c4:	2a0103e5 	mov	w5, w1
   8d7c8:	aa0003e4 	mov	x4, x0
   8d7cc:	a9be7bfd 	stp	x29, x30, [sp, #-32]!
   8d7d0:	2a0303e1 	mov	w1, w3
   8d7d4:	910003fd 	mov	x29, sp
   8d7d8:	f9404800 	ldr	x0, [x0, #144]
   8d7dc:	f9000be4 	str	x4, [sp, #16]
   8d7e0:	29030be5 	stp	w5, w2, [sp, #24]
   8d7e4:	94001412 	bl	9282c <CDisplay::GetColor(CDisplay::TColor) const>
   8d7e8:	f9400be4 	ldr	x4, [sp, #16]
   8d7ec:	2a0003e3 	mov	w3, w0
   8d7f0:	29430be5 	ldp	w5, w2, [sp, #24]
   8d7f4:	b940f081 	ldr	w1, [x4, #240]
   8d7f8:	f9406886 	ldr	x6, [x4, #208]
   8d7fc:	b940e080 	ldr	w0, [x4, #224]
   8d800:	7100403f 	cmp	w1, #0x10
   8d804:	54000400 	b.eq	8d884 <CTerminalDevice::SetPixel(unsigned int, unsigned int, CDisplay::TColor)+0xdc>  // b.none
   8d808:	540001c8 	b.hi	8d840 <CTerminalDevice::SetPixel(unsigned int, unsigned int, CDisplay::TColor)+0x98>  // b.pmore
   8d80c:	7100043f 	cmp	w1, #0x1
   8d810:	54000220 	b.eq	8d854 <CTerminalDevice::SetPixel(unsigned int, unsigned int, CDisplay::TColor)+0xac>  // b.none
   8d814:	7100203f 	cmp	w1, #0x8
   8d818:	54000061 	b.ne	8d824 <CTerminalDevice::SetPixel(unsigned int, unsigned int, CDisplay::TColor)+0x7c>  // b.any
   8d81c:	1b001440 	madd	w0, w2, w0, w5
   8d820:	382048c3 	strb	w3, [x6, w0, uxtw]
   8d824:	f9404880 	ldr	x0, [x4, #144]
   8d828:	f9400001 	ldr	x1, [x0]
   8d82c:	f9401424 	ldr	x4, [x1, #40]
   8d830:	2a0503e1 	mov	w1, w5
   8d834:	a8c27bfd 	ldp	x29, x30, [sp], #32
   8d838:	aa0403f0 	mov	x16, x4
   8d83c:	d61f0200 	br	x16
   8d840:	7100803f 	cmp	w1, #0x20
   8d844:	54ffff01 	b.ne	8d824 <CTerminalDevice::SetPixel(unsigned int, unsigned int, CDisplay::TColor)+0x7c>  // b.any
   8d848:	1b001440 	madd	w0, w2, w0, w5
   8d84c:	b82078c3 	str	w3, [x6, x0, lsl #2]
   8d850:	17fffff5 	b	8d824 <CTerminalDevice::SetPixel(unsigned int, unsigned int, CDisplay::TColor)+0x7c>
   8d854:	1b001440 	madd	w0, w2, w0, w5
   8d858:	120008a1 	and	w1, w5, #0x7
   8d85c:	52801007 	mov	w7, #0x80                  	// #128
   8d860:	1ac128e7 	asr	w7, w7, w1
   8d864:	7100007f 	cmp	w3, #0x0
   8d868:	53037c00 	lsr	w0, w0, #3
   8d86c:	386048c1 	ldrb	w1, [x6, w0, uxtw]
   8d870:	0a270028 	bic	w8, w1, w7
   8d874:	2a070021 	orr	w1, w1, w7
   8d878:	1a881021 	csel	w1, w1, w8, ne	// ne = any
   8d87c:	382048c1 	strb	w1, [x6, w0, uxtw]
   8d880:	17ffffe9 	b	8d824 <CTerminalDevice::SetPixel(unsigned int, unsigned int, CDisplay::TColor)+0x7c>
   8d884:	1b001440 	madd	w0, w2, w0, w5
   8d888:	782078c3 	strh	w3, [x6, x0, lsl #1]
   8d88c:	17ffffe6 	b	8d824 <CTerminalDevice::SetPixel(unsigned int, unsigned int, CDisplay::TColor)+0x7c>

000000000008d890 <CTerminalDevice::SetPixel(unsigned int, unsigned int, unsigned int)>:
   8d890:	b940e004 	ldr	w4, [x0, #224]
   8d894:	6b01009f 	cmp	w4, w1
   8d898:	54000089 	b.ls	8d8a8 <CTerminalDevice::SetPixel(unsigned int, unsigned int, unsigned int)+0x18>  // b.plast
   8d89c:	b940e405 	ldr	w5, [x0, #228]
   8d8a0:	6b0200bf 	cmp	w5, w2
   8d8a4:	54000048 	b.hi	8d8ac <CTerminalDevice::SetPixel(unsigned int, unsigned int, unsigned int)+0x1c>  // b.pmore
   8d8a8:	d65f03c0 	ret
   8d8ac:	b940f005 	ldr	w5, [x0, #240]
   8d8b0:	f9406806 	ldr	x6, [x0, #208]
   8d8b4:	710040bf 	cmp	w5, #0x10
   8d8b8:	540003c0 	b.eq	8d930 <CTerminalDevice::SetPixel(unsigned int, unsigned int, unsigned int)+0xa0>  // b.none
   8d8bc:	54000188 	b.hi	8d8ec <CTerminalDevice::SetPixel(unsigned int, unsigned int, unsigned int)+0x5c>  // b.pmore
   8d8c0:	710004bf 	cmp	w5, #0x1
   8d8c4:	540001e0 	b.eq	8d900 <CTerminalDevice::SetPixel(unsigned int, unsigned int, unsigned int)+0x70>  // b.none
   8d8c8:	710020bf 	cmp	w5, #0x8
   8d8cc:	54000061 	b.ne	8d8d8 <CTerminalDevice::SetPixel(unsigned int, unsigned int, unsigned int)+0x48>  // b.any
   8d8d0:	1b020484 	madd	w4, w4, w2, w1
   8d8d4:	382448c3 	strb	w3, [x6, w4, uxtw]
   8d8d8:	f9404800 	ldr	x0, [x0, #144]
   8d8dc:	f9400004 	ldr	x4, [x0]
   8d8e0:	f9401484 	ldr	x4, [x4, #40]
   8d8e4:	aa0403f0 	mov	x16, x4
   8d8e8:	d61f0200 	br	x16
   8d8ec:	710080bf 	cmp	w5, #0x20
   8d8f0:	54ffff41 	b.ne	8d8d8 <CTerminalDevice::SetPixel(unsigned int, unsigned int, unsigned int)+0x48>  // b.any
   8d8f4:	1b020484 	madd	w4, w4, w2, w1
   8d8f8:	b82478c3 	str	w3, [x6, x4, lsl #2]
   8d8fc:	17fffff7 	b	8d8d8 <CTerminalDevice::SetPixel(unsigned int, unsigned int, unsigned int)+0x48>
   8d900:	1b020484 	madd	w4, w4, w2, w1
   8d904:	12000825 	and	w5, w1, #0x7
   8d908:	52801007 	mov	w7, #0x80                  	// #128
   8d90c:	1ac528e7 	asr	w7, w7, w5
   8d910:	7100007f 	cmp	w3, #0x0
   8d914:	53037c84 	lsr	w4, w4, #3
   8d918:	386448c5 	ldrb	w5, [x6, w4, uxtw]
   8d91c:	0a2700a8 	bic	w8, w5, w7
   8d920:	2a0700a5 	orr	w5, w5, w7
   8d924:	1a8810a5 	csel	w5, w5, w8, ne	// ne = any
   8d928:	382448c5 	strb	w5, [x6, w4, uxtw]
   8d92c:	17ffffeb 	b	8d8d8 <CTerminalDevice::SetPixel(unsigned int, unsigned int, unsigned int)+0x48>
   8d930:	1b020484 	madd	w4, w4, w2, w1
   8d934:	782478c3 	strh	w3, [x6, x4, lsl #1]
   8d938:	17ffffe8 	b	8d8d8 <CTerminalDevice::SetPixel(unsigned int, unsigned int, unsigned int)+0x48>
   8d93c:	d503201f 	nop

000000000008d940 <CTerminalDevice::GetPixel(unsigned int, unsigned int)>:
   8d940:	b940e003 	ldr	w3, [x0, #224]
   8d944:	6b01007f 	cmp	w3, w1
   8d948:	54000089 	b.ls	8d958 <CTerminalDevice::GetPixel(unsigned int, unsigned int)+0x18>  // b.plast
   8d94c:	b940e404 	ldr	w4, [x0, #228]
   8d950:	6b02009f 	cmp	w4, w2
   8d954:	54000068 	b.hi	8d960 <CTerminalDevice::GetPixel(unsigned int, unsigned int)+0x20>  // b.pmore
   8d958:	52800000 	mov	w0, #0x0                   	// #0
   8d95c:	d65f03c0 	ret
   8d960:	b940f004 	ldr	w4, [x0, #240]
   8d964:	f9404805 	ldr	x5, [x0, #144]
   8d968:	f9406806 	ldr	x6, [x0, #208]
   8d96c:	7100409f 	cmp	w4, #0x10
   8d970:	540001e0 	b.eq	8d9ac <CTerminalDevice::GetPixel(unsigned int, unsigned int)+0x6c>  // b.none
   8d974:	54000128 	b.hi	8d998 <CTerminalDevice::GetPixel(unsigned int, unsigned int)+0x58>  // b.pmore
   8d978:	7100049f 	cmp	w4, #0x1
   8d97c:	54000220 	b.eq	8d9c0 <CTerminalDevice::GetPixel(unsigned int, unsigned int)+0x80>  // b.none
   8d980:	7100209f 	cmp	w4, #0x8
   8d984:	540001a1 	b.ne	8d9b8 <CTerminalDevice::GetPixel(unsigned int, unsigned int)+0x78>  // b.any
   8d988:	1b020463 	madd	w3, w3, w2, w1
   8d98c:	386348c1 	ldrb	w1, [x6, w3, uxtw]
   8d990:	aa0503e0 	mov	x0, x5
   8d994:	1400140b 	b	929c0 <CDisplay::GetColor(unsigned int) const>
   8d998:	7100809f 	cmp	w4, #0x20
   8d99c:	540000e1 	b.ne	8d9b8 <CTerminalDevice::GetPixel(unsigned int, unsigned int)+0x78>  // b.any
   8d9a0:	1b020463 	madd	w3, w3, w2, w1
   8d9a4:	b86378c1 	ldr	w1, [x6, x3, lsl #2]
   8d9a8:	17fffffa 	b	8d990 <CTerminalDevice::GetPixel(unsigned int, unsigned int)+0x50>
   8d9ac:	1b020463 	madd	w3, w3, w2, w1
   8d9b0:	786378c1 	ldrh	w1, [x6, x3, lsl #1]
   8d9b4:	17fffff7 	b	8d990 <CTerminalDevice::GetPixel(unsigned int, unsigned int)+0x50>
   8d9b8:	52800001 	mov	w1, #0x0                   	// #0
   8d9bc:	17fffff5 	b	8d990 <CTerminalDevice::GetPixel(unsigned int, unsigned int)+0x50>
   8d9c0:	1b020463 	madd	w3, w3, w2, w1
   8d9c4:	52801000 	mov	w0, #0x80                  	// #128
   8d9c8:	12000821 	and	w1, w1, #0x7
   8d9cc:	1ac12800 	asr	w0, w0, w1
   8d9d0:	53037c63 	lsr	w3, w3, #3
   8d9d4:	386348c1 	ldrb	w1, [x6, w3, uxtw]
   8d9d8:	0a010000 	and	w0, w0, w1
   8d9dc:	72001c1f 	tst	w0, #0xff
   8d9e0:	1a9f07e1 	cset	w1, ne	// ne = any
   8d9e4:	17ffffeb 	b	8d990 <CTerminalDevice::GetPixel(unsigned int, unsigned int)+0x50>

000000000008d9e8 <CTerminalDevice::SetCursorBlock(bool)>:
   8d9e8:	39046401 	strb	w1, [x0, #281]
   8d9ec:	d65f03c0 	ret

000000000008d9f0 <CTerminalDevice::Update(unsigned int)>:
   8d9f0:	a9bd7bfd 	stp	x29, x30, [sp, #-48]!
   8d9f4:	910003fd 	mov	x29, sp
   8d9f8:	a90153f3 	stp	x19, x20, [sp, #16]
   8d9fc:	aa0003f3 	mov	x19, x0
   8da00:	3944c400 	ldrb	w0, [x0, #305]
   8da04:	360004c0 	tbz	w0, #0, 8da9c <CTerminalDevice::Update(unsigned int)+0xac>
   8da08:	b9413a60 	ldr	w0, [x19, #312]
   8da0c:	2a0103f4 	mov	w20, w1
   8da10:	35000420 	cbnz	w0, 8da94 <CTerminalDevice::Update(unsigned int)+0xa4>
   8da14:	97ffde7b 	bl	85400 <CTimer::GetClockTicks()>
   8da18:	2a0003e5 	mov	w5, w0
   8da1c:	295f8262 	ldp	w2, w0, [x19, #252]
   8da20:	6b00005f 	cmp	w2, w0
   8da24:	540000c9 	b.ls	8da3c <CTerminalDevice::Update(unsigned int)+0x4c>  // b.plast
   8da28:	b9413a60 	ldr	w0, [x19, #312]
   8da2c:	350002e0 	cbnz	w0, 8da88 <CTerminalDevice::Update(unsigned int)+0x98>
   8da30:	a94153f3 	ldp	x19, x20, [sp, #16]
   8da34:	a8c37bfd 	ldp	x29, x30, [sp], #48
   8da38:	d65f03c0 	ret
   8da3c:	350003f4 	cbnz	w20, 8dab8 <CTerminalDevice::Update(unsigned int)+0xc8>
   8da40:	f9404a60 	ldr	x0, [x19, #144]
   8da44:	d2800004 	mov	x4, #0x0                   	// #0
   8da48:	b9002fe5 	str	w5, [sp, #44]
   8da4c:	b940de61 	ldr	w1, [x19, #220]
   8da50:	f9400003 	ldr	x3, [x0]
   8da54:	1b017c42 	mul	w2, w2, w1
   8da58:	f9406a61 	ldr	x1, [x19, #208]
   8da5c:	f9401866 	ldr	x6, [x3, #48]
   8da60:	d2800003 	mov	x3, #0x0                   	// #0
   8da64:	8b020022 	add	x2, x1, x2
   8da68:	9103d261 	add	x1, x19, #0xf4
   8da6c:	d63f00c0 	blr	x6
   8da70:	b940e660 	ldr	w0, [x19, #228]
   8da74:	291ffe60 	stp	w0, wzr, [x19, #252]
   8da78:	b9402fe5 	ldr	w5, [sp, #44]
   8da7c:	b9413a60 	ldr	w0, [x19, #312]
   8da80:	b9013665 	str	w5, [x19, #308]
   8da84:	34fffd60 	cbz	w0, 8da30 <CTerminalDevice::Update(unsigned int)+0x40>
   8da88:	a94153f3 	ldp	x19, x20, [sp, #16]
   8da8c:	a8c37bfd 	ldp	x29, x30, [sp], #48
   8da90:	17ffe75c 	b	87800 <LeaveCritical>
   8da94:	97ffe72b 	bl	87740 <EnterCritical>
   8da98:	17ffffdf 	b	8da14 <CTerminalDevice::Update(unsigned int)+0x24>
   8da9c:	52800020 	mov	w0, #0x1                   	// #1
   8daa0:	3904c660 	strb	w0, [x19, #305]
   8daa4:	97ffde57 	bl	85400 <CTimer::GetClockTicks()>
   8daa8:	b9013660 	str	w0, [x19, #308]
   8daac:	a94153f3 	ldp	x19, x20, [sp, #16]
   8dab0:	a8c37bfd 	ldp	x29, x30, [sp], #48
   8dab4:	d65f03c0 	ret
   8dab8:	52884801 	mov	w1, #0x4240                	// #16960
   8dabc:	b9413660 	ldr	w0, [x19, #308]
   8dac0:	72a001e1 	movk	w1, #0xf, lsl #16
   8dac4:	1b017e94 	mul	w20, w20, w1
   8dac8:	5289ba61 	mov	w1, #0x4dd3                	// #19923
   8dacc:	72a20c41 	movk	w1, #0x1062, lsl #16
   8dad0:	4b0000a0 	sub	w0, w5, w0
   8dad4:	9ba17e94 	umull	x20, w20, w1
   8dad8:	d366fe94 	lsr	x20, x20, #38
   8dadc:	6b14001f 	cmp	w0, w20
   8dae0:	54fffa43 	b.cc	8da28 <CTerminalDevice::Update(unsigned int)+0x38>  // b.lo, b.ul, b.last
   8dae4:	17ffffd7 	b	8da40 <CTerminalDevice::Update(unsigned int)+0x50>

000000000008dae8 <CTerminalDevice::CarriageReturn()>:
   8dae8:	b901101f 	str	wzr, [x0, #272]
   8daec:	d65f03c0 	ret

000000000008daf0 <CTerminalDevice::CursorHome()>:
   8daf0:	b9410801 	ldr	w1, [x0, #264]
   8daf4:	b901101f 	str	wzr, [x0, #272]
   8daf8:	b9011401 	str	w1, [x0, #276]
   8dafc:	d65f03c0 	ret

000000000008db00 <CTerminalDevice::CursorLeft()>:
   8db00:	b9411001 	ldr	w1, [x0, #272]
   8db04:	340000a1 	cbz	w1, 8db18 <CTerminalDevice::CursorLeft()+0x18>
   8db08:	b940b002 	ldr	w2, [x0, #176]
   8db0c:	4b020021 	sub	w1, w1, w2
   8db10:	b9011001 	str	w1, [x0, #272]
   8db14:	d65f03c0 	ret
   8db18:	b9410802 	ldr	w2, [x0, #264]
   8db1c:	b9411401 	ldr	w1, [x0, #276]
   8db20:	6b02003f 	cmp	w1, w2
   8db24:	54ffff89 	b.ls	8db14 <CTerminalDevice::CursorLeft()+0x14>  // b.plast
   8db28:	b940b003 	ldr	w3, [x0, #176]
   8db2c:	b940e802 	ldr	w2, [x0, #232]
   8db30:	4b030042 	sub	w2, w2, w3
   8db34:	b9011002 	str	w2, [x0, #272]
   8db38:	b940bc02 	ldr	w2, [x0, #188]
   8db3c:	4b020021 	sub	w1, w1, w2
   8db40:	b9011401 	str	w1, [x0, #276]
   8db44:	d65f03c0 	ret

000000000008db48 <CTerminalDevice::CursorMove(unsigned int, unsigned int)>:
   8db48:	b940b003 	ldr	w3, [x0, #176]
   8db4c:	51000442 	sub	w2, w2, #0x1
   8db50:	1b037c42 	mul	w2, w2, w3
   8db54:	b940e803 	ldr	w3, [x0, #232]
   8db58:	6b02007f 	cmp	w3, w2
   8db5c:	54000189 	b.ls	8db8c <CTerminalDevice::CursorMove(unsigned int, unsigned int)+0x44>  // b.plast
   8db60:	b940bc03 	ldr	w3, [x0, #188]
   8db64:	51000421 	sub	w1, w1, #0x1
   8db68:	1b037c21 	mul	w1, w1, w3
   8db6c:	b9410803 	ldr	w3, [x0, #264]
   8db70:	6b01007f 	cmp	w3, w1
   8db74:	540000c8 	b.hi	8db8c <CTerminalDevice::CursorMove(unsigned int, unsigned int)+0x44>  // b.pmore
   8db78:	b9410c03 	ldr	w3, [x0, #268]
   8db7c:	6b01007f 	cmp	w3, w1
   8db80:	54000069 	b.ls	8db8c <CTerminalDevice::CursorMove(unsigned int, unsigned int)+0x44>  // b.plast
   8db84:	b9011002 	str	w2, [x0, #272]
   8db88:	b9011401 	str	w1, [x0, #276]
   8db8c:	d65f03c0 	ret

000000000008db90 <CTerminalDevice::CursorUp()>:
   8db90:	b9410802 	ldr	w2, [x0, #264]
   8db94:	b9411401 	ldr	w1, [x0, #276]
   8db98:	6b02003f 	cmp	w1, w2
   8db9c:	54000089 	b.ls	8dbac <CTerminalDevice::CursorUp()+0x1c>  // b.plast
   8dba0:	b940bc02 	ldr	w2, [x0, #188]
   8dba4:	4b020021 	sub	w1, w1, w2
   8dba8:	b9011401 	str	w1, [x0, #276]
   8dbac:	d65f03c0 	ret

000000000008dbb0 <CTerminalDevice::DeleteChars(unsigned int)>:
   8dbb0:	d65f03c0 	ret
   8dbb4:	d503201f 	nop
   8dbb8:	d503201f 	nop
   8dbbc:	d503201f 	nop

000000000008dbc0 <CTerminalDevice::DeleteLines(unsigned int)>:
   8dbc0:	d65f03c0 	ret

000000000008dbc4 <CTerminalDevice::GetTextBackgroundColor()>:
   8dbc4:	b9411c01 	ldr	w1, [x0, #284]
   8dbc8:	b9412002 	ldr	w2, [x0, #288]
   8dbcc:	39449000 	ldrb	w0, [x0, #292]
   8dbd0:	f240001f 	tst	x0, #0x1
   8dbd4:	1a810040 	csel	w0, w2, w1, eq	// eq = none
   8dbd8:	d65f03c0 	ret
   8dbdc:	d503201f 	nop

000000000008dbe0 <CTerminalDevice::GetTextColor()>:
   8dbe0:	b9411c02 	ldr	w2, [x0, #284]
   8dbe4:	b9412001 	ldr	w1, [x0, #288]
   8dbe8:	39449000 	ldrb	w0, [x0, #292]
   8dbec:	f240001f 	tst	x0, #0x1
   8dbf0:	1a810040 	csel	w0, w2, w1, eq	// eq = none
   8dbf4:	d65f03c0 	ret
   8dbf8:	d503201f 	nop
   8dbfc:	d503201f 	nop

000000000008dc00 <CTerminalDevice::InsertLines(unsigned int)>:
   8dc00:	d65f03c0 	ret

000000000008dc04 <CTerminalDevice::InsertMode(bool)>:
   8dc04:	39049401 	strb	w1, [x0, #293]
   8dc08:	d65f03c0 	ret

000000000008dc0c <CTerminalDevice::ReverseScroll()>:
   8dc0c:	d65f03c0 	ret

000000000008dc10 <CTerminalDevice::SetAutoPageMode(bool)>:
   8dc10:	3904c001 	strb	w1, [x0, #304]
   8dc14:	d65f03c0 	ret
   8dc18:	d503201f 	nop
   8dc1c:	d503201f 	nop

000000000008dc20 <CTerminalDevice::SetCursorMode(bool)>:
   8dc20:	39046001 	strb	w1, [x0, #280]
   8dc24:	d65f03c0 	ret

000000000008dc28 <CTerminalDevice::SetScrollRegion(unsigned int, unsigned int)>:
   8dc28:	b940bc03 	ldr	w3, [x0, #188]
   8dc2c:	51000421 	sub	w1, w1, #0x1
   8dc30:	1b027c62 	mul	w2, w3, w2
   8dc34:	1b037c21 	mul	w1, w1, w3
   8dc38:	b940ec03 	ldr	w3, [x0, #236]
   8dc3c:	6b02007f 	cmp	w3, w2
   8dc40:	1a829064 	csel	w4, w3, w2, ls	// ls = plast
   8dc44:	6b04003f 	cmp	w1, w4
   8dc48:	7a423060 	ccmp	w3, w2, #0x0, cc	// cc = lo, ul, last
   8dc4c:	540000a2 	b.cs	8dc60 <CTerminalDevice::SetScrollRegion(unsigned int, unsigned int)+0x38>  // b.hs, b.nlast
   8dc50:	b9410801 	ldr	w1, [x0, #264]
   8dc54:	b901101f 	str	wzr, [x0, #272]
   8dc58:	b9011401 	str	w1, [x0, #276]
   8dc5c:	d65f03c0 	ret
   8dc60:	b9010801 	str	w1, [x0, #264]
   8dc64:	b9010c02 	str	w2, [x0, #268]
   8dc68:	17fffffb 	b	8dc54 <CTerminalDevice::SetScrollRegion(unsigned int, unsigned int)+0x2c>

000000000008dc6c <CTerminalDevice::SetStandoutMode(unsigned int)>:
   8dc6c:	7101ac3f 	cmp	w1, #0x6b
   8dc70:	54000268 	b.hi	8dcbc <CTerminalDevice::SetStandoutMode(unsigned int)+0x50>  // b.pmore
   8dc74:	a9be7bfd 	stp	x29, x30, [sp, #-32]!
   8dc78:	910003fd 	mov	x29, sp
   8dc7c:	f9000bf3 	str	x19, [sp, #16]
   8dc80:	aa0003f3 	mov	x19, x0
   8dc84:	b0000040 	adrp	x0, 96000 <vtable for CDevice+0x4a8>
   8dc88:	91046000 	add	x0, x0, #0x118
   8dc8c:	78615800 	ldrh	w0, [x0, w1, uxtw #1]
   8dc90:	10000061 	adr	x1, 8dc9c <CTerminalDevice::SetStandoutMode(unsigned int)+0x30>
   8dc94:	8b20a820 	add	x0, x1, w0, sxth #2
   8dc98:	d61f0000 	br	x0
   8dc9c:	528aaaa1 	mov	w1, #0x5555                	// #21845
   8dca0:	f9404a60 	ldr	x0, [x19, #144]
   8dca4:	72a01fe1 	movk	w1, #0xff, lsl #16
   8dca8:	940012e1 	bl	9282c <CDisplay::GetColor(CDisplay::TColor) const>
   8dcac:	b9011e60 	str	w0, [x19, #284]
   8dcb0:	f9400bf3 	ldr	x19, [sp, #16]
   8dcb4:	a8c27bfd 	ldp	x29, x30, [sp], #32
   8dcb8:	d65f03c0 	ret
   8dcbc:	d65f03c0 	ret
   8dcc0:	f9404a60 	ldr	x0, [x19, #144]
   8dcc4:	52801541 	mov	w1, #0xaa                  	// #170
   8dcc8:	940012d9 	bl	9282c <CDisplay::GetColor(CDisplay::TColor) const>
   8dccc:	b9011e60 	str	w0, [x19, #284]
   8dcd0:	17fffff8 	b	8dcb0 <CTerminalDevice::SetStandoutMode(unsigned int)+0x44>
   8dcd4:	52800020 	mov	w0, #0x1                   	// #1
   8dcd8:	39049260 	strb	w0, [x19, #292]
   8dcdc:	17fffff5 	b	8dcb0 <CTerminalDevice::SetStandoutMode(unsigned int)+0x44>
   8dce0:	52801541 	mov	w1, #0xaa                  	// #170
   8dce4:	f9404a60 	ldr	x0, [x19, #144]
   8dce8:	72a01541 	movk	w1, #0xaa, lsl #16
   8dcec:	940012d0 	bl	9282c <CDisplay::GetColor(CDisplay::TColor) const>
   8dcf0:	b9011e60 	str	w0, [x19, #284]
   8dcf4:	17ffffef 	b	8dcb0 <CTerminalDevice::SetStandoutMode(unsigned int)+0x44>
   8dcf8:	528aa001 	mov	w1, #0x5500                	// #21760
   8dcfc:	f9404a60 	ldr	x0, [x19, #144]
   8dd00:	72a01541 	movk	w1, #0xaa, lsl #16
   8dd04:	940012ca 	bl	9282c <CDisplay::GetColor(CDisplay::TColor) const>
   8dd08:	b9011e60 	str	w0, [x19, #284]
   8dd0c:	17ffffe9 	b	8dcb0 <CTerminalDevice::SetStandoutMode(unsigned int)+0x44>
   8dd10:	528abfe1 	mov	w1, #0x55ff                	// #22015
   8dd14:	f9404a60 	ldr	x0, [x19, #144]
   8dd18:	72a00aa1 	movk	w1, #0x55, lsl #16
   8dd1c:	940012c4 	bl	9282c <CDisplay::GetColor(CDisplay::TColor) const>
   8dd20:	b9012260 	str	w0, [x19, #288]
   8dd24:	17ffffe3 	b	8dcb0 <CTerminalDevice::SetStandoutMode(unsigned int)+0x44>
   8dd28:	529feaa1 	mov	w1, #0xff55                	// #65365
   8dd2c:	f9404a60 	ldr	x0, [x19, #144]
   8dd30:	72a01fe1 	movk	w1, #0xff, lsl #16
   8dd34:	940012be 	bl	9282c <CDisplay::GetColor(CDisplay::TColor) const>
   8dd38:	b9012260 	str	w0, [x19, #288]
   8dd3c:	17ffffdd 	b	8dcb0 <CTerminalDevice::SetStandoutMode(unsigned int)+0x44>
   8dd40:	529feaa1 	mov	w1, #0xff55                	// #65365
   8dd44:	f9404a60 	ldr	x0, [x19, #144]
   8dd48:	72a00aa1 	movk	w1, #0x55, lsl #16
   8dd4c:	940012b8 	bl	9282c <CDisplay::GetColor(CDisplay::TColor) const>
   8dd50:	b9012260 	str	w0, [x19, #288]
   8dd54:	17ffffd7 	b	8dcb0 <CTerminalDevice::SetStandoutMode(unsigned int)+0x44>
   8dd58:	528aaaa1 	mov	w1, #0x5555                	// #21845
   8dd5c:	f9404a60 	ldr	x0, [x19, #144]
   8dd60:	72a01fe1 	movk	w1, #0xff, lsl #16
   8dd64:	940012b2 	bl	9282c <CDisplay::GetColor(CDisplay::TColor) const>
   8dd68:	b9012260 	str	w0, [x19, #288]
   8dd6c:	17ffffd1 	b	8dcb0 <CTerminalDevice::SetStandoutMode(unsigned int)+0x44>
   8dd70:	528aaaa1 	mov	w1, #0x5555                	// #21845
   8dd74:	f9404a60 	ldr	x0, [x19, #144]
   8dd78:	72a00aa1 	movk	w1, #0x55, lsl #16
   8dd7c:	940012ac 	bl	9282c <CDisplay::GetColor(CDisplay::TColor) const>
   8dd80:	b9012260 	str	w0, [x19, #288]
   8dd84:	17ffffcb 	b	8dcb0 <CTerminalDevice::SetStandoutMode(unsigned int)+0x44>
   8dd88:	f9404a60 	ldr	x0, [x19, #144]
   8dd8c:	12bfe001 	mov	w1, #0xffffff              	// #16777215
   8dd90:	940012a7 	bl	9282c <CDisplay::GetColor(CDisplay::TColor) const>
   8dd94:	b9011e60 	str	w0, [x19, #284]
   8dd98:	17ffffc6 	b	8dcb0 <CTerminalDevice::SetStandoutMode(unsigned int)+0x44>
   8dd9c:	f9404a60 	ldr	x0, [x19, #144]
   8dda0:	12bff541 	mov	w1, #0x55ffff              	// #5636095
   8dda4:	940012a2 	bl	9282c <CDisplay::GetColor(CDisplay::TColor) const>
   8dda8:	b9011e60 	str	w0, [x19, #284]
   8ddac:	17ffffc1 	b	8dcb0 <CTerminalDevice::SetStandoutMode(unsigned int)+0x44>
   8ddb0:	528abfe1 	mov	w1, #0x55ff                	// #22015
   8ddb4:	f9404a60 	ldr	x0, [x19, #144]
   8ddb8:	72a01fe1 	movk	w1, #0xff, lsl #16
   8ddbc:	9400129c 	bl	9282c <CDisplay::GetColor(CDisplay::TColor) const>
   8ddc0:	b9011e60 	str	w0, [x19, #284]
   8ddc4:	17ffffbb 	b	8dcb0 <CTerminalDevice::SetStandoutMode(unsigned int)+0x44>
   8ddc8:	528abfe1 	mov	w1, #0x55ff                	// #22015
   8ddcc:	f9404a60 	ldr	x0, [x19, #144]
   8ddd0:	72a00aa1 	movk	w1, #0x55, lsl #16
   8ddd4:	94001296 	bl	9282c <CDisplay::GetColor(CDisplay::TColor) const>
   8ddd8:	b9011e60 	str	w0, [x19, #284]
   8dddc:	17ffffb5 	b	8dcb0 <CTerminalDevice::SetStandoutMode(unsigned int)+0x44>
   8dde0:	529feaa1 	mov	w1, #0xff55                	// #65365
   8dde4:	f9404a60 	ldr	x0, [x19, #144]
   8dde8:	72a01fe1 	movk	w1, #0xff, lsl #16
   8ddec:	94001290 	bl	9282c <CDisplay::GetColor(CDisplay::TColor) const>
   8ddf0:	b9011e60 	str	w0, [x19, #284]
   8ddf4:	17ffffaf 	b	8dcb0 <CTerminalDevice::SetStandoutMode(unsigned int)+0x44>
   8ddf8:	529feaa1 	mov	w1, #0xff55                	// #65365
   8ddfc:	f9404a60 	ldr	x0, [x19, #144]
   8de00:	72a00aa1 	movk	w1, #0x55, lsl #16
   8de04:	9400128a 	bl	9282c <CDisplay::GetColor(CDisplay::TColor) const>
   8de08:	b9011e60 	str	w0, [x19, #284]
   8de0c:	17ffffa9 	b	8dcb0 <CTerminalDevice::SetStandoutMode(unsigned int)+0x44>
   8de10:	528aaaa1 	mov	w1, #0x5555                	// #21845
   8de14:	f9404a60 	ldr	x0, [x19, #144]
   8de18:	72a00aa1 	movk	w1, #0x55, lsl #16
   8de1c:	94001284 	bl	9282c <CDisplay::GetColor(CDisplay::TColor) const>
   8de20:	b9011e60 	str	w0, [x19, #284]
   8de24:	17ffffa3 	b	8dcb0 <CTerminalDevice::SetStandoutMode(unsigned int)+0x44>
   8de28:	52955541 	mov	w1, #0xaaaa                	// #43690
   8de2c:	f9404a60 	ldr	x0, [x19, #144]
   8de30:	72a01541 	movk	w1, #0xaa, lsl #16
   8de34:	9400127e 	bl	9282c <CDisplay::GetColor(CDisplay::TColor) const>
   8de38:	b9012260 	str	w0, [x19, #288]
   8de3c:	17ffff9d 	b	8dcb0 <CTerminalDevice::SetStandoutMode(unsigned int)+0x44>
   8de40:	f9404a60 	ldr	x0, [x19, #144]
   8de44:	52955541 	mov	w1, #0xaaaa                	// #43690
   8de48:	94001279 	bl	9282c <CDisplay::GetColor(CDisplay::TColor) const>
   8de4c:	b9012260 	str	w0, [x19, #288]
   8de50:	17ffff98 	b	8dcb0 <CTerminalDevice::SetStandoutMode(unsigned int)+0x44>
   8de54:	f9404a60 	ldr	x0, [x19, #144]
   8de58:	52800001 	mov	w1, #0x0                   	// #0
   8de5c:	94001274 	bl	9282c <CDisplay::GetColor(CDisplay::TColor) const>
   8de60:	b9011e60 	str	w0, [x19, #284]
   8de64:	17ffff93 	b	8dcb0 <CTerminalDevice::SetStandoutMode(unsigned int)+0x44>
   8de68:	3904927f 	strb	wzr, [x19, #292]
   8de6c:	17ffff91 	b	8dcb0 <CTerminalDevice::SetStandoutMode(unsigned int)+0x44>
   8de70:	528aa001 	mov	w1, #0x5500                	// #21760
   8de74:	f9404a60 	ldr	x0, [x19, #144]
   8de78:	72a01541 	movk	w1, #0xaa, lsl #16
   8de7c:	9400126c 	bl	9282c <CDisplay::GetColor(CDisplay::TColor) const>
   8de80:	b9012260 	str	w0, [x19, #288]
   8de84:	17ffff8b 	b	8dcb0 <CTerminalDevice::SetStandoutMode(unsigned int)+0x44>
   8de88:	f9404a60 	ldr	x0, [x19, #144]
   8de8c:	52954001 	mov	w1, #0xaa00                	// #43520
   8de90:	94001267 	bl	9282c <CDisplay::GetColor(CDisplay::TColor) const>
   8de94:	b9012260 	str	w0, [x19, #288]
   8de98:	17ffff86 	b	8dcb0 <CTerminalDevice::SetStandoutMode(unsigned int)+0x44>
   8de9c:	f9404a60 	ldr	x0, [x19, #144]
   8dea0:	52a01541 	mov	w1, #0xaa0000              	// #11141120
   8dea4:	94001262 	bl	9282c <CDisplay::GetColor(CDisplay::TColor) const>
   8dea8:	b9012260 	str	w0, [x19, #288]
   8deac:	17ffff81 	b	8dcb0 <CTerminalDevice::SetStandoutMode(unsigned int)+0x44>
   8deb0:	f9404a60 	ldr	x0, [x19, #144]
   8deb4:	52800001 	mov	w1, #0x0                   	// #0
   8deb8:	9400125d 	bl	9282c <CDisplay::GetColor(CDisplay::TColor) const>
   8debc:	b9012260 	str	w0, [x19, #288]
   8dec0:	17ffff7c 	b	8dcb0 <CTerminalDevice::SetStandoutMode(unsigned int)+0x44>
   8dec4:	52955541 	mov	w1, #0xaaaa                	// #43690
   8dec8:	f9404a60 	ldr	x0, [x19, #144]
   8decc:	72a01541 	movk	w1, #0xaa, lsl #16
   8ded0:	94001257 	bl	9282c <CDisplay::GetColor(CDisplay::TColor) const>
   8ded4:	b9011e60 	str	w0, [x19, #284]
   8ded8:	17ffff76 	b	8dcb0 <CTerminalDevice::SetStandoutMode(unsigned int)+0x44>
   8dedc:	f9404a60 	ldr	x0, [x19, #144]
   8dee0:	52955541 	mov	w1, #0xaaaa                	// #43690
   8dee4:	94001252 	bl	9282c <CDisplay::GetColor(CDisplay::TColor) const>
   8dee8:	b9011e60 	str	w0, [x19, #284]
   8deec:	17ffff71 	b	8dcb0 <CTerminalDevice::SetStandoutMode(unsigned int)+0x44>
   8def0:	f9404a60 	ldr	x0, [x19, #144]
   8def4:	12bff541 	mov	w1, #0x55ffff              	// #5636095
   8def8:	9400124d 	bl	9282c <CDisplay::GetColor(CDisplay::TColor) const>
   8defc:	b9012260 	str	w0, [x19, #288]
   8df00:	17ffff6c 	b	8dcb0 <CTerminalDevice::SetStandoutMode(unsigned int)+0x44>
   8df04:	528abfe1 	mov	w1, #0x55ff                	// #22015
   8df08:	f9404a60 	ldr	x0, [x19, #144]
   8df0c:	72a01fe1 	movk	w1, #0xff, lsl #16
   8df10:	94001247 	bl	9282c <CDisplay::GetColor(CDisplay::TColor) const>
   8df14:	b9012260 	str	w0, [x19, #288]
   8df18:	17ffff66 	b	8dcb0 <CTerminalDevice::SetStandoutMode(unsigned int)+0x44>
   8df1c:	f9404a60 	ldr	x0, [x19, #144]
   8df20:	52954001 	mov	w1, #0xaa00                	// #43520
   8df24:	94001242 	bl	9282c <CDisplay::GetColor(CDisplay::TColor) const>
   8df28:	b9011e60 	str	w0, [x19, #284]
   8df2c:	17ffff61 	b	8dcb0 <CTerminalDevice::SetStandoutMode(unsigned int)+0x44>
   8df30:	f9404a60 	ldr	x0, [x19, #144]
   8df34:	52a01541 	mov	w1, #0xaa0000              	// #11141120
   8df38:	9400123d 	bl	9282c <CDisplay::GetColor(CDisplay::TColor) const>
   8df3c:	b9011e60 	str	w0, [x19, #284]
   8df40:	17ffff5c 	b	8dcb0 <CTerminalDevice::SetStandoutMode(unsigned int)+0x44>
   8df44:	f9404a60 	ldr	x0, [x19, #144]
   8df48:	12bfe001 	mov	w1, #0xffffff              	// #16777215
   8df4c:	3904927f 	strb	wzr, [x19, #292]
   8df50:	94001237 	bl	9282c <CDisplay::GetColor(CDisplay::TColor) const>
   8df54:	52800001 	mov	w1, #0x0                   	// #0
   8df58:	b9011e60 	str	w0, [x19, #284]
   8df5c:	f9404a60 	ldr	x0, [x19, #144]
   8df60:	94001233 	bl	9282c <CDisplay::GetColor(CDisplay::TColor) const>
   8df64:	b9012260 	str	w0, [x19, #288]
   8df68:	17ffff52 	b	8dcb0 <CTerminalDevice::SetStandoutMode(unsigned int)+0x44>
   8df6c:	f9404a60 	ldr	x0, [x19, #144]
   8df70:	12bfe001 	mov	w1, #0xffffff              	// #16777215
   8df74:	9400122e 	bl	9282c <CDisplay::GetColor(CDisplay::TColor) const>
   8df78:	b9012260 	str	w0, [x19, #288]
   8df7c:	17ffff4d 	b	8dcb0 <CTerminalDevice::SetStandoutMode(unsigned int)+0x44>
   8df80:	52801541 	mov	w1, #0xaa                  	// #170
   8df84:	f9404a60 	ldr	x0, [x19, #144]
   8df88:	72a01541 	movk	w1, #0xaa, lsl #16
   8df8c:	94001228 	bl	9282c <CDisplay::GetColor(CDisplay::TColor) const>
   8df90:	b9012260 	str	w0, [x19, #288]
   8df94:	17ffff47 	b	8dcb0 <CTerminalDevice::SetStandoutMode(unsigned int)+0x44>
   8df98:	f9404a60 	ldr	x0, [x19, #144]
   8df9c:	52801541 	mov	w1, #0xaa                  	// #170
   8dfa0:	94001223 	bl	9282c <CDisplay::GetColor(CDisplay::TColor) const>
   8dfa4:	b9012260 	str	w0, [x19, #288]
   8dfa8:	17ffff42 	b	8dcb0 <CTerminalDevice::SetStandoutMode(unsigned int)+0x44>

000000000008dfac <CTerminalDevice::Scroll()>:
   8dfac:	f9406801 	ldr	x1, [x0, #208]
   8dfb0:	aa0003e4 	mov	x4, x0
   8dfb4:	b940dc06 	ldr	w6, [x0, #220]
   8dfb8:	b940bc05 	ldr	w5, [x0, #188]
   8dfbc:	b9410c02 	ldr	w2, [x0, #268]
   8dfc0:	b9410800 	ldr	w0, [x0, #264]
   8dfc4:	1b067c03 	mul	w3, w0, w6
   8dfc8:	0b050000 	add	w0, w0, w5
   8dfcc:	4b000042 	sub	w2, w2, w0
   8dfd0:	1b067c42 	mul	w2, w2, w6
   8dfd4:	8b030023 	add	x3, x1, x3
   8dfd8:	35000502 	cbnz	w2, 8e078 <CTerminalDevice::Scroll()+0xcc>
   8dfdc:	b940e080 	ldr	w0, [x4, #224]
   8dfe0:	1b007ca5 	mul	w5, w5, w0
   8dfe4:	b940f080 	ldr	w0, [x4, #240]
   8dfe8:	7100401f 	cmp	w0, #0x10
   8dfec:	54000aa0 	b.eq	8e140 <CTerminalDevice::Scroll()+0x194>  // b.none
   8dff0:	540002c8 	b.hi	8e048 <CTerminalDevice::Scroll()+0x9c>  // b.pmore
   8dff4:	7100041f 	cmp	w0, #0x1
   8dff8:	54000b20 	b.eq	8e15c <CTerminalDevice::Scroll()+0x1b0>  // b.none
   8dffc:	7100201f 	cmp	w0, #0x8
   8e000:	54000101 	b.ne	8e020 <CTerminalDevice::Scroll()+0x74>  // b.any
   8e004:	8b254061 	add	x1, x3, w5, uxtw
   8e008:	340000c5 	cbz	w5, 8e020 <CTerminalDevice::Scroll()+0x74>
   8e00c:	b9412080 	ldr	w0, [x4, #288]
   8e010:	38001460 	strb	w0, [x3], #1
   8e014:	eb03003f 	cmp	x1, x3
   8e018:	54ffffa1 	b.ne	8e00c <CTerminalDevice::Scroll()+0x60>  // b.any
   8e01c:	d503201f 	nop
   8e020:	b940e480 	ldr	w0, [x4, #228]
   8e024:	b940fc81 	ldr	w1, [x4, #252]
   8e028:	51000400 	sub	w0, w0, #0x1
   8e02c:	34000041 	cbz	w1, 8e034 <CTerminalDevice::Scroll()+0x88>
   8e030:	b900fc9f 	str	wzr, [x4, #252]
   8e034:	b9410081 	ldr	w1, [x4, #256]
   8e038:	6b01001f 	cmp	w0, w1
   8e03c:	540001c9 	b.ls	8e074 <CTerminalDevice::Scroll()+0xc8>  // b.plast
   8e040:	b9010080 	str	w0, [x4, #256]
   8e044:	d65f03c0 	ret
   8e048:	7100801f 	cmp	w0, #0x20
   8e04c:	54fffea1 	b.ne	8e020 <CTerminalDevice::Scroll()+0x74>  // b.any
   8e050:	8b254861 	add	x1, x3, w5, uxtw #2
   8e054:	34fffe65 	cbz	w5, 8e020 <CTerminalDevice::Scroll()+0x74>
   8e058:	d503201f 	nop
   8e05c:	d503201f 	nop
   8e060:	b9412080 	ldr	w0, [x4, #288]
   8e064:	b8004460 	str	w0, [x3], #4
   8e068:	eb01007f 	cmp	x3, x1
   8e06c:	54ffffa1 	b.ne	8e060 <CTerminalDevice::Scroll()+0xb4>  // b.any
   8e070:	17ffffec 	b	8e020 <CTerminalDevice::Scroll()+0x74>
   8e074:	d65f03c0 	ret
   8e078:	1b007cc6 	mul	w6, w6, w0
   8e07c:	a9bd7bfd 	stp	x29, x30, [sp, #-48]!
   8e080:	aa0303e0 	mov	x0, x3
   8e084:	910003fd 	mov	x29, sp
   8e088:	8b060021 	add	x1, x1, x6
   8e08c:	a9010be3 	stp	x3, x2, [sp, #16]
   8e090:	b90027e5 	str	w5, [sp, #36]
   8e094:	f90017e4 	str	x4, [sp, #40]
   8e098:	97ffe25c 	bl	86a08 <memcpy>
   8e09c:	f94017e4 	ldr	x4, [sp, #40]
   8e0a0:	a9410be3 	ldp	x3, x2, [sp, #16]
   8e0a4:	b940e080 	ldr	w0, [x4, #224]
   8e0a8:	8b020063 	add	x3, x3, x2
   8e0ac:	b94027e5 	ldr	w5, [sp, #36]
   8e0b0:	1b007ca5 	mul	w5, w5, w0
   8e0b4:	b940f080 	ldr	w0, [x4, #240]
   8e0b8:	7100401f 	cmp	w0, #0x10
   8e0bc:	54000780 	b.eq	8e1ac <CTerminalDevice::Scroll()+0x200>  // b.none
   8e0c0:	540002e8 	b.hi	8e11c <CTerminalDevice::Scroll()+0x170>  // b.pmore
   8e0c4:	7100041f 	cmp	w0, #0x1
   8e0c8:	540005e0 	b.eq	8e184 <CTerminalDevice::Scroll()+0x1d8>  // b.none
   8e0cc:	7100201f 	cmp	w0, #0x8
   8e0d0:	54000101 	b.ne	8e0f0 <CTerminalDevice::Scroll()+0x144>  // b.any
   8e0d4:	8b254061 	add	x1, x3, w5, uxtw
   8e0d8:	340000c5 	cbz	w5, 8e0f0 <CTerminalDevice::Scroll()+0x144>
   8e0dc:	d503201f 	nop
   8e0e0:	b9412080 	ldr	w0, [x4, #288]
   8e0e4:	38001460 	strb	w0, [x3], #1
   8e0e8:	eb03003f 	cmp	x1, x3
   8e0ec:	54ffffa1 	b.ne	8e0e0 <CTerminalDevice::Scroll()+0x134>  // b.any
   8e0f0:	b940e480 	ldr	w0, [x4, #228]
   8e0f4:	b940fc81 	ldr	w1, [x4, #252]
   8e0f8:	51000400 	sub	w0, w0, #0x1
   8e0fc:	34000041 	cbz	w1, 8e104 <CTerminalDevice::Scroll()+0x158>
   8e100:	b900fc9f 	str	wzr, [x4, #252]
   8e104:	b9410081 	ldr	w1, [x4, #256]
   8e108:	6b01001f 	cmp	w0, w1
   8e10c:	54000049 	b.ls	8e114 <CTerminalDevice::Scroll()+0x168>  // b.plast
   8e110:	b9010080 	str	w0, [x4, #256]
   8e114:	a8c37bfd 	ldp	x29, x30, [sp], #48
   8e118:	d65f03c0 	ret
   8e11c:	7100801f 	cmp	w0, #0x20
   8e120:	54fffe81 	b.ne	8e0f0 <CTerminalDevice::Scroll()+0x144>  // b.any
   8e124:	8b254861 	add	x1, x3, w5, uxtw #2
   8e128:	34fffe45 	cbz	w5, 8e0f0 <CTerminalDevice::Scroll()+0x144>
   8e12c:	b9412080 	ldr	w0, [x4, #288]
   8e130:	b8004460 	str	w0, [x3], #4
   8e134:	eb01007f 	cmp	x3, x1
   8e138:	54ffffa1 	b.ne	8e12c <CTerminalDevice::Scroll()+0x180>  // b.any
   8e13c:	17ffffed 	b	8e0f0 <CTerminalDevice::Scroll()+0x144>
   8e140:	34fff705 	cbz	w5, 8e020 <CTerminalDevice::Scroll()+0x74>
   8e144:	b9412080 	ldr	w0, [x4, #288]
   8e148:	8b254465 	add	x5, x3, w5, uxtw #1
   8e14c:	78002460 	strh	w0, [x3], #2
   8e150:	eb05007f 	cmp	x3, x5
   8e154:	54ffffc1 	b.ne	8e14c <CTerminalDevice::Scroll()+0x1a0>  // b.any
   8e158:	17ffffb2 	b	8e020 <CTerminalDevice::Scroll()+0x74>
   8e15c:	53037ca5 	lsr	w5, w5, #3
   8e160:	34fff605 	cbz	w5, 8e020 <CTerminalDevice::Scroll()+0x74>
   8e164:	8b254065 	add	x5, x3, w5, uxtw
   8e168:	b9412080 	ldr	w0, [x4, #288]
   8e16c:	7100001f 	cmp	w0, #0x0
   8e170:	5a9f03e0 	csetm	w0, ne	// ne = any
   8e174:	38001460 	strb	w0, [x3], #1
   8e178:	eb0300bf 	cmp	x5, x3
   8e17c:	54ffff61 	b.ne	8e168 <CTerminalDevice::Scroll()+0x1bc>  // b.any
   8e180:	17ffffa8 	b	8e020 <CTerminalDevice::Scroll()+0x74>
   8e184:	53037ca5 	lsr	w5, w5, #3
   8e188:	34fffb45 	cbz	w5, 8e0f0 <CTerminalDevice::Scroll()+0x144>
   8e18c:	8b254065 	add	x5, x3, w5, uxtw
   8e190:	b9412080 	ldr	w0, [x4, #288]
   8e194:	7100001f 	cmp	w0, #0x0
   8e198:	5a9f03e0 	csetm	w0, ne	// ne = any
   8e19c:	38001460 	strb	w0, [x3], #1
   8e1a0:	eb0300bf 	cmp	x5, x3
   8e1a4:	54ffff61 	b.ne	8e190 <CTerminalDevice::Scroll()+0x1e4>  // b.any
   8e1a8:	17ffffd2 	b	8e0f0 <CTerminalDevice::Scroll()+0x144>
   8e1ac:	34fffa25 	cbz	w5, 8e0f0 <CTerminalDevice::Scroll()+0x144>
   8e1b0:	b9412080 	ldr	w0, [x4, #288]
   8e1b4:	8b254465 	add	x5, x3, w5, uxtw #1
   8e1b8:	d503201f 	nop
   8e1bc:	d503201f 	nop
   8e1c0:	78002460 	strh	w0, [x3], #2
   8e1c4:	eb05007f 	cmp	x3, x5
   8e1c8:	54ffffc1 	b.ne	8e1c0 <CTerminalDevice::Scroll()+0x214>  // b.any
   8e1cc:	17ffffc9 	b	8e0f0 <CTerminalDevice::Scroll()+0x144>

000000000008e1d0 <CTerminalDevice::CursorDown()>:
   8e1d0:	b940bc03 	ldr	w3, [x0, #188]
   8e1d4:	b9411402 	ldr	w2, [x0, #276]
   8e1d8:	0b030042 	add	w2, w2, w3
   8e1dc:	b9410c03 	ldr	w3, [x0, #268]
   8e1e0:	b9011402 	str	w2, [x0, #276]
   8e1e4:	6b03005f 	cmp	w2, w3
   8e1e8:	540000a3 	b.cc	8e1fc <CTerminalDevice::CursorDown()+0x2c>  // b.lo, b.ul, b.last
   8e1ec:	3944c002 	ldrb	w2, [x0, #304]
   8e1f0:	36000082 	tbz	w2, #0, 8e200 <CTerminalDevice::CursorDown()+0x30>
   8e1f4:	b901141f 	str	wzr, [x0, #276]
   8e1f8:	d65f03c0 	ret
   8e1fc:	d65f03c0 	ret
   8e200:	a9be7bfd 	stp	x29, x30, [sp, #-32]!
   8e204:	910003fd 	mov	x29, sp
   8e208:	f9000fe0 	str	x0, [sp, #24]
   8e20c:	97ffff68 	bl	8dfac <CTerminalDevice::Scroll()>
   8e210:	f9400fe1 	ldr	x1, [sp, #24]
   8e214:	b9411420 	ldr	w0, [x1, #276]
   8e218:	b940bc22 	ldr	w2, [x1, #188]
   8e21c:	4b020000 	sub	w0, w0, w2
   8e220:	b9011420 	str	w0, [x1, #276]
   8e224:	a8c27bfd 	ldp	x29, x30, [sp], #32
   8e228:	d65f03c0 	ret

000000000008e22c <CTerminalDevice::NewLine()>:
   8e22c:	b9411403 	ldr	w3, [x0, #276]
   8e230:	b901101f 	str	wzr, [x0, #272]
   8e234:	b940bc02 	ldr	w2, [x0, #188]
   8e238:	0b030042 	add	w2, w2, w3
   8e23c:	b9410c03 	ldr	w3, [x0, #268]
   8e240:	b9011402 	str	w2, [x0, #276]
   8e244:	6b03005f 	cmp	w2, w3
   8e248:	540000a3 	b.cc	8e25c <CTerminalDevice::NewLine()+0x30>  // b.lo, b.ul, b.last
   8e24c:	3944c002 	ldrb	w2, [x0, #304]
   8e250:	36000082 	tbz	w2, #0, 8e260 <CTerminalDevice::NewLine()+0x34>
   8e254:	b901141f 	str	wzr, [x0, #276]
   8e258:	d65f03c0 	ret
   8e25c:	d65f03c0 	ret
   8e260:	a9be7bfd 	stp	x29, x30, [sp, #-32]!
   8e264:	910003fd 	mov	x29, sp
   8e268:	f9000fe0 	str	x0, [sp, #24]
   8e26c:	97ffff50 	bl	8dfac <CTerminalDevice::Scroll()>
   8e270:	f9400fe1 	ldr	x1, [sp, #24]
   8e274:	b9411420 	ldr	w0, [x1, #276]
   8e278:	b940bc22 	ldr	w2, [x1, #188]
   8e27c:	4b020000 	sub	w0, w0, w2
   8e280:	b9011420 	str	w0, [x1, #276]
   8e284:	a8c27bfd 	ldp	x29, x30, [sp], #32
   8e288:	d65f03c0 	ret

000000000008e28c <CTerminalDevice::CursorRight()>:
   8e28c:	b940b003 	ldr	w3, [x0, #176]
   8e290:	b9411002 	ldr	w2, [x0, #272]
   8e294:	0b030042 	add	w2, w2, w3
   8e298:	b940e803 	ldr	w3, [x0, #232]
   8e29c:	b9011002 	str	w2, [x0, #272]
   8e2a0:	6b03005f 	cmp	w2, w3
   8e2a4:	54000042 	b.cs	8e2ac <CTerminalDevice::CursorRight()+0x20>  // b.hs, b.nlast
   8e2a8:	d65f03c0 	ret
   8e2ac:	b9411403 	ldr	w3, [x0, #276]
   8e2b0:	b901101f 	str	wzr, [x0, #272]
   8e2b4:	b940bc02 	ldr	w2, [x0, #188]
   8e2b8:	0b030042 	add	w2, w2, w3
   8e2bc:	b9410c03 	ldr	w3, [x0, #268]
   8e2c0:	b9011402 	str	w2, [x0, #276]
   8e2c4:	6b03005f 	cmp	w2, w3
   8e2c8:	54ffff03 	b.cc	8e2a8 <CTerminalDevice::CursorRight()+0x1c>  // b.lo, b.ul, b.last
   8e2cc:	3944c002 	ldrb	w2, [x0, #304]
   8e2d0:	36000062 	tbz	w2, #0, 8e2dc <CTerminalDevice::CursorRight()+0x50>
   8e2d4:	b901141f 	str	wzr, [x0, #276]
   8e2d8:	d65f03c0 	ret
   8e2dc:	a9be7bfd 	stp	x29, x30, [sp, #-32]!
   8e2e0:	910003fd 	mov	x29, sp
   8e2e4:	f9000fe0 	str	x0, [sp, #24]
   8e2e8:	97ffff31 	bl	8dfac <CTerminalDevice::Scroll()>
   8e2ec:	f9400fe1 	ldr	x1, [sp, #24]
   8e2f0:	b9411420 	ldr	w0, [x1, #276]
   8e2f4:	b940bc22 	ldr	w2, [x1, #188]
   8e2f8:	4b020000 	sub	w0, w0, w2
   8e2fc:	b9011420 	str	w0, [x1, #276]
   8e300:	a8c27bfd 	ldp	x29, x30, [sp], #32
   8e304:	d65f03c0 	ret

000000000008e308 <CTerminalDevice::Tabulator()>:
   8e308:	b940b001 	ldr	w1, [x0, #176]
   8e30c:	b9411004 	ldr	w4, [x0, #272]
   8e310:	531d7023 	lsl	w3, w1, #3
   8e314:	0b010c81 	add	w1, w4, w1, lsl #3
   8e318:	1ac30821 	udiv	w1, w1, w3
   8e31c:	1b037c21 	mul	w1, w1, w3
   8e320:	b940e803 	ldr	w3, [x0, #232]
   8e324:	b9011001 	str	w1, [x0, #272]
   8e328:	6b03003f 	cmp	w1, w3
   8e32c:	54000042 	b.cs	8e334 <CTerminalDevice::Tabulator()+0x2c>  // b.hs, b.nlast
   8e330:	d65f03c0 	ret
   8e334:	b9411403 	ldr	w3, [x0, #276]
   8e338:	b901101f 	str	wzr, [x0, #272]
   8e33c:	b940bc01 	ldr	w1, [x0, #188]
   8e340:	0b030021 	add	w1, w1, w3
   8e344:	b9410c03 	ldr	w3, [x0, #268]
   8e348:	b9011401 	str	w1, [x0, #276]
   8e34c:	6b03003f 	cmp	w1, w3
   8e350:	54ffff03 	b.cc	8e330 <CTerminalDevice::Tabulator()+0x28>  // b.lo, b.ul, b.last
   8e354:	3944c001 	ldrb	w1, [x0, #304]
   8e358:	36000061 	tbz	w1, #0, 8e364 <CTerminalDevice::Tabulator()+0x5c>
   8e35c:	b901141f 	str	wzr, [x0, #276]
   8e360:	d65f03c0 	ret
   8e364:	a9be7bfd 	stp	x29, x30, [sp, #-32]!
   8e368:	910003fd 	mov	x29, sp
   8e36c:	f9000fe0 	str	x0, [sp, #24]
   8e370:	97ffff0f 	bl	8dfac <CTerminalDevice::Scroll()>
   8e374:	f9400fe2 	ldr	x2, [sp, #24]
   8e378:	b9411440 	ldr	w0, [x2, #276]
   8e37c:	b940bc41 	ldr	w1, [x2, #188]
   8e380:	4b010000 	sub	w0, w0, w1
   8e384:	b9011440 	str	w0, [x2, #276]
   8e388:	a8c27bfd 	ldp	x29, x30, [sp], #32
   8e38c:	d65f03c0 	ret

000000000008e390 <CTerminalDevice::DisplayChar(char, unsigned int, unsigned int, unsigned int)>:
   8e390:	a9ba7bfd 	stp	x29, x30, [sp, #-96]!
   8e394:	910003fd 	mov	x29, sp
   8e398:	a90153f3 	stp	x19, x20, [sp, #16]
   8e39c:	2a0303f3 	mov	w19, w3
   8e3a0:	a9025bf5 	stp	x21, x22, [sp, #32]
   8e3a4:	aa0003f5 	mov	x21, x0
   8e3a8:	b940bc00 	ldr	w0, [x0, #188]
   8e3ac:	34000880 	cbz	w0, 8e4bc <CTerminalDevice::DisplayChar(char, unsigned int, unsigned int, unsigned int)+0x12c>
   8e3b0:	2a0103f4 	mov	w20, w1
   8e3b4:	a90363f7 	stp	x23, x24, [sp, #48]
   8e3b8:	2a0403f8 	mov	w24, w4
   8e3bc:	2a0203f7 	mov	w23, w2
   8e3c0:	a9046bf9 	stp	x25, x26, [sp, #64]
   8e3c4:	52800039 	mov	w25, #0x1                   	// #1
   8e3c8:	5280101a 	mov	w26, #0x80                  	// #128
   8e3cc:	f9002bfb 	str	x27, [sp, #80]
   8e3d0:	5280001b 	mov	w27, #0x0                   	// #0
   8e3d4:	d503201f 	nop
   8e3d8:	d503201f 	nop
   8e3dc:	d503201f 	nop
   8e3e0:	2a1403e1 	mov	w1, w20
   8e3e4:	2a1b03e2 	mov	w2, w27
   8e3e8:	910282a0 	add	x0, x21, #0xa0
   8e3ec:	9400128f 	bl	92e28 <CCharGenerator::GetPixelLine(char, unsigned int) const>
   8e3f0:	b940b2a1 	ldr	w1, [x21, #176]
   8e3f4:	0b1b0264 	add	w4, w19, w27
   8e3f8:	52800006 	mov	w6, #0x0                   	// #0
   8e3fc:	35000181 	cbnz	w1, 8e42c <CTerminalDevice::DisplayChar(char, unsigned int, unsigned int, unsigned int)+0x9c>
   8e400:	14000028 	b	8e4a0 <CTerminalDevice::DisplayChar(char, unsigned int, unsigned int, unsigned int)+0x110>
   8e404:	7100047f 	cmp	w3, #0x1
   8e408:	54000880 	b.eq	8e518 <CTerminalDevice::DisplayChar(char, unsigned int, unsigned int, unsigned int)+0x188>  // b.none
   8e40c:	7100207f 	cmp	w3, #0x8
   8e410:	54000061 	b.ne	8e41c <CTerminalDevice::DisplayChar(char, unsigned int, unsigned int, unsigned int)+0x8c>  // b.any
   8e414:	1b042021 	madd	w1, w1, w4, w8
   8e418:	382148a2 	strb	w2, [x5, w1, uxtw]
   8e41c:	b940b2a1 	ldr	w1, [x21, #176]
   8e420:	110004c6 	add	w6, w6, #0x1
   8e424:	6b0100df 	cmp	w6, w1
   8e428:	540003c2 	b.cs	8e4a0 <CTerminalDevice::DisplayChar(char, unsigned int, unsigned int, unsigned int)+0x110>  // b.hs, b.nlast
   8e42c:	b940b6a5 	ldr	w5, [x21, #180]
   8e430:	53017cc7 	lsr	w7, w6, #1
   8e434:	0b0602e8 	add	w8, w23, w6
   8e438:	2a1803e2 	mov	w2, w24
   8e43c:	b940aaa1 	ldr	w1, [x21, #168]
   8e440:	510004a5 	sub	w5, w5, #0x1
   8e444:	7100083f 	cmp	w1, #0x2
   8e448:	1a8600e7 	csel	w7, w7, w6, eq	// eq = none
   8e44c:	4b0700a5 	sub	w5, w5, w7
   8e450:	1ac52325 	lsl	w5, w25, w5
   8e454:	6a0000bf 	tst	w5, w0
   8e458:	54000081 	b.ne	8e468 <CTerminalDevice::DisplayChar(char, unsigned int, unsigned int, unsigned int)+0xd8>  // b.any
   8e45c:	394492a1 	ldrb	w1, [x21, #292]
   8e460:	360004a1 	tbz	w1, #0, 8e4f4 <CTerminalDevice::DisplayChar(char, unsigned int, unsigned int, unsigned int)+0x164>
   8e464:	b9411ea2 	ldr	w2, [x21, #284]
   8e468:	b940f2a3 	ldr	w3, [x21, #240]
   8e46c:	f9406aa5 	ldr	x5, [x21, #208]
   8e470:	b940e2a1 	ldr	w1, [x21, #224]
   8e474:	7100407f 	cmp	w3, #0x10
   8e478:	540004a0 	b.eq	8e50c <CTerminalDevice::DisplayChar(char, unsigned int, unsigned int, unsigned int)+0x17c>  // b.none
   8e47c:	54fffc49 	b.ls	8e404 <CTerminalDevice::DisplayChar(char, unsigned int, unsigned int, unsigned int)+0x74>  // b.plast
   8e480:	7100807f 	cmp	w3, #0x20
   8e484:	54fffcc1 	b.ne	8e41c <CTerminalDevice::DisplayChar(char, unsigned int, unsigned int, unsigned int)+0x8c>  // b.any
   8e488:	1b042021 	madd	w1, w1, w4, w8
   8e48c:	110004c6 	add	w6, w6, #0x1
   8e490:	b82178a2 	str	w2, [x5, x1, lsl #2]
   8e494:	b940b2a1 	ldr	w1, [x21, #176]
   8e498:	6b0100df 	cmp	w6, w1
   8e49c:	54fffc83 	b.cc	8e42c <CTerminalDevice::DisplayChar(char, unsigned int, unsigned int, unsigned int)+0x9c>  // b.lo, b.ul, b.last
   8e4a0:	b940bea0 	ldr	w0, [x21, #188]
   8e4a4:	1100077b 	add	w27, w27, #0x1
   8e4a8:	6b00037f 	cmp	w27, w0
   8e4ac:	54fff9a3 	b.cc	8e3e0 <CTerminalDevice::DisplayChar(char, unsigned int, unsigned int, unsigned int)+0x50>  // b.lo, b.ul, b.last
   8e4b0:	f9402bfb 	ldr	x27, [sp, #80]
   8e4b4:	a94363f7 	ldp	x23, x24, [sp, #48]
   8e4b8:	a9446bf9 	ldp	x25, x26, [sp, #64]
   8e4bc:	51000661 	sub	w1, w19, #0x1
   8e4c0:	0b000020 	add	w0, w1, w0
   8e4c4:	b940fea1 	ldr	w1, [x21, #252]
   8e4c8:	6b01027f 	cmp	w19, w1
   8e4cc:	54000042 	b.cs	8e4d4 <CTerminalDevice::DisplayChar(char, unsigned int, unsigned int, unsigned int)+0x144>  // b.hs, b.nlast
   8e4d0:	b900feb3 	str	w19, [x21, #252]
   8e4d4:	b94102a1 	ldr	w1, [x21, #256]
   8e4d8:	6b01001f 	cmp	w0, w1
   8e4dc:	54000049 	b.ls	8e4e4 <CTerminalDevice::DisplayChar(char, unsigned int, unsigned int, unsigned int)+0x154>  // b.plast
   8e4e0:	b90102a0 	str	w0, [x21, #256]
   8e4e4:	a94153f3 	ldp	x19, x20, [sp, #16]
   8e4e8:	a9425bf5 	ldp	x21, x22, [sp, #32]
   8e4ec:	a8c67bfd 	ldp	x29, x30, [sp], #96
   8e4f0:	d65f03c0 	ret
   8e4f4:	b940f2a3 	ldr	w3, [x21, #240]
   8e4f8:	f9406aa5 	ldr	x5, [x21, #208]
   8e4fc:	b94122a2 	ldr	w2, [x21, #288]
   8e500:	b940e2a1 	ldr	w1, [x21, #224]
   8e504:	7100407f 	cmp	w3, #0x10
   8e508:	54fffba1 	b.ne	8e47c <CTerminalDevice::DisplayChar(char, unsigned int, unsigned int, unsigned int)+0xec>  // b.any
   8e50c:	1b042021 	madd	w1, w1, w4, w8
   8e510:	782178a2 	strh	w2, [x5, x1, lsl #1]
   8e514:	17ffffc2 	b	8e41c <CTerminalDevice::DisplayChar(char, unsigned int, unsigned int, unsigned int)+0x8c>
   8e518:	1b042021 	madd	w1, w1, w4, w8
   8e51c:	12000908 	and	w8, w8, #0x7
   8e520:	7100005f 	cmp	w2, #0x0
   8e524:	1ac82b48 	asr	w8, w26, w8
   8e528:	53037c21 	lsr	w1, w1, #3
   8e52c:	386148a3 	ldrb	w3, [x5, w1, uxtw]
   8e530:	0a280067 	bic	w7, w3, w8
   8e534:	2a080063 	orr	w3, w3, w8
   8e538:	1a871063 	csel	w3, w3, w7, ne	// ne = any
   8e53c:	382148a3 	strb	w3, [x5, w1, uxtw]
   8e540:	17ffffb7 	b	8e41c <CTerminalDevice::DisplayChar(char, unsigned int, unsigned int, unsigned int)+0x8c>

000000000008e544 <CTerminalDevice::DisplayChar(char)>:
   8e544:	12001c22 	and	w2, w1, #0xff
   8e548:	71007c5f 	cmp	w2, #0x1f
   8e54c:	540002c9 	b.ls	8e5a4 <CTerminalDevice::DisplayChar(char)+0x60>  // b.plast
   8e550:	a9be7bfd 	stp	x29, x30, [sp, #-32]!
   8e554:	910003fd 	mov	x29, sp
   8e558:	39449003 	ldrb	w3, [x0, #292]
   8e55c:	f9000fe0 	str	x0, [sp, #24]
   8e560:	b9412002 	ldr	w2, [x0, #288]
   8e564:	b9411c04 	ldr	w4, [x0, #284]
   8e568:	f240007f 	tst	x3, #0x1
   8e56c:	1a820084 	csel	w4, w4, w2, eq	// eq = none
   8e570:	b9411403 	ldr	w3, [x0, #276]
   8e574:	b9411002 	ldr	w2, [x0, #272]
   8e578:	97ffff86 	bl	8e390 <CTerminalDevice::DisplayChar(char, unsigned int, unsigned int, unsigned int)>
   8e57c:	f9400fe5 	ldr	x5, [sp, #24]
   8e580:	b94110a1 	ldr	w1, [x5, #272]
   8e584:	b940b0a0 	ldr	w0, [x5, #176]
   8e588:	0b010000 	add	w0, w0, w1
   8e58c:	b940e8a1 	ldr	w1, [x5, #232]
   8e590:	b90110a0 	str	w0, [x5, #272]
   8e594:	6b01001f 	cmp	w0, w1
   8e598:	54000082 	b.cs	8e5a8 <CTerminalDevice::DisplayChar(char)+0x64>  // b.hs, b.nlast
   8e59c:	a8c27bfd 	ldp	x29, x30, [sp], #32
   8e5a0:	d65f03c0 	ret
   8e5a4:	d65f03c0 	ret
   8e5a8:	b94114a1 	ldr	w1, [x5, #276]
   8e5ac:	b90110bf 	str	wzr, [x5, #272]
   8e5b0:	b940bca0 	ldr	w0, [x5, #188]
   8e5b4:	0b010000 	add	w0, w0, w1
   8e5b8:	b9410ca1 	ldr	w1, [x5, #268]
   8e5bc:	b90114a0 	str	w0, [x5, #276]
   8e5c0:	6b01001f 	cmp	w0, w1
   8e5c4:	54fffec3 	b.cc	8e59c <CTerminalDevice::DisplayChar(char)+0x58>  // b.lo, b.ul, b.last
   8e5c8:	3944c0a0 	ldrb	w0, [x5, #304]
   8e5cc:	36000060 	tbz	w0, #0, 8e5d8 <CTerminalDevice::DisplayChar(char)+0x94>
   8e5d0:	b90114bf 	str	wzr, [x5, #276]
   8e5d4:	17fffff2 	b	8e59c <CTerminalDevice::DisplayChar(char)+0x58>
   8e5d8:	aa0503e0 	mov	x0, x5
   8e5dc:	97fffe74 	bl	8dfac <CTerminalDevice::Scroll()>
   8e5e0:	f9400fe5 	ldr	x5, [sp, #24]
   8e5e4:	b94114a0 	ldr	w0, [x5, #276]
   8e5e8:	b940bca1 	ldr	w1, [x5, #188]
   8e5ec:	4b010000 	sub	w0, w0, w1
   8e5f0:	b90114a0 	str	w0, [x5, #276]
   8e5f4:	17ffffea 	b	8e59c <CTerminalDevice::DisplayChar(char)+0x58>
   8e5f8:	d503201f 	nop
   8e5fc:	d503201f 	nop

000000000008e600 <CTerminalDevice::EraseChar(unsigned int, unsigned int)>:
   8e600:	b940bc03 	ldr	w3, [x0, #188]
   8e604:	5280000a 	mov	w10, #0x0                   	// #0
   8e608:	5280100c 	mov	w12, #0x80                  	// #128
   8e60c:	34000483 	cbz	w3, 8e69c <CTerminalDevice::EraseChar(unsigned int, unsigned int)+0x9c>
   8e610:	b940b004 	ldr	w4, [x0, #176]
   8e614:	0b0a0049 	add	w9, w2, w10
   8e618:	52800003 	mov	w3, #0x0                   	// #0
   8e61c:	35000184 	cbnz	w4, 8e64c <CTerminalDevice::EraseChar(unsigned int, unsigned int)+0x4c>
   8e620:	1400001b 	b	8e68c <CTerminalDevice::EraseChar(unsigned int, unsigned int)+0x8c>
   8e624:	710004bf 	cmp	w5, #0x1
   8e628:	54000500 	b.eq	8e6c8 <CTerminalDevice::EraseChar(unsigned int, unsigned int)+0xc8>  // b.none
   8e62c:	710020bf 	cmp	w5, #0x8
   8e630:	54000061 	b.ne	8e63c <CTerminalDevice::EraseChar(unsigned int, unsigned int)+0x3c>  // b.any
   8e634:	1b041924 	madd	w4, w9, w4, w6
   8e638:	382448e8 	strb	w8, [x7, w4, uxtw]
   8e63c:	b940b004 	ldr	w4, [x0, #176]
   8e640:	11000463 	add	w3, w3, #0x1
   8e644:	6b03009f 	cmp	w4, w3
   8e648:	54000229 	b.ls	8e68c <CTerminalDevice::EraseChar(unsigned int, unsigned int)+0x8c>  // b.plast
   8e64c:	b940f005 	ldr	w5, [x0, #240]
   8e650:	0b030026 	add	w6, w1, w3
   8e654:	f9406807 	ldr	x7, [x0, #208]
   8e658:	b940e004 	ldr	w4, [x0, #224]
   8e65c:	b9412008 	ldr	w8, [x0, #288]
   8e660:	710040bf 	cmp	w5, #0x10
   8e664:	54000480 	b.eq	8e6f4 <CTerminalDevice::EraseChar(unsigned int, unsigned int)+0xf4>  // b.none
   8e668:	54fffde9 	b.ls	8e624 <CTerminalDevice::EraseChar(unsigned int, unsigned int)+0x24>  // b.plast
   8e66c:	710080bf 	cmp	w5, #0x20
   8e670:	54fffe61 	b.ne	8e63c <CTerminalDevice::EraseChar(unsigned int, unsigned int)+0x3c>  // b.any
   8e674:	1b041924 	madd	w4, w9, w4, w6
   8e678:	11000463 	add	w3, w3, #0x1
   8e67c:	b82478e8 	str	w8, [x7, x4, lsl #2]
   8e680:	b940b004 	ldr	w4, [x0, #176]
   8e684:	6b03009f 	cmp	w4, w3
   8e688:	54fffe28 	b.hi	8e64c <CTerminalDevice::EraseChar(unsigned int, unsigned int)+0x4c>  // b.pmore
   8e68c:	b940bc03 	ldr	w3, [x0, #188]
   8e690:	1100054a 	add	w10, w10, #0x1
   8e694:	6b0a007f 	cmp	w3, w10
   8e698:	54fffbc8 	b.hi	8e610 <CTerminalDevice::EraseChar(unsigned int, unsigned int)+0x10>  // b.pmore
   8e69c:	51000441 	sub	w1, w2, #0x1
   8e6a0:	0b030021 	add	w1, w1, w3
   8e6a4:	b940fc03 	ldr	w3, [x0, #252]
   8e6a8:	6b03005f 	cmp	w2, w3
   8e6ac:	54000042 	b.cs	8e6b4 <CTerminalDevice::EraseChar(unsigned int, unsigned int)+0xb4>  // b.hs, b.nlast
   8e6b0:	b900fc02 	str	w2, [x0, #252]
   8e6b4:	b9410002 	ldr	w2, [x0, #256]
   8e6b8:	6b02003f 	cmp	w1, w2
   8e6bc:	54000049 	b.ls	8e6c4 <CTerminalDevice::EraseChar(unsigned int, unsigned int)+0xc4>  // b.plast
   8e6c0:	b9010001 	str	w1, [x0, #256]
   8e6c4:	d65f03c0 	ret
   8e6c8:	1b041924 	madd	w4, w9, w4, w6
   8e6cc:	120008c6 	and	w6, w6, #0x7
   8e6d0:	7100011f 	cmp	w8, #0x0
   8e6d4:	1ac62986 	asr	w6, w12, w6
   8e6d8:	53037c84 	lsr	w4, w4, #3
   8e6dc:	386448e5 	ldrb	w5, [x7, w4, uxtw]
   8e6e0:	0a2600ab 	bic	w11, w5, w6
   8e6e4:	2a0600a5 	orr	w5, w5, w6
   8e6e8:	1a8b10a5 	csel	w5, w5, w11, ne	// ne = any
   8e6ec:	382448e5 	strb	w5, [x7, w4, uxtw]
   8e6f0:	17ffffd3 	b	8e63c <CTerminalDevice::EraseChar(unsigned int, unsigned int)+0x3c>
   8e6f4:	1b041924 	madd	w4, w9, w4, w6
   8e6f8:	782478e8 	strh	w8, [x7, x4, lsl #1]
   8e6fc:	17ffffd0 	b	8e63c <CTerminalDevice::EraseChar(unsigned int, unsigned int)+0x3c>

000000000008e700 <CTerminalDevice::ClearLineEnd()>:
   8e700:	b940e807 	ldr	w7, [x0, #232]
   8e704:	b941100d 	ldr	w13, [x0, #272]
   8e708:	6b0701bf 	cmp	w13, w7
   8e70c:	54000a62 	b.cs	8e858 <CTerminalDevice::ClearLineEnd()+0x158>  // b.hs, b.nlast
   8e710:	a9bf7bfd 	stp	x29, x30, [sp, #-16]!
   8e714:	910003fd 	mov	x29, sp
   8e718:	d503201f 	nop
   8e71c:	d503201f 	nop
   8e720:	2a0d03e1 	mov	w1, w13
   8e724:	b9411402 	ldr	w2, [x0, #276]
   8e728:	97ffffb6 	bl	8e600 <CTerminalDevice::EraseChar(unsigned int, unsigned int)>
   8e72c:	b940b001 	ldr	w1, [x0, #176]
   8e730:	b940e807 	ldr	w7, [x0, #232]
   8e734:	0b0101ad 	add	w13, w13, w1
   8e738:	6b0d00ff 	cmp	w7, w13
   8e73c:	54ffff28 	b.hi	8e720 <CTerminalDevice::ClearLineEnd()+0x20>  // b.pmore
   8e740:	b940e003 	ldr	w3, [x0, #224]
   8e744:	6b07007f 	cmp	w3, w7
   8e748:	54000629 	b.ls	8e80c <CTerminalDevice::ClearLineEnd()+0x10c>  // b.plast
   8e74c:	b9411405 	ldr	w5, [x0, #276]
   8e750:	91028008 	add	x8, x0, #0xa0
   8e754:	5280100a 	mov	w10, #0x80                  	// #128
   8e758:	d503201f 	nop
   8e75c:	d503201f 	nop
   8e760:	2a0503e2 	mov	w2, w5
   8e764:	b9401d01 	ldr	w1, [x8, #28]
   8e768:	0b0100a1 	add	w1, w5, w1
   8e76c:	6b0100bf 	cmp	w5, w1
   8e770:	54000482 	b.cs	8e800 <CTerminalDevice::ClearLineEnd()+0x100>  // b.hs, b.nlast
   8e774:	120008e9 	and	w9, w7, #0x7
   8e778:	1ac92949 	asr	w9, w10, w9
   8e77c:	1400000e 	b	8e7b4 <CTerminalDevice::ClearLineEnd()+0xb4>
   8e780:	7100043f 	cmp	w1, #0x1
   8e784:	54000480 	b.eq	8e814 <CTerminalDevice::ClearLineEnd()+0x114>  // b.none
   8e788:	7100203f 	cmp	w1, #0x8
   8e78c:	540000a1 	b.ne	8e7a0 <CTerminalDevice::ClearLineEnd()+0xa0>  // b.any
   8e790:	1b031c43 	madd	w3, w2, w3, w7
   8e794:	38234886 	strb	w6, [x4, w3, uxtw]
   8e798:	b940e003 	ldr	w3, [x0, #224]
   8e79c:	b9411405 	ldr	w5, [x0, #276]
   8e7a0:	11000442 	add	w2, w2, #0x1
   8e7a4:	b9401d01 	ldr	w1, [x8, #28]
   8e7a8:	0b0100a1 	add	w1, w5, w1
   8e7ac:	6b02003f 	cmp	w1, w2
   8e7b0:	54000289 	b.ls	8e800 <CTerminalDevice::ClearLineEnd()+0x100>  // b.plast
   8e7b4:	b940f001 	ldr	w1, [x0, #240]
   8e7b8:	f9406804 	ldr	x4, [x0, #208]
   8e7bc:	b9412006 	ldr	w6, [x0, #288]
   8e7c0:	7100403f 	cmp	w1, #0x10
   8e7c4:	540003a0 	b.eq	8e838 <CTerminalDevice::ClearLineEnd()+0x138>  // b.none
   8e7c8:	54fffdc9 	b.ls	8e780 <CTerminalDevice::ClearLineEnd()+0x80>  // b.plast
   8e7cc:	7100803f 	cmp	w1, #0x20
   8e7d0:	54fffe81 	b.ne	8e7a0 <CTerminalDevice::ClearLineEnd()+0xa0>  // b.any
   8e7d4:	1b031c43 	madd	w3, w2, w3, w7
   8e7d8:	11000442 	add	w2, w2, #0x1
   8e7dc:	b8237886 	str	w6, [x4, x3, lsl #2]
   8e7e0:	b9411405 	ldr	w5, [x0, #276]
   8e7e4:	b9401d01 	ldr	w1, [x8, #28]
   8e7e8:	b940e003 	ldr	w3, [x0, #224]
   8e7ec:	0b0100a1 	add	w1, w5, w1
   8e7f0:	6b02003f 	cmp	w1, w2
   8e7f4:	54fffe08 	b.hi	8e7b4 <CTerminalDevice::ClearLineEnd()+0xb4>  // b.pmore
   8e7f8:	d503201f 	nop
   8e7fc:	d503201f 	nop
   8e800:	110004e7 	add	w7, w7, #0x1
   8e804:	6b0300ff 	cmp	w7, w3
   8e808:	54fffac3 	b.cc	8e760 <CTerminalDevice::ClearLineEnd()+0x60>  // b.lo, b.ul, b.last
   8e80c:	a8c17bfd 	ldp	x29, x30, [sp], #16
   8e810:	d65f03c0 	ret
   8e814:	1b031c43 	madd	w3, w2, w3, w7
   8e818:	53037c63 	lsr	w3, w3, #3
   8e81c:	38634881 	ldrb	w1, [x4, w3, uxtw]
   8e820:	34000126 	cbz	w6, 8e844 <CTerminalDevice::ClearLineEnd()+0x144>
   8e824:	2a090021 	orr	w1, w1, w9
   8e828:	38234881 	strb	w1, [x4, w3, uxtw]
   8e82c:	b940e003 	ldr	w3, [x0, #224]
   8e830:	b9411405 	ldr	w5, [x0, #276]
   8e834:	17ffffdb 	b	8e7a0 <CTerminalDevice::ClearLineEnd()+0xa0>
   8e838:	1b031c41 	madd	w1, w2, w3, w7
   8e83c:	78217886 	strh	w6, [x4, x1, lsl #1]
   8e840:	17ffffd8 	b	8e7a0 <CTerminalDevice::ClearLineEnd()+0xa0>
   8e844:	0a290021 	bic	w1, w1, w9
   8e848:	38234881 	strb	w1, [x4, w3, uxtw]
   8e84c:	b940e003 	ldr	w3, [x0, #224]
   8e850:	b9411405 	ldr	w5, [x0, #276]
   8e854:	17ffffd3 	b	8e7a0 <CTerminalDevice::ClearLineEnd()+0xa0>
   8e858:	b940e003 	ldr	w3, [x0, #224]
   8e85c:	6b07007f 	cmp	w3, w7
   8e860:	540007e9 	b.ls	8e95c <CTerminalDevice::ClearLineEnd()+0x25c>  // b.plast
   8e864:	b9411405 	ldr	w5, [x0, #276]
   8e868:	91028008 	add	x8, x0, #0xa0
   8e86c:	5280100a 	mov	w10, #0x80                  	// #128
   8e870:	2a0503e2 	mov	w2, w5
   8e874:	b9401d01 	ldr	w1, [x8, #28]
   8e878:	0b0100a1 	add	w1, w5, w1
   8e87c:	6b0100bf 	cmp	w5, w1
   8e880:	54000442 	b.cs	8e908 <CTerminalDevice::ClearLineEnd()+0x208>  // b.hs, b.nlast
   8e884:	120008e9 	and	w9, w7, #0x7
   8e888:	1ac92949 	asr	w9, w10, w9
   8e88c:	1400000e 	b	8e8c4 <CTerminalDevice::ClearLineEnd()+0x1c4>
   8e890:	7100043f 	cmp	w1, #0x1
   8e894:	54000420 	b.eq	8e918 <CTerminalDevice::ClearLineEnd()+0x218>  // b.none
   8e898:	7100203f 	cmp	w1, #0x8
   8e89c:	540000a1 	b.ne	8e8b0 <CTerminalDevice::ClearLineEnd()+0x1b0>  // b.any
   8e8a0:	1b031c43 	madd	w3, w2, w3, w7
   8e8a4:	38234886 	strb	w6, [x4, w3, uxtw]
   8e8a8:	b940e003 	ldr	w3, [x0, #224]
   8e8ac:	b9411405 	ldr	w5, [x0, #276]
   8e8b0:	11000442 	add	w2, w2, #0x1
   8e8b4:	b9401d01 	ldr	w1, [x8, #28]
   8e8b8:	0b0100a1 	add	w1, w5, w1
   8e8bc:	6b02003f 	cmp	w1, w2
   8e8c0:	54000249 	b.ls	8e908 <CTerminalDevice::ClearLineEnd()+0x208>  // b.plast
   8e8c4:	b940f001 	ldr	w1, [x0, #240]
   8e8c8:	f9406804 	ldr	x4, [x0, #208]
   8e8cc:	b9412006 	ldr	w6, [x0, #288]
   8e8d0:	7100403f 	cmp	w1, #0x10
   8e8d4:	54000340 	b.eq	8e93c <CTerminalDevice::ClearLineEnd()+0x23c>  // b.none
   8e8d8:	54fffdc9 	b.ls	8e890 <CTerminalDevice::ClearLineEnd()+0x190>  // b.plast
   8e8dc:	7100803f 	cmp	w1, #0x20
   8e8e0:	54fffe81 	b.ne	8e8b0 <CTerminalDevice::ClearLineEnd()+0x1b0>  // b.any
   8e8e4:	1b031c43 	madd	w3, w2, w3, w7
   8e8e8:	11000442 	add	w2, w2, #0x1
   8e8ec:	b8237886 	str	w6, [x4, x3, lsl #2]
   8e8f0:	b9411405 	ldr	w5, [x0, #276]
   8e8f4:	b9401d01 	ldr	w1, [x8, #28]
   8e8f8:	b940e003 	ldr	w3, [x0, #224]
   8e8fc:	0b0100a1 	add	w1, w5, w1
   8e900:	6b02003f 	cmp	w1, w2
   8e904:	54fffe08 	b.hi	8e8c4 <CTerminalDevice::ClearLineEnd()+0x1c4>  // b.pmore
   8e908:	110004e7 	add	w7, w7, #0x1
   8e90c:	6b0300ff 	cmp	w7, w3
   8e910:	54fffb03 	b.cc	8e870 <CTerminalDevice::ClearLineEnd()+0x170>  // b.lo, b.ul, b.last
   8e914:	d65f03c0 	ret
   8e918:	1b031c43 	madd	w3, w2, w3, w7
   8e91c:	53037c63 	lsr	w3, w3, #3
   8e920:	38634881 	ldrb	w1, [x4, w3, uxtw]
   8e924:	34000126 	cbz	w6, 8e948 <CTerminalDevice::ClearLineEnd()+0x248>
   8e928:	2a090021 	orr	w1, w1, w9
   8e92c:	38234881 	strb	w1, [x4, w3, uxtw]
   8e930:	b940e003 	ldr	w3, [x0, #224]
   8e934:	b9411405 	ldr	w5, [x0, #276]
   8e938:	17ffffde 	b	8e8b0 <CTerminalDevice::ClearLineEnd()+0x1b0>
   8e93c:	1b031c41 	madd	w1, w2, w3, w7
   8e940:	78217886 	strh	w6, [x4, x1, lsl #1]
   8e944:	17ffffdb 	b	8e8b0 <CTerminalDevice::ClearLineEnd()+0x1b0>
   8e948:	0a290021 	bic	w1, w1, w9
   8e94c:	38234881 	strb	w1, [x4, w3, uxtw]
   8e950:	b940e003 	ldr	w3, [x0, #224]
   8e954:	b9411405 	ldr	w5, [x0, #276]
   8e958:	17ffffd6 	b	8e8b0 <CTerminalDevice::ClearLineEnd()+0x1b0>
   8e95c:	d65f03c0 	ret

000000000008e960 <CTerminalDevice::ClearDisplayEnd()>:
   8e960:	a9bf7bfd 	stp	x29, x30, [sp, #-16]!
   8e964:	910003fd 	mov	x29, sp
   8e968:	aa0003ee 	mov	x14, x0
   8e96c:	97ffff65 	bl	8e700 <CTerminalDevice::ClearLineEnd()>
   8e970:	b940bc01 	ldr	w1, [x0, #188]
   8e974:	b9411402 	ldr	w2, [x0, #276]
   8e978:	b940e000 	ldr	w0, [x0, #224]
   8e97c:	0b010041 	add	w1, w2, w1
   8e980:	1b007c21 	mul	w1, w1, w0
   8e984:	b940f1c0 	ldr	w0, [x14, #240]
   8e988:	7100401f 	cmp	w0, #0x10
   8e98c:	54000660 	b.eq	8ea58 <CTerminalDevice::ClearDisplayEnd()+0xf8>  // b.none
   8e990:	54000408 	b.hi	8ea10 <CTerminalDevice::ClearDisplayEnd()+0xb0>  // b.pmore
   8e994:	7100041f 	cmp	w0, #0x1
   8e998:	540007c0 	b.eq	8ea90 <CTerminalDevice::ClearDisplayEnd()+0x130>  // b.none
   8e99c:	7100201f 	cmp	w0, #0x8
   8e9a0:	54000201 	b.ne	8e9e0 <CTerminalDevice::ClearDisplayEnd()+0x80>  // b.any
   8e9a4:	b940d9c0 	ldr	w0, [x14, #216]
   8e9a8:	6b010000 	subs	w0, w0, w1
   8e9ac:	540001a0 	b.eq	8e9e0 <CTerminalDevice::ClearDisplayEnd()+0x80>  // b.none
   8e9b0:	f94069c2 	ldr	x2, [x14, #208]
   8e9b4:	8b214041 	add	x1, x2, w1, uxtw
   8e9b8:	8b204022 	add	x2, x1, w0, uxtw
   8e9bc:	d503201f 	nop
   8e9c0:	b94121c0 	ldr	w0, [x14, #288]
   8e9c4:	38001420 	strb	w0, [x1], #1
   8e9c8:	eb02003f 	cmp	x1, x2
   8e9cc:	54ffffa1 	b.ne	8e9c0 <CTerminalDevice::ClearDisplayEnd()+0x60>  // b.any
   8e9d0:	b94115c2 	ldr	w2, [x14, #276]
   8e9d4:	d503201f 	nop
   8e9d8:	d503201f 	nop
   8e9dc:	d503201f 	nop
   8e9e0:	b940e5c0 	ldr	w0, [x14, #228]
   8e9e4:	b940fdc1 	ldr	w1, [x14, #252]
   8e9e8:	51000400 	sub	w0, w0, #0x1
   8e9ec:	6b01005f 	cmp	w2, w1
   8e9f0:	54000042 	b.cs	8e9f8 <CTerminalDevice::ClearDisplayEnd()+0x98>  // b.hs, b.nlast
   8e9f4:	b900fdc2 	str	w2, [x14, #252]
   8e9f8:	b94101c1 	ldr	w1, [x14, #256]
   8e9fc:	6b01001f 	cmp	w0, w1
   8ea00:	54000049 	b.ls	8ea08 <CTerminalDevice::ClearDisplayEnd()+0xa8>  // b.plast
   8ea04:	b90101c0 	str	w0, [x14, #256]
   8ea08:	a8c17bfd 	ldp	x29, x30, [sp], #16
   8ea0c:	d65f03c0 	ret
   8ea10:	7100801f 	cmp	w0, #0x20
   8ea14:	54fffe61 	b.ne	8e9e0 <CTerminalDevice::ClearDisplayEnd()+0x80>  // b.any
   8ea18:	b940d9c0 	ldr	w0, [x14, #216]
   8ea1c:	53027c00 	lsr	w0, w0, #2
   8ea20:	6b010000 	subs	w0, w0, w1
   8ea24:	54fffde0 	b.eq	8e9e0 <CTerminalDevice::ClearDisplayEnd()+0x80>  // b.none
   8ea28:	f94069c2 	ldr	x2, [x14, #208]
   8ea2c:	8b214841 	add	x1, x2, w1, uxtw #2
   8ea30:	8b204822 	add	x2, x1, w0, uxtw #2
   8ea34:	d503201f 	nop
   8ea38:	d503201f 	nop
   8ea3c:	d503201f 	nop
   8ea40:	b94121c0 	ldr	w0, [x14, #288]
   8ea44:	b8004420 	str	w0, [x1], #4
   8ea48:	eb02003f 	cmp	x1, x2
   8ea4c:	54ffffa1 	b.ne	8ea40 <CTerminalDevice::ClearDisplayEnd()+0xe0>  // b.any
   8ea50:	b94115c2 	ldr	w2, [x14, #276]
   8ea54:	17ffffe3 	b	8e9e0 <CTerminalDevice::ClearDisplayEnd()+0x80>
   8ea58:	b940d9c0 	ldr	w0, [x14, #216]
   8ea5c:	53017c00 	lsr	w0, w0, #1
   8ea60:	6b010000 	subs	w0, w0, w1
   8ea64:	54fffbe0 	b.eq	8e9e0 <CTerminalDevice::ClearDisplayEnd()+0x80>  // b.none
   8ea68:	f94069c3 	ldr	x3, [x14, #208]
   8ea6c:	8b214461 	add	x1, x3, w1, uxtw #1
   8ea70:	8b204420 	add	x0, x1, w0, uxtw #1
   8ea74:	b94121c3 	ldr	w3, [x14, #288]
   8ea78:	d503201f 	nop
   8ea7c:	d503201f 	nop
   8ea80:	78002423 	strh	w3, [x1], #2
   8ea84:	eb01001f 	cmp	x0, x1
   8ea88:	54ffffc1 	b.ne	8ea80 <CTerminalDevice::ClearDisplayEnd()+0x120>  // b.any
   8ea8c:	17ffffd5 	b	8e9e0 <CTerminalDevice::ClearDisplayEnd()+0x80>
   8ea90:	b940d9c0 	ldr	w0, [x14, #216]
   8ea94:	6b410c03 	subs	w3, w0, w1, lsr #3
   8ea98:	54fffa40 	b.eq	8e9e0 <CTerminalDevice::ClearDisplayEnd()+0x80>  // b.none
   8ea9c:	f94069c0 	ldr	x0, [x14, #208]
   8eaa0:	53037c21 	lsr	w1, w1, #3
   8eaa4:	8b010000 	add	x0, x0, x1
   8eaa8:	8b234002 	add	x2, x0, w3, uxtw
   8eaac:	b94121c1 	ldr	w1, [x14, #288]
   8eab0:	7100003f 	cmp	w1, #0x0
   8eab4:	5a9f03e1 	csetm	w1, ne	// ne = any
   8eab8:	38001401 	strb	w1, [x0], #1
   8eabc:	eb02001f 	cmp	x0, x2
   8eac0:	54ffff61 	b.ne	8eaac <CTerminalDevice::ClearDisplayEnd()+0x14c>  // b.any
   8eac4:	b94115c2 	ldr	w2, [x14, #276]
   8eac8:	17ffffc6 	b	8e9e0 <CTerminalDevice::ClearDisplayEnd()+0x80>

000000000008eacc <CTerminalDevice::Initialize()>:
   8eacc:	a9bd7bfd 	stp	x29, x30, [sp, #-48]!
   8ead0:	910003fd 	mov	x29, sp
   8ead4:	a90153f3 	stp	x19, x20, [sp, #16]
   8ead8:	aa0003f3 	mov	x19, x0
   8eadc:	f9404800 	ldr	x0, [x0, #144]
   8eae0:	f9400001 	ldr	x1, [x0]
   8eae4:	f9400821 	ldr	x1, [x1, #16]
   8eae8:	d63f0020 	blr	x1
   8eaec:	b900e260 	str	w0, [x19, #224]
   8eaf0:	f9404a60 	ldr	x0, [x19, #144]
   8eaf4:	f9400001 	ldr	x1, [x0]
   8eaf8:	f9400c21 	ldr	x1, [x1, #24]
   8eafc:	d63f0020 	blr	x1
   8eb00:	b900e660 	str	w0, [x19, #228]
   8eb04:	f9404a60 	ldr	x0, [x19, #144]
   8eb08:	f9400001 	ldr	x1, [x0]
   8eb0c:	f9401021 	ldr	x1, [x1, #32]
   8eb10:	d63f0020 	blr	x1
   8eb14:	295c0674 	ldp	w20, w1, [x19, #224]
   8eb18:	b900f260 	str	w0, [x19, #240]
   8eb1c:	1b017e82 	mul	w2, w20, w1
   8eb20:	1b147c03 	mul	w3, w0, w20
   8eb24:	1b007c42 	mul	w2, w2, w0
   8eb28:	53037c63 	lsr	w3, w3, #3
   8eb2c:	53037c42 	lsr	w2, w2, #3
   8eb30:	291b0e62 	stp	w2, w3, [x19, #216]
   8eb34:	7100041f 	cmp	w0, #0x1
   8eb38:	54000081 	b.ne	8eb48 <CTerminalDevice::Initialize()+0x7c>  // b.any
   8eb3c:	52800000 	mov	w0, #0x0                   	// #0
   8eb40:	f2400a9f 	tst	x20, #0x7
   8eb44:	540007a1 	b.ne	8ec38 <CTerminalDevice::Initialize()+0x16c>  // b.any
   8eb48:	92407040 	and	x0, x2, #0x1fffffff
   8eb4c:	b9002fe1 	str	w1, [sp, #44]
   8eb50:	97ffe04c 	bl	86c80 <operator new[](unsigned long)>
   8eb54:	b940b263 	ldr	w3, [x19, #176]
   8eb58:	f9006a60 	str	x0, [x19, #208]
   8eb5c:	b940be62 	ldr	w2, [x19, #188]
   8eb60:	1b027c60 	mul	w0, w3, w2
   8eb64:	29048be3 	stp	w3, w2, [sp, #36]
   8eb68:	d37ef400 	lsl	x0, x0, #2
   8eb6c:	97ffe045 	bl	86c80 <operator new[](unsigned long)>
   8eb70:	29448be3 	ldp	w3, w2, [sp, #36]
   8eb74:	f9006660 	str	x0, [x19, #200]
   8eb78:	b9402fe1 	ldr	w1, [sp, #44]
   8eb7c:	f9404a60 	ldr	x0, [x19, #144]
   8eb80:	1ac30a94 	udiv	w20, w20, w3
   8eb84:	1ac20821 	udiv	w1, w1, w2
   8eb88:	1b037e94 	mul	w20, w20, w3
   8eb8c:	1b027c21 	mul	w1, w1, w2
   8eb90:	291d0674 	stp	w20, w1, [x19, #232]
   8eb94:	b9010e61 	str	w1, [x19, #268]
   8eb98:	12bfe001 	mov	w1, #0xffffff              	// #16777215
   8eb9c:	94000f24 	bl	9282c <CDisplay::GetColor(CDisplay::TColor) const>
   8eba0:	52800001 	mov	w1, #0x0                   	// #0
   8eba4:	b9011e60 	str	w0, [x19, #284]
   8eba8:	f9404a60 	ldr	x0, [x19, #144]
   8ebac:	94000f20 	bl	9282c <CDisplay::GetColor(CDisplay::TColor) const>
   8ebb0:	b9012260 	str	w0, [x19, #288]
   8ebb4:	b9410a60 	ldr	w0, [x19, #264]
   8ebb8:	b901127f 	str	wzr, [x19, #272]
   8ebbc:	b9011660 	str	w0, [x19, #276]
   8ebc0:	aa1303e0 	mov	x0, x19
   8ebc4:	97ffff67 	bl	8e960 <CTerminalDevice::ClearDisplayEnd()>
   8ebc8:	39446260 	ldrb	w0, [x19, #280]
   8ebcc:	36000060 	tbz	w0, #0, 8ebd8 <CTerminalDevice::Initialize()+0x10c>
   8ebd0:	aa1303e0 	mov	x0, x19
   8ebd4:	97fffa3e 	bl	8d4cc <CTerminalDevice::InvertCursor() [clone .part.0]>
   8ebd8:	295c0261 	ldp	w1, w0, [x19, #224]
   8ebdc:	d2800003 	mov	x3, #0x0                   	// #0
   8ebe0:	d2800004 	mov	x4, #0x0                   	// #0
   8ebe4:	90000054 	adrp	x20, 96000 <vtable for CDevice+0x4a8>
   8ebe8:	f9406a62 	ldr	x2, [x19, #208]
   8ebec:	51000400 	sub	w0, w0, #0x1
   8ebf0:	51000421 	sub	w1, w1, #0x1
   8ebf4:	291f827f 	stp	wzr, w0, [x19, #252]
   8ebf8:	f9404a60 	ldr	x0, [x19, #144]
   8ebfc:	291e867f 	stp	wzr, w1, [x19, #244]
   8ec00:	f9400001 	ldr	x1, [x0]
   8ec04:	f9401825 	ldr	x5, [x1, #48]
   8ec08:	9103d261 	add	x1, x19, #0xf4
   8ec0c:	d63f00a0 	blr	x5
   8ec10:	b940e660 	ldr	w0, [x19, #228]
   8ec14:	291ffe60 	stp	w0, wzr, [x19, #252]
   8ec18:	97ffc8f2 	bl	80fe0 <CDeviceNameService::Get()>
   8ec1c:	b9409a62 	ldr	w2, [x19, #152]
   8ec20:	52800003 	mov	w3, #0x0                   	// #0
   8ec24:	9107c281 	add	x1, x20, #0x1f0
   8ec28:	11000442 	add	w2, w2, #0x1
   8ec2c:	97ffc931 	bl	810f0 <CDeviceNameService::GetDevice(char const*, unsigned int, bool)>
   8ec30:	b40000a0 	cbz	x0, 8ec44 <CTerminalDevice::Initialize()+0x178>
   8ec34:	52800020 	mov	w0, #0x1                   	// #1
   8ec38:	a94153f3 	ldp	x19, x20, [sp, #16]
   8ec3c:	a8c37bfd 	ldp	x29, x30, [sp], #48
   8ec40:	d65f03c0 	ret
   8ec44:	97ffc8e7 	bl	80fe0 <CDeviceNameService::Get()>
   8ec48:	b9409a62 	ldr	w2, [x19, #152]
   8ec4c:	52800004 	mov	w4, #0x0                   	// #0
   8ec50:	aa1303e3 	mov	x3, x19
   8ec54:	9107c281 	add	x1, x20, #0x1f0
   8ec58:	11000442 	add	w2, w2, #0x1
   8ec5c:	97ffc8ed 	bl	81010 <CDeviceNameService::AddDevice(char const*, unsigned int, CDevice*, bool)>
   8ec60:	52800020 	mov	w0, #0x1                   	// #1
   8ec64:	17fffff5 	b	8ec38 <CTerminalDevice::Initialize()+0x16c>

000000000008ec68 <CTerminalDevice::Write(char)>:
   8ec68:	b9410402 	ldr	w2, [x0, #260]
   8ec6c:	aa0003e5 	mov	x5, x0
   8ec70:	13001c21 	sxtb	w1, w1
   8ec74:	7100105f 	cmp	w2, #0x4
   8ec78:	540007c0 	b.eq	8ed70 <CTerminalDevice::Write(char)+0x108>  // b.none
   8ec7c:	540002a9 	b.ls	8ecd0 <CTerminalDevice::Write(char)+0x68>  // b.plast
   8ec80:	71001c5f 	cmp	w2, #0x7
   8ec84:	54000860 	b.eq	8ed90 <CTerminalDevice::Write(char)+0x128>  // b.none
   8ec88:	54000648 	b.hi	8ed50 <CTerminalDevice::Write(char)+0xe8>  // b.pmore
   8ec8c:	7100145f 	cmp	w2, #0x5
   8ec90:	54000500 	b.eq	8ed30 <CTerminalDevice::Write(char)+0xc8>  // b.none
   8ec94:	7101203f 	cmp	w1, #0x48
   8ec98:	540017c0 	b.eq	8ef90 <CTerminalDevice::Write(char)+0x328>  // b.none
   8ec9c:	7101c83f 	cmp	w1, #0x72
   8eca0:	54001480 	b.eq	8ef30 <CTerminalDevice::Write(char)+0x2c8>  // b.none
   8eca4:	5100c021 	sub	w1, w1, #0x30
   8eca8:	12001c20 	and	w0, w1, #0xff
   8ecac:	7100241f 	cmp	w0, #0x9
   8ecb0:	540005c8 	b.hi	8ed68 <CTerminalDevice::Write(char)+0x100>  // b.pmore
   8ecb4:	b9412ca0 	ldr	w0, [x5, #300]
   8ecb8:	0b000800 	add	w0, w0, w0, lsl #2
   8ecbc:	0b000420 	add	w0, w1, w0, lsl #1
   8ecc0:	b9012ca0 	str	w0, [x5, #300]
   8ecc4:	71031c1f 	cmp	w0, #0xc7
   8ecc8:	54000508 	b.hi	8ed68 <CTerminalDevice::Write(char)+0x100>  // b.pmore
   8eccc:	d65f03c0 	ret
   8ecd0:	a9be7bfd 	stp	x29, x30, [sp, #-32]!
   8ecd4:	910003fd 	mov	x29, sp
   8ecd8:	7100085f 	cmp	w2, #0x2
   8ecdc:	54000b00 	b.eq	8ee3c <CTerminalDevice::Write(char)+0x1d4>  // b.none
   8ece0:	71000c5f 	cmp	w2, #0x3
   8ece4:	54000720 	b.eq	8edc8 <CTerminalDevice::Write(char)+0x160>  // b.none
   8ece8:	34000102 	cbz	w2, 8ed08 <CTerminalDevice::Write(char)+0xa0>
   8ecec:	71016c3f 	cmp	w1, #0x5b
   8ecf0:	540017e0 	b.eq	8efec <CTerminalDevice::Write(char)+0x384>  // b.none
   8ecf4:	7101903f 	cmp	w1, #0x64
   8ecf8:	54001460 	b.eq	8ef84 <CTerminalDevice::Write(char)+0x31c>  // b.none
   8ecfc:	b90104bf 	str	wzr, [x5, #260]
   8ed00:	a8c27bfd 	ldp	x29, x30, [sp], #32
   8ed04:	d65f03c0 	ret
   8ed08:	7100283f 	cmp	w1, #0xa
   8ed0c:	54001ea0 	b.eq	8f0e0 <CTerminalDevice::Write(char)+0x478>  // b.none
   8ed10:	54000e2d 	b.le	8eed4 <CTerminalDevice::Write(char)+0x26c>
   8ed14:	7100343f 	cmp	w1, #0xd
   8ed18:	54001e00 	b.eq	8f0d8 <CTerminalDevice::Write(char)+0x470>  // b.none
   8ed1c:	71006c3f 	cmp	w1, #0x1b
   8ed20:	54001801 	b.ne	8f020 <CTerminalDevice::Write(char)+0x3b8>  // b.any
   8ed24:	52800020 	mov	w0, #0x1                   	// #1
   8ed28:	b90104a0 	str	w0, [x5, #260]
   8ed2c:	17fffff5 	b	8ed00 <CTerminalDevice::Write(char)+0x98>
   8ed30:	5100c021 	sub	w1, w1, #0x30
   8ed34:	12001c20 	and	w0, w1, #0xff
   8ed38:	7100241f 	cmp	w0, #0x9
   8ed3c:	54000168 	b.hi	8ed68 <CTerminalDevice::Write(char)+0x100>  // b.pmore
   8ed40:	528000c0 	mov	w0, #0x6                   	// #6
   8ed44:	b9012ca1 	str	w1, [x5, #300]
   8ed48:	b90104a0 	str	w0, [x5, #260]
   8ed4c:	d65f03c0 	ret
   8ed50:	7100205f 	cmp	w2, #0x8
   8ed54:	540000a1 	b.ne	8ed68 <CTerminalDevice::Write(char)+0x100>  // b.any
   8ed58:	7100a83f 	cmp	w1, #0x2a
   8ed5c:	54001420 	b.eq	8efe0 <CTerminalDevice::Write(char)+0x378>  // b.none
   8ed60:	7100ac3f 	cmp	w1, #0x2b
   8ed64:	54001080 	b.eq	8ef74 <CTerminalDevice::Write(char)+0x30c>  // b.none
   8ed68:	b90104bf 	str	wzr, [x5, #260]
   8ed6c:	d65f03c0 	ret
   8ed70:	5100c021 	sub	w1, w1, #0x30
   8ed74:	12001c20 	and	w0, w1, #0xff
   8ed78:	7100241f 	cmp	w0, #0x9
   8ed7c:	54ffff68 	b.hi	8ed68 <CTerminalDevice::Write(char)+0x100>  // b.pmore
   8ed80:	528000e0 	mov	w0, #0x7                   	// #7
   8ed84:	b90128a1 	str	w1, [x5, #296]
   8ed88:	b90104a0 	str	w0, [x5, #260]
   8ed8c:	d65f03c0 	ret
   8ed90:	121d7820 	and	w0, w1, #0xfffffffb
   8ed94:	7101a01f 	cmp	w0, #0x68
   8ed98:	54000720 	b.eq	8ee7c <CTerminalDevice::Write(char)+0x214>  // b.none
   8ed9c:	5100c021 	sub	w1, w1, #0x30
   8eda0:	12001c20 	and	w0, w1, #0xff
   8eda4:	7100241f 	cmp	w0, #0x9
   8eda8:	54fffe08 	b.hi	8ed68 <CTerminalDevice::Write(char)+0x100>  // b.pmore
   8edac:	b94128a0 	ldr	w0, [x5, #296]
   8edb0:	0b000800 	add	w0, w0, w0, lsl #2
   8edb4:	0b000420 	add	w0, w1, w0, lsl #1
   8edb8:	b90128a0 	str	w0, [x5, #296]
   8edbc:	71018c1f 	cmp	w0, #0x63
   8edc0:	54fffd48 	b.hi	8ed68 <CTerminalDevice::Write(char)+0x100>  // b.pmore
   8edc4:	d65f03c0 	ret
   8edc8:	7101403f 	cmp	w1, #0x50
   8edcc:	54fff980 	b.eq	8ecfc <CTerminalDevice::Write(char)+0x94>  // b.none
   8edd0:	540008ed 	b.le	8eeec <CTerminalDevice::Write(char)+0x284>
   8edd4:	7101b03f 	cmp	w1, #0x6c
   8edd8:	54001ae0 	b.eq	8f134 <CTerminalDevice::Write(char)+0x4cc>  // b.none
   8eddc:	540019ac 	b.gt	8f110 <CTerminalDevice::Write(char)+0x4a8>
   8ede0:	7101603f 	cmp	w1, #0x58
   8ede4:	54001a41 	b.ne	8f12c <CTerminalDevice::Write(char)+0x4c4>  // b.any
   8ede8:	b9412800 	ldr	w0, [x0, #296]
   8edec:	34fff880 	cbz	w0, 8ecfc <CTerminalDevice::Write(char)+0x94>
   8edf0:	b940b0a1 	ldr	w1, [x5, #176]
   8edf4:	b94110ad 	ldr	w13, [x5, #272]
   8edf8:	1b013400 	madd	w0, w0, w1, w13
   8edfc:	b940e8a1 	ldr	w1, [x5, #232]
   8ee00:	6b01001f 	cmp	w0, w1
   8ee04:	1a81900e 	csel	w14, w0, w1, ls	// ls = plast
   8ee08:	6b0e01bf 	cmp	w13, w14
   8ee0c:	54fff782 	b.cs	8ecfc <CTerminalDevice::Write(char)+0x94>  // b.hs, b.nlast
   8ee10:	aa0503e0 	mov	x0, x5
   8ee14:	b94114a2 	ldr	w2, [x5, #276]
   8ee18:	2a0d03e1 	mov	w1, w13
   8ee1c:	f9000fe5 	str	x5, [sp, #24]
   8ee20:	97fffdf8 	bl	8e600 <CTerminalDevice::EraseChar(unsigned int, unsigned int)>
   8ee24:	f9400fe5 	ldr	x5, [sp, #24]
   8ee28:	b940b0a0 	ldr	w0, [x5, #176]
   8ee2c:	0b0001ad 	add	w13, w13, w0
   8ee30:	6b0d01df 	cmp	w14, w13
   8ee34:	54fffee8 	b.hi	8ee10 <CTerminalDevice::Write(char)+0x1a8>  // b.pmore
   8ee38:	17ffffb1 	b	8ecfc <CTerminalDevice::Write(char)+0x94>
   8ee3c:	7101203f 	cmp	w1, #0x48
   8ee40:	54001980 	b.eq	8f170 <CTerminalDevice::Write(char)+0x508>  // b.none
   8ee44:	540002ad 	b.le	8ee98 <CTerminalDevice::Write(char)+0x230>
   8ee48:	7101343f 	cmp	w1, #0x4d
   8ee4c:	54fff58c 	b.gt	8ecfc <CTerminalDevice::Write(char)+0x94>
   8ee50:	71012c3f 	cmp	w1, #0x4b
   8ee54:	54fff54c 	b.gt	8ecfc <CTerminalDevice::Write(char)+0x94>
   8ee58:	7101283f 	cmp	w1, #0x4a
   8ee5c:	54001940 	b.eq	8f184 <CTerminalDevice::Write(char)+0x51c>  // b.none
   8ee60:	71012c3f 	cmp	w1, #0x4b
   8ee64:	54fff4c1 	b.ne	8ecfc <CTerminalDevice::Write(char)+0x94>  // b.any
   8ee68:	f9000fe0 	str	x0, [sp, #24]
   8ee6c:	97fffe25 	bl	8e700 <CTerminalDevice::ClearLineEnd()>
   8ee70:	f9400fe5 	ldr	x5, [sp, #24]
   8ee74:	b90104bf 	str	wzr, [x5, #260]
   8ee78:	17ffffa2 	b	8ed00 <CTerminalDevice::Write(char)+0x98>
   8ee7c:	b94128a0 	ldr	w0, [x5, #296]
   8ee80:	7100641f 	cmp	w0, #0x19
   8ee84:	54fff721 	b.ne	8ed68 <CTerminalDevice::Write(char)+0x100>  // b.any
   8ee88:	7101a03f 	cmp	w1, #0x68
   8ee8c:	1a9f17e0 	cset	w0, eq	// eq = none
   8ee90:	390460a0 	strb	w0, [x5, #280]
   8ee94:	17ffffb5 	b	8ed68 <CTerminalDevice::Write(char)+0x100>
   8ee98:	7101083f 	cmp	w1, #0x42
   8ee9c:	54001840 	b.eq	8f1a4 <CTerminalDevice::Write(char)+0x53c>  // b.none
   8eea0:	54000acc 	b.gt	8eff8 <CTerminalDevice::Write(char)+0x390>
   8eea4:	7100fc3f 	cmp	w1, #0x3f
   8eea8:	54001780 	b.eq	8f198 <CTerminalDevice::Write(char)+0x530>  // b.none
   8eeac:	7101043f 	cmp	w1, #0x41
   8eeb0:	54001c01 	b.ne	8f230 <CTerminalDevice::Write(char)+0x5c8>  // b.any
   8eeb4:	b9410801 	ldr	w1, [x0, #264]
   8eeb8:	b9411400 	ldr	w0, [x0, #276]
   8eebc:	6b01001f 	cmp	w0, w1
   8eec0:	54fff1e9 	b.ls	8ecfc <CTerminalDevice::Write(char)+0x94>  // b.plast
   8eec4:	b940bca1 	ldr	w1, [x5, #188]
   8eec8:	4b010000 	sub	w0, w0, w1
   8eecc:	b90114a0 	str	w0, [x5, #276]
   8eed0:	17ffff8b 	b	8ecfc <CTerminalDevice::Write(char)+0x94>
   8eed4:	7100203f 	cmp	w1, #0x8
   8eed8:	54000f40 	b.eq	8f0c0 <CTerminalDevice::Write(char)+0x458>  // b.none
   8eedc:	7100243f 	cmp	w1, #0x9
   8eee0:	54000a01 	b.ne	8f020 <CTerminalDevice::Write(char)+0x3b8>  // b.any
   8eee4:	a8c27bfd 	ldp	x29, x30, [sp], #32
   8eee8:	17fffd08 	b	8e308 <CTerminalDevice::Tabulator()>
   8eeec:	7100ec3f 	cmp	w1, #0x3b
   8eef0:	54001300 	b.eq	8f150 <CTerminalDevice::Write(char)+0x4e8>  // b.none
   8eef4:	51013020 	sub	w0, w1, #0x4c
   8eef8:	12001c00 	and	w0, w0, #0xff
   8eefc:	7100041f 	cmp	w0, #0x1
   8ef00:	54ffefe9 	b.ls	8ecfc <CTerminalDevice::Write(char)+0x94>  // b.plast
   8ef04:	5100c021 	sub	w1, w1, #0x30
   8ef08:	12001c20 	and	w0, w1, #0xff
   8ef0c:	7100241f 	cmp	w0, #0x9
   8ef10:	54ffef68 	b.hi	8ecfc <CTerminalDevice::Write(char)+0x94>  // b.pmore
   8ef14:	b94128a0 	ldr	w0, [x5, #296]
   8ef18:	0b000800 	add	w0, w0, w0, lsl #2
   8ef1c:	0b000420 	add	w0, w1, w0, lsl #1
   8ef20:	b90128a0 	str	w0, [x5, #296]
   8ef24:	71031c1f 	cmp	w0, #0xc7
   8ef28:	54ffeea8 	b.hi	8ecfc <CTerminalDevice::Write(char)+0x94>  // b.pmore
   8ef2c:	17ffff75 	b	8ed00 <CTerminalDevice::Write(char)+0x98>
   8ef30:	b940bc01 	ldr	w1, [x0, #188]
   8ef34:	b9412800 	ldr	w0, [x0, #296]
   8ef38:	b9412ca2 	ldr	w2, [x5, #300]
   8ef3c:	51000400 	sub	w0, w0, #0x1
   8ef40:	1b017c00 	mul	w0, w0, w1
   8ef44:	1b027c21 	mul	w1, w1, w2
   8ef48:	b940eca2 	ldr	w2, [x5, #236]
   8ef4c:	6b02003f 	cmp	w1, w2
   8ef50:	1a829023 	csel	w3, w1, w2, ls	// ls = plast
   8ef54:	6b03001f 	cmp	w0, w3
   8ef58:	7a423022 	ccmp	w1, w2, #0x2, cc	// cc = lo, ul, last
   8ef5c:	540017a9 	b.ls	8f250 <CTerminalDevice::Write(char)+0x5e8>  // b.plast
   8ef60:	b94108a0 	ldr	w0, [x5, #264]
   8ef64:	b90104bf 	str	wzr, [x5, #260]
   8ef68:	b90110bf 	str	wzr, [x5, #272]
   8ef6c:	b90114a0 	str	w0, [x5, #276]
   8ef70:	d65f03c0 	ret
   8ef74:	52800020 	mov	w0, #0x1                   	// #1
   8ef78:	b90104bf 	str	wzr, [x5, #260]
   8ef7c:	3904c0a0 	strb	w0, [x5, #304]
   8ef80:	d65f03c0 	ret
   8ef84:	52800100 	mov	w0, #0x8                   	// #8
   8ef88:	b90104a0 	str	w0, [x5, #260]
   8ef8c:	17ffff5d 	b	8ed00 <CTerminalDevice::Write(char)+0x98>
   8ef90:	b940b001 	ldr	w1, [x0, #176]
   8ef94:	b9412c00 	ldr	w0, [x0, #300]
   8ef98:	51000400 	sub	w0, w0, #0x1
   8ef9c:	1b017c00 	mul	w0, w0, w1
   8efa0:	b940e8a1 	ldr	w1, [x5, #232]
   8efa4:	6b01001f 	cmp	w0, w1
   8efa8:	54ffee02 	b.cs	8ed68 <CTerminalDevice::Write(char)+0x100>  // b.hs, b.nlast
   8efac:	b94128a1 	ldr	w1, [x5, #296]
   8efb0:	b940bca2 	ldr	w2, [x5, #188]
   8efb4:	51000421 	sub	w1, w1, #0x1
   8efb8:	1b027c21 	mul	w1, w1, w2
   8efbc:	b94108a2 	ldr	w2, [x5, #264]
   8efc0:	6b02003f 	cmp	w1, w2
   8efc4:	54ffed23 	b.cc	8ed68 <CTerminalDevice::Write(char)+0x100>  // b.lo, b.ul, b.last
   8efc8:	b9410ca2 	ldr	w2, [x5, #268]
   8efcc:	6b02003f 	cmp	w1, w2
   8efd0:	54ffecc2 	b.cs	8ed68 <CTerminalDevice::Write(char)+0x100>  // b.hs, b.nlast
   8efd4:	b90110a0 	str	w0, [x5, #272]
   8efd8:	b90114a1 	str	w1, [x5, #276]
   8efdc:	17ffff63 	b	8ed68 <CTerminalDevice::Write(char)+0x100>
   8efe0:	b901041f 	str	wzr, [x0, #260]
   8efe4:	3904c01f 	strb	wzr, [x0, #304]
   8efe8:	d65f03c0 	ret
   8efec:	52800040 	mov	w0, #0x2                   	// #2
   8eff0:	b90104a0 	str	w0, [x5, #260]
   8eff4:	17ffff43 	b	8ed00 <CTerminalDevice::Write(char)+0x98>
   8eff8:	71010c3f 	cmp	w1, #0x43
   8effc:	54000b00 	b.eq	8f15c <CTerminalDevice::Write(char)+0x4f4>  // b.none
   8f000:	7101103f 	cmp	w1, #0x44
   8f004:	54ffe7c1 	b.ne	8ecfc <CTerminalDevice::Write(char)+0x94>  // b.any
   8f008:	b9411000 	ldr	w0, [x0, #272]
   8f00c:	34000fa0 	cbz	w0, 8f200 <CTerminalDevice::Write(char)+0x598>
   8f010:	b940b0a1 	ldr	w1, [x5, #176]
   8f014:	4b010000 	sub	w0, w0, w1
   8f018:	b90110a0 	str	w0, [x5, #272]
   8f01c:	17ffff38 	b	8ecfc <CTerminalDevice::Write(char)+0x94>
   8f020:	12001c20 	and	w0, w1, #0xff
   8f024:	71007c1f 	cmp	w0, #0x1f
   8f028:	54ffe6c9 	b.ls	8ed00 <CTerminalDevice::Write(char)+0x98>  // b.plast
   8f02c:	394490a2 	ldrb	w2, [x5, #292]
   8f030:	910460a6 	add	x6, x5, #0x118
   8f034:	294080c4 	ldp	w4, w0, [x6, #4]
   8f038:	f240005f 	tst	x2, #0x1
   8f03c:	297f0cc2 	ldp	w2, w3, [x6, #-8]
   8f040:	1a800084 	csel	w4, w4, w0, eq	// eq = none
   8f044:	aa0503e0 	mov	x0, x5
   8f048:	f9000fe5 	str	x5, [sp, #24]
   8f04c:	97fffcd1 	bl	8e390 <CTerminalDevice::DisplayChar(char, unsigned int, unsigned int, unsigned int)>
   8f050:	f9400fe5 	ldr	x5, [sp, #24]
   8f054:	b94110a1 	ldr	w1, [x5, #272]
   8f058:	b940b0a0 	ldr	w0, [x5, #176]
   8f05c:	0b010000 	add	w0, w0, w1
   8f060:	b940e8a1 	ldr	w1, [x5, #232]
   8f064:	b90110a0 	str	w0, [x5, #272]
   8f068:	6b01001f 	cmp	w0, w1
   8f06c:	54ffe4a3 	b.cc	8ed00 <CTerminalDevice::Write(char)+0x98>  // b.lo, b.ul, b.last
   8f070:	b94114a1 	ldr	w1, [x5, #276]
   8f074:	b90110bf 	str	wzr, [x5, #272]
   8f078:	b940bca0 	ldr	w0, [x5, #188]
   8f07c:	0b010000 	add	w0, w0, w1
   8f080:	b9410ca1 	ldr	w1, [x5, #268]
   8f084:	b90114a0 	str	w0, [x5, #276]
   8f088:	6b01001f 	cmp	w0, w1
   8f08c:	54ffe3a3 	b.cc	8ed00 <CTerminalDevice::Write(char)+0x98>  // b.lo, b.ul, b.last
   8f090:	3944c0a0 	ldrb	w0, [x5, #304]
   8f094:	36000060 	tbz	w0, #0, 8f0a0 <CTerminalDevice::Write(char)+0x438>
   8f098:	b90114bf 	str	wzr, [x5, #276]
   8f09c:	17ffff19 	b	8ed00 <CTerminalDevice::Write(char)+0x98>
   8f0a0:	aa0503e0 	mov	x0, x5
   8f0a4:	97fffbc2 	bl	8dfac <CTerminalDevice::Scroll()>
   8f0a8:	f9400fe5 	ldr	x5, [sp, #24]
   8f0ac:	b94114a0 	ldr	w0, [x5, #276]
   8f0b0:	b940bca1 	ldr	w1, [x5, #188]
   8f0b4:	4b010000 	sub	w0, w0, w1
   8f0b8:	b90114a0 	str	w0, [x5, #276]
   8f0bc:	17ffff11 	b	8ed00 <CTerminalDevice::Write(char)+0x98>
   8f0c0:	b9411000 	ldr	w0, [x0, #272]
   8f0c4:	34000860 	cbz	w0, 8f1d0 <CTerminalDevice::Write(char)+0x568>
   8f0c8:	b940b0a1 	ldr	w1, [x5, #176]
   8f0cc:	4b010000 	sub	w0, w0, w1
   8f0d0:	b90110a0 	str	w0, [x5, #272]
   8f0d4:	17ffff0b 	b	8ed00 <CTerminalDevice::Write(char)+0x98>
   8f0d8:	b901101f 	str	wzr, [x0, #272]
   8f0dc:	17ffff09 	b	8ed00 <CTerminalDevice::Write(char)+0x98>
   8f0e0:	b9411402 	ldr	w2, [x0, #276]
   8f0e4:	b901101f 	str	wzr, [x0, #272]
   8f0e8:	b940bc01 	ldr	w1, [x0, #188]
   8f0ec:	0b020021 	add	w1, w1, w2
   8f0f0:	b9410c02 	ldr	w2, [x0, #268]
   8f0f4:	b9011401 	str	w1, [x0, #276]
   8f0f8:	6b02003f 	cmp	w1, w2
   8f0fc:	54ffe023 	b.cc	8ed00 <CTerminalDevice::Write(char)+0x98>  // b.lo, b.ul, b.last
   8f100:	3944c001 	ldrb	w1, [x0, #304]
   8f104:	3707fca1 	tbnz	w1, #0, 8f098 <CTerminalDevice::Write(char)+0x430>
   8f108:	f9000fe0 	str	x0, [sp, #24]
   8f10c:	17ffffe6 	b	8f0a4 <CTerminalDevice::Write(char)+0x43c>
   8f110:	7101b43f 	cmp	w1, #0x6d
   8f114:	54ffdf41 	b.ne	8ecfc <CTerminalDevice::Write(char)+0x94>  // b.any
   8f118:	b9412801 	ldr	w1, [x0, #296]
   8f11c:	f9000fe0 	str	x0, [sp, #24]
   8f120:	97fffad3 	bl	8dc6c <CTerminalDevice::SetStandoutMode(unsigned int)>
   8f124:	f9400fe5 	ldr	x5, [sp, #24]
   8f128:	17fffef5 	b	8ecfc <CTerminalDevice::Write(char)+0x94>
   8f12c:	7101a03f 	cmp	w1, #0x68
   8f130:	54ffde61 	b.ne	8ecfc <CTerminalDevice::Write(char)+0x94>  // b.any
   8f134:	b94128a0 	ldr	w0, [x5, #296]
   8f138:	7100101f 	cmp	w0, #0x4
   8f13c:	54ffde01 	b.ne	8ecfc <CTerminalDevice::Write(char)+0x94>  // b.any
   8f140:	7101a03f 	cmp	w1, #0x68
   8f144:	1a9f17e0 	cset	w0, eq	// eq = none
   8f148:	390494a0 	strb	w0, [x5, #293]
   8f14c:	17fffeec 	b	8ecfc <CTerminalDevice::Write(char)+0x94>
   8f150:	528000a0 	mov	w0, #0x5                   	// #5
   8f154:	b90104a0 	str	w0, [x5, #260]
   8f158:	17fffeea 	b	8ed00 <CTerminalDevice::Write(char)+0x98>
   8f15c:	f9000fe0 	str	x0, [sp, #24]
   8f160:	97fffc4b 	bl	8e28c <CTerminalDevice::CursorRight()>
   8f164:	f9400fe5 	ldr	x5, [sp, #24]
   8f168:	b90104bf 	str	wzr, [x5, #260]
   8f16c:	17fffee5 	b	8ed00 <CTerminalDevice::Write(char)+0x98>
   8f170:	b9410800 	ldr	w0, [x0, #264]
   8f174:	b90104bf 	str	wzr, [x5, #260]
   8f178:	b90110bf 	str	wzr, [x5, #272]
   8f17c:	b90114a0 	str	w0, [x5, #276]
   8f180:	17fffee0 	b	8ed00 <CTerminalDevice::Write(char)+0x98>
   8f184:	f9000fe0 	str	x0, [sp, #24]
   8f188:	97fffdf6 	bl	8e960 <CTerminalDevice::ClearDisplayEnd()>
   8f18c:	f9400fe5 	ldr	x5, [sp, #24]
   8f190:	b90104bf 	str	wzr, [x5, #260]
   8f194:	17fffedb 	b	8ed00 <CTerminalDevice::Write(char)+0x98>
   8f198:	52800080 	mov	w0, #0x4                   	// #4
   8f19c:	b90104a0 	str	w0, [x5, #260]
   8f1a0:	17fffed8 	b	8ed00 <CTerminalDevice::Write(char)+0x98>
   8f1a4:	b9411402 	ldr	w2, [x0, #276]
   8f1a8:	b940bc01 	ldr	w1, [x0, #188]
   8f1ac:	0b020021 	add	w1, w1, w2
   8f1b0:	b9410c02 	ldr	w2, [x0, #268]
   8f1b4:	b9011401 	str	w1, [x0, #276]
   8f1b8:	6b02003f 	cmp	w1, w2
   8f1bc:	54ffda03 	b.cc	8ecfc <CTerminalDevice::Write(char)+0x94>  // b.lo, b.ul, b.last
   8f1c0:	3944c001 	ldrb	w1, [x0, #304]
   8f1c4:	360004c1 	tbz	w1, #0, 8f25c <CTerminalDevice::Write(char)+0x5f4>
   8f1c8:	b901141f 	str	wzr, [x0, #276]
   8f1cc:	17fffecc 	b	8ecfc <CTerminalDevice::Write(char)+0x94>
   8f1d0:	b94108a1 	ldr	w1, [x5, #264]
   8f1d4:	b94114a0 	ldr	w0, [x5, #276]
   8f1d8:	6b01001f 	cmp	w0, w1
   8f1dc:	54ffd929 	b.ls	8ed00 <CTerminalDevice::Write(char)+0x98>  // b.plast
   8f1e0:	b940b0a2 	ldr	w2, [x5, #176]
   8f1e4:	b940e8a1 	ldr	w1, [x5, #232]
   8f1e8:	4b020021 	sub	w1, w1, w2
   8f1ec:	b90110a1 	str	w1, [x5, #272]
   8f1f0:	b940bca1 	ldr	w1, [x5, #188]
   8f1f4:	4b010000 	sub	w0, w0, w1
   8f1f8:	b90114a0 	str	w0, [x5, #276]
   8f1fc:	17fffec1 	b	8ed00 <CTerminalDevice::Write(char)+0x98>
   8f200:	b94108a1 	ldr	w1, [x5, #264]
   8f204:	b94114a0 	ldr	w0, [x5, #276]
   8f208:	6b01001f 	cmp	w0, w1
   8f20c:	54ffd789 	b.ls	8ecfc <CTerminalDevice::Write(char)+0x94>  // b.plast
   8f210:	b940b0a2 	ldr	w2, [x5, #176]
   8f214:	b940e8a1 	ldr	w1, [x5, #232]
   8f218:	4b020021 	sub	w1, w1, w2
   8f21c:	b90110a1 	str	w1, [x5, #272]
   8f220:	b940bca1 	ldr	w1, [x5, #188]
   8f224:	4b010000 	sub	w0, w0, w1
   8f228:	b90114a0 	str	w0, [x5, #276]
   8f22c:	17fffeb4 	b	8ecfc <CTerminalDevice::Write(char)+0x94>
   8f230:	5100c021 	sub	w1, w1, #0x30
   8f234:	12001c20 	and	w0, w1, #0xff
   8f238:	7100241f 	cmp	w0, #0x9
   8f23c:	54ffd608 	b.hi	8ecfc <CTerminalDevice::Write(char)+0x94>  // b.pmore
   8f240:	52800060 	mov	w0, #0x3                   	// #3
   8f244:	b90128a1 	str	w1, [x5, #296]
   8f248:	b90104a0 	str	w0, [x5, #260]
   8f24c:	17fffead 	b	8ed00 <CTerminalDevice::Write(char)+0x98>
   8f250:	b90108a0 	str	w0, [x5, #264]
   8f254:	b9010ca1 	str	w1, [x5, #268]
   8f258:	17ffff43 	b	8ef64 <CTerminalDevice::Write(char)+0x2fc>
   8f25c:	f9000fe0 	str	x0, [sp, #24]
   8f260:	97fffb53 	bl	8dfac <CTerminalDevice::Scroll()>
   8f264:	f9400fe5 	ldr	x5, [sp, #24]
   8f268:	b94114a0 	ldr	w0, [x5, #276]
   8f26c:	17ffff16 	b	8eec4 <CTerminalDevice::Write(char)+0x25c>

000000000008f270 <CTerminalDevice::Write(void const*, unsigned long)>:
   8f270:	a9bc7bfd 	stp	x29, x30, [sp, #-64]!
   8f274:	910003fd 	mov	x29, sp
   8f278:	a90153f3 	stp	x19, x20, [sp, #16]
   8f27c:	aa0003f4 	mov	x20, x0
   8f280:	a9025bf5 	stp	x21, x22, [sp, #32]
   8f284:	aa0103f6 	mov	x22, x1
   8f288:	aa0203f5 	mov	x21, x2
   8f28c:	b9413800 	ldr	w0, [x0, #312]
   8f290:	f9001bf7 	str	x23, [sp, #48]
   8f294:	35000700 	cbnz	w0, 8f374 <CTerminalDevice::Write(void const*, unsigned long)+0x104>
   8f298:	39446280 	ldrb	w0, [x20, #280]
   8f29c:	36000660 	tbz	w0, #0, 8f368 <CTerminalDevice::Write(void const*, unsigned long)+0xf8>
   8f2a0:	aa1403e0 	mov	x0, x20
   8f2a4:	97fff88a 	bl	8d4cc <CTerminalDevice::InvertCursor() [clone .part.0]>
   8f2a8:	b40006b5 	cbz	x21, 8f37c <CTerminalDevice::Write(void const*, unsigned long)+0x10c>
   8f2ac:	aa1603f3 	mov	x19, x22
   8f2b0:	38401661 	ldrb	w1, [x19], #1
   8f2b4:	aa1403e0 	mov	x0, x20
   8f2b8:	97fffe6c 	bl	8ec68 <CTerminalDevice::Write(char)>
   8f2bc:	cb1302a1 	sub	x1, x21, x19
   8f2c0:	ab0102df 	cmn	x22, x1
   8f2c4:	54ffff61 	b.ne	8f2b0 <CTerminalDevice::Write(void const*, unsigned long)+0x40>  // b.any
   8f2c8:	2a1503f7 	mov	w23, w21
   8f2cc:	39446280 	ldrb	w0, [x20, #280]
   8f2d0:	36000060 	tbz	w0, #0, 8f2dc <CTerminalDevice::Write(void const*, unsigned long)+0x6c>
   8f2d4:	aa1403e0 	mov	x0, x20
   8f2d8:	97fff87d 	bl	8d4cc <CTerminalDevice::InvertCursor() [clone .part.0]>
   8f2dc:	3944c680 	ldrb	w0, [x20, #305]
   8f2e0:	37000080 	tbnz	w0, #0, 8f2f0 <CTerminalDevice::Write(void const*, unsigned long)+0x80>
   8f2e4:	295f8281 	ldp	w1, w0, [x20, #252]
   8f2e8:	6b00003f 	cmp	w1, w0
   8f2ec:	54000129 	b.ls	8f310 <CTerminalDevice::Write(void const*, unsigned long)+0xa0>  // b.plast
   8f2f0:	b9413a80 	ldr	w0, [x20, #312]
   8f2f4:	350002c0 	cbnz	w0, 8f34c <CTerminalDevice::Write(void const*, unsigned long)+0xdc>
   8f2f8:	2a1703e0 	mov	w0, w23
   8f2fc:	f9401bf7 	ldr	x23, [sp, #48]
   8f300:	a94153f3 	ldp	x19, x20, [sp, #16]
   8f304:	a9425bf5 	ldp	x21, x22, [sp, #32]
   8f308:	a8c47bfd 	ldp	x29, x30, [sp], #64
   8f30c:	d65f03c0 	ret
   8f310:	f9404a80 	ldr	x0, [x20, #144]
   8f314:	d2800004 	mov	x4, #0x0                   	// #0
   8f318:	b940de82 	ldr	w2, [x20, #220]
   8f31c:	f9400003 	ldr	x3, [x0]
   8f320:	1b027c21 	mul	w1, w1, w2
   8f324:	f9406a82 	ldr	x2, [x20, #208]
   8f328:	f9401865 	ldr	x5, [x3, #48]
   8f32c:	d2800003 	mov	x3, #0x0                   	// #0
   8f330:	8b010042 	add	x2, x2, x1
   8f334:	9103d281 	add	x1, x20, #0xf4
   8f338:	d63f00a0 	blr	x5
   8f33c:	b940e680 	ldr	w0, [x20, #228]
   8f340:	291ffe80 	stp	w0, wzr, [x20, #252]
   8f344:	b9413a80 	ldr	w0, [x20, #312]
   8f348:	34fffd80 	cbz	w0, 8f2f8 <CTerminalDevice::Write(void const*, unsigned long)+0x88>
   8f34c:	97ffe12d 	bl	87800 <LeaveCritical>
   8f350:	2a1703e0 	mov	w0, w23
   8f354:	f9401bf7 	ldr	x23, [sp, #48]
   8f358:	a94153f3 	ldp	x19, x20, [sp, #16]
   8f35c:	a9425bf5 	ldp	x21, x22, [sp, #32]
   8f360:	a8c47bfd 	ldp	x29, x30, [sp], #64
   8f364:	d65f03c0 	ret
   8f368:	52800017 	mov	w23, #0x0                   	// #0
   8f36c:	b5fffa15 	cbnz	x21, 8f2ac <CTerminalDevice::Write(void const*, unsigned long)+0x3c>
   8f370:	17ffffdb 	b	8f2dc <CTerminalDevice::Write(void const*, unsigned long)+0x6c>
   8f374:	97ffe0f3 	bl	87740 <EnterCritical>
   8f378:	17ffffc8 	b	8f298 <CTerminalDevice::Write(void const*, unsigned long)+0x28>
   8f37c:	52800017 	mov	w23, #0x0                   	// #0
   8f380:	17ffffd3 	b	8f2cc <CTerminalDevice::Write(void const*, unsigned long)+0x5c>

000000000008f384 <CTerminalDevice::EraseChars(unsigned int)>:
   8f384:	34000281 	cbz	w1, 8f3d4 <CTerminalDevice::EraseChars(unsigned int)+0x50>
   8f388:	b940b002 	ldr	w2, [x0, #176]
   8f38c:	b941100d 	ldr	w13, [x0, #272]
   8f390:	1b02342e 	madd	w14, w1, w2, w13
   8f394:	b940e801 	ldr	w1, [x0, #232]
   8f398:	6b0101df 	cmp	w14, w1
   8f39c:	1a8191ce 	csel	w14, w14, w1, ls	// ls = plast
   8f3a0:	6b0e01bf 	cmp	w13, w14
   8f3a4:	54000182 	b.cs	8f3d4 <CTerminalDevice::EraseChars(unsigned int)+0x50>  // b.hs, b.nlast
   8f3a8:	a9bf7bfd 	stp	x29, x30, [sp, #-16]!
   8f3ac:	910003fd 	mov	x29, sp
   8f3b0:	2a0d03e1 	mov	w1, w13
   8f3b4:	b9411402 	ldr	w2, [x0, #276]
   8f3b8:	97fffc92 	bl	8e600 <CTerminalDevice::EraseChar(unsigned int, unsigned int)>
   8f3bc:	b940b001 	ldr	w1, [x0, #176]
   8f3c0:	0b0101ad 	add	w13, w13, w1
   8f3c4:	6b0d01df 	cmp	w14, w13
   8f3c8:	54ffff48 	b.hi	8f3b0 <CTerminalDevice::EraseChars(unsigned int)+0x2c>  // b.pmore
   8f3cc:	a8c17bfd 	ldp	x29, x30, [sp], #16
   8f3d0:	d65f03c0 	ret
   8f3d4:	d65f03c0 	ret
   8f3d8:	d503201f 	nop
   8f3dc:	d503201f 	nop

000000000008f3e0 <CTerminalDevice::InvertCursor()>:
   8f3e0:	39446001 	ldrb	w1, [x0, #280]
   8f3e4:	36000041 	tbz	w1, #0, 8f3ec <CTerminalDevice::InvertCursor()+0xc>
   8f3e8:	17fff839 	b	8d4cc <CTerminalDevice::InvertCursor() [clone .part.0]>
   8f3ec:	d65f03c0 	ret
	...

000000000008f400 <CPageAllocator::CPageAllocator()>:
   8f400:	52800021 	mov	w1, #0x1                   	// #1
   8f404:	a9007c1f 	stp	xzr, xzr, [x0]
   8f408:	f900081f 	str	xzr, [x0, #16]
   8f40c:	b9001801 	str	w1, [x0, #24]
   8f410:	d65f03c0 	ret
   8f414:	d503201f 	nop
   8f418:	d503201f 	nop
   8f41c:	d503201f 	nop

000000000008f420 <CPageAllocator::~CPageAllocator()>:
   8f420:	d65f03c0 	ret

000000000008f424 <CPageAllocator::Setup(unsigned long, unsigned long)>:
   8f424:	d10083ff 	sub	sp, sp, #0x20
   8f428:	f9000fe0 	str	x0, [sp, #24]
   8f42c:	f9000be1 	str	x1, [sp, #16]
   8f430:	f90007e2 	str	x2, [sp, #8]
   8f434:	f9400be1 	ldr	x1, [sp, #16]
   8f438:	d29fffe0 	mov	x0, #0xffff                	// #65535
   8f43c:	8b000020 	add	x0, x1, x0
   8f440:	9270bc00 	and	x0, x0, #0xffffffffffff0000
   8f444:	aa0003e1 	mov	x1, x0
   8f448:	f9400fe0 	ldr	x0, [sp, #24]
   8f44c:	f9000001 	str	x1, [x0]
   8f450:	f9400be1 	ldr	x1, [sp, #16]
   8f454:	f94007e0 	ldr	x0, [sp, #8]
   8f458:	8b000020 	add	x0, x1, x0
   8f45c:	9270bc00 	and	x0, x0, #0xffffffffffff0000
   8f460:	aa0003e1 	mov	x1, x0
   8f464:	f9400fe0 	ldr	x0, [sp, #24]
   8f468:	f9000401 	str	x1, [x0, #8]
   8f46c:	d503201f 	nop
   8f470:	910083ff 	add	sp, sp, #0x20
   8f474:	d65f03c0 	ret
   8f478:	d503201f 	nop
   8f47c:	d503201f 	nop

000000000008f480 <CPageAllocator::GetFreeSpace() const>:
   8f480:	a9400400 	ldp	x0, x1, [x0]
   8f484:	cb000020 	sub	x0, x1, x0
   8f488:	d65f03c0 	ret

000000000008f48c <CPageAllocator::Allocate()>:
   8f48c:	a9be7bfd 	stp	x29, x30, [sp, #-32]!
   8f490:	aa0003e1 	mov	x1, x0
   8f494:	910003fd 	mov	x29, sp
   8f498:	f9400000 	ldr	x0, [x0]
   8f49c:	b4000460 	cbz	x0, 8f528 <CPageAllocator::Allocate()+0x9c>
   8f4a0:	b9401820 	ldr	w0, [x1, #24]
   8f4a4:	350001e0 	cbnz	w0, 8f4e0 <CPageAllocator::Allocate()+0x54>
   8f4a8:	f9400820 	ldr	x0, [x1, #16]
   8f4ac:	b4000240 	cbz	x0, 8f4f4 <CPageAllocator::Allocate()+0x68>
   8f4b0:	b9400003 	ldr	w3, [x0]
   8f4b4:	5289a862 	mov	w2, #0x4d43                	// #19779
   8f4b8:	72aa08e2 	movk	w2, #0x5047, lsl #16
   8f4bc:	6b02007f 	cmp	w3, w2
   8f4c0:	540003e1 	b.ne	8f53c <CPageAllocator::Allocate()+0xb0>  // b.any
   8f4c4:	f9400402 	ldr	x2, [x0, #8]
   8f4c8:	f9000822 	str	x2, [x1, #16]
   8f4cc:	b900001f 	str	wzr, [x0]
   8f4d0:	b9401821 	ldr	w1, [x1, #24]
   8f4d4:	35000201 	cbnz	w1, 8f514 <CPageAllocator::Allocate()+0x88>
   8f4d8:	a8c27bfd 	ldp	x29, x30, [sp], #32
   8f4dc:	d65f03c0 	ret
   8f4e0:	f9000fe1 	str	x1, [sp, #24]
   8f4e4:	97ffe097 	bl	87740 <EnterCritical>
   8f4e8:	f9400fe1 	ldr	x1, [sp, #24]
   8f4ec:	f9400820 	ldr	x0, [x1, #16]
   8f4f0:	b5fffe00 	cbnz	x0, 8f4b0 <CPageAllocator::Allocate()+0x24>
   8f4f4:	a9401023 	ldp	x3, x4, [x1]
   8f4f8:	91404062 	add	x2, x3, #0x10, lsl #12
   8f4fc:	f9000022 	str	x2, [x1]
   8f500:	eb04005f 	cmp	x2, x4
   8f504:	54fffe68 	b.hi	8f4d0 <CPageAllocator::Allocate()+0x44>  // b.pmore
   8f508:	b9401821 	ldr	w1, [x1, #24]
   8f50c:	aa0303e0 	mov	x0, x3
   8f510:	34fffe41 	cbz	w1, 8f4d8 <CPageAllocator::Allocate()+0x4c>
   8f514:	f9000fe0 	str	x0, [sp, #24]
   8f518:	97ffe0ba 	bl	87800 <LeaveCritical>
   8f51c:	f9400fe0 	ldr	x0, [sp, #24]
   8f520:	a8c27bfd 	ldp	x29, x30, [sp], #32
   8f524:	d65f03c0 	ret
   8f528:	f0000021 	adrp	x1, 96000 <vtable for CDevice+0x4a8>
   8f52c:	528006c2 	mov	w2, #0x36                  	// #54
   8f530:	91092021 	add	x1, x1, #0x248
   8f534:	91006020 	add	x0, x1, #0x18
   8f538:	97ffeaba 	bl	8a020 <assertion_failed>
   8f53c:	f0000021 	adrp	x1, 96000 <vtable for CDevice+0x4a8>
   8f540:	52800882 	mov	w2, #0x44                  	// #68
   8f544:	91092021 	add	x1, x1, #0x248
   8f548:	9100a020 	add	x0, x1, #0x28
   8f54c:	97ffeab5 	bl	8a020 <assertion_failed>

000000000008f550 <CPageAllocator::Free(void*)>:
   8f550:	b4000161 	cbz	x1, 8f57c <CPageAllocator::Free(void*)+0x2c>
   8f554:	aa0003e2 	mov	x2, x0
   8f558:	b9401800 	ldr	w0, [x0, #24]
   8f55c:	35000120 	cbnz	w0, 8f580 <CPageAllocator::Free(void*)+0x30>
   8f560:	5289a860 	mov	w0, #0x4d43                	// #19779
   8f564:	72aa08e0 	movk	w0, #0x5047, lsl #16
   8f568:	b9000020 	str	w0, [x1]
   8f56c:	f9400840 	ldr	x0, [x2, #16]
   8f570:	f9000420 	str	x0, [x1, #8]
   8f574:	f9000841 	str	x1, [x2, #16]
   8f578:	d65f03c0 	ret
   8f57c:	d65f03c0 	ret
   8f580:	a9be7bfd 	stp	x29, x30, [sp, #-32]!
   8f584:	910003fd 	mov	x29, sp
   8f588:	a90107e2 	stp	x2, x1, [sp, #16]
   8f58c:	97ffe06d 	bl	87740 <EnterCritical>
   8f590:	a94107e2 	ldp	x2, x1, [sp, #16]
   8f594:	5289a863 	mov	w3, #0x4d43                	// #19779
   8f598:	72aa08e3 	movk	w3, #0x5047, lsl #16
   8f59c:	b9401840 	ldr	w0, [x2, #24]
   8f5a0:	b9000023 	str	w3, [x1]
   8f5a4:	f9400843 	ldr	x3, [x2, #16]
   8f5a8:	f9000423 	str	x3, [x1, #8]
   8f5ac:	f9000841 	str	x1, [x2, #16]
   8f5b0:	34000060 	cbz	w0, 8f5bc <CPageAllocator::Free(void*)+0x6c>
   8f5b4:	a8c27bfd 	ldp	x29, x30, [sp], #32
   8f5b8:	17ffe092 	b	87800 <LeaveCritical>
   8f5bc:	a8c27bfd 	ldp	x29, x30, [sp], #32
   8f5c0:	d65f03c0 	ret
	...

000000000008f800 <VectorTable>:
   8f800:	140001ef 	b	8ffbc <SynchronousStub>
   8f804:	d503201f 	nop
   8f808:	d503201f 	nop
   8f80c:	d503201f 	nop
   8f810:	d503201f 	nop
   8f814:	d503201f 	nop
   8f818:	d503201f 	nop
   8f81c:	d503201f 	nop
   8f820:	d503201f 	nop
   8f824:	d503201f 	nop
   8f828:	d503201f 	nop
   8f82c:	d503201f 	nop
   8f830:	d503201f 	nop
   8f834:	d503201f 	nop
   8f838:	d503201f 	nop
   8f83c:	d503201f 	nop
   8f840:	d503201f 	nop
   8f844:	d503201f 	nop
   8f848:	d503201f 	nop
   8f84c:	d503201f 	nop
   8f850:	d503201f 	nop
   8f854:	d503201f 	nop
   8f858:	d503201f 	nop
   8f85c:	d503201f 	nop
   8f860:	d503201f 	nop
   8f864:	d503201f 	nop
   8f868:	d503201f 	nop
   8f86c:	d503201f 	nop
   8f870:	d503201f 	nop
   8f874:	d503201f 	nop
   8f878:	d503201f 	nop
   8f87c:	d503201f 	nop
   8f880:	140001eb 	b	9002c <IRQStub>
   8f884:	d503201f 	nop
   8f888:	d503201f 	nop
   8f88c:	d503201f 	nop
   8f890:	d503201f 	nop
   8f894:	d503201f 	nop
   8f898:	d503201f 	nop
   8f89c:	d503201f 	nop
   8f8a0:	d503201f 	nop
   8f8a4:	d503201f 	nop
   8f8a8:	d503201f 	nop
   8f8ac:	d503201f 	nop
   8f8b0:	d503201f 	nop
   8f8b4:	d503201f 	nop
   8f8b8:	d503201f 	nop
   8f8bc:	d503201f 	nop
   8f8c0:	d503201f 	nop
   8f8c4:	d503201f 	nop
   8f8c8:	d503201f 	nop
   8f8cc:	d503201f 	nop
   8f8d0:	d503201f 	nop
   8f8d4:	d503201f 	nop
   8f8d8:	d503201f 	nop
   8f8dc:	d503201f 	nop
   8f8e0:	d503201f 	nop
   8f8e4:	d503201f 	nop
   8f8e8:	d503201f 	nop
   8f8ec:	d503201f 	nop
   8f8f0:	d503201f 	nop
   8f8f4:	d503201f 	nop
   8f8f8:	d503201f 	nop
   8f8fc:	d503201f 	nop
   8f900:	14000217 	b	9015c <FIQStub>
   8f904:	d503201f 	nop
   8f908:	d503201f 	nop
   8f90c:	d503201f 	nop
   8f910:	d503201f 	nop
   8f914:	d503201f 	nop
   8f918:	d503201f 	nop
   8f91c:	d503201f 	nop
   8f920:	d503201f 	nop
   8f924:	d503201f 	nop
   8f928:	d503201f 	nop
   8f92c:	d503201f 	nop
   8f930:	d503201f 	nop
   8f934:	d503201f 	nop
   8f938:	d503201f 	nop
   8f93c:	d503201f 	nop
   8f940:	d503201f 	nop
   8f944:	d503201f 	nop
   8f948:	d503201f 	nop
   8f94c:	d503201f 	nop
   8f950:	d503201f 	nop
   8f954:	d503201f 	nop
   8f958:	d503201f 	nop
   8f95c:	d503201f 	nop
   8f960:	d503201f 	nop
   8f964:	d503201f 	nop
   8f968:	d503201f 	nop
   8f96c:	d503201f 	nop
   8f970:	d503201f 	nop
   8f974:	d503201f 	nop
   8f978:	d503201f 	nop
   8f97c:	d503201f 	nop
   8f980:	1400019d 	b	8fff4 <SErrorStub>
   8f984:	d503201f 	nop
   8f988:	d503201f 	nop
   8f98c:	d503201f 	nop
   8f990:	d503201f 	nop
   8f994:	d503201f 	nop
   8f998:	d503201f 	nop
   8f99c:	d503201f 	nop
   8f9a0:	d503201f 	nop
   8f9a4:	d503201f 	nop
   8f9a8:	d503201f 	nop
   8f9ac:	d503201f 	nop
   8f9b0:	d503201f 	nop
   8f9b4:	d503201f 	nop
   8f9b8:	d503201f 	nop
   8f9bc:	d503201f 	nop
   8f9c0:	d503201f 	nop
   8f9c4:	d503201f 	nop
   8f9c8:	d503201f 	nop
   8f9cc:	d503201f 	nop
   8f9d0:	d503201f 	nop
   8f9d4:	d503201f 	nop
   8f9d8:	d503201f 	nop
   8f9dc:	d503201f 	nop
   8f9e0:	d503201f 	nop
   8f9e4:	d503201f 	nop
   8f9e8:	d503201f 	nop
   8f9ec:	d503201f 	nop
   8f9f0:	d503201f 	nop
   8f9f4:	d503201f 	nop
   8f9f8:	d503201f 	nop
   8f9fc:	d503201f 	nop
   8fa00:	1400016f 	b	8ffbc <SynchronousStub>
   8fa04:	d503201f 	nop
   8fa08:	d503201f 	nop
   8fa0c:	d503201f 	nop
   8fa10:	d503201f 	nop
   8fa14:	d503201f 	nop
   8fa18:	d503201f 	nop
   8fa1c:	d503201f 	nop
   8fa20:	d503201f 	nop
   8fa24:	d503201f 	nop
   8fa28:	d503201f 	nop
   8fa2c:	d503201f 	nop
   8fa30:	d503201f 	nop
   8fa34:	d503201f 	nop
   8fa38:	d503201f 	nop
   8fa3c:	d503201f 	nop
   8fa40:	d503201f 	nop
   8fa44:	d503201f 	nop
   8fa48:	d503201f 	nop
   8fa4c:	d503201f 	nop
   8fa50:	d503201f 	nop
   8fa54:	d503201f 	nop
   8fa58:	d503201f 	nop
   8fa5c:	d503201f 	nop
   8fa60:	d503201f 	nop
   8fa64:	d503201f 	nop
   8fa68:	d503201f 	nop
   8fa6c:	d503201f 	nop
   8fa70:	d503201f 	nop
   8fa74:	d503201f 	nop
   8fa78:	d503201f 	nop
   8fa7c:	d503201f 	nop
   8fa80:	1400016b 	b	9002c <IRQStub>
   8fa84:	d503201f 	nop
   8fa88:	d503201f 	nop
   8fa8c:	d503201f 	nop
   8fa90:	d503201f 	nop
   8fa94:	d503201f 	nop
   8fa98:	d503201f 	nop
   8fa9c:	d503201f 	nop
   8faa0:	d503201f 	nop
   8faa4:	d503201f 	nop
   8faa8:	d503201f 	nop
   8faac:	d503201f 	nop
   8fab0:	d503201f 	nop
   8fab4:	d503201f 	nop
   8fab8:	d503201f 	nop
   8fabc:	d503201f 	nop
   8fac0:	d503201f 	nop
   8fac4:	d503201f 	nop
   8fac8:	d503201f 	nop
   8facc:	d503201f 	nop
   8fad0:	d503201f 	nop
   8fad4:	d503201f 	nop
   8fad8:	d503201f 	nop
   8fadc:	d503201f 	nop
   8fae0:	d503201f 	nop
   8fae4:	d503201f 	nop
   8fae8:	d503201f 	nop
   8faec:	d503201f 	nop
   8faf0:	d503201f 	nop
   8faf4:	d503201f 	nop
   8faf8:	d503201f 	nop
   8fafc:	d503201f 	nop
   8fb00:	14000197 	b	9015c <FIQStub>
   8fb04:	d503201f 	nop
   8fb08:	d503201f 	nop
   8fb0c:	d503201f 	nop
   8fb10:	d503201f 	nop
   8fb14:	d503201f 	nop
   8fb18:	d503201f 	nop
   8fb1c:	d503201f 	nop
   8fb20:	d503201f 	nop
   8fb24:	d503201f 	nop
   8fb28:	d503201f 	nop
   8fb2c:	d503201f 	nop
   8fb30:	d503201f 	nop
   8fb34:	d503201f 	nop
   8fb38:	d503201f 	nop
   8fb3c:	d503201f 	nop
   8fb40:	d503201f 	nop
   8fb44:	d503201f 	nop
   8fb48:	d503201f 	nop
   8fb4c:	d503201f 	nop
   8fb50:	d503201f 	nop
   8fb54:	d503201f 	nop
   8fb58:	d503201f 	nop
   8fb5c:	d503201f 	nop
   8fb60:	d503201f 	nop
   8fb64:	d503201f 	nop
   8fb68:	d503201f 	nop
   8fb6c:	d503201f 	nop
   8fb70:	d503201f 	nop
   8fb74:	d503201f 	nop
   8fb78:	d503201f 	nop
   8fb7c:	d503201f 	nop
   8fb80:	1400011d 	b	8fff4 <SErrorStub>
   8fb84:	d503201f 	nop
   8fb88:	d503201f 	nop
   8fb8c:	d503201f 	nop
   8fb90:	d503201f 	nop
   8fb94:	d503201f 	nop
   8fb98:	d503201f 	nop
   8fb9c:	d503201f 	nop
   8fba0:	d503201f 	nop
   8fba4:	d503201f 	nop
   8fba8:	d503201f 	nop
   8fbac:	d503201f 	nop
   8fbb0:	d503201f 	nop
   8fbb4:	d503201f 	nop
   8fbb8:	d503201f 	nop
   8fbbc:	d503201f 	nop
   8fbc0:	d503201f 	nop
   8fbc4:	d503201f 	nop
   8fbc8:	d503201f 	nop
   8fbcc:	d503201f 	nop
   8fbd0:	d503201f 	nop
   8fbd4:	d503201f 	nop
   8fbd8:	d503201f 	nop
   8fbdc:	d503201f 	nop
   8fbe0:	d503201f 	nop
   8fbe4:	d503201f 	nop
   8fbe8:	d503201f 	nop
   8fbec:	d503201f 	nop
   8fbf0:	d503201f 	nop
   8fbf4:	d503201f 	nop
   8fbf8:	d503201f 	nop
   8fbfc:	d503201f 	nop
   8fc00:	140001a8 	b	902a0 <HVCStub>
   8fc04:	d503201f 	nop
   8fc08:	d503201f 	nop
   8fc0c:	d503201f 	nop
   8fc10:	d503201f 	nop
   8fc14:	d503201f 	nop
   8fc18:	d503201f 	nop
   8fc1c:	d503201f 	nop
   8fc20:	d503201f 	nop
   8fc24:	d503201f 	nop
   8fc28:	d503201f 	nop
   8fc2c:	d503201f 	nop
   8fc30:	d503201f 	nop
   8fc34:	d503201f 	nop
   8fc38:	d503201f 	nop
   8fc3c:	d503201f 	nop
   8fc40:	d503201f 	nop
   8fc44:	d503201f 	nop
   8fc48:	d503201f 	nop
   8fc4c:	d503201f 	nop
   8fc50:	d503201f 	nop
   8fc54:	d503201f 	nop
   8fc58:	d503201f 	nop
   8fc5c:	d503201f 	nop
   8fc60:	d503201f 	nop
   8fc64:	d503201f 	nop
   8fc68:	d503201f 	nop
   8fc6c:	d503201f 	nop
   8fc70:	d503201f 	nop
   8fc74:	d503201f 	nop
   8fc78:	d503201f 	nop
   8fc7c:	d503201f 	nop
   8fc80:	140000c1 	b	8ff84 <UnexpectedStub>
   8fc84:	d503201f 	nop
   8fc88:	d503201f 	nop
   8fc8c:	d503201f 	nop
   8fc90:	d503201f 	nop
   8fc94:	d503201f 	nop
   8fc98:	d503201f 	nop
   8fc9c:	d503201f 	nop
   8fca0:	d503201f 	nop
   8fca4:	d503201f 	nop
   8fca8:	d503201f 	nop
   8fcac:	d503201f 	nop
   8fcb0:	d503201f 	nop
   8fcb4:	d503201f 	nop
   8fcb8:	d503201f 	nop
   8fcbc:	d503201f 	nop
   8fcc0:	d503201f 	nop
   8fcc4:	d503201f 	nop
   8fcc8:	d503201f 	nop
   8fccc:	d503201f 	nop
   8fcd0:	d503201f 	nop
   8fcd4:	d503201f 	nop
   8fcd8:	d503201f 	nop
   8fcdc:	d503201f 	nop
   8fce0:	d503201f 	nop
   8fce4:	d503201f 	nop
   8fce8:	d503201f 	nop
   8fcec:	d503201f 	nop
   8fcf0:	d503201f 	nop
   8fcf4:	d503201f 	nop
   8fcf8:	d503201f 	nop
   8fcfc:	d503201f 	nop
   8fd00:	140000a1 	b	8ff84 <UnexpectedStub>
   8fd04:	d503201f 	nop
   8fd08:	d503201f 	nop
   8fd0c:	d503201f 	nop
   8fd10:	d503201f 	nop
   8fd14:	d503201f 	nop
   8fd18:	d503201f 	nop
   8fd1c:	d503201f 	nop
   8fd20:	d503201f 	nop
   8fd24:	d503201f 	nop
   8fd28:	d503201f 	nop
   8fd2c:	d503201f 	nop
   8fd30:	d503201f 	nop
   8fd34:	d503201f 	nop
   8fd38:	d503201f 	nop
   8fd3c:	d503201f 	nop
   8fd40:	d503201f 	nop
   8fd44:	d503201f 	nop
   8fd48:	d503201f 	nop
   8fd4c:	d503201f 	nop
   8fd50:	d503201f 	nop
   8fd54:	d503201f 	nop
   8fd58:	d503201f 	nop
   8fd5c:	d503201f 	nop
   8fd60:	d503201f 	nop
   8fd64:	d503201f 	nop
   8fd68:	d503201f 	nop
   8fd6c:	d503201f 	nop
   8fd70:	d503201f 	nop
   8fd74:	d503201f 	nop
   8fd78:	d503201f 	nop
   8fd7c:	d503201f 	nop
   8fd80:	14000081 	b	8ff84 <UnexpectedStub>
   8fd84:	d503201f 	nop
   8fd88:	d503201f 	nop
   8fd8c:	d503201f 	nop
   8fd90:	d503201f 	nop
   8fd94:	d503201f 	nop
   8fd98:	d503201f 	nop
   8fd9c:	d503201f 	nop
   8fda0:	d503201f 	nop
   8fda4:	d503201f 	nop
   8fda8:	d503201f 	nop
   8fdac:	d503201f 	nop
   8fdb0:	d503201f 	nop
   8fdb4:	d503201f 	nop
   8fdb8:	d503201f 	nop
   8fdbc:	d503201f 	nop
   8fdc0:	d503201f 	nop
   8fdc4:	d503201f 	nop
   8fdc8:	d503201f 	nop
   8fdcc:	d503201f 	nop
   8fdd0:	d503201f 	nop
   8fdd4:	d503201f 	nop
   8fdd8:	d503201f 	nop
   8fddc:	d503201f 	nop
   8fde0:	d503201f 	nop
   8fde4:	d503201f 	nop
   8fde8:	d503201f 	nop
   8fdec:	d503201f 	nop
   8fdf0:	d503201f 	nop
   8fdf4:	d503201f 	nop
   8fdf8:	d503201f 	nop
   8fdfc:	d503201f 	nop
   8fe00:	14000061 	b	8ff84 <UnexpectedStub>
   8fe04:	d503201f 	nop
   8fe08:	d503201f 	nop
   8fe0c:	d503201f 	nop
   8fe10:	d503201f 	nop
   8fe14:	d503201f 	nop
   8fe18:	d503201f 	nop
   8fe1c:	d503201f 	nop
   8fe20:	d503201f 	nop
   8fe24:	d503201f 	nop
   8fe28:	d503201f 	nop
   8fe2c:	d503201f 	nop
   8fe30:	d503201f 	nop
   8fe34:	d503201f 	nop
   8fe38:	d503201f 	nop
   8fe3c:	d503201f 	nop
   8fe40:	d503201f 	nop
   8fe44:	d503201f 	nop
   8fe48:	d503201f 	nop
   8fe4c:	d503201f 	nop
   8fe50:	d503201f 	nop
   8fe54:	d503201f 	nop
   8fe58:	d503201f 	nop
   8fe5c:	d503201f 	nop
   8fe60:	d503201f 	nop
   8fe64:	d503201f 	nop
   8fe68:	d503201f 	nop
   8fe6c:	d503201f 	nop
   8fe70:	d503201f 	nop
   8fe74:	d503201f 	nop
   8fe78:	d503201f 	nop
   8fe7c:	d503201f 	nop
   8fe80:	14000041 	b	8ff84 <UnexpectedStub>
   8fe84:	d503201f 	nop
   8fe88:	d503201f 	nop
   8fe8c:	d503201f 	nop
   8fe90:	d503201f 	nop
   8fe94:	d503201f 	nop
   8fe98:	d503201f 	nop
   8fe9c:	d503201f 	nop
   8fea0:	d503201f 	nop
   8fea4:	d503201f 	nop
   8fea8:	d503201f 	nop
   8feac:	d503201f 	nop
   8feb0:	d503201f 	nop
   8feb4:	d503201f 	nop
   8feb8:	d503201f 	nop
   8febc:	d503201f 	nop
   8fec0:	d503201f 	nop
   8fec4:	d503201f 	nop
   8fec8:	d503201f 	nop
   8fecc:	d503201f 	nop
   8fed0:	d503201f 	nop
   8fed4:	d503201f 	nop
   8fed8:	d503201f 	nop
   8fedc:	d503201f 	nop
   8fee0:	d503201f 	nop
   8fee4:	d503201f 	nop
   8fee8:	d503201f 	nop
   8feec:	d503201f 	nop
   8fef0:	d503201f 	nop
   8fef4:	d503201f 	nop
   8fef8:	d503201f 	nop
   8fefc:	d503201f 	nop
   8ff00:	14000021 	b	8ff84 <UnexpectedStub>
   8ff04:	d503201f 	nop
   8ff08:	d503201f 	nop
   8ff0c:	d503201f 	nop
   8ff10:	d503201f 	nop
   8ff14:	d503201f 	nop
   8ff18:	d503201f 	nop
   8ff1c:	d503201f 	nop
   8ff20:	d503201f 	nop
   8ff24:	d503201f 	nop
   8ff28:	d503201f 	nop
   8ff2c:	d503201f 	nop
   8ff30:	d503201f 	nop
   8ff34:	d503201f 	nop
   8ff38:	d503201f 	nop
   8ff3c:	d503201f 	nop
   8ff40:	d503201f 	nop
   8ff44:	d503201f 	nop
   8ff48:	d503201f 	nop
   8ff4c:	d503201f 	nop
   8ff50:	d503201f 	nop
   8ff54:	d503201f 	nop
   8ff58:	d503201f 	nop
   8ff5c:	d503201f 	nop
   8ff60:	d503201f 	nop
   8ff64:	d503201f 	nop
   8ff68:	d503201f 	nop
   8ff6c:	d503201f 	nop
   8ff70:	d503201f 	nop
   8ff74:	d503201f 	nop
   8ff78:	d503201f 	nop
   8ff7c:	d503201f 	nop
   8ff80:	14000001 	b	8ff84 <UnexpectedStub>

000000000008ff84 <UnexpectedStub>:
   8ff84:	d5385200 	mrs	x0, esr_el1
   8ff88:	d5384001 	mrs	x1, spsr_el1
   8ff8c:	aa1e03e2 	mov	x2, x30
   8ff90:	d5384023 	mrs	x3, elr_el1
   8ff94:	d5384104 	mrs	x4, sp_el0
   8ff98:	910003e5 	mov	x5, sp
   8ff9c:	d5386006 	mrs	x6, far_el1
   8ffa0:	f81f0fe6 	str	x6, [sp, #-16]!
   8ffa4:	a9bf17e4 	stp	x4, x5, [sp, #-16]!
   8ffa8:	a9bf0fe2 	stp	x2, x3, [sp, #-16]!
   8ffac:	a9bf07e0 	stp	x0, x1, [sp, #-16]!
   8ffb0:	d2800000 	mov	x0, #0x0                   	// #0
   8ffb4:	910003e1 	mov	x1, sp
   8ffb8:	14000c9a 	b	93220 <ExceptionHandler>

000000000008ffbc <SynchronousStub>:
   8ffbc:	d5385200 	mrs	x0, esr_el1
   8ffc0:	d5384001 	mrs	x1, spsr_el1
   8ffc4:	aa1e03e2 	mov	x2, x30
   8ffc8:	d5384023 	mrs	x3, elr_el1
   8ffcc:	d5384104 	mrs	x4, sp_el0
   8ffd0:	910003e5 	mov	x5, sp
   8ffd4:	d5386006 	mrs	x6, far_el1
   8ffd8:	f81f0fe6 	str	x6, [sp, #-16]!
   8ffdc:	a9bf17e4 	stp	x4, x5, [sp, #-16]!
   8ffe0:	a9bf0fe2 	stp	x2, x3, [sp, #-16]!
   8ffe4:	a9bf07e0 	stp	x0, x1, [sp, #-16]!
   8ffe8:	d2800020 	mov	x0, #0x1                   	// #1
   8ffec:	910003e1 	mov	x1, sp
   8fff0:	14000c8c 	b	93220 <ExceptionHandler>

000000000008fff4 <SErrorStub>:
   8fff4:	d5385200 	mrs	x0, esr_el1
   8fff8:	d5384001 	mrs	x1, spsr_el1
   8fffc:	aa1e03e2 	mov	x2, x30
   90000:	d5384023 	mrs	x3, elr_el1
   90004:	d5384104 	mrs	x4, sp_el0
   90008:	910003e5 	mov	x5, sp
   9000c:	d5386006 	mrs	x6, far_el1
   90010:	f81f0fe6 	str	x6, [sp, #-16]!
   90014:	a9bf17e4 	stp	x4, x5, [sp, #-16]!
   90018:	a9bf0fe2 	stp	x2, x3, [sp, #-16]!
   9001c:	a9bf07e0 	stp	x0, x1, [sp, #-16]!
   90020:	d2800040 	mov	x0, #0x2                   	// #2
   90024:	910003e1 	mov	x1, sp
   90028:	14000c7e 	b	93220 <ExceptionHandler>

000000000009002c <IRQStub>:
   9002c:	a9bf7bfd 	stp	x29, x30, [sp, #-16]!
   90030:	d538403d 	mrs	x29, elr_el1
   90034:	d538401e 	mrs	x30, spsr_el1
   90038:	a9bf7bfd 	stp	x29, x30, [sp, #-16]!
   9003c:	d50341ff 	msr	daifclr, #0x1
   90040:	adbf7ffe 	stp	q30, q31, [sp, #-32]!
   90044:	adbf77fc 	stp	q28, q29, [sp, #-32]!
   90048:	adbf6ffa 	stp	q26, q27, [sp, #-32]!
   9004c:	adbf67f8 	stp	q24, q25, [sp, #-32]!
   90050:	adbf5ff6 	stp	q22, q23, [sp, #-32]!
   90054:	adbf57f4 	stp	q20, q21, [sp, #-32]!
   90058:	adbf4ff2 	stp	q18, q19, [sp, #-32]!
   9005c:	adbf47f0 	stp	q16, q17, [sp, #-32]!
   90060:	adbf3fee 	stp	q14, q15, [sp, #-32]!
   90064:	adbf37ec 	stp	q12, q13, [sp, #-32]!
   90068:	adbf2fea 	stp	q10, q11, [sp, #-32]!
   9006c:	adbf27e8 	stp	q8, q9, [sp, #-32]!
   90070:	adbf1fe6 	stp	q6, q7, [sp, #-32]!
   90074:	adbf17e4 	stp	q4, q5, [sp, #-32]!
   90078:	adbf0fe2 	stp	q2, q3, [sp, #-32]!
   9007c:	adbf07e0 	stp	q0, q1, [sp, #-32]!
   90080:	a9bf73fb 	stp	x27, x28, [sp, #-16]!
   90084:	a9bf6bf9 	stp	x25, x26, [sp, #-16]!
   90088:	a9bf63f7 	stp	x23, x24, [sp, #-16]!
   9008c:	a9bf5bf5 	stp	x21, x22, [sp, #-16]!
   90090:	a9bf53f3 	stp	x19, x20, [sp, #-16]!
   90094:	a9bf4bf1 	stp	x17, x18, [sp, #-16]!
   90098:	a9bf43ef 	stp	x15, x16, [sp, #-16]!
   9009c:	a9bf3bed 	stp	x13, x14, [sp, #-16]!
   900a0:	a9bf33eb 	stp	x11, x12, [sp, #-16]!
   900a4:	a9bf2be9 	stp	x9, x10, [sp, #-16]!
   900a8:	a9bf23e7 	stp	x7, x8, [sp, #-16]!
   900ac:	a9bf1be5 	stp	x5, x6, [sp, #-16]!
   900b0:	a9bf13e3 	stp	x3, x4, [sp, #-16]!
   900b4:	a9bf0be1 	stp	x1, x2, [sp, #-16]!
   900b8:	f81f0fe0 	str	x0, [sp, #-16]!
   900bc:	58000fe0 	ldr	x0, 902b8 <HVCStub+0x18>
   900c0:	f900001d 	str	x29, [x0]
   900c4:	97ffe312 	bl	88d0c <InterruptHandler>
   900c8:	f84107e0 	ldr	x0, [sp], #16
   900cc:	a8c10be1 	ldp	x1, x2, [sp], #16
   900d0:	a8c113e3 	ldp	x3, x4, [sp], #16
   900d4:	a8c11be5 	ldp	x5, x6, [sp], #16
   900d8:	a8c123e7 	ldp	x7, x8, [sp], #16
   900dc:	a8c12be9 	ldp	x9, x10, [sp], #16
   900e0:	a8c133eb 	ldp	x11, x12, [sp], #16
   900e4:	a8c13bed 	ldp	x13, x14, [sp], #16
   900e8:	a8c143ef 	ldp	x15, x16, [sp], #16
   900ec:	a8c14bf1 	ldp	x17, x18, [sp], #16
   900f0:	a8c153f3 	ldp	x19, x20, [sp], #16
   900f4:	a8c15bf5 	ldp	x21, x22, [sp], #16
   900f8:	a8c163f7 	ldp	x23, x24, [sp], #16
   900fc:	a8c16bf9 	ldp	x25, x26, [sp], #16
   90100:	a8c173fb 	ldp	x27, x28, [sp], #16
   90104:	acc107e0 	ldp	q0, q1, [sp], #32
   90108:	acc10fe2 	ldp	q2, q3, [sp], #32
   9010c:	acc117e4 	ldp	q4, q5, [sp], #32
   90110:	acc11fe6 	ldp	q6, q7, [sp], #32
   90114:	acc127e8 	ldp	q8, q9, [sp], #32
   90118:	acc12fea 	ldp	q10, q11, [sp], #32
   9011c:	acc137ec 	ldp	q12, q13, [sp], #32
   90120:	acc13fee 	ldp	q14, q15, [sp], #32
   90124:	acc147f0 	ldp	q16, q17, [sp], #32
   90128:	acc14ff2 	ldp	q18, q19, [sp], #32
   9012c:	acc157f4 	ldp	q20, q21, [sp], #32
   90130:	acc15ff6 	ldp	q22, q23, [sp], #32
   90134:	acc167f8 	ldp	q24, q25, [sp], #32
   90138:	acc16ffa 	ldp	q26, q27, [sp], #32
   9013c:	acc177fc 	ldp	q28, q29, [sp], #32
   90140:	acc17ffe 	ldp	q30, q31, [sp], #32
   90144:	d50341df 	msr	daifset, #0x1
   90148:	a8c17bfd 	ldp	x29, x30, [sp], #16
   9014c:	d518403d 	msr	elr_el1, x29
   90150:	d518401e 	msr	spsr_el1, x30
   90154:	a8c17bfd 	ldp	x29, x30, [sp], #16
   90158:	d69f03e0 	eret

000000000009015c <FIQStub>:
   9015c:	adbf7ffe 	stp	q30, q31, [sp, #-32]!
   90160:	adbf77fc 	stp	q28, q29, [sp, #-32]!
   90164:	adbf6ffa 	stp	q26, q27, [sp, #-32]!
   90168:	adbf67f8 	stp	q24, q25, [sp, #-32]!
   9016c:	adbf5ff6 	stp	q22, q23, [sp, #-32]!
   90170:	adbf57f4 	stp	q20, q21, [sp, #-32]!
   90174:	adbf4ff2 	stp	q18, q19, [sp, #-32]!
   90178:	adbf47f0 	stp	q16, q17, [sp, #-32]!
   9017c:	adbf3fee 	stp	q14, q15, [sp, #-32]!
   90180:	adbf37ec 	stp	q12, q13, [sp, #-32]!
   90184:	adbf2fea 	stp	q10, q11, [sp, #-32]!
   90188:	adbf27e8 	stp	q8, q9, [sp, #-32]!
   9018c:	adbf1fe6 	stp	q6, q7, [sp, #-32]!
   90190:	adbf17e4 	stp	q4, q5, [sp, #-32]!
   90194:	adbf0fe2 	stp	q2, q3, [sp, #-32]!
   90198:	adbf07e0 	stp	q0, q1, [sp, #-32]!
   9019c:	a9bf7bfd 	stp	x29, x30, [sp, #-16]!
   901a0:	a9bf73fb 	stp	x27, x28, [sp, #-16]!
   901a4:	a9bf6bf9 	stp	x25, x26, [sp, #-16]!
   901a8:	a9bf63f7 	stp	x23, x24, [sp, #-16]!
   901ac:	a9bf5bf5 	stp	x21, x22, [sp, #-16]!
   901b0:	a9bf53f3 	stp	x19, x20, [sp, #-16]!
   901b4:	a9bf4bf1 	stp	x17, x18, [sp, #-16]!
   901b8:	a9bf43ef 	stp	x15, x16, [sp, #-16]!
   901bc:	a9bf3bed 	stp	x13, x14, [sp, #-16]!
   901c0:	a9bf33eb 	stp	x11, x12, [sp, #-16]!
   901c4:	a9bf2be9 	stp	x9, x10, [sp, #-16]!
   901c8:	a9bf23e7 	stp	x7, x8, [sp, #-16]!
   901cc:	a9bf1be5 	stp	x5, x6, [sp, #-16]!
   901d0:	a9bf13e3 	stp	x3, x4, [sp, #-16]!
   901d4:	a9bf0be1 	stp	x1, x2, [sp, #-16]!
   901d8:	f81f0fe0 	str	x0, [sp, #-16]!
   901dc:	58000722 	ldr	x2, 902c0 <HVCStub+0x20>
   901e0:	f9400041 	ldr	x1, [x2]
   901e4:	f100003f 	cmp	x1, #0x0
   901e8:	54000480 	b.eq	90278 <FIQStub+0x11c>  // b.none
   901ec:	f9400440 	ldr	x0, [x2, #8]
   901f0:	d63f0020 	blr	x1
   901f4:	f84107e0 	ldr	x0, [sp], #16
   901f8:	a8c10be1 	ldp	x1, x2, [sp], #16
   901fc:	a8c113e3 	ldp	x3, x4, [sp], #16
   90200:	a8c11be5 	ldp	x5, x6, [sp], #16
   90204:	a8c123e7 	ldp	x7, x8, [sp], #16
   90208:	a8c12be9 	ldp	x9, x10, [sp], #16
   9020c:	a8c133eb 	ldp	x11, x12, [sp], #16
   90210:	a8c13bed 	ldp	x13, x14, [sp], #16
   90214:	a8c143ef 	ldp	x15, x16, [sp], #16
   90218:	a8c14bf1 	ldp	x17, x18, [sp], #16
   9021c:	a8c153f3 	ldp	x19, x20, [sp], #16
   90220:	a8c15bf5 	ldp	x21, x22, [sp], #16
   90224:	a8c163f7 	ldp	x23, x24, [sp], #16
   90228:	a8c16bf9 	ldp	x25, x26, [sp], #16
   9022c:	a8c173fb 	ldp	x27, x28, [sp], #16
   90230:	a8c17bfd 	ldp	x29, x30, [sp], #16
   90234:	acc107e0 	ldp	q0, q1, [sp], #32
   90238:	acc10fe2 	ldp	q2, q3, [sp], #32
   9023c:	acc117e4 	ldp	q4, q5, [sp], #32
   90240:	acc11fe6 	ldp	q6, q7, [sp], #32
   90244:	acc127e8 	ldp	q8, q9, [sp], #32
   90248:	acc12fea 	ldp	q10, q11, [sp], #32
   9024c:	acc137ec 	ldp	q12, q13, [sp], #32
   90250:	acc13fee 	ldp	q14, q15, [sp], #32
   90254:	acc147f0 	ldp	q16, q17, [sp], #32
   90258:	acc14ff2 	ldp	q18, q19, [sp], #32
   9025c:	acc157f4 	ldp	q20, q21, [sp], #32
   90260:	acc15ff6 	ldp	q22, q23, [sp], #32
   90264:	acc167f8 	ldp	q24, q25, [sp], #32
   90268:	acc16ffa 	ldp	q26, q27, [sp], #32
   9026c:	acc177fc 	ldp	q28, q29, [sp], #32
   90270:	acc17ffe 	ldp	q30, q31, [sp], #32
   90274:	d69f03e0 	eret
   90278:	58000281 	ldr	x1, 902c8 <HVCStub+0x28>
   9027c:	52800000 	mov	w0, #0x0                   	// #0
   90280:	b9000020 	str	w0, [x1]
   90284:	17ffffdc 	b	901f4 <FIQStub+0x98>

0000000000090288 <SMCStub>:
   90288:	58000242 	ldr	x2, 902d0 <HVCStub+0x30>
   9028c:	9100005f 	mov	sp, x2
   90290:	f81f0ffe 	str	x30, [sp, #-16]!
   90294:	97ffe30b 	bl	88ec0 <SecureMonitorHandler>
   90298:	f84107fe 	ldr	x30, [sp], #16
   9029c:	d69f03e0 	eret

00000000000902a0 <HVCStub>:
   902a0:	d53c4000 	mrs	x0, spsr_el2
   902a4:	927cec00 	and	x0, x0, #0xfffffffffffffff0
   902a8:	d2800121 	mov	x1, #0x9                   	// #9
   902ac:	aa010000 	orr	x0, x0, x1
   902b0:	d51c4000 	msr	spsr_el2, x0
   902b4:	d69f03e0 	eret
   902b8:	00096a68 	.word	0x00096a68
   902bc:	00000000 	.word	0x00000000
   902c0:	00096a50 	.word	0x00096a50
   902c4:	00000000 	.word	0x00000000
   902c8:	7c00b20c 	.word	0x7c00b20c
   902cc:	00000010 	.word	0x00000010
   902d0:	00096c40 	.word	0x00096c40
	...

00000000000902e0 <CBcmPCIeHostBridge::InterruptHandler(void*)>:
   902e0:	a9bc7bfd 	stp	x29, x30, [sp, #-64]!
   902e4:	910003fd 	mov	x29, sp
   902e8:	a90153f3 	stp	x19, x20, [sp, #16]
   902ec:	a9025bf5 	stp	x21, x22, [sp, #32]
   902f0:	f9001bf7 	str	x23, [sp, #48]
   902f4:	b4000540 	cbz	x0, 9039c <CBcmPCIeHostBridge::InterruptHandler(void*)+0xbc>
   902f8:	aa0003f6 	mov	x22, x0
   902fc:	f9400800 	ldr	x0, [x0, #16]
   90300:	52800037 	mov	w23, #0x1                   	// #1
   90304:	b9400015 	ldr	w21, [x0]
   90308:	34000375 	cbz	w21, 90374 <CBcmPCIeHostBridge::InterruptHandler(void*)+0x94>
   9030c:	52800013 	mov	w19, #0x0                   	// #0
   90310:	1400000f 	b	9034c <CBcmPCIeHostBridge::InterruptHandler(void*)+0x6c>
   90314:	91002000 	add	x0, x0, #0x8
   90318:	b9000014 	str	w20, [x0]
   9031c:	f94012c2 	ldr	x2, [x22, #32]
   90320:	b4000202 	cbz	x2, 90360 <CBcmPCIeHostBridge::InterruptHandler(void*)+0x80>
   90324:	f94016c1 	ldr	x1, [x22, #40]
   90328:	2a1303e0 	mov	w0, w19
   9032c:	d63f0040 	blr	x2
   90330:	f9400ac0 	ldr	x0, [x22, #16]
   90334:	6a3402b5 	bics	w21, w21, w20
   90338:	1a9f07e1 	cset	w1, ne	// ne = any
   9033c:	11000673 	add	w19, w19, #0x1
   90340:	7100827f 	cmp	w19, #0x20
   90344:	7a401824 	ccmp	w1, #0x0, #0x4, ne	// ne = any
   90348:	54fffde0 	b.eq	90304 <CBcmPCIeHostBridge::InterruptHandler(void*)+0x24>  // b.none
   9034c:	1ad322f4 	lsl	w20, w23, w19
   90350:	6a1402bf 	tst	w21, w20
   90354:	54fffe01 	b.ne	90314 <CBcmPCIeHostBridge::InterruptHandler(void*)+0x34>  // b.any
   90358:	52800021 	mov	w1, #0x1                   	// #1
   9035c:	17fffff8 	b	9033c <CBcmPCIeHostBridge::InterruptHandler(void*)+0x5c>
   90360:	d0000021 	adrp	x1, 96000 <vtable for CDevice+0x4a8>
   90364:	52808a42 	mov	w2, #0x452                 	// #1106
   90368:	910a6021 	add	x1, x1, #0x298
   9036c:	9100a020 	add	x0, x1, #0x28
   90370:	97ffe72c 	bl	8a020 <assertion_failed>
   90374:	f94002c0 	ldr	x0, [x22]
   90378:	d2880c02 	mov	x2, #0x4060                	// #16480
   9037c:	52800021 	mov	w1, #0x1                   	// #1
   90380:	8b020000 	add	x0, x0, x2
   90384:	b9000001 	str	w1, [x0]
   90388:	f9401bf7 	ldr	x23, [sp, #48]
   9038c:	a94153f3 	ldp	x19, x20, [sp, #16]
   90390:	a9425bf5 	ldp	x21, x22, [sp, #32]
   90394:	a8c47bfd 	ldp	x29, x30, [sp], #64
   90398:	d65f03c0 	ret
   9039c:	d0000021 	adrp	x1, 96000 <vtable for CDevice+0x4a8>
   903a0:	52808822 	mov	w2, #0x441                 	// #1089
   903a4:	910a6021 	add	x1, x1, #0x298
   903a8:	91006020 	add	x0, x1, #0x18
   903ac:	97ffe71d 	bl	8a020 <assertion_failed>

00000000000903b0 <CBcmPCIeHostBridge::CBcmPCIeHostBridge(unsigned int, CInterruptSystem*)>:
   903b0:	d2a00223 	mov	x3, #0x110000              	// #1114112
   903b4:	7100003f 	cmp	w1, #0x0
   903b8:	b9000001 	str	w1, [x0]
   903bc:	f2c00203 	movk	x3, #0x10, lsl #32
   903c0:	b900381f 	str	wzr, [x0, #56]
   903c4:	91404064 	add	x4, x3, #0x10, lsl #12
   903c8:	9a841063 	csel	x3, x3, x4, ne	// ne = any
   903cc:	a9008c02 	stp	x2, x3, [x0, #8]
   903d0:	b900581f 	str	wzr, [x0, #88]
   903d4:	b900681f 	str	wzr, [x0, #104]
   903d8:	f9003c1f 	str	xzr, [x0, #120]
   903dc:	d65f03c0 	ret

00000000000903e0 <CBcmPCIeHostBridge::~CBcmPCIeHostBridge()>:
   903e0:	d65f03c0 	ret

00000000000903e4 <CBcmPCIeHostBridge::DumpStatus(unsigned int, unsigned int)>:
   903e4:	a9bd7bfd 	stp	x29, x30, [sp, #-48]!
   903e8:	910003fd 	mov	x29, sp
   903ec:	a90153f3 	stp	x19, x20, [sp, #16]
   903f0:	2a0103f3 	mov	w19, w1
   903f4:	a9025bf5 	stp	x21, x22, [sp, #32]
   903f8:	aa0003f5 	mov	x21, x0
   903fc:	2a0203f6 	mov	w22, w2
   90400:	f9400814 	ldr	x20, [x0, #16]
   90404:	97fff0af 	bl	8c6c0 <CLogger::Get()>
   90408:	12800004 	mov	w4, #0xffffffff            	// #-1
   9040c:	b50003b4 	cbnz	x20, 90480 <CBcmPCIeHostBridge::DumpStatus(unsigned int, unsigned int)+0x9c>
   90410:	d0000034 	adrp	x20, 96000 <vtable for CDevice+0x4a8>
   90414:	52800082 	mov	w2, #0x4                   	// #4
   90418:	910a6294 	add	x20, x20, #0x298
   9041c:	91010283 	add	x3, x20, #0x40
   90420:	91016281 	add	x1, x20, #0x58
   90424:	97fff287 	bl	8ce40 <CLogger::Write(char const*, TLogSeverity, char const*, ...)>
   90428:	71007e7f 	cmp	w19, #0x1f
   9042c:	540003e8 	b.hi	904a8 <CBcmPCIeHostBridge::DumpStatus(unsigned int, unsigned int)+0xc4>  // b.pmore
   90430:	71001edf 	cmp	w22, #0x7
   90434:	54000568 	b.hi	904e0 <CBcmPCIeHostBridge::DumpStatus(unsigned int, unsigned int)+0xfc>  // b.pmore
   90438:	f9400aa0 	ldr	x0, [x21, #16]
   9043c:	2a130ed3 	orr	w19, w22, w19, lsl #3
   90440:	53144e73 	lsl	w19, w19, #12
   90444:	320c0273 	orr	w19, w19, #0x100000
   90448:	91402400 	add	x0, x0, #0x9, lsl #12
   9044c:	b9000013 	str	w19, [x0]
   90450:	f9400ab3 	ldr	x19, [x21, #16]
   90454:	97fff09b 	bl	8c6c0 <CLogger::Get()>
   90458:	12800004 	mov	w4, #0xffffffff            	// #-1
   9045c:	b140227f 	cmn	x19, #0x8, lsl #12
   90460:	540002c1 	b.ne	904b8 <CBcmPCIeHostBridge::DumpStatus(unsigned int, unsigned int)+0xd4>  // b.any
   90464:	a9425bf5 	ldp	x21, x22, [sp, #32]
   90468:	91020283 	add	x3, x20, #0x80
   9046c:	91016281 	add	x1, x20, #0x58
   90470:	52800082 	mov	w2, #0x4                   	// #4
   90474:	a94153f3 	ldp	x19, x20, [sp, #16]
   90478:	a8c37bfd 	ldp	x29, x30, [sp], #48
   9047c:	17fff271 	b	8ce40 <CLogger::Write(char const*, TLogSeverity, char const*, ...)>
   90480:	91001a94 	add	x20, x20, #0x6
   90484:	79400284 	ldrh	w4, [x20]
   90488:	d0000034 	adrp	x20, 96000 <vtable for CDevice+0x4a8>
   9048c:	52800082 	mov	w2, #0x4                   	// #4
   90490:	910a6294 	add	x20, x20, #0x298
   90494:	91010283 	add	x3, x20, #0x40
   90498:	91016281 	add	x1, x20, #0x58
   9049c:	97fff269 	bl	8ce40 <CLogger::Write(char const*, TLogSeverity, char const*, ...)>
   904a0:	71007e7f 	cmp	w19, #0x1f
   904a4:	54fffc69 	b.ls	90430 <CBcmPCIeHostBridge::DumpStatus(unsigned int, unsigned int)+0x4c>  // b.plast
   904a8:	52802fa2 	mov	w2, #0x17d                 	// #381
   904ac:	aa1403e1 	mov	x1, x20
   904b0:	91018280 	add	x0, x20, #0x60
   904b4:	97ffe6db 	bl	8a020 <assertion_failed>
   904b8:	d29000c1 	mov	x1, #0x8006                	// #32774
   904bc:	8b010273 	add	x19, x19, x1
   904c0:	79400264 	ldrh	w4, [x19]
   904c4:	a9425bf5 	ldp	x21, x22, [sp, #32]
   904c8:	91020283 	add	x3, x20, #0x80
   904cc:	91016281 	add	x1, x20, #0x58
   904d0:	52800082 	mov	w2, #0x4                   	// #4
   904d4:	a94153f3 	ldp	x19, x20, [sp, #16]
   904d8:	a8c37bfd 	ldp	x29, x30, [sp], #48
   904dc:	17fff259 	b	8ce40 <CLogger::Write(char const*, TLogSeverity, char const*, ...)>
   904e0:	52802fc2 	mov	w2, #0x17e                 	// #382
   904e4:	aa1403e1 	mov	x1, x20
   904e8:	9101c280 	add	x0, x20, #0x70
   904ec:	97ffe6cd 	bl	8a020 <assertion_failed>

00000000000904f0 <CBcmPCIeHostBridge::enable_bridge()>:
   904f0:	f9400801 	ldr	x1, [x0, #16]
   904f4:	b4000541 	cbz	x1, 9059c <CBcmPCIeHostBridge::enable_bridge()+0xac>
   904f8:	91002022 	add	x2, x1, #0x8
   904fc:	b9400043 	ldr	w3, [x2]
   90500:	52808002 	mov	w2, #0x400                 	// #1024
   90504:	72a000c2 	movk	w2, #0x6, lsl #16
   90508:	6b43205f 	cmp	w2, w3, lsr #8
   9050c:	54000481 	b.ne	9059c <CBcmPCIeHostBridge::enable_bridge()+0xac>  // b.any
   90510:	91003822 	add	x2, x1, #0xe
   90514:	39400042 	ldrb	w2, [x2]
   90518:	7100045f 	cmp	w2, #0x1
   9051c:	54000401 	b.ne	9059c <CBcmPCIeHostBridge::enable_bridge()+0xac>  // b.any
   90520:	91003022 	add	x2, x1, #0xc
   90524:	52800203 	mov	w3, #0x10                  	// #16
   90528:	39000043 	strb	w3, [x2]
   9052c:	52800023 	mov	w3, #0x1                   	// #1
   90530:	91006422 	add	x2, x1, #0x19
   90534:	39000043 	strb	w3, [x2]
   90538:	91006822 	add	x2, x1, #0x1a
   9053c:	39000043 	strb	w3, [x2]
   90540:	f9401002 	ldr	x2, [x0, #32]
   90544:	91008023 	add	x3, x1, #0x20
   90548:	d350fc42 	lsr	x2, x2, #16
   9054c:	79000062 	strh	w2, [x3]
   90550:	f9401000 	ldr	x0, [x0, #32]
   90554:	91008822 	add	x2, x1, #0x22
   90558:	d350fc00 	lsr	x0, x0, #16
   9055c:	79000040 	strh	w0, [x2]
   90560:	9100f820 	add	x0, x1, #0x3e
   90564:	52800022 	mov	w2, #0x1                   	// #1
   90568:	39000002 	strb	w2, [x0]
   9056c:	9102b020 	add	x0, x1, #0xac
   90570:	39400000 	ldrb	w0, [x0]
   90574:	7100401f 	cmp	w0, #0x10
   90578:	54000161 	b.ne	905a4 <CBcmPCIeHostBridge::enable_bridge()+0xb4>  // b.any
   9057c:	91032020 	add	x0, x1, #0xc8
   90580:	52800202 	mov	w2, #0x10                  	// #16
   90584:	39000002 	strb	w2, [x0]
   90588:	528028c0 	mov	w0, #0x146                 	// #326
   9058c:	91001021 	add	x1, x1, #0x4
   90590:	79000020 	strh	w0, [x1]
   90594:	52800000 	mov	w0, #0x0                   	// #0
   90598:	d65f03c0 	ret
   9059c:	12800000 	mov	w0, #0xffffffff            	// #-1
   905a0:	d65f03c0 	ret
   905a4:	d0000021 	adrp	x1, 96000 <vtable for CDevice+0x4a8>
   905a8:	a9bf7bfd 	stp	x29, x30, [sp, #-16]!
   905ac:	52805aa2 	mov	w2, #0x2d5                 	// #725
   905b0:	910a6021 	add	x1, x1, #0x298
   905b4:	910003fd 	mov	x29, sp
   905b8:	91026020 	add	x0, x1, #0x98
   905bc:	97ffe699 	bl	8a020 <assertion_failed>

00000000000905c0 <CBcmPCIeHostBridge::enable_device(unsigned int, unsigned int, unsigned int)>:
   905c0:	a9bd7bfd 	stp	x29, x30, [sp, #-48]!
   905c4:	910003fd 	mov	x29, sp
   905c8:	6b4163ff 	cmp	wzr, w1, lsr #24
   905cc:	54000941 	b.ne	906f4 <CBcmPCIeHostBridge::enable_device(unsigned int, unsigned int, unsigned int)+0x134>  // b.any
   905d0:	71007c5f 	cmp	w2, #0x1f
   905d4:	540009a8 	b.hi	90708 <CBcmPCIeHostBridge::enable_device(unsigned int, unsigned int, unsigned int)+0x148>  // b.pmore
   905d8:	71001c7f 	cmp	w3, #0x7
   905dc:	54000a08 	b.hi	9071c <CBcmPCIeHostBridge::enable_device(unsigned int, unsigned int, unsigned int)+0x15c>  // b.pmore
   905e0:	2a020c62 	orr	w2, w3, w2, lsl #3
   905e4:	f9400803 	ldr	x3, [x0, #16]
   905e8:	53144c42 	lsl	w2, w2, #12
   905ec:	320c0042 	orr	w2, w2, #0x100000
   905f0:	91402463 	add	x3, x3, #0x9, lsl #12
   905f4:	b9000062 	str	w2, [x3]
   905f8:	f9400802 	ldr	x2, [x0, #16]
   905fc:	b140205f 	cmn	x2, #0x8, lsl #12
   90600:	54000ae0 	b.eq	9075c <CBcmPCIeHostBridge::enable_device(unsigned int, unsigned int, unsigned int)+0x19c>  // b.none
   90604:	d2900103 	mov	x3, #0x8008                	// #32776
   90608:	8b030043 	add	x3, x2, x3
   9060c:	b9400064 	ldr	w4, [x3]
   90610:	6b44203f 	cmp	w1, w4, lsr #8
   90614:	540008e1 	b.ne	90730 <CBcmPCIeHostBridge::enable_device(unsigned int, unsigned int, unsigned int)+0x170>  // b.any
   90618:	91402045 	add	x5, x2, #0x8, lsl #12
   9061c:	910038a1 	add	x1, x5, #0xe
   90620:	39400021 	ldrb	w1, [x1]
   90624:	72001c3f 	tst	w1, #0xff
   90628:	54000841 	b.ne	90730 <CBcmPCIeHostBridge::enable_device(unsigned int, unsigned int, unsigned int)+0x170>  // b.any
   9062c:	910030a1 	add	x1, x5, #0xc
   90630:	52800203 	mov	w3, #0x10                  	// #16
   90634:	39000023 	strb	w3, [x1]
   90638:	f9401001 	ldr	x1, [x0, #32]
   9063c:	910040a3 	add	x3, x5, #0x10
   90640:	321e0021 	orr	w1, w1, #0x4
   90644:	b9000061 	str	w1, [x3]
   90648:	b9402403 	ldr	w3, [x0, #36]
   9064c:	910050a1 	add	x1, x5, #0x14
   90650:	b9000023 	str	w3, [x1]
   90654:	b9400000 	ldr	w0, [x0]
   90658:	34000380 	cbz	w0, 906c8 <CBcmPCIeHostBridge::enable_device(unsigned int, unsigned int, unsigned int)+0x108>
   9065c:	d29007a0 	mov	x0, #0x803d                	// #32829
   90660:	8b000046 	add	x6, x2, x0
   90664:	394000c4 	ldrb	w4, [x6]
   90668:	7100049f 	cmp	w4, #0x1
   9066c:	540000e1 	b.ne	90688 <CBcmPCIeHostBridge::enable_device(unsigned int, unsigned int, unsigned int)+0xc8>  // b.any
   90670:	910010a5 	add	x5, x5, #0x4
   90674:	528028c0 	mov	w0, #0x146                 	// #326
   90678:	790000a0 	strh	w0, [x5]
   9067c:	52800000 	mov	w0, #0x0                   	// #0
   90680:	a8c37bfd 	ldp	x29, x30, [sp], #48
   90684:	d65f03c0 	ret
   90688:	f9000fe5 	str	x5, [sp, #24]
   9068c:	b90027e4 	str	w4, [sp, #36]
   90690:	f90017e6 	str	x6, [sp, #40]
   90694:	97fff00b 	bl	8c6c0 <CLogger::Get()>
   90698:	d0000021 	adrp	x1, 96000 <vtable for CDevice+0x4a8>
   9069c:	b94027e4 	ldr	w4, [sp, #36]
   906a0:	52800042 	mov	w2, #0x2                   	// #2
   906a4:	910a6021 	add	x1, x1, #0x298
   906a8:	91046023 	add	x3, x1, #0x118
   906ac:	91016021 	add	x1, x1, #0x58
   906b0:	97fff1e4 	bl	8ce40 <CLogger::Write(char const*, TLogSeverity, char const*, ...)>
   906b4:	f94017e6 	ldr	x6, [sp, #40]
   906b8:	52800020 	mov	w0, #0x1                   	// #1
   906bc:	390000c0 	strb	w0, [x6]
   906c0:	f9400fe5 	ldr	x5, [sp, #24]
   906c4:	17ffffeb 	b	90670 <CBcmPCIeHostBridge::enable_device(unsigned int, unsigned int, unsigned int)+0xb0>
   906c8:	910060a0 	add	x0, x5, #0x18
   906cc:	52a00801 	mov	w1, #0x400000              	// #4194304
   906d0:	b9000001 	str	w1, [x0]
   906d4:	910070a0 	add	x0, x5, #0x1c
   906d8:	b900001f 	str	wzr, [x0]
   906dc:	d29007a0 	mov	x0, #0x803d                	// #32829
   906e0:	8b000046 	add	x6, x2, x0
   906e4:	394000c4 	ldrb	w4, [x6]
   906e8:	7100049f 	cmp	w4, #0x1
   906ec:	54fffc20 	b.eq	90670 <CBcmPCIeHostBridge::enable_device(unsigned int, unsigned int, unsigned int)+0xb0>  // b.none
   906f0:	17ffffe6 	b	90688 <CBcmPCIeHostBridge::enable_device(unsigned int, unsigned int, unsigned int)+0xc8>
   906f4:	d0000021 	adrp	x1, 96000 <vtable for CDevice+0x4a8>
   906f8:	52805c42 	mov	w2, #0x2e2                 	// #738
   906fc:	910a6021 	add	x1, x1, #0x298
   90700:	91038020 	add	x0, x1, #0xe0
   90704:	97ffe647 	bl	8a020 <assertion_failed>
   90708:	d0000021 	adrp	x1, 96000 <vtable for CDevice+0x4a8>
   9070c:	52805c62 	mov	w2, #0x2e3                 	// #739
   90710:	910a6021 	add	x1, x1, #0x298
   90714:	91018020 	add	x0, x1, #0x60
   90718:	97ffe642 	bl	8a020 <assertion_failed>
   9071c:	d0000021 	adrp	x1, 96000 <vtable for CDevice+0x4a8>
   90720:	52805c82 	mov	w2, #0x2e4                 	// #740
   90724:	910a6021 	add	x1, x1, #0x298
   90728:	9101c020 	add	x0, x1, #0x70
   9072c:	97ffe63d 	bl	8a020 <assertion_failed>
   90730:	f9000fe3 	str	x3, [sp, #24]
   90734:	97ffefe3 	bl	8c6c0 <CLogger::Get()>
   90738:	f9400fe3 	ldr	x3, [sp, #24]
   9073c:	b9400064 	ldr	w4, [x3]
   90740:	53087c84 	lsr	w4, w4, #8
   90744:	d0000021 	adrp	x1, 96000 <vtable for CDevice+0x4a8>
   90748:	52800022 	mov	w2, #0x1                   	// #1
   9074c:	910a6021 	add	x1, x1, #0x298
   90750:	9103e023 	add	x3, x1, #0xf8
   90754:	91016021 	add	x1, x1, #0x58
   90758:	97fff1ba 	bl	8ce40 <CLogger::Write(char const*, TLogSeverity, char const*, ...)>
   9075c:	12800000 	mov	w0, #0xffffffff            	// #-1
   90760:	17ffffc8 	b	90680 <CBcmPCIeHostBridge::enable_device(unsigned int, unsigned int, unsigned int)+0xc0>

0000000000090764 <CBcmPCIeHostBridge::EnableDevice(unsigned int, unsigned int, unsigned int)>:
   90764:	a9bf7bfd 	stp	x29, x30, [sp, #-16]!
   90768:	910003fd 	mov	x29, sp
   9076c:	97ffff95 	bl	905c0 <CBcmPCIeHostBridge::enable_device(unsigned int, unsigned int, unsigned int)>
   90770:	7100001f 	cmp	w0, #0x0
   90774:	a8c17bfd 	ldp	x29, x30, [sp], #16
   90778:	1a9f17e0 	cset	w0, eq	// eq = none
   9077c:	d65f03c0 	ret

0000000000090780 <CBcmPCIeHostBridge::pcie_set_pci_ranges()>:
   90780:	a9bc7bfd 	stp	x29, x30, [sp, #-64]!
   90784:	910003fd 	mov	x29, sp
   90788:	f9000bf3 	str	x19, [sp, #16]
   9078c:	aa0003f3 	mov	x19, x0
   90790:	b9403800 	ldr	w0, [x0, #56]
   90794:	350001e0 	cbnz	w0, 907d0 <CBcmPCIeHostBridge::pcie_set_pci_ranges()+0x50>
   90798:	97ffc9cd 	bl	82ecc <CMachineInfo::Get()>
   9079c:	b9400261 	ldr	w1, [x19]
   907a0:	910083e8 	add	x8, sp, #0x20
   907a4:	97ffc947 	bl	82cc0 <CMachineInfo::GetPCIeMemory(unsigned int) const>
   907a8:	a94207e0 	ldp	x0, x1, [sp, #32]
   907ac:	a9020660 	stp	x0, x1, [x19, #32]
   907b0:	f9401be0 	ldr	x0, [sp, #48]
   907b4:	f9001a60 	str	x0, [x19, #48]
   907b8:	52800020 	mov	w0, #0x1                   	// #1
   907bc:	b9003a60 	str	w0, [x19, #56]
   907c0:	52800000 	mov	w0, #0x0                   	// #0
   907c4:	f9400bf3 	ldr	x19, [sp, #16]
   907c8:	a8c47bfd 	ldp	x29, x30, [sp], #64
   907cc:	d65f03c0 	ret
   907d0:	d0000021 	adrp	x1, 96000 <vtable for CDevice+0x4a8>
   907d4:	528064e2 	mov	w2, #0x327                 	// #807
   907d8:	910a6021 	add	x1, x1, #0x298
   907dc:	9104e020 	add	x0, x1, #0x138
   907e0:	97ffe610 	bl	8a020 <assertion_failed>

00000000000907e4 <CBcmPCIeHostBridge::pcie_set_dma_ranges()>:
   907e4:	a9bc7bfd 	stp	x29, x30, [sp, #-64]!
   907e8:	910003fd 	mov	x29, sp
   907ec:	f9000bf3 	str	x19, [sp, #16]
   907f0:	aa0003f3 	mov	x19, x0
   907f4:	b9405800 	ldr	w0, [x0, #88]
   907f8:	35000260 	cbnz	w0, 90844 <CBcmPCIeHostBridge::pcie_set_dma_ranges()+0x60>
   907fc:	97ffc9b4 	bl	82ecc <CMachineInfo::Get()>
   90800:	b9400261 	ldr	w1, [x19]
   90804:	910083e8 	add	x8, sp, #0x20
   90808:	97ffc947 	bl	82d24 <CMachineInfo::GetPCIeDMAMemory(unsigned int) const>
   9080c:	a94203e1 	ldp	x1, x0, [sp, #32]
   90810:	b9400262 	ldr	w2, [x19]
   90814:	a9040261 	stp	x1, x0, [x19, #64]
   90818:	f9401be0 	ldr	x0, [sp, #48]
   9081c:	f9002a60 	str	x0, [x19, #80]
   90820:	52800020 	mov	w0, #0x1                   	// #1
   90824:	b9005a60 	str	w0, [x19, #88]
   90828:	d0000020 	adrp	x0, 96000 <vtable for CDevice+0x4a8>
   9082c:	91310000 	add	x0, x0, #0xc40
   90830:	f9400bf3 	ldr	x19, [sp, #16]
   90834:	f8227801 	str	x1, [x0, x2, lsl #3]
   90838:	52800000 	mov	w0, #0x0                   	// #0
   9083c:	a8c47bfd 	ldp	x29, x30, [sp], #64
   90840:	d65f03c0 	ret
   90844:	d0000021 	adrp	x1, 96000 <vtable for CDevice+0x4a8>
   90848:	528066c2 	mov	w2, #0x336                 	// #822
   9084c:	910a6021 	add	x1, x1, #0x298
   90850:	91054020 	add	x0, x1, #0x150
   90854:	97ffe5f3 	bl	8a020 <assertion_failed>
   90858:	d503201f 	nop
   9085c:	d503201f 	nop

0000000000090860 <CBcmPCIeHostBridge::pcie_set_outbound_win(unsigned int, unsigned long, unsigned long, unsigned long)>:
   90860:	f9400806 	ldr	x6, [x0, #16]
   90864:	531d7025 	lsl	w5, w1, #3
   90868:	d2880187 	mov	x7, #0x400c                	// #16396
   9086c:	8b0600a6 	add	x6, x5, x6
   90870:	8b0700c6 	add	x6, x6, x7
   90874:	b90000c3 	str	w3, [x6]
   90878:	f9400806 	ldr	x6, [x0, #16]
   9087c:	d2880208 	mov	x8, #0x4010                	// #16400
   90880:	d360fc63 	lsr	x3, x3, #32
   90884:	8b0600a6 	add	x6, x5, x6
   90888:	8b0800c6 	add	x6, x6, x8
   9088c:	b90000c3 	str	w3, [x6]
   90890:	f9400803 	ldr	x3, [x0, #16]
   90894:	531e7421 	lsl	w1, w1, #2
   90898:	d2880e07 	mov	x7, #0x4070                	// #16496
   9089c:	d1000484 	sub	x4, x4, #0x1
   908a0:	8b020084 	add	x4, x4, x2
   908a4:	8b030023 	add	x3, x1, x3
   908a8:	8b070063 	add	x3, x3, x7
   908ac:	b9400066 	ldr	w6, [x3]
   908b0:	d354fc48 	lsr	x8, x2, #20
   908b4:	331c2d06 	bfi	w6, w8, #4, #12
   908b8:	b9000066 	str	w6, [x3]
   908bc:	f9400803 	ldr	x3, [x0, #16]
   908c0:	8b030021 	add	x1, x1, x3
   908c4:	8b070021 	add	x1, x1, x7
   908c8:	b9400023 	ldr	w3, [x1]
   908cc:	d354fc86 	lsr	x6, x4, #20
   908d0:	330c2cc3 	bfi	w3, w6, #20, #12
   908d4:	b9000023 	str	w3, [x1]
   908d8:	f9400801 	ldr	x1, [x0, #16]
   908dc:	d2881009 	mov	x9, #0x4080                	// #16512
   908e0:	8b0100a1 	add	x1, x5, x1
   908e4:	8b090021 	add	x1, x1, x9
   908e8:	b9400023 	ldr	w3, [x1]
   908ec:	d360fc42 	lsr	x2, x2, #32
   908f0:	33001c43 	bfxil	w3, w2, #0, #8
   908f4:	b9000023 	str	w3, [x1]
   908f8:	f9400800 	ldr	x0, [x0, #16]
   908fc:	d288108a 	mov	x10, #0x4084                	// #16516
   90900:	8b0000a5 	add	x5, x5, x0
   90904:	8b0a00a5 	add	x5, x5, x10
   90908:	b94000a0 	ldr	w0, [x5]
   9090c:	d360fc84 	lsr	x4, x4, #32
   90910:	33001c80 	bfxil	w0, w4, #0, #8
   90914:	b90000a0 	str	w0, [x5]
   90918:	d65f03c0 	ret
   9091c:	d503201f 	nop

0000000000090920 <CBcmPCIeHostBridge::pcie_map_conf(unsigned int, unsigned int, int)>:
   90920:	aa0003e4 	mov	x4, x0
   90924:	350000e1 	cbnz	w1, 90940 <CBcmPCIeHostBridge::pcie_map_conf(unsigned int, unsigned int, int)+0x20>
   90928:	d2800000 	mov	x0, #0x0                   	// #0
   9092c:	721d105f 	tst	w2, #0xf8
   90930:	54000061 	b.ne	9093c <CBcmPCIeHostBridge::pcie_map_conf(unsigned int, unsigned int, int)+0x1c>  // b.any
   90934:	f9400880 	ldr	x0, [x4, #16]
   90938:	8b23c000 	add	x0, x0, w3, sxtw
   9093c:	d65f03c0 	ret
   90940:	f9400800 	ldr	x0, [x0, #16]
   90944:	53140845 	ubfiz	w5, w2, #12, #3
   90948:	13037c42 	asr	w2, w2, #3
   9094c:	2a0150a1 	orr	w1, w5, w1, lsl #20
   90950:	53111042 	ubfiz	w2, w2, #15, #5
   90954:	2a020021 	orr	w1, w1, w2
   90958:	91402400 	add	x0, x0, #0x9, lsl #12
   9095c:	b9000001 	str	w1, [x0]
   90960:	f9400880 	ldr	x0, [x4, #16]
   90964:	93407c63 	sxtw	x3, w3
   90968:	91402063 	add	x3, x3, #0x8, lsl #12
   9096c:	8b000060 	add	x0, x3, x0
   90970:	d65f03c0 	ret
   90974:	d503201f 	nop
   90978:	d503201f 	nop
   9097c:	d503201f 	nop

0000000000090980 <CBcmPCIeHostBridge::find_pci_capability(unsigned long, unsigned char)>:
   90980:	a9bf7bfd 	stp	x29, x30, [sp, #-16]!
   90984:	910003fd 	mov	x29, sp
   90988:	b40002e0 	cbz	x0, 909e4 <CBcmPCIeHostBridge::find_pci_capability(unsigned long, unsigned char)+0x64>
   9098c:	12001c21 	and	w1, w1, #0xff
   90990:	34000341 	cbz	w1, 909f8 <CBcmPCIeHostBridge::find_pci_capability(unsigned long, unsigned char)+0x78>
   90994:	91001802 	add	x2, x0, #0x6
   90998:	79400042 	ldrh	w2, [x2]
   9099c:	372000a2 	tbnz	w2, #4, 909b0 <CBcmPCIeHostBridge::find_pci_capability(unsigned long, unsigned char)+0x30>
   909a0:	d2800002 	mov	x2, #0x0                   	// #0
   909a4:	aa0203e0 	mov	x0, x2
   909a8:	a8c17bfd 	ldp	x29, x30, [sp], #16
   909ac:	d65f03c0 	ret
   909b0:	9100d002 	add	x2, x0, #0x34
   909b4:	39400042 	ldrb	w2, [x2]
   909b8:	72001c42 	ands	w2, w2, #0xff
   909bc:	54ffff20 	b.eq	909a0 <CBcmPCIeHostBridge::find_pci_capability(unsigned long, unsigned char)+0x20>  // b.none
   909c0:	8b224002 	add	x2, x0, w2, uxtw
   909c4:	39400043 	ldrb	w3, [x2]
   909c8:	6b23003f 	cmp	w1, w3, uxtb
   909cc:	54fffec0 	b.eq	909a4 <CBcmPCIeHostBridge::find_pci_capability(unsigned long, unsigned char)+0x24>  // b.none
   909d0:	91000442 	add	x2, x2, #0x1
   909d4:	39400042 	ldrb	w2, [x2]
   909d8:	72001c42 	ands	w2, w2, #0xff
   909dc:	54ffff21 	b.ne	909c0 <CBcmPCIeHostBridge::find_pci_capability(unsigned long, unsigned char)+0x40>  // b.any
   909e0:	17fffff0 	b	909a0 <CBcmPCIeHostBridge::find_pci_capability(unsigned long, unsigned char)+0x20>
   909e4:	d0000021 	adrp	x1, 96000 <vtable for CDevice+0x4a8>
   909e8:	52806f22 	mov	w2, #0x379                 	// #889
   909ec:	910a6021 	add	x1, x1, #0x298
   909f0:	9105a020 	add	x0, x1, #0x168
   909f4:	97ffe58b 	bl	8a020 <assertion_failed>
   909f8:	d0000021 	adrp	x1, 96000 <vtable for CDevice+0x4a8>
   909fc:	52806f42 	mov	w2, #0x37a                 	// #890
   90a00:	910a6021 	add	x1, x1, #0x298
   90a04:	9105e020 	add	x0, x1, #0x178
   90a08:	97ffe586 	bl	8a020 <assertion_failed>

0000000000090a0c <CBcmPCIeHostBridge::pcie_bridge_sw_init_set(unsigned int)>:
   90a0c:	b9400000 	ldr	w0, [x0]
   90a10:	7100001f 	cmp	w0, #0x0
   90a14:	52810000 	mov	w0, #0x800                 	// #2048
   90a18:	34000101 	cbz	w1, 90a38 <CBcmPCIeHostBridge::pcie_bridge_sw_init_set(unsigned int)+0x2c>
   90a1c:	52820001 	mov	w1, #0x1000                	// #4096
   90a20:	1a811000 	csel	w0, w0, w1, ne	// ne = any
   90a24:	d2886601 	mov	x1, #0x4330                	// #17200
   90a28:	f2a02a01 	movk	x1, #0x150, lsl #16
   90a2c:	f2c00201 	movk	x1, #0x10, lsl #32
   90a30:	b9000020 	str	w0, [x1]
   90a34:	d65f03c0 	ret
   90a38:	52820001 	mov	w1, #0x1000                	// #4096
   90a3c:	1a811000 	csel	w0, w0, w1, ne	// ne = any
   90a40:	d2886681 	mov	x1, #0x4334                	// #17204
   90a44:	f2a02a01 	movk	x1, #0x150, lsl #16
   90a48:	f2c00201 	movk	x1, #0x10, lsl #32
   90a4c:	b9000020 	str	w0, [x1]
   90a50:	52800c80 	mov	w0, #0x64                  	// #100
   90a54:	17ffd58b 	b	86080 <CTimer::SimpleusDelay(unsigned int)>
   90a58:	d503201f 	nop
   90a5c:	d503201f 	nop

0000000000090a60 <CBcmPCIeHostBridge::pcie_perst_set(unsigned int)>:
   90a60:	f9400800 	ldr	x0, [x0, #16]
   90a64:	d2880c82 	mov	x2, #0x4064                	// #16484
   90a68:	8b020000 	add	x0, x0, x2
   90a6c:	b9400002 	ldr	w2, [x0]
   90a70:	121d7842 	and	w2, w2, #0xfffffffb
   90a74:	7100003f 	cmp	w1, #0x0
   90a78:	1a9f17e1 	cset	w1, eq	// eq = none
   90a7c:	2a010841 	orr	w1, w2, w1, lsl #2
   90a80:	b9000001 	str	w1, [x0]
   90a84:	d65f03c0 	ret

0000000000090a88 <CBcmPCIeHostBridge::pcie_link_up()>:
   90a88:	f9400800 	ldr	x0, [x0, #16]
   90a8c:	d2880d01 	mov	x1, #0x4068                	// #16488
   90a90:	8b010000 	add	x0, x0, x1
   90a94:	b9400000 	ldr	w0, [x0]
   90a98:	f27b001f 	tst	x0, #0x20
   90a9c:	121c0001 	and	w1, w0, #0x10
   90aa0:	7a401824 	ccmp	w1, #0x0, #0x4, ne	// ne = any
   90aa4:	1a9f07e0 	cset	w0, ne	// ne = any
   90aa8:	d65f03c0 	ret

0000000000090aac <CBcmPCIeHostBridge::pcie_rc_mode()>:
   90aac:	52800020 	mov	w0, #0x1                   	// #1
   90ab0:	d65f03c0 	ret
   90ab4:	d503201f 	nop
   90ab8:	d503201f 	nop
   90abc:	d503201f 	nop

0000000000090ac0 <CBcmPCIeHostBridge::msi_set_regs(TPCIeMSIData*)>:
   90ac0:	b9401801 	ldr	w1, [x0, #24]
   90ac4:	710c083f 	cmp	w1, #0x302
   90ac8:	540002c9 	b.ls	90b20 <CBcmPCIeHostBridge::msi_set_regs(TPCIeMSIData*)+0x60>  // b.plast
   90acc:	f9400801 	ldr	x1, [x0, #16]
   90ad0:	12800002 	mov	w2, #0xffffffff            	// #-1
   90ad4:	91005021 	add	x1, x1, #0x14
   90ad8:	b9000022 	str	w2, [x1]
   90adc:	a9400402 	ldp	x2, x1, [x0]
   90ae0:	d2880884 	mov	x4, #0x4044                	// #16452
   90ae4:	32000023 	orr	w3, w1, #0x1
   90ae8:	8b040042 	add	x2, x2, x4
   90aec:	b9000043 	str	w3, [x2]
   90af0:	f9400002 	ldr	x2, [x0]
   90af4:	d2880905 	mov	x5, #0x4048                	// #16456
   90af8:	d360fc21 	lsr	x1, x1, #32
   90afc:	8b050042 	add	x2, x2, x5
   90b00:	b9000041 	str	w1, [x2]
   90b04:	f9400000 	ldr	x0, [x0]
   90b08:	d2880986 	mov	x6, #0x404c                	// #16460
   90b0c:	528ca801 	mov	w1, #0x6540                	// #25920
   90b10:	72bffc01 	movk	w1, #0xffe0, lsl #16
   90b14:	8b060000 	add	x0, x0, x6
   90b18:	b9000001 	str	w1, [x0]
   90b1c:	d65f03c0 	ret
   90b20:	d0000021 	adrp	x1, 96000 <vtable for CDevice+0x4a8>
   90b24:	a9bf7bfd 	stp	x29, x30, [sp, #-16]!
   90b28:	52807b82 	mov	w2, #0x3dc                 	// #988
   90b2c:	910a6021 	add	x1, x1, #0x298
   90b30:	910003fd 	mov	x29, sp
   90b34:	91062020 	add	x0, x1, #0x188
   90b38:	97ffe53a 	bl	8a020 <assertion_failed>
   90b3c:	d503201f 	nop

0000000000090b40 <CBcmPCIeHostBridge::pcie_enable_msi(void (*)(unsigned int, void*), void*)>:
   90b40:	a9bd7bfd 	stp	x29, x30, [sp, #-48]!
   90b44:	910003fd 	mov	x29, sp
   90b48:	a90153f3 	stp	x19, x20, [sp, #16]
   90b4c:	f90013f5 	str	x21, [sp, #32]
   90b50:	b40004c1 	cbz	x1, 90be8 <CBcmPCIeHostBridge::pcie_enable_msi(void (*)(unsigned int, void*), void*)+0xa8>
   90b54:	aa0003f3 	mov	x19, x0
   90b58:	d2800600 	mov	x0, #0x30                  	// #48
   90b5c:	aa0103f4 	mov	x20, x1
   90b60:	aa0203f5 	mov	x21, x2
   90b64:	97ffd841 	bl	86c68 <operator new(unsigned long)>
   90b68:	d2800602 	mov	x2, #0x30                  	// #48
   90b6c:	52800001 	mov	w1, #0x0                   	// #0
   90b70:	f9003e60 	str	x0, [x19, #120]
   90b74:	97ffd791 	bl	869b8 <memset>
   90b78:	f9400a60 	ldr	x0, [x19, #16]
   90b7c:	f9403e63 	ldr	x3, [x19, #120]
   90b80:	f9000060 	str	x0, [x3]
   90b84:	b9401a60 	ldr	w0, [x19, #24]
   90b88:	b9001860 	str	w0, [x3, #24]
   90b8c:	f9403a60 	ldr	x0, [x19, #112]
   90b90:	a9025474 	stp	x20, x21, [x3, #32]
   90b94:	f9000460 	str	x0, [x3, #8]
   90b98:	f9400660 	ldr	x0, [x19, #8]
   90b9c:	b4000300 	cbz	x0, 90bfc <CBcmPCIeHostBridge::pcie_enable_msi(void (*)(unsigned int, void*), void*)+0xbc>
   90ba0:	90000002 	adrp	x2, 90000 <SErrorStub+0xc>
   90ba4:	52802141 	mov	w1, #0x10a                 	// #266
   90ba8:	910b8042 	add	x2, x2, #0x2e0
   90bac:	97ffdee5 	bl	88740 <CInterruptSystem::ConnectIRQ(unsigned int, void (*)(void*), void*)>
   90bb0:	b9401a60 	ldr	w0, [x19, #24]
   90bb4:	710c081f 	cmp	w0, #0x302
   90bb8:	540002c9 	b.ls	90c10 <CBcmPCIeHostBridge::pcie_enable_msi(void (*)(unsigned int, void*), void*)+0xd0>  // b.plast
   90bbc:	f9403e60 	ldr	x0, [x19, #120]
   90bc0:	d288a002 	mov	x2, #0x4500                	// #17664
   90bc4:	f9400001 	ldr	x1, [x0]
   90bc8:	8b020021 	add	x1, x1, x2
   90bcc:	f9000801 	str	x1, [x0, #16]
   90bd0:	97ffffbc 	bl	90ac0 <CBcmPCIeHostBridge::msi_set_regs(TPCIeMSIData*)>
   90bd4:	f94013f5 	ldr	x21, [sp, #32]
   90bd8:	52800000 	mov	w0, #0x0                   	// #0
   90bdc:	a94153f3 	ldp	x19, x20, [sp, #16]
   90be0:	a8c37bfd 	ldp	x29, x30, [sp], #48
   90be4:	d65f03c0 	ret
   90be8:	d0000021 	adrp	x1, 96000 <vtable for CDevice+0x4a8>
   90bec:	52807842 	mov	w2, #0x3c2                 	// #962
   90bf0:	910a6021 	add	x1, x1, #0x298
   90bf4:	9106a020 	add	x0, x1, #0x1a8
   90bf8:	97ffe50a 	bl	8a020 <assertion_failed>
   90bfc:	d0000021 	adrp	x1, 96000 <vtable for CDevice+0x4a8>
   90c00:	528079e2 	mov	w2, #0x3cf                 	// #975
   90c04:	910a6021 	add	x1, x1, #0x298
   90c08:	9106e020 	add	x0, x1, #0x1b8
   90c0c:	97ffe505 	bl	8a020 <assertion_failed>
   90c10:	d0000021 	adrp	x1, 96000 <vtable for CDevice+0x4a8>
   90c14:	52807a42 	mov	w2, #0x3d2                 	// #978
   90c18:	910a6021 	add	x1, x1, #0x298
   90c1c:	91074020 	add	x0, x1, #0x1d0
   90c20:	97ffe500 	bl	8a020 <assertion_failed>

0000000000090c24 <CBcmPCIeHostBridge::cfg_index(int, int, int)>:
   90c24:	121e7442 	and	w2, w2, #0xfffffffc
   90c28:	53141c21 	ubfiz	w1, w1, #12, #8
   90c2c:	2a005040 	orr	w0, w2, w0, lsl #20
   90c30:	2a000020 	orr	w0, w1, w0
   90c34:	d65f03c0 	ret
   90c38:	d503201f 	nop
   90c3c:	d503201f 	nop

0000000000090c40 <CBcmPCIeHostBridge::set_gen(unsigned long, int)>:
   90c40:	9102e004 	add	x4, x0, #0xb8
   90c44:	b9400083 	ldr	w3, [x4]
   90c48:	91037000 	add	x0, x0, #0xdc
   90c4c:	79400002 	ldrh	w2, [x0]
   90c50:	121c6c63 	and	w3, w3, #0xfffffff0
   90c54:	2a010063 	orr	w3, w3, w1
   90c58:	b9000083 	str	w3, [x4]
   90c5c:	121c6c42 	and	w2, w2, #0xfffffff0
   90c60:	2a010042 	orr	w2, w2, w1
   90c64:	79000002 	strh	w2, [x0]
   90c68:	d65f03c0 	ret

0000000000090c6c <CBcmPCIeHostBridge::link_speed_to_str(int)>:
   90c6c:	51000400 	sub	w0, w0, #0x1
   90c70:	7100081f 	cmp	w0, #0x2
   90c74:	540000c8 	b.hi	90c8c <CBcmPCIeHostBridge::link_speed_to_str(int)+0x20>  // b.pmore
   90c78:	d0000021 	adrp	x1, 96000 <vtable for CDevice+0x4a8>
   90c7c:	910a6021 	add	x1, x1, #0x298
   90c80:	9107e021 	add	x1, x1, #0x1f8
   90c84:	f8605820 	ldr	x0, [x1, w0, uxtw #3]
   90c88:	d65f03c0 	ret
   90c8c:	d0000020 	adrp	x0, 96000 <vtable for CDevice+0x4a8>
   90c90:	910a6000 	add	x0, x0, #0x298
   90c94:	9107c000 	add	x0, x0, #0x1f0
   90c98:	d65f03c0 	ret
   90c9c:	d503201f 	nop

0000000000090ca0 <CBcmPCIeHostBridge::encode_ibar_size(unsigned long)>:
   90ca0:	f100041f 	cmp	x0, #0x1
   90ca4:	54000249 	b.ls	90cec <CBcmPCIeHostBridge::encode_ibar_size(unsigned long)+0x4c>  // b.plast
   90ca8:	52800001 	mov	w1, #0x0                   	// #0
   90cac:	d2800024 	mov	x4, #0x1                   	// #1
   90cb0:	2a0103e3 	mov	w3, w1
   90cb4:	11000421 	add	w1, w1, #0x1
   90cb8:	9ac12082 	lsl	x2, x4, x1
   90cbc:	eb02001f 	cmp	x0, x2
   90cc0:	54ffff88 	b.hi	90cb0 <CBcmPCIeHostBridge::encode_ibar_size(unsigned long)+0x10>  // b.pmore
   90cc4:	51002c60 	sub	w0, w3, #0xb
   90cc8:	71000c1f 	cmp	w0, #0x3
   90ccc:	540000c9 	b.ls	90ce4 <CBcmPCIeHostBridge::encode_ibar_size(unsigned long)+0x44>  // b.plast
   90cd0:	51003c60 	sub	w0, w3, #0xf
   90cd4:	51003863 	sub	w3, w3, #0xe
   90cd8:	7100581f 	cmp	w0, #0x16
   90cdc:	1a9f3060 	csel	w0, w3, wzr, cc	// cc = lo, ul, last
   90ce0:	d65f03c0 	ret
   90ce4:	11004460 	add	w0, w3, #0x11
   90ce8:	d65f03c0 	ret
   90cec:	52800000 	mov	w0, #0x0                   	// #0
   90cf0:	d65f03c0 	ret
   90cf4:	d503201f 	nop
   90cf8:	d503201f 	nop
   90cfc:	d503201f 	nop

0000000000090d00 <CBcmPCIeHostBridge::rd_fld(unsigned long, unsigned int, int)>:
   90d00:	b9400000 	ldr	w0, [x0]
   90d04:	0a000020 	and	w0, w1, w0
   90d08:	1ac22400 	lsr	w0, w0, w2
   90d0c:	d65f03c0 	ret

0000000000090d10 <CBcmPCIeHostBridge::wr_fld(unsigned long, unsigned int, int, unsigned int)>:
   90d10:	b9400004 	ldr	w4, [x0]
   90d14:	1ac22063 	lsl	w3, w3, w2
   90d18:	4a040063 	eor	w3, w3, w4
   90d1c:	0a010063 	and	w3, w3, w1
   90d20:	4a040063 	eor	w3, w3, w4
   90d24:	b9000003 	str	w3, [x0]
   90d28:	d65f03c0 	ret

0000000000090d2c <CBcmPCIeHostBridge::wr_fld_rb(unsigned long, unsigned int, int, unsigned int)>:
   90d2c:	b9400004 	ldr	w4, [x0]
   90d30:	1ac22063 	lsl	w3, w3, w2
   90d34:	4a040063 	eor	w3, w3, w4
   90d38:	0a010063 	and	w3, w3, w1
   90d3c:	4a040063 	eor	w3, w3, w4
   90d40:	b9000003 	str	w3, [x0]
   90d44:	b9400000 	ldr	w0, [x0]
   90d48:	d65f03c0 	ret

0000000000090d4c <CBcmPCIeHostBridge::usleep_range(unsigned int, unsigned int)>:
   90d4c:	2a0103e0 	mov	w0, w1
   90d50:	17ffd4cc 	b	86080 <CTimer::SimpleusDelay(unsigned int)>
   90d54:	d503201f 	nop
   90d58:	d503201f 	nop
   90d5c:	d503201f 	nop

0000000000090d60 <CBcmPCIeHostBridge::msleep(unsigned int)>:
   90d60:	2a0103e0 	mov	w0, w1
   90d64:	17ffd4af 	b	86020 <CTimer::SimpleMsDelay(unsigned int)>

0000000000090d68 <CBcmPCIeHostBridge::ilog2(unsigned long)>:
   90d68:	aa0003e2 	mov	x2, x0
   90d6c:	52800000 	mov	w0, #0x0                   	// #0
   90d70:	f100045f 	cmp	x2, #0x1
   90d74:	540000e9 	b.ls	90d90 <CBcmPCIeHostBridge::ilog2(unsigned long)+0x28>  // b.plast
   90d78:	d2800023 	mov	x3, #0x1                   	// #1
   90d7c:	d503201f 	nop
   90d80:	11000400 	add	w0, w0, #0x1
   90d84:	9ac02061 	lsl	x1, x3, x0
   90d88:	eb02003f 	cmp	x1, x2
   90d8c:	54ffffa3 	b.cc	90d80 <CBcmPCIeHostBridge::ilog2(unsigned long)+0x18>  // b.lo, b.ul, b.last
   90d90:	d65f03c0 	ret
   90d94:	d503201f 	nop
   90d98:	d503201f 	nop
   90d9c:	d503201f 	nop

0000000000090da0 <CBcmPCIeHostBridge::pcie_set_tc_qos()>:
   90da0:	f9400801 	ldr	x1, [x0, #16]
   90da4:	d2882d82 	mov	x2, #0x416c                	// #16748
   90da8:	8b020021 	add	x1, x1, x2
   90dac:	b9400022 	ldr	w2, [x1]
   90db0:	12187842 	and	w2, w2, #0xffffff7f
   90db4:	b9000022 	str	w2, [x1]
   90db8:	f9400801 	ldr	x1, [x0, #16]
   90dbc:	d2881403 	mov	x3, #0x40a0                	// #16544
   90dc0:	8b030021 	add	x1, x1, x3
   90dc4:	b9400022 	ldr	w2, [x1]
   90dc8:	121a7842 	and	w2, w2, #0xffffffdf
   90dcc:	b9000022 	str	w2, [x1]
   90dd0:	f9400801 	ldr	x1, [x0, #16]
   90dd4:	d2881404 	mov	x4, #0x40a0                	// #16544
   90dd8:	8b040021 	add	x1, x1, x4
   90ddc:	b9400022 	ldr	w2, [x1]
   90de0:	321b0042 	orr	w2, w2, #0x20
   90de4:	b9000022 	str	w2, [x1]
   90de8:	f9400801 	ldr	x1, [x0, #16]
   90dec:	d2882d05 	mov	x5, #0x4168                	// #16744
   90df0:	52931102 	mov	w2, #0x9888                	// #39048
   90df4:	72b77542 	movk	w2, #0xbbaa, lsl #16
   90df8:	8b050021 	add	x1, x1, x5
   90dfc:	b9000022 	str	w2, [x1]
   90e00:	f9400801 	ldr	x1, [x0, #16]
   90e04:	d2882c86 	mov	x6, #0x4164                	// #16740
   90e08:	8b060021 	add	x1, x1, x6
   90e0c:	b9000022 	str	w2, [x1]
   90e10:	f9400801 	ldr	x1, [x0, #16]
   90e14:	91283021 	add	x1, x1, #0xa0c
   90e18:	b900003f 	str	wzr, [x1]
   90e1c:	f9400800 	ldr	x0, [x0, #16]
   90e20:	91288000 	add	x0, x0, #0xa20
   90e24:	b9400001 	ldr	w1, [x0]
   90e28:	32100821 	orr	w1, w1, #0x70000
   90e2c:	b9000001 	str	w1, [x0]
   90e30:	d65f03c0 	ret
   90e34:	d503201f 	nop
   90e38:	d503201f 	nop
   90e3c:	d503201f 	nop

0000000000090e40 <CBcmPCIeHostBridge::pcie_config_clkreq()>:
   90e40:	f9400800 	ldr	x0, [x0, #16]
   90e44:	d2886081 	mov	x1, #0x4304                	// #17156
   90e48:	8b010000 	add	x0, x0, x1
   90e4c:	b9400001 	ldr	w1, [x0]
   90e50:	529fffa2 	mov	w2, #0xfffd                	// #65533
   90e54:	72bffbe2 	movk	w2, #0xffdf, lsl #16
   90e58:	0a020021 	and	w1, w1, w2
   90e5c:	b9000001 	str	w1, [x0]
   90e60:	d65f03c0 	ret

0000000000090e64 <CBcmPCIeHostBridge::pcie_mdio_read(unsigned char, unsigned char, unsigned int*)>:
   90e64:	a9bd7bfd 	stp	x29, x30, [sp, #-48]!
   90e68:	530a1c21 	ubfiz	w1, w1, #22, #8
   90e6c:	910003fd 	mov	x29, sp
   90e70:	12001c42 	and	w2, w2, #0xff
   90e74:	2a010042 	orr	w2, w2, w1
   90e78:	a9025bf5 	stp	x21, x22, [sp, #32]
   90e7c:	aa0303f5 	mov	x21, x3
   90e80:	d2822003 	mov	x3, #0x1100                	// #4352
   90e84:	320c0042 	orr	w2, w2, #0x100000
   90e88:	f9400801 	ldr	x1, [x0, #16]
   90e8c:	8b030021 	add	x1, x1, x3
   90e90:	b9000022 	str	w2, [x1]
   90e94:	f9400801 	ldr	x1, [x0, #16]
   90e98:	8b030023 	add	x3, x1, x3
   90e9c:	b9400062 	ldr	w2, [x3]
   90ea0:	d2822116 	mov	x22, #0x1108                	// #4360
   90ea4:	8b160021 	add	x1, x1, x22
   90ea8:	b9400021 	ldr	w1, [x1]
   90eac:	37f802e1 	tbnz	w1, #31, 90f08 <CBcmPCIeHostBridge::pcie_mdio_read(unsigned char, unsigned char, unsigned int*)+0xa4>
   90eb0:	a90153f3 	stp	x19, x20, [sp, #16]
   90eb4:	aa0003f4 	mov	x20, x0
   90eb8:	52800013 	mov	w19, #0x0                   	// #0
   90ebc:	d503201f 	nop
   90ec0:	52800140 	mov	w0, #0xa                   	// #10
   90ec4:	97ffd46f 	bl	86080 <CTimer::SimpleusDelay(unsigned int)>
   90ec8:	f9400a81 	ldr	x1, [x20, #16]
   90ecc:	8b160021 	add	x1, x1, x22
   90ed0:	b9400021 	ldr	w1, [x1]
   90ed4:	2a2103e0 	mvn	w0, w1
   90ed8:	531f7c00 	lsr	w0, w0, #31
   90edc:	11000673 	add	w19, w19, #0x1
   90ee0:	7100001f 	cmp	w0, #0x0
   90ee4:	7a4a1a64 	ccmp	w19, #0xa, #0x4, ne	// ne = any
   90ee8:	54fffec1 	b.ne	90ec0 <CBcmPCIeHostBridge::pcie_mdio_read(unsigned char, unsigned char, unsigned int*)+0x5c>  // b.any
   90eec:	12007821 	and	w1, w1, #0x7fffffff
   90ef0:	a94153f3 	ldp	x19, x20, [sp, #16]
   90ef4:	4b0003e0 	neg	w0, w0
   90ef8:	b90002a1 	str	w1, [x21]
   90efc:	a9425bf5 	ldp	x21, x22, [sp, #32]
   90f00:	a8c37bfd 	ldp	x29, x30, [sp], #48
   90f04:	d65f03c0 	ret
   90f08:	12007821 	and	w1, w1, #0x7fffffff
   90f0c:	52800000 	mov	w0, #0x0                   	// #0
   90f10:	4b0003e0 	neg	w0, w0
   90f14:	b90002a1 	str	w1, [x21]
   90f18:	a9425bf5 	ldp	x21, x22, [sp, #32]
   90f1c:	a8c37bfd 	ldp	x29, x30, [sp], #48
   90f20:	d65f03c0 	ret

0000000000090f24 <CBcmPCIeHostBridge::pcie_mdio_write(unsigned char, unsigned char, unsigned short)>:
   90f24:	a9bd7bfd 	stp	x29, x30, [sp, #-48]!
   90f28:	910003fd 	mov	x29, sp
   90f2c:	530a1c21 	ubfiz	w1, w1, #22, #8
   90f30:	d2822004 	mov	x4, #0x1100                	// #4352
   90f34:	12001c42 	and	w2, w2, #0xff
   90f38:	12003c63 	and	w3, w3, #0xffff
   90f3c:	f9400805 	ldr	x5, [x0, #16]
   90f40:	2a010042 	orr	w2, w2, w1
   90f44:	f90013f5 	str	x21, [sp, #32]
   90f48:	8b0400a5 	add	x5, x5, x4
   90f4c:	b90000a2 	str	w2, [x5]
   90f50:	f9400801 	ldr	x1, [x0, #16]
   90f54:	8b040024 	add	x4, x1, x4
   90f58:	b9400082 	ldr	w2, [x4]
   90f5c:	32010063 	orr	w3, w3, #0x80000000
   90f60:	d2822095 	mov	x21, #0x1104                	// #4356
   90f64:	8b150021 	add	x1, x1, x21
   90f68:	b9000023 	str	w3, [x1]
   90f6c:	f9400801 	ldr	x1, [x0, #16]
   90f70:	8b150021 	add	x1, x1, x21
   90f74:	b9400021 	ldr	w1, [x1]
   90f78:	36f80261 	tbz	w1, #31, 90fc4 <CBcmPCIeHostBridge::pcie_mdio_write(unsigned char, unsigned char, unsigned short)+0xa0>
   90f7c:	a90153f3 	stp	x19, x20, [sp, #16]
   90f80:	aa0003f4 	mov	x20, x0
   90f84:	52800013 	mov	w19, #0x0                   	// #0
   90f88:	52800140 	mov	w0, #0xa                   	// #10
   90f8c:	97ffd43d 	bl	86080 <CTimer::SimpleusDelay(unsigned int)>
   90f90:	f9400a81 	ldr	x1, [x20, #16]
   90f94:	8b150021 	add	x1, x1, x21
   90f98:	b9400020 	ldr	w0, [x1]
   90f9c:	531f7c00 	lsr	w0, w0, #31
   90fa0:	11000673 	add	w19, w19, #0x1
   90fa4:	7100001f 	cmp	w0, #0x0
   90fa8:	7a4a1a64 	ccmp	w19, #0xa, #0x4, ne	// ne = any
   90fac:	54fffee1 	b.ne	90f88 <CBcmPCIeHostBridge::pcie_mdio_write(unsigned char, unsigned char, unsigned short)+0x64>  // b.any
   90fb0:	f94013f5 	ldr	x21, [sp, #32]
   90fb4:	4b0003e0 	neg	w0, w0
   90fb8:	a94153f3 	ldp	x19, x20, [sp, #16]
   90fbc:	a8c37bfd 	ldp	x29, x30, [sp], #48
   90fc0:	d65f03c0 	ret
   90fc4:	52800000 	mov	w0, #0x0                   	// #0
   90fc8:	f94013f5 	ldr	x21, [sp, #32]
   90fcc:	4b0003e0 	neg	w0, w0
   90fd0:	a8c37bfd 	ldp	x29, x30, [sp], #48
   90fd4:	d65f03c0 	ret
   90fd8:	d503201f 	nop
   90fdc:	d503201f 	nop

0000000000090fe0 <CBcmPCIeHostBridge::pcie_munge_pll()>:
   90fe0:	5282e2c1 	mov	w1, #0x1716                	// #5910
   90fe4:	a9bb7bfd 	stp	x29, x30, [sp, #-80]!
   90fe8:	910003fd 	mov	x29, sp
   90fec:	72a32301 	movk	w1, #0x1918, lsl #16
   90ff0:	5282c003 	mov	w3, #0x1600                	// #5632
   90ff4:	528003e2 	mov	w2, #0x1f                  	// #31
   90ff8:	b9003be1 	str	w1, [sp, #56]
   90ffc:	52838361 	mov	w1, #0x1c1b                	// #7195
   91000:	a90153f3 	stp	x19, x20, [sp, #16]
   91004:	d2800033 	mov	x19, #0x1                   	// #1
   91008:	9100e3f4 	add	x20, sp, #0x38
   9100c:	79007be1 	strh	w1, [sp, #60]
   91010:	528003c1 	mov	w1, #0x1e                  	// #30
   91014:	a9025bf5 	stp	x21, x22, [sp, #32]
   91018:	aa0003f6 	mov	x22, x0
   9101c:	910103f5 	add	x21, sp, #0x40
   91020:	3900fbe1 	strb	w1, [sp, #62]
   91024:	d28a1721 	mov	x1, #0x50b9                	// #20665
   91028:	f2b7b421 	movk	x1, #0xbda1, lsl #16
   9102c:	f2c01281 	movk	x1, #0x94, lsl #32
   91030:	f2f2f681 	movk	x1, #0x97b4, lsl #48
   91034:	f90023e1 	str	x1, [sp, #64]
   91038:	528a0601 	mov	w1, #0x5030                	// #20528
   9103c:	72aa0601 	movk	w1, #0x5030, lsl #16
   91040:	b9004be1 	str	w1, [sp, #72]
   91044:	528000e1 	mov	w1, #0x7                   	// #7
   91048:	79009be1 	strh	w1, [sp, #76]
   9104c:	52800001 	mov	w1, #0x0                   	// #0
   91050:	97ffffb5 	bl	90f24 <CBcmPCIeHostBridge::pcie_mdio_write(unsigned char, unsigned char, unsigned short)>
   91054:	d503201f 	nop
   91058:	d503201f 	nop
   9105c:	d503201f 	nop
   91060:	8b1306a1 	add	x1, x21, x19, lsl #1
   91064:	8b130280 	add	x0, x20, x19
   91068:	91000673 	add	x19, x19, #0x1
   9106c:	385ff002 	ldurb	w2, [x0, #-1]
   91070:	aa1603e0 	mov	x0, x22
   91074:	785fe023 	ldurh	w3, [x1, #-2]
   91078:	52800001 	mov	w1, #0x0                   	// #0
   9107c:	97ffffaa 	bl	90f24 <CBcmPCIeHostBridge::pcie_mdio_write(unsigned char, unsigned char, unsigned short)>
   91080:	f100227f 	cmp	x19, #0x8
   91084:	54fffee1 	b.ne	91060 <CBcmPCIeHostBridge::pcie_munge_pll()+0x80>  // b.any
   91088:	a94153f3 	ldp	x19, x20, [sp, #16]
   9108c:	52800c80 	mov	w0, #0x64                  	// #100
   91090:	a9425bf5 	ldp	x21, x22, [sp, #32]
   91094:	a8c57bfd 	ldp	x29, x30, [sp], #80
   91098:	17ffd3fa 	b	86080 <CTimer::SimpleusDelay(unsigned int)>
   9109c:	d503201f 	nop

00000000000910a0 <CBcmPCIeHostBridge::pcie_mdio_form_pkt(int, int, int)>:
   910a0:	2a025022 	orr	w2, w1, w2, lsl #20
   910a4:	2a005840 	orr	w0, w2, w0, lsl #22
   910a8:	d65f03c0 	ret

00000000000910ac <CBcmPCIeHostBridge::reset_assert(unsigned long)>:
   910ac:	d345fc20 	lsr	x0, x1, #5
   910b0:	d2800022 	mov	x2, #0x1                   	// #1
   910b4:	12001021 	and	w1, w1, #0x1f
   910b8:	0b000400 	add	w0, w0, w0, lsl #1
   910bc:	9ac12041 	lsl	x1, x2, x1
   910c0:	d2886302 	mov	x2, #0x4318                	// #17176
   910c4:	f2a02a02 	movk	x2, #0x150, lsl #16
   910c8:	531d7000 	lsl	w0, w0, #3
   910cc:	f2c00202 	movk	x2, #0x10, lsl #32
   910d0:	8b020000 	add	x0, x0, x2
   910d4:	b9000001 	str	w1, [x0]
   910d8:	52800000 	mov	w0, #0x0                   	// #0
   910dc:	d65f03c0 	ret

00000000000910e0 <CBcmPCIeHostBridge::reset_deassert(unsigned long)>:
   910e0:	d345fc20 	lsr	x0, x1, #5
   910e4:	d2800022 	mov	x2, #0x1                   	// #1
   910e8:	a9bf7bfd 	stp	x29, x30, [sp, #-16]!
   910ec:	12001021 	and	w1, w1, #0x1f
   910f0:	0b000400 	add	w0, w0, w0, lsl #1
   910f4:	910003fd 	mov	x29, sp
   910f8:	9ac12041 	lsl	x1, x2, x1
   910fc:	d2886382 	mov	x2, #0x431c                	// #17180
   91100:	f2a02a02 	movk	x2, #0x150, lsl #16
   91104:	531d7000 	lsl	w0, w0, #3
   91108:	f2c00202 	movk	x2, #0x10, lsl #32
   9110c:	8b020000 	add	x0, x0, x2
   91110:	b9000001 	str	w1, [x0]
   91114:	52800c80 	mov	w0, #0x64                  	// #100
   91118:	97ffd3da 	bl	86080 <CTimer::SimpleusDelay(unsigned int)>
   9111c:	52800000 	mov	w0, #0x0                   	// #0
   91120:	a8c17bfd 	ldp	x29, x30, [sp], #16
   91124:	d65f03c0 	ret

0000000000091128 <CBcmPCIeHostBridge::rescal_reset_deassert()>:
   91128:	a9be7bfd 	stp	x29, x30, [sp, #-32]!
   9112c:	910003fd 	mov	x29, sp
   91130:	a90153f3 	stp	x19, x20, [sp, #16]
   91134:	d292a013 	mov	x19, #0x9500                	// #38144
   91138:	f2a00233 	movk	x19, #0x11, lsl #16
   9113c:	f2c00213 	movk	x19, #0x10, lsl #32
   91140:	b9400260 	ldr	w0, [x19]
   91144:	32000000 	orr	w0, w0, #0x1
   91148:	b9000260 	str	w0, [x19]
   9114c:	b9400260 	ldr	w0, [x19]
   91150:	36000400 	tbz	w0, #0, 911d0 <CBcmPCIeHostBridge::rescal_reset_deassert()+0xa8>
   91154:	97ffd0ab 	bl	85400 <CTimer::GetClockTicks()>
   91158:	2a0003f4 	mov	w20, w0
   9115c:	91002273 	add	x19, x19, #0x8
   91160:	14000007 	b	9117c <CBcmPCIeHostBridge::rescal_reset_deassert()+0x54>
   91164:	97ffd0a7 	bl	85400 <CTimer::GetClockTicks()>
   91168:	4b140000 	sub	w0, w0, w20
   9116c:	710f9c1f 	cmp	w0, #0x3e7
   91170:	540001e8 	b.hi	911ac <CBcmPCIeHostBridge::rescal_reset_deassert()+0x84>  // b.pmore
   91174:	52800320 	mov	w0, #0x19                  	// #25
   91178:	97ffd3c2 	bl	86080 <CTimer::SimpleusDelay(unsigned int)>
   9117c:	b9400260 	ldr	w0, [x19]
   91180:	3607ff20 	tbz	w0, #0, 91164 <CBcmPCIeHostBridge::rescal_reset_deassert()+0x3c>
   91184:	d292a001 	mov	x1, #0x9500                	// #38144
   91188:	f2a00221 	movk	x1, #0x11, lsl #16
   9118c:	f2c00201 	movk	x1, #0x10, lsl #32
   91190:	b9400020 	ldr	w0, [x1]
   91194:	121f7800 	and	w0, w0, #0xfffffffe
   91198:	b9000020 	str	w0, [x1]
   9119c:	52800000 	mov	w0, #0x0                   	// #0
   911a0:	a94153f3 	ldp	x19, x20, [sp, #16]
   911a4:	a8c27bfd 	ldp	x29, x30, [sp], #32
   911a8:	d65f03c0 	ret
   911ac:	97ffed45 	bl	8c6c0 <CLogger::Get()>
   911b0:	b0000021 	adrp	x1, 96000 <vtable for CDevice+0x4a8>
   911b4:	52800022 	mov	w2, #0x1                   	// #1
   911b8:	910a6021 	add	x1, x1, #0x298
   911bc:	9108e023 	add	x3, x1, #0x238
   911c0:	91016021 	add	x1, x1, #0x58
   911c4:	97ffef1f 	bl	8ce40 <CLogger::Write(char const*, TLogSeverity, char const*, ...)>
   911c8:	12800000 	mov	w0, #0xffffffff            	// #-1
   911cc:	17fffff5 	b	911a0 <CBcmPCIeHostBridge::rescal_reset_deassert()+0x78>
   911d0:	97ffed3c 	bl	8c6c0 <CLogger::Get()>
   911d4:	b0000021 	adrp	x1, 96000 <vtable for CDevice+0x4a8>
   911d8:	52800022 	mov	w2, #0x1                   	// #1
   911dc:	910a6021 	add	x1, x1, #0x298
   911e0:	91084023 	add	x3, x1, #0x210
   911e4:	91016021 	add	x1, x1, #0x58
   911e8:	97ffef16 	bl	8ce40 <CLogger::Write(char const*, TLogSeverity, char const*, ...)>
   911ec:	12800000 	mov	w0, #0xffffffff            	// #-1
   911f0:	17ffffec 	b	911a0 <CBcmPCIeHostBridge::rescal_reset_deassert()+0x78>
   911f4:	d503201f 	nop
   911f8:	d503201f 	nop
   911fc:	d503201f 	nop

0000000000091200 <CBcmPCIeHostBridge::pcie_setup()>:
   91200:	a9bd7bfd 	stp	x29, x30, [sp, #-48]!
   91204:	910003fd 	mov	x29, sp
   91208:	a90153f3 	stp	x19, x20, [sp, #16]
   9120c:	aa0003f3 	mov	x19, x0
   91210:	b9400001 	ldr	w1, [x0]
   91214:	34002061 	cbz	w1, 91620 <CBcmPCIeHostBridge::pcie_setup()+0x420>
   91218:	f90013f5 	str	x21, [sp, #32]
   9121c:	52810000 	mov	w0, #0x800                 	// #2048
   91220:	d2886614 	mov	x20, #0x4330                	// #17200
   91224:	f2a02a14 	movk	x20, #0x150, lsl #16
   91228:	f2c00214 	movk	x20, #0x10, lsl #32
   9122c:	b9000280 	str	w0, [x20]
   91230:	91001294 	add	x20, x20, #0x4
   91234:	52800c80 	mov	w0, #0x64                  	// #100
   91238:	97ffd392 	bl	86080 <CTimer::SimpleusDelay(unsigned int)>
   9123c:	b9400260 	ldr	w0, [x19]
   91240:	52820001 	mov	w1, #0x1000                	// #4096
   91244:	7100001f 	cmp	w0, #0x0
   91248:	52810000 	mov	w0, #0x800                 	// #2048
   9124c:	1a811000 	csel	w0, w0, w1, ne	// ne = any
   91250:	b9000280 	str	w0, [x20]
   91254:	52800c80 	mov	w0, #0x64                  	// #100
   91258:	97ffd38a 	bl	86080 <CTimer::SimpleusDelay(unsigned int)>
   9125c:	f9400a60 	ldr	x0, [x19, #16]
   91260:	d2886092 	mov	x18, #0x4304                	// #17156
   91264:	8b120000 	add	x0, x0, x18
   91268:	b9400001 	ldr	w1, [x0]
   9126c:	12047821 	and	w1, w1, #0xf7ffffff
   91270:	b9000001 	str	w1, [x0]
   91274:	b9400000 	ldr	w0, [x0]
   91278:	52800c80 	mov	w0, #0x64                  	// #100
   9127c:	d2880d94 	mov	x20, #0x406c                	// #16492
   91280:	97ffd380 	bl	86080 <CTimer::SimpleusDelay(unsigned int)>
   91284:	f9400a60 	ldr	x0, [x19, #16]
   91288:	8b140000 	add	x0, x0, x20
   9128c:	b9400000 	ldr	w0, [x0]
   91290:	12003c00 	and	w0, w0, #0xffff
   91294:	d2830995 	mov	x21, #0x184c                	// #6220
   91298:	b9001a60 	str	w0, [x19, #24]
   9129c:	aa1303e0 	mov	x0, x19
   912a0:	97ffff50 	bl	90fe0 <CBcmPCIeHostBridge::pcie_munge_pll()>
   912a4:	f9400a61 	ldr	x1, [x19, #16]
   912a8:	8b150021 	add	x1, x1, x21
   912ac:	b9400020 	ldr	w0, [x1]
   912b0:	12185c00 	and	w0, w0, #0xffffff00
   912b4:	52800242 	mov	w2, #0x12                  	// #18
   912b8:	2a020000 	orr	w0, w0, w2
   912bc:	b9000020 	str	w0, [x1]
   912c0:	f9400a61 	ldr	x1, [x19, #16]
   912c4:	d288011e 	mov	x30, #0x4008                	// #16392
   912c8:	8b1e0021 	add	x1, x1, x30
   912cc:	b9400020 	ldr	w0, [x1]
   912d0:	120a7400 	and	w0, w0, #0xffcfffff
   912d4:	52868002 	mov	w2, #0x3400                	// #13312
   912d8:	72a00202 	movk	w2, #0x10, lsl #16
   912dc:	2a020000 	orr	w0, w0, w2
   912e0:	b9000020 	str	w0, [x1]
   912e4:	aa1303e0 	mov	x0, x19
   912e8:	97fffeae 	bl	90da0 <CBcmPCIeHostBridge::pcie_set_tc_qos()>
   912ec:	b9405a60 	ldr	w0, [x19, #88]
   912f0:	7100041f 	cmp	w0, #0x1
   912f4:	54001c01 	b.ne	91674 <CBcmPCIeHostBridge::pcie_setup()+0x474>  // b.any
   912f8:	f9402a62 	ldr	x2, [x19, #80]
   912fc:	b9006a60 	str	w0, [x19, #104]
   91300:	f9402265 	ldr	x5, [x19, #64]
   91304:	d1000440 	sub	x0, x2, #0x1
   91308:	f9003262 	str	x2, [x19, #96]
   9130c:	ea05001f 	tst	x0, x5
   91310:	54001bc1 	b.ne	91688 <CBcmPCIeHostBridge::pcie_setup()+0x488>  // b.any
   91314:	121b68a6 	and	w6, w5, #0xffffffe0
   91318:	f100045f 	cmp	x2, #0x1
   9131c:	54000209 	b.ls	9135c <CBcmPCIeHostBridge::pcie_setup()+0x15c>  // b.plast
   91320:	52800000 	mov	w0, #0x0                   	// #0
   91324:	d2800024 	mov	x4, #0x1                   	// #1
   91328:	2a0003e3 	mov	w3, w0
   9132c:	11000400 	add	w0, w0, #0x1
   91330:	9ac02081 	lsl	x1, x4, x0
   91334:	eb01005f 	cmp	x2, x1
   91338:	54ffff88 	b.hi	91328 <CBcmPCIeHostBridge::pcie_setup()+0x128>  // b.pmore
   9133c:	51002c60 	sub	w0, w3, #0xb
   91340:	71000c1f 	cmp	w0, #0x3
   91344:	54001929 	b.ls	91668 <CBcmPCIeHostBridge::pcie_setup()+0x468>  // b.plast
   91348:	51003c60 	sub	w0, w3, #0xf
   9134c:	51003863 	sub	w3, w3, #0xe
   91350:	2a0300c3 	orr	w3, w6, w3
   91354:	7100541f 	cmp	w0, #0x15
   91358:	1a869066 	csel	w6, w3, w6, ls	// ls = plast
   9135c:	f9400a60 	ldr	x0, [x19, #16]
   91360:	d288068f 	mov	x15, #0x4034                	// #16436
   91364:	8b0f0000 	add	x0, x0, x15
   91368:	b9000006 	str	w6, [x0]
   9136c:	f9400a60 	ldr	x0, [x19, #16]
   91370:	d2880710 	mov	x16, #0x4038                	// #16440
   91374:	d360fca1 	lsr	x1, x5, #32
   91378:	8b100000 	add	x0, x0, x16
   9137c:	b9000001 	str	w1, [x0]
   91380:	f9400a60 	ldr	x0, [x19, #16]
   91384:	d2881691 	mov	x17, #0x40b4                	// #16564
   91388:	8b110000 	add	x0, x0, x17
   9138c:	b9400001 	ldr	w1, [x0]
   91390:	32000021 	orr	w1, w1, #0x1
   91394:	b9000001 	str	w1, [x0]
   91398:	f9403264 	ldr	x4, [x19, #96]
   9139c:	52af0003 	mov	w3, #0x78000000            	// #2013265920
   913a0:	b40001e4 	cbz	x4, 913dc <CBcmPCIeHostBridge::pcie_setup()+0x1dc>
   913a4:	f100049f 	cmp	x4, #0x1
   913a8:	540019c0 	b.eq	916e0 <CBcmPCIeHostBridge::pcie_setup()+0x4e0>  // b.none
   913ac:	52800000 	mov	w0, #0x0                   	// #0
   913b0:	d2800026 	mov	x6, #0x1                   	// #1
   913b4:	d503201f 	nop
   913b8:	d503201f 	nop
   913bc:	d503201f 	nop
   913c0:	2a0003e3 	mov	w3, w0
   913c4:	11000400 	add	w0, w0, #0x1
   913c8:	9ac020c1 	lsl	x1, x6, x0
   913cc:	eb01009f 	cmp	x4, x1
   913d0:	54ffff88 	b.hi	913c0 <CBcmPCIeHostBridge::pcie_setup()+0x1c0>  // b.pmore
   913d4:	51003863 	sub	w3, w3, #0xe
   913d8:	53051063 	lsl	w3, w3, #27
   913dc:	f9400a61 	ldr	x1, [x19, #16]
   913e0:	d288010e 	mov	x14, #0x4008                	// #16392
   913e4:	8b0e0021 	add	x1, x1, x14
   913e8:	b9400020 	ldr	w0, [x1]
   913ec:	12006800 	and	w0, w0, #0x7ffffff
   913f0:	2a030000 	orr	w0, w0, w3
   913f4:	b9000020 	str	w0, [x1]
   913f8:	b9406a75 	ldr	w21, [x19, #104]
   913fc:	710006bf 	cmp	w21, #0x1
   91400:	540014e1 	b.ne	9169c <CBcmPCIeHostBridge::pcie_setup()+0x49c>  // b.any
   91404:	f9400a60 	ldr	x0, [x19, #16]
   91408:	d288148a 	mov	x10, #0x40a4                	// #16548
   9140c:	8b0a0000 	add	x0, x0, x10
   91410:	b9400001 	ldr	w1, [x0]
   91414:	52840003 	mov	w3, #0x2000                	// #8192
   91418:	72a00103 	movk	w3, #0x8, lsl #16
   9141c:	2a030021 	orr	w1, w1, w3
   91420:	b9000001 	str	w1, [x0]
   91424:	f9400a60 	ldr	x0, [x19, #16]
   91428:	d2882e0b 	mov	x11, #0x4170                	// #16752
   9142c:	12800001 	mov	w1, #0xffffffff            	// #-1
   91430:	8b0b0000 	add	x0, x0, x11
   91434:	b9000001 	str	w1, [x0]
   91438:	f9400a60 	ldr	x0, [x19, #16]
   9143c:	d288150c 	mov	x12, #0x40a8                	// #16552
   91440:	52a165a1 	mov	w1, #0xb2d0000             	// #187498496
   91444:	8b0c0000 	add	x0, x0, x12
   91448:	b9000001 	str	w1, [x0]
   9144c:	f9400a60 	ldr	x0, [x19, #16]
   91450:	d2880b8d 	mov	x13, #0x405c                	// #16476
   91454:	52a15741 	mov	w1, #0xaba0000             	// #179961856
   91458:	8b0d0000 	add	x0, x0, x13
   9145c:	b9000001 	str	w1, [x0]
   91460:	b2407fe1 	mov	x1, #0xffffffff            	// #4294967295
   91464:	b27e77e0 	mov	x0, #0xfffffffc            	// #4294967292
   91468:	eb0100bf 	cmp	x5, x1
   9146c:	54000f49 	b.ls	91654 <CBcmPCIeHostBridge::pcie_setup()+0x454>  // b.plast
   91470:	f9003a60 	str	x0, [x19, #112]
   91474:	d2880588 	mov	x8, #0x402c                	// #16428
   91478:	f9400a60 	ldr	x0, [x19, #16]
   9147c:	8b080000 	add	x0, x0, x8
   91480:	b9400001 	ldr	w1, [x0]
   91484:	121b6821 	and	w1, w1, #0xffffffe0
   91488:	b9000001 	str	w1, [x0]
   9148c:	f9400a60 	ldr	x0, [x19, #16]
   91490:	d2880789 	mov	x9, #0x403c                	// #16444
   91494:	8b090000 	add	x0, x0, x9
   91498:	b9400001 	ldr	w1, [x0]
   9149c:	121b6821 	and	w1, w1, #0xffffffe0
   914a0:	b9000001 	str	w1, [x0]
   914a4:	f9400a60 	ldr	x0, [x19, #16]
   914a8:	91137000 	add	x0, x0, #0x4dc
   914ac:	b9400001 	ldr	w1, [x0]
   914b0:	32160421 	orr	w1, w1, #0xc00
   914b4:	b9000001 	str	w1, [x0]
   914b8:	f9400a60 	ldr	x0, [x19, #16]
   914bc:	52800041 	mov	w1, #0x2                   	// #2
   914c0:	97fffde0 	bl	90c40 <CBcmPCIeHostBridge::set_gen(unsigned long, int)>
   914c4:	f9400a61 	ldr	x1, [x19, #16]
   914c8:	9110f021 	add	x1, x1, #0x43c
   914cc:	b9400020 	ldr	w0, [x1]
   914d0:	12081c00 	and	w0, w0, #0xff000000
   914d4:	52808002 	mov	w2, #0x400                 	// #1024
   914d8:	72a000c2 	movk	w2, #0x6, lsl #16
   914dc:	2a020000 	orr	w0, w0, w2
   914e0:	b9000020 	str	w0, [x1]
   914e4:	b9403a60 	ldr	w0, [x19, #56]
   914e8:	7100001f 	cmp	w0, #0x0
   914ec:	54000a8c 	b.gt	9163c <CBcmPCIeHostBridge::pcie_setup()+0x43c>
   914f0:	f9400a60 	ldr	x0, [x19, #16]
   914f4:	91062000 	add	x0, x0, #0x188
   914f8:	b9400001 	ldr	w1, [x0]
   914fc:	121c7421 	and	w1, w1, #0xfffffff3
   91500:	b9000001 	str	w1, [x0]
   91504:	f9400a60 	ldr	x0, [x19, #16]
   91508:	d2880583 	mov	x3, #0x402c                	// #16428
   9150c:	1281fc61 	mov	w1, #0xfffff01c            	// #-4068
   91510:	8b030000 	add	x0, x0, x3
   91514:	b9000001 	str	w1, [x0]
   91518:	f9400a60 	ldr	x0, [x19, #16]
   9151c:	d2880604 	mov	x4, #0x4030                	// #16432
   91520:	52801fe1 	mov	w1, #0xff                  	// #255
   91524:	8b040000 	add	x0, x0, x4
   91528:	b9000001 	str	w1, [x0]
   9152c:	f9400a60 	ldr	x0, [x19, #16]
   91530:	d2881585 	mov	x5, #0x40ac                	// #16556
   91534:	52800021 	mov	w1, #0x1                   	// #1
   91538:	72a00261 	movk	w1, #0x13, lsl #16
   9153c:	8b050000 	add	x0, x0, x5
   91540:	b9000001 	str	w1, [x0]
   91544:	f9400a60 	ldr	x0, [x19, #16]
   91548:	d2881606 	mov	x6, #0x40b0                	// #16560
   9154c:	52800201 	mov	w1, #0x10                  	// #16
   91550:	8b060000 	add	x0, x0, x6
   91554:	b9000001 	str	w1, [x0]
   91558:	f9400a60 	ldr	x0, [x19, #16]
   9155c:	d2880c87 	mov	x7, #0x4064                	// #16484
   91560:	8b070000 	add	x0, x0, x7
   91564:	b9400001 	ldr	w1, [x0]
   91568:	321e0021 	orr	w1, w1, #0x4
   9156c:	b9000001 	str	w1, [x0]
   91570:	52800c80 	mov	w0, #0x64                  	// #100
   91574:	97ffd2ab 	bl	86020 <CTimer::SimpleMsDelay(unsigned int)>
   91578:	52800000 	mov	w0, #0x0                   	// #0
   9157c:	d503201f 	nop
   91580:	f9400a61 	ldr	x1, [x19, #16]
   91584:	d2880d02 	mov	x2, #0x4068                	// #16488
   91588:	8b020022 	add	x2, x1, x2
   9158c:	b9400042 	ldr	w2, [x2]
   91590:	f27b005f 	tst	x2, #0x20
   91594:	121c0043 	and	w3, w2, #0x10
   91598:	7a401864 	ccmp	w3, #0x0, #0x4, ne	// ne = any
   9159c:	54000101 	b.ne	915bc <CBcmPCIeHostBridge::pcie_setup()+0x3bc>  // b.any
   915a0:	0b150014 	add	w20, w0, w21
   915a4:	7101929f 	cmp	w20, #0x64
   915a8:	540002ed 	b.le	91604 <CBcmPCIeHostBridge::pcie_setup()+0x404>
   915ac:	52800c81 	mov	w1, #0x64                  	// #100
   915b0:	4b000020 	sub	w0, w1, w0
   915b4:	97ffd29b 	bl	86020 <CTimer::SimpleMsDelay(unsigned int)>
   915b8:	f9400a61 	ldr	x1, [x19, #16]
   915bc:	91401021 	add	x1, x1, #0x4, lsl #12
   915c0:	9101a020 	add	x0, x1, #0x68
   915c4:	b9400000 	ldr	w0, [x0]
   915c8:	f27b001f 	tst	x0, #0x20
   915cc:	121c0002 	and	w2, w0, #0x10
   915d0:	7a401844 	ccmp	w2, #0x0, #0x4, ne	// ne = any
   915d4:	540006e0 	b.eq	916b0 <CBcmPCIeHostBridge::pcie_setup()+0x4b0>  // b.none
   915d8:	910c1021 	add	x1, x1, #0x304
   915dc:	b9400020 	ldr	w0, [x1]
   915e0:	529fffa2 	mov	w2, #0xfffd                	// #65533
   915e4:	72bffbe2 	movk	w2, #0xffdf, lsl #16
   915e8:	0a020000 	and	w0, w0, w2
   915ec:	b9000020 	str	w0, [x1]
   915f0:	f94013f5 	ldr	x21, [sp, #32]
   915f4:	52800000 	mov	w0, #0x0                   	// #0
   915f8:	a94153f3 	ldp	x19, x20, [sp, #16]
   915fc:	a8c37bfd 	ldp	x29, x30, [sp], #48
   91600:	d65f03c0 	ret
   91604:	2a1503e0 	mov	w0, w21
   91608:	531f7ab5 	lsl	w21, w21, #1
   9160c:	97ffd285 	bl	86020 <CTimer::SimpleMsDelay(unsigned int)>
   91610:	7101929f 	cmp	w20, #0x64
   91614:	54000620 	b.eq	916d8 <CBcmPCIeHostBridge::pcie_setup()+0x4d8>  // b.none
   91618:	2a1403e0 	mov	w0, w20
   9161c:	17ffffd9 	b	91580 <CBcmPCIeHostBridge::pcie_setup()+0x380>
   91620:	97fffec2 	bl	91128 <CBcmPCIeHostBridge::rescal_reset_deassert()>
   91624:	35000560 	cbnz	w0, 916d0 <CBcmPCIeHostBridge::pcie_setup()+0x4d0>
   91628:	b9400260 	ldr	w0, [x19]
   9162c:	f90013f5 	str	x21, [sp, #32]
   91630:	35ffdf60 	cbnz	w0, 9121c <CBcmPCIeHostBridge::pcie_setup()+0x1c>
   91634:	52820000 	mov	w0, #0x1000                	// #4096
   91638:	17fffefa 	b	91220 <CBcmPCIeHostBridge::pcie_setup()+0x20>
   9163c:	f9401a64 	ldr	x4, [x19, #48]
   91640:	52800001 	mov	w1, #0x0                   	// #0
   91644:	aa1303e0 	mov	x0, x19
   91648:	a9420a63 	ldp	x3, x2, [x19, #32]
   9164c:	97fffc85 	bl	90860 <CBcmPCIeHostBridge::pcie_set_outbound_win(unsigned int, unsigned long, unsigned long, unsigned long)>
   91650:	17ffffa8 	b	914f0 <CBcmPCIeHostBridge::pcie_setup()+0x2f0>
   91654:	8b050042 	add	x2, x2, x5
   91658:	eb01005f 	cmp	x2, x1
   9165c:	b27e87e1 	mov	x1, #0xffffffffc           	// #68719476732
   91660:	9a819000 	csel	x0, x0, x1, ls	// ls = plast
   91664:	17ffff83 	b	91470 <CBcmPCIeHostBridge::pcie_setup()+0x270>
   91668:	11004463 	add	w3, w3, #0x11
   9166c:	2a0300c6 	orr	w6, w6, w3
   91670:	17ffff3b 	b	9135c <CBcmPCIeHostBridge::pcie_setup()+0x15c>
   91674:	b0000021 	adrp	x1, 96000 <vtable for CDevice+0x4a8>
   91678:	52803d22 	mov	w2, #0x1e9                 	// #489
   9167c:	910a6021 	add	x1, x1, #0x298
   91680:	91096020 	add	x0, x1, #0x258
   91684:	97ffe267 	bl	8a020 <assertion_failed>
   91688:	b0000021 	adrp	x1, 96000 <vtable for CDevice+0x4a8>
   9168c:	52803e62 	mov	w2, #0x1f3                 	// #499
   91690:	910a6021 	add	x1, x1, #0x298
   91694:	9109c020 	add	x0, x1, #0x270
   91698:	97ffe262 	bl	8a020 <assertion_failed>
   9169c:	b0000021 	adrp	x1, 96000 <vtable for CDevice+0x4a8>
   916a0:	52804222 	mov	w2, #0x211                 	// #529
   916a4:	910a6021 	add	x1, x1, #0x298
   916a8:	910a6020 	add	x0, x1, #0x298
   916ac:	97ffe25d 	bl	8a020 <assertion_failed>
   916b0:	97ffec04 	bl	8c6c0 <CLogger::Get()>
   916b4:	b0000021 	adrp	x1, 96000 <vtable for CDevice+0x4a8>
   916b8:	52800022 	mov	w2, #0x1                   	// #1
   916bc:	910a6021 	add	x1, x1, #0x298
   916c0:	910aa023 	add	x3, x1, #0x2a8
   916c4:	91016021 	add	x1, x1, #0x58
   916c8:	97ffedde 	bl	8ce40 <CLogger::Write(char const*, TLogSeverity, char const*, ...)>
   916cc:	f94013f5 	ldr	x21, [sp, #32]
   916d0:	12800000 	mov	w0, #0xffffffff            	// #-1
   916d4:	17ffffc9 	b	915f8 <CBcmPCIeHostBridge::pcie_setup()+0x3f8>
   916d8:	f9400a61 	ldr	x1, [x19, #16]
   916dc:	17ffffb8 	b	915bc <CBcmPCIeHostBridge::pcie_setup()+0x3bc>
   916e0:	52b10003 	mov	w3, #0x88000000            	// #-2013265920
   916e4:	17ffff3e 	b	913dc <CBcmPCIeHostBridge::pcie_setup()+0x1dc>

00000000000916e8 <CBcmPCIeHostBridge::pcie_probe()>:
   916e8:	a9be7bfd 	stp	x29, x30, [sp, #-32]!
   916ec:	910003fd 	mov	x29, sp
   916f0:	f9000bf3 	str	x19, [sp, #16]
   916f4:	aa0003f3 	mov	x19, x0
   916f8:	97fffc22 	bl	90780 <CBcmPCIeHostBridge::pcie_set_pci_ranges()>
   916fc:	aa1303e0 	mov	x0, x19
   91700:	97fffc39 	bl	907e4 <CBcmPCIeHostBridge::pcie_set_dma_ranges()>
   91704:	aa1303e0 	mov	x0, x19
   91708:	f9400bf3 	ldr	x19, [sp, #16]
   9170c:	a8c27bfd 	ldp	x29, x30, [sp], #32
   91710:	17fffebc 	b	91200 <CBcmPCIeHostBridge::pcie_setup()>
   91714:	d503201f 	nop
   91718:	d503201f 	nop
   9171c:	d503201f 	nop

0000000000091720 <CBcmPCIeHostBridge::Initialize()>:
   91720:	a9be7bfd 	stp	x29, x30, [sp, #-32]!
   91724:	910003fd 	mov	x29, sp
   91728:	f9000bf3 	str	x19, [sp, #16]
   9172c:	aa0003f3 	mov	x19, x0
   91730:	97fffc14 	bl	90780 <CBcmPCIeHostBridge::pcie_set_pci_ranges()>
   91734:	aa1303e0 	mov	x0, x19
   91738:	97fffc2b 	bl	907e4 <CBcmPCIeHostBridge::pcie_set_dma_ranges()>
   9173c:	aa1303e0 	mov	x0, x19
   91740:	97fffeb0 	bl	91200 <CBcmPCIeHostBridge::pcie_setup()>
   91744:	35000120 	cbnz	w0, 91768 <CBcmPCIeHostBridge::Initialize()+0x48>
   91748:	aa1303e0 	mov	x0, x19
   9174c:	52800033 	mov	w19, #0x1                   	// #1
   91750:	97fffb68 	bl	904f0 <CBcmPCIeHostBridge::enable_bridge()>
   91754:	35000240 	cbnz	w0, 9179c <CBcmPCIeHostBridge::Initialize()+0x7c>
   91758:	2a1303e0 	mov	w0, w19
   9175c:	f9400bf3 	ldr	x19, [sp, #16]
   91760:	a8c27bfd 	ldp	x29, x30, [sp], #32
   91764:	d65f03c0 	ret
   91768:	97ffebd6 	bl	8c6c0 <CLogger::Get()>
   9176c:	b0000021 	adrp	x1, 96000 <vtable for CDevice+0x4a8>
   91770:	12800004 	mov	w4, #0xffffffff            	// #-1
   91774:	910a6021 	add	x1, x1, #0x298
   91778:	52800022 	mov	w2, #0x1                   	// #1
   9177c:	910ae023 	add	x3, x1, #0x2b8
   91780:	52800013 	mov	w19, #0x0                   	// #0
   91784:	91016021 	add	x1, x1, #0x58
   91788:	97ffedae 	bl	8ce40 <CLogger::Write(char const*, TLogSeverity, char const*, ...)>
   9178c:	2a1303e0 	mov	w0, w19
   91790:	f9400bf3 	ldr	x19, [sp, #16]
   91794:	a8c27bfd 	ldp	x29, x30, [sp], #32
   91798:	d65f03c0 	ret
   9179c:	97ffebc9 	bl	8c6c0 <CLogger::Get()>
   917a0:	b0000021 	adrp	x1, 96000 <vtable for CDevice+0x4a8>
   917a4:	2a1303e2 	mov	w2, w19
   917a8:	910a6021 	add	x1, x1, #0x298
   917ac:	12800004 	mov	w4, #0xffffffff            	// #-1
   917b0:	910b8023 	add	x3, x1, #0x2e0
   917b4:	91016021 	add	x1, x1, #0x58
   917b8:	52800013 	mov	w19, #0x0                   	// #0
   917bc:	97ffeda1 	bl	8ce40 <CLogger::Write(char const*, TLogSeverity, char const*, ...)>
   917c0:	17fffff3 	b	9178c <CBcmPCIeHostBridge::Initialize()+0x6c>
	...

00000000000917e0 <CDMA4Channel::CDMA4Channel(unsigned int, CInterruptSystem*)>:
   917e0:	a9be7bfd 	stp	x29, x30, [sp, #-32]!
   917e4:	910003fd 	mov	x29, sp
   917e8:	a90153f3 	stp	x19, x20, [sp, #16]
   917ec:	b9000001 	str	w1, [x0]
   917f0:	b900281f 	str	wzr, [x0, #40]
   917f4:	f9002802 	str	x2, [x0, #80]
   917f8:	3901601f 	strb	wzr, [x0, #88]
   917fc:	a9067c1f 	stp	xzr, xzr, [x0, #96]
   91800:	3901c01f 	strb	wzr, [x0, #112]
   91804:	7100143f 	cmp	w1, #0x5
   91808:	54000469 	b.ls	91894 <CDMA4Channel::CDMA4Channel(unsigned int, CInterruptSystem*)+0xb4>  // b.plast
   9180c:	aa0003f4 	mov	x20, x0
   91810:	d2800033 	mov	x19, #0x1                   	// #1
   91814:	71002c3f 	cmp	w1, #0xb
   91818:	54000488 	b.hi	918a8 <CDMA4Channel::CDMA4Channel(unsigned int, CInterruptSystem*)+0xc8>  // b.pmore
   9181c:	52800041 	mov	w1, #0x2                   	// #2
   91820:	d2800400 	mov	x0, #0x20                  	// #32
   91824:	97ffd4c7 	bl	86b40 <operator new(unsigned long, int)>
   91828:	f8337a80 	str	x0, [x20, x19, lsl #3]
   9182c:	91000673 	add	x19, x19, #0x1
   91830:	3900701f 	strb	wzr, [x0, #28]
   91834:	3900741f 	strb	wzr, [x0, #29]
   91838:	3900781f 	strb	wzr, [x0, #30]
   9183c:	39007c1f 	strb	wzr, [x0, #31]
   91840:	f100167f 	cmp	x19, #0x5
   91844:	54fffec1 	b.ne	9181c <CDMA4Channel::CDMA4Channel(unsigned int, CInterruptSystem*)+0x3c>  // b.any
   91848:	b9400280 	ldr	w0, [x20]
   9184c:	d2a00033 	mov	x19, #0x10000               	// #65536
   91850:	f2c00213 	movk	x19, #0x10, lsl #32
   91854:	53185c00 	lsl	w0, w0, #8
   91858:	8b130000 	add	x0, x0, x19
   9185c:	91001000 	add	x0, x0, #0x4
   91860:	b900001f 	str	wzr, [x0]
   91864:	52807d00 	mov	w0, #0x3e8                 	// #1000
   91868:	97ffd206 	bl	86080 <CTimer::SimpleusDelay(unsigned int)>
   9186c:	b9400280 	ldr	w0, [x20]
   91870:	52a01001 	mov	w1, #0x800000              	// #8388608
   91874:	53185c00 	lsl	w0, w0, #8
   91878:	8b130000 	add	x0, x0, x19
   9187c:	91003000 	add	x0, x0, #0xc
   91880:	b9000001 	str	w1, [x0]
   91884:	a94153f3 	ldp	x19, x20, [sp, #16]
   91888:	52807d00 	mov	w0, #0x3e8                 	// #1000
   9188c:	a8c27bfd 	ldp	x29, x30, [sp], #32
   91890:	17ffd1fc 	b	86080 <CTimer::SimpleusDelay(unsigned int)>
   91894:	b0000021 	adrp	x1, 96000 <vtable for CDevice+0x4a8>
   91898:	52800ea2 	mov	w2, #0x75                  	// #117
   9189c:	9116c021 	add	x1, x1, #0x5b0
   918a0:	91004020 	add	x0, x1, #0x10
   918a4:	97ffe1df 	bl	8a020 <assertion_failed>
   918a8:	b0000021 	adrp	x1, 96000 <vtable for CDevice+0x4a8>
   918ac:	52800ec2 	mov	w2, #0x76                  	// #118
   918b0:	9116c021 	add	x1, x1, #0x5b0
   918b4:	9100c020 	add	x0, x1, #0x30
   918b8:	97ffe1da 	bl	8a020 <assertion_failed>
   918bc:	d503201f 	nop

00000000000918c0 <CDMA4Channel::~CDMA4Channel()>:
   918c0:	a9be7bfd 	stp	x29, x30, [sp, #-32]!
   918c4:	910003fd 	mov	x29, sp
   918c8:	a90153f3 	stp	x19, x20, [sp, #16]
   918cc:	aa0003f4 	mov	x20, x0
   918d0:	b9400000 	ldr	w0, [x0]
   918d4:	7100141f 	cmp	w0, #0x5
   918d8:	54000469 	b.ls	91964 <CDMA4Channel::~CDMA4Channel()+0xa4>  // b.plast
   918dc:	71002c1f 	cmp	w0, #0xb
   918e0:	540004c8 	b.hi	91978 <CDMA4Channel::~CDMA4Channel()+0xb8>  // b.pmore
   918e4:	d2800181 	mov	x1, #0xc                   	// #12
   918e8:	53185c00 	lsl	w0, w0, #8
   918ec:	f2a00021 	movk	x1, #0x1, lsl #16
   918f0:	f2c00201 	movk	x1, #0x10, lsl #32
   918f4:	8b010000 	add	x0, x0, x1
   918f8:	52a01001 	mov	w1, #0x800000              	// #8388608
   918fc:	b9000001 	str	w1, [x0]
   91900:	52807d00 	mov	w0, #0x3e8                 	// #1000
   91904:	97ffd1df 	bl	86080 <CTimer::SimpleusDelay(unsigned int)>
   91908:	f9402a80 	ldr	x0, [x20, #80]
   9190c:	f900329f 	str	xzr, [x20, #96]
   91910:	b4000060 	cbz	x0, 9191c <CDMA4Channel::~CDMA4Channel()+0x5c>
   91914:	39416281 	ldrb	w1, [x20, #88]
   91918:	370001a1 	tbnz	w1, #0, 9194c <CDMA4Channel::~CDMA4Channel()+0x8c>
   9191c:	d2800033 	mov	x19, #0x1                   	// #1
   91920:	f8737a80 	ldr	x0, [x20, x19, lsl #3]
   91924:	b4000060 	cbz	x0, 91930 <CDMA4Channel::~CDMA4Channel()+0x70>
   91928:	d2800401 	mov	x1, #0x20                  	// #32
   9192c:	97ffd4f1 	bl	86cf0 <operator delete(void*, unsigned long)>
   91930:	f8337a9f 	str	xzr, [x20, x19, lsl #3]
   91934:	91000673 	add	x19, x19, #0x1
   91938:	f100167f 	cmp	x19, #0x5
   9193c:	54ffff21 	b.ne	91920 <CDMA4Channel::~CDMA4Channel()+0x60>  // b.any
   91940:	a94153f3 	ldp	x19, x20, [sp, #16]
   91944:	a8c27bfd 	ldp	x29, x30, [sp], #32
   91948:	d65f03c0 	ret
   9194c:	b9400281 	ldr	w1, [x20]
   91950:	7100143f 	cmp	w1, #0x5
   91954:	540001c9 	b.ls	9198c <CDMA4Channel::~CDMA4Channel()+0xcc>  // b.plast
   91958:	1101c021 	add	w1, w1, #0x70
   9195c:	97ffdbd4 	bl	888ac <CInterruptSystem::DisconnectIRQ(unsigned int)>
   91960:	17ffffef 	b	9191c <CDMA4Channel::~CDMA4Channel()+0x5c>
   91964:	b0000021 	adrp	x1, 96000 <vtable for CDevice+0x4a8>
   91968:	52801202 	mov	w2, #0x90                  	// #144
   9196c:	9116c021 	add	x1, x1, #0x5b0
   91970:	91004020 	add	x0, x1, #0x10
   91974:	97ffe1ab 	bl	8a020 <assertion_failed>
   91978:	b0000021 	adrp	x1, 96000 <vtable for CDevice+0x4a8>
   9197c:	52801222 	mov	w2, #0x91                  	// #145
   91980:	9116c021 	add	x1, x1, #0x5b0
   91984:	9100c020 	add	x0, x1, #0x30
   91988:	97ffe1a6 	bl	8a020 <assertion_failed>
   9198c:	b0000021 	adrp	x1, 96000 <vtable for CDevice+0x4a8>
   91990:	52801482 	mov	w2, #0xa4                  	// #164
   91994:	9116c021 	add	x1, x1, #0x5b0
   91998:	91014020 	add	x0, x1, #0x50
   9199c:	97ffe1a1 	bl	8a020 <assertion_failed>

00000000000919a0 <CDMA4Channel::SetupMemCopy(void*, void const*, unsigned long, unsigned int, bool)>:
   919a0:	a9bd7bfd 	stp	x29, x30, [sp, #-48]!
   919a4:	910003fd 	mov	x29, sp
   919a8:	aa0103e9 	mov	x9, x1
   919ac:	b4000a41 	cbz	x1, 91af4 <CDMA4Channel::SetupMemCopy(void*, void const*, unsigned long, unsigned int, bool)+0x154>
   919b0:	b4000ac2 	cbz	x2, 91b08 <CDMA4Channel::SetupMemCopy(void*, void const*, unsigned long, unsigned int, bool)+0x168>
   919b4:	aa0303e1 	mov	x1, x3
   919b8:	b4000b23 	cbz	x3, 91b1c <CDMA4Channel::SetupMemCopy(void*, void const*, unsigned long, unsigned int, bool)+0x17c>
   919bc:	71003c9f 	cmp	w4, #0xf
   919c0:	54000b88 	b.hi	91b30 <CDMA4Channel::SetupMemCopy(void*, void const*, unsigned long, unsigned int, bool)+0x190>  // b.pmore
   919c4:	f9400406 	ldr	x6, [x0, #8]
   919c8:	aa0003ea 	mov	x10, x0
   919cc:	b4000bc6 	cbz	x6, 91b44 <CDMA4Channel::SetupMemCopy(void*, void const*, unsigned long, unsigned int, bool)+0x1a4>
   919d0:	b24077e0 	mov	x0, #0x3fffffff            	// #1073741823
   919d4:	eb00007f 	cmp	x3, x0
   919d8:	54000c08 	b.hi	91b58 <CDMA4Channel::SetupMemCopy(void*, void const*, unsigned long, unsigned int, bool)+0x1b8>  // b.pmore
   919dc:	53083c40 	ubfx	w0, w2, #8, #8
   919e0:	d3609c48 	ubfx	x8, x2, #32, #8
   919e4:	390000df 	strb	wzr, [x6]
   919e8:	2a042108 	orr	w8, w8, w4, lsl #8
   919ec:	528a0003 	mov	w3, #0x5000                	// #20480
   919f0:	12001ca5 	and	w5, w5, #0xff
   919f4:	390014c0 	strb	w0, [x6, #5]
   919f8:	53105c40 	ubfx	w0, w2, #16, #8
   919fc:	2a030107 	orr	w7, w8, w3
   91a00:	390004df 	strb	wzr, [x6, #1]
   91a04:	390018c0 	strb	w0, [x6, #6]
   91a08:	53187c40 	lsr	w0, w2, #24
   91a0c:	390008df 	strb	wzr, [x6, #2]
   91a10:	39001cc0 	strb	w0, [x6, #7]
   91a14:	d3483ce0 	ubfx	x0, x7, #8, #8
   91a18:	39000cdf 	strb	wzr, [x6, #3]
   91a1c:	390024c0 	strb	w0, [x6, #9]
   91a20:	d3505ce0 	ubfx	x0, x7, #16, #8
   91a24:	53187ce7 	lsr	w7, w7, #24
   91a28:	390010c2 	strb	w2, [x6, #4]
   91a2c:	390028c0 	strb	w0, [x6, #10]
   91a30:	53083d20 	ubfx	w0, w9, #8, #8
   91a34:	390020c8 	strb	w8, [x6, #8]
   91a38:	390034c0 	strb	w0, [x6, #13]
   91a3c:	53105d20 	ubfx	w0, w9, #16, #8
   91a40:	39002cc7 	strb	w7, [x6, #11]
   91a44:	390038c0 	strb	w0, [x6, #14]
   91a48:	53187d20 	lsr	w0, w9, #24
   91a4c:	390030c9 	strb	w9, [x6, #12]
   91a50:	39003cc0 	strb	w0, [x6, #15]
   91a54:	d3609d20 	ubfx	x0, x9, #32, #8
   91a58:	2a042004 	orr	w4, w0, w4, lsl #8
   91a5c:	390050c1 	strb	w1, [x6, #20]
   91a60:	390060df 	strb	wzr, [x6, #24]
   91a64:	2a030083 	orr	w3, w4, w3
   91a68:	390064df 	strb	wzr, [x6, #25]
   91a6c:	d3483c60 	ubfx	x0, x3, #8, #8
   91a70:	390040c4 	strb	w4, [x6, #16]
   91a74:	390068df 	strb	wzr, [x6, #26]
   91a78:	390044c0 	strb	w0, [x6, #17]
   91a7c:	d3505c60 	ubfx	x0, x3, #16, #8
   91a80:	53187c63 	lsr	w3, w3, #24
   91a84:	39006cdf 	strb	wzr, [x6, #27]
   91a88:	390048c0 	strb	w0, [x6, #18]
   91a8c:	53083c20 	ubfx	w0, w1, #8, #8
   91a90:	39004cc3 	strb	w3, [x6, #19]
   91a94:	390054c0 	strb	w0, [x6, #21]
   91a98:	53105c20 	ubfx	w0, w1, #16, #8
   91a9c:	390058c0 	strb	w0, [x6, #22]
   91aa0:	53187c20 	lsr	w0, w1, #24
   91aa4:	39005cc0 	strb	w0, [x6, #23]
   91aa8:	370000c5 	tbnz	w5, #0, 91ac0 <CDMA4Channel::SetupMemCopy(void*, void const*, unsigned long, unsigned int, bool)+0x120>
   91aac:	52800020 	mov	w0, #0x1                   	// #1
   91ab0:	f9003d5f 	str	xzr, [x10, #120]
   91ab4:	b9002940 	str	w0, [x10, #40]
   91ab8:	a8c37bfd 	ldp	x29, x30, [sp], #48
   91abc:	d65f03c0 	ret
   91ac0:	aa0203e0 	mov	x0, x2
   91ac4:	a9078549 	stp	x9, x1, [x10, #120]
   91ac8:	a901abe1 	stp	x1, x10, [sp, #24]
   91acc:	f90017e9 	str	x9, [sp, #40]
   91ad0:	97ffd877 	bl	87cac <CleanAndInvalidateDataCacheRange>
   91ad4:	f9400fe1 	ldr	x1, [sp, #24]
   91ad8:	f94017e0 	ldr	x0, [sp, #40]
   91adc:	97ffd874 	bl	87cac <CleanAndInvalidateDataCacheRange>
   91ae0:	f94013ea 	ldr	x10, [sp, #32]
   91ae4:	52800020 	mov	w0, #0x1                   	// #1
   91ae8:	b9002940 	str	w0, [x10, #40]
   91aec:	a8c37bfd 	ldp	x29, x30, [sp], #48
   91af0:	d65f03c0 	ret
   91af4:	b0000021 	adrp	x1, 96000 <vtable for CDevice+0x4a8>
   91af8:	528016c2 	mov	w2, #0xb6                  	// #182
   91afc:	9116c021 	add	x1, x1, #0x5b0
   91b00:	91018020 	add	x0, x1, #0x60
   91b04:	97ffe147 	bl	8a020 <assertion_failed>
   91b08:	b0000021 	adrp	x1, 96000 <vtable for CDevice+0x4a8>
   91b0c:	528016e2 	mov	w2, #0xb7                  	// #183
   91b10:	9116c021 	add	x1, x1, #0x5b0
   91b14:	9101e020 	add	x0, x1, #0x78
   91b18:	97ffe142 	bl	8a020 <assertion_failed>
   91b1c:	b0000021 	adrp	x1, 96000 <vtable for CDevice+0x4a8>
   91b20:	52801702 	mov	w2, #0xb8                  	// #184
   91b24:	9116c021 	add	x1, x1, #0x5b0
   91b28:	91022020 	add	x0, x1, #0x88
   91b2c:	97ffe13d 	bl	8a020 <assertion_failed>
   91b30:	b0000021 	adrp	x1, 96000 <vtable for CDevice+0x4a8>
   91b34:	52801722 	mov	w2, #0xb9                  	// #185
   91b38:	9116c021 	add	x1, x1, #0x5b0
   91b3c:	91026020 	add	x0, x1, #0x98
   91b40:	97ffe138 	bl	8a020 <assertion_failed>
   91b44:	b0000021 	adrp	x1, 96000 <vtable for CDevice+0x4a8>
   91b48:	52801762 	mov	w2, #0xbb                  	// #187
   91b4c:	9116c021 	add	x1, x1, #0x5b0
   91b50:	9102e020 	add	x0, x1, #0xb8
   91b54:	97ffe133 	bl	8a020 <assertion_failed>
   91b58:	b0000021 	adrp	x1, 96000 <vtable for CDevice+0x4a8>
   91b5c:	52801782 	mov	w2, #0xbc                  	// #188
   91b60:	9116c021 	add	x1, x1, #0x5b0
   91b64:	91034020 	add	x0, x1, #0xd0
   91b68:	97ffe12e 	bl	8a020 <assertion_failed>

0000000000091b6c <CDMA4Channel::SetupIORead(void*, unsigned long, unsigned long, TDREQ)>:
   91b6c:	a9be7bfd 	stp	x29, x30, [sp, #-32]!
   91b70:	910003fd 	mov	x29, sp
   91b74:	f9000bf3 	str	x19, [sp, #16]
   91b78:	aa0003f3 	mov	x19, x0
   91b7c:	aa0103e0 	mov	x0, x1
   91b80:	b40007e1 	cbz	x1, 91c7c <CDMA4Channel::SetupIORead(void*, unsigned long, unsigned long, TDREQ)+0x110>
   91b84:	aa0303e1 	mov	x1, x3
   91b88:	b4000843 	cbz	x3, 91c90 <CDMA4Channel::SetupIORead(void*, unsigned long, unsigned long, TDREQ)+0x124>
   91b8c:	b24077e3 	mov	x3, #0x3fffffff            	// #1073741823
   91b90:	eb03003f 	cmp	x1, x3
   91b94:	54000888 	b.hi	91ca4 <CDMA4Channel::SetupIORead(void*, unsigned long, unsigned long, TDREQ)+0x138>  // b.pmore
   91b98:	f9400665 	ldr	x5, [x19, #8]
   91b9c:	b40008e5 	cbz	x5, 91cb8 <CDMA4Channel::SetupIORead(void*, unsigned long, unsigned long, TDREQ)+0x14c>
   91ba0:	52880183 	mov	w3, #0x400c                	// #16396
   91ba4:	390010a2 	strb	w2, [x5, #4]
   91ba8:	2a042464 	orr	w4, w3, w4, lsl #9
   91bac:	390030a0 	strb	w0, [x5, #12]
   91bb0:	390000a3 	strb	w3, [x5]
   91bb4:	53087c83 	lsr	w3, w4, #8
   91bb8:	390048bf 	strb	wzr, [x5, #18]
   91bbc:	39004cbf 	strb	wzr, [x5, #19]
   91bc0:	390004a3 	strb	w3, [x5, #1]
   91bc4:	d3505c83 	ubfx	x3, x4, #16, #8
   91bc8:	53187c84 	lsr	w4, w4, #24
   91bcc:	390050a1 	strb	w1, [x5, #20]
   91bd0:	390008a3 	strb	w3, [x5, #2]
   91bd4:	53083c43 	ubfx	w3, w2, #8, #8
   91bd8:	39000ca4 	strb	w4, [x5, #3]
   91bdc:	390014a3 	strb	w3, [x5, #5]
   91be0:	53105c43 	ubfx	w3, w2, #16, #8
   91be4:	390060bf 	strb	wzr, [x5, #24]
   91be8:	390018a3 	strb	w3, [x5, #6]
   91bec:	53187c43 	lsr	w3, w2, #24
   91bf0:	390064bf 	strb	wzr, [x5, #25]
   91bf4:	39001ca3 	strb	w3, [x5, #7]
   91bf8:	d3609c43 	ubfx	x3, x2, #32, #8
   91bfc:	390068bf 	strb	wzr, [x5, #26]
   91c00:	390020a3 	strb	w3, [x5, #8]
   91c04:	d368bc43 	ubfx	x3, x2, #40, #8
   91c08:	39006cbf 	strb	wzr, [x5, #27]
   91c0c:	390024a3 	strb	w3, [x5, #9]
   91c10:	d370dc43 	ubfx	x3, x2, #48, #8
   91c14:	d378fc42 	lsr	x2, x2, #56
   91c18:	39002ca2 	strb	w2, [x5, #11]
   91c1c:	53083c02 	ubfx	w2, w0, #8, #8
   91c20:	390028a3 	strb	w3, [x5, #10]
   91c24:	390034a2 	strb	w2, [x5, #13]
   91c28:	53105c02 	ubfx	w2, w0, #16, #8
   91c2c:	390038a2 	strb	w2, [x5, #14]
   91c30:	53187c02 	lsr	w2, w0, #24
   91c34:	39003ca2 	strb	w2, [x5, #15]
   91c38:	d3609c02 	ubfx	x2, x0, #32, #8
   91c3c:	390040a2 	strb	w2, [x5, #16]
   91c40:	52800a02 	mov	w2, #0x50                  	// #80
   91c44:	390044a2 	strb	w2, [x5, #17]
   91c48:	53083c22 	ubfx	w2, w1, #8, #8
   91c4c:	390054a2 	strb	w2, [x5, #21]
   91c50:	53105c22 	ubfx	w2, w1, #16, #8
   91c54:	390058a2 	strb	w2, [x5, #22]
   91c58:	53187c22 	lsr	w2, w1, #24
   91c5c:	39005ca2 	strb	w2, [x5, #23]
   91c60:	a9078660 	stp	x0, x1, [x19, #120]
   91c64:	97ffd812 	bl	87cac <CleanAndInvalidateDataCacheRange>
   91c68:	52800020 	mov	w0, #0x1                   	// #1
   91c6c:	b9002a60 	str	w0, [x19, #40]
   91c70:	f9400bf3 	ldr	x19, [sp, #16]
   91c74:	a8c27bfd 	ldp	x29, x30, [sp], #32
   91c78:	d65f03c0 	ret
   91c7c:	b0000021 	adrp	x1, 96000 <vtable for CDevice+0x4a8>
   91c80:	52801c02 	mov	w2, #0xe0                  	// #224
   91c84:	9116c021 	add	x1, x1, #0x5b0
   91c88:	91018020 	add	x0, x1, #0x60
   91c8c:	97ffe0e5 	bl	8a020 <assertion_failed>
   91c90:	b0000021 	adrp	x1, 96000 <vtable for CDevice+0x4a8>
   91c94:	52801c22 	mov	w2, #0xe1                  	// #225
   91c98:	9116c021 	add	x1, x1, #0x5b0
   91c9c:	91022020 	add	x0, x1, #0x88
   91ca0:	97ffe0e0 	bl	8a020 <assertion_failed>
   91ca4:	b0000021 	adrp	x1, 96000 <vtable for CDevice+0x4a8>
   91ca8:	52801c42 	mov	w2, #0xe2                  	// #226
   91cac:	9116c021 	add	x1, x1, #0x5b0
   91cb0:	91034020 	add	x0, x1, #0xd0
   91cb4:	97ffe0db 	bl	8a020 <assertion_failed>
   91cb8:	b0000021 	adrp	x1, 96000 <vtable for CDevice+0x4a8>
   91cbc:	52801d42 	mov	w2, #0xea                  	// #234
   91cc0:	9116c021 	add	x1, x1, #0x5b0
   91cc4:	9102e020 	add	x0, x1, #0xb8
   91cc8:	97ffe0d6 	bl	8a020 <assertion_failed>

0000000000091ccc <CDMA4Channel::SetupIOWrite(unsigned long, void const*, unsigned long, TDREQ)>:
   91ccc:	a9be7bfd 	stp	x29, x30, [sp, #-32]!
   91cd0:	910003fd 	mov	x29, sp
   91cd4:	f9000bf3 	str	x19, [sp, #16]
   91cd8:	b4000842 	cbz	x2, 91de0 <CDMA4Channel::SetupIOWrite(unsigned long, void const*, unsigned long, TDREQ)+0x114>
   91cdc:	aa0103e6 	mov	x6, x1
   91ce0:	aa0303e1 	mov	x1, x3
   91ce4:	b4000883 	cbz	x3, 91df4 <CDMA4Channel::SetupIOWrite(unsigned long, void const*, unsigned long, TDREQ)+0x128>
   91ce8:	aa0003f3 	mov	x19, x0
   91cec:	aa0203e0 	mov	x0, x2
   91cf0:	b24077e2 	mov	x2, #0x3fffffff            	// #1073741823
   91cf4:	eb02007f 	cmp	x3, x2
   91cf8:	54000888 	b.hi	91e08 <CDMA4Channel::SetupIOWrite(unsigned long, void const*, unsigned long, TDREQ)+0x13c>  // b.pmore
   91cfc:	f9400665 	ldr	x5, [x19, #8]
   91d00:	b40008e5 	cbz	x5, 91e1c <CDMA4Channel::SetupIOWrite(unsigned long, void const*, unsigned long, TDREQ)+0x150>
   91d04:	52900182 	mov	w2, #0x800c                	// #32780
   91d08:	390030a6 	strb	w6, [x5, #12]
   91d0c:	2a042444 	orr	w4, w2, w4, lsl #9
   91d10:	390010a0 	strb	w0, [x5, #4]
   91d14:	390000a2 	strb	w2, [x5]
   91d18:	53087c82 	lsr	w2, w4, #8
   91d1c:	390028bf 	strb	wzr, [x5, #10]
   91d20:	39002cbf 	strb	wzr, [x5, #11]
   91d24:	390004a2 	strb	w2, [x5, #1]
   91d28:	d3505c82 	ubfx	x2, x4, #16, #8
   91d2c:	53187c84 	lsr	w4, w4, #24
   91d30:	390050a3 	strb	w3, [x5, #20]
   91d34:	390008a2 	strb	w2, [x5, #2]
   91d38:	53083c02 	ubfx	w2, w0, #8, #8
   91d3c:	39000ca4 	strb	w4, [x5, #3]
   91d40:	390014a2 	strb	w2, [x5, #5]
   91d44:	53105c02 	ubfx	w2, w0, #16, #8
   91d48:	390060bf 	strb	wzr, [x5, #24]
   91d4c:	390018a2 	strb	w2, [x5, #6]
   91d50:	53187c02 	lsr	w2, w0, #24
   91d54:	390064bf 	strb	wzr, [x5, #25]
   91d58:	39001ca2 	strb	w2, [x5, #7]
   91d5c:	d3609c02 	ubfx	x2, x0, #32, #8
   91d60:	390068bf 	strb	wzr, [x5, #26]
   91d64:	390020a2 	strb	w2, [x5, #8]
   91d68:	52800a02 	mov	w2, #0x50                  	// #80
   91d6c:	39006cbf 	strb	wzr, [x5, #27]
   91d70:	390024a2 	strb	w2, [x5, #9]
   91d74:	53083cc2 	ubfx	w2, w6, #8, #8
   91d78:	390034a2 	strb	w2, [x5, #13]
   91d7c:	53105cc2 	ubfx	w2, w6, #16, #8
   91d80:	390038a2 	strb	w2, [x5, #14]
   91d84:	53187cc2 	lsr	w2, w6, #24
   91d88:	39003ca2 	strb	w2, [x5, #15]
   91d8c:	d3609cc2 	ubfx	x2, x6, #32, #8
   91d90:	390040a2 	strb	w2, [x5, #16]
   91d94:	d368bcc2 	ubfx	x2, x6, #40, #8
   91d98:	390044a2 	strb	w2, [x5, #17]
   91d9c:	d370dcc2 	ubfx	x2, x6, #48, #8
   91da0:	d378fcc6 	lsr	x6, x6, #56
   91da4:	390048a2 	strb	w2, [x5, #18]
   91da8:	53083c62 	ubfx	w2, w3, #8, #8
   91dac:	39004ca6 	strb	w6, [x5, #19]
   91db0:	390054a2 	strb	w2, [x5, #21]
   91db4:	53105c62 	ubfx	w2, w3, #16, #8
   91db8:	390058a2 	strb	w2, [x5, #22]
   91dbc:	53187c62 	lsr	w2, w3, #24
   91dc0:	39005ca2 	strb	w2, [x5, #23]
   91dc4:	f9003e7f 	str	xzr, [x19, #120]
   91dc8:	97ffd7b9 	bl	87cac <CleanAndInvalidateDataCacheRange>
   91dcc:	52800020 	mov	w0, #0x1                   	// #1
   91dd0:	b9002a60 	str	w0, [x19, #40]
   91dd4:	f9400bf3 	ldr	x19, [sp, #16]
   91dd8:	a8c27bfd 	ldp	x29, x30, [sp], #32
   91ddc:	d65f03c0 	ret
   91de0:	b0000021 	adrp	x1, 96000 <vtable for CDevice+0x4a8>
   91de4:	52802142 	mov	w2, #0x10a                 	// #266
   91de8:	9116c021 	add	x1, x1, #0x5b0
   91dec:	9101e020 	add	x0, x1, #0x78
   91df0:	97ffe08c 	bl	8a020 <assertion_failed>
   91df4:	b0000021 	adrp	x1, 96000 <vtable for CDevice+0x4a8>
   91df8:	52802162 	mov	w2, #0x10b                 	// #267
   91dfc:	9116c021 	add	x1, x1, #0x5b0
   91e00:	91022020 	add	x0, x1, #0x88
   91e04:	97ffe087 	bl	8a020 <assertion_failed>
   91e08:	b0000021 	adrp	x1, 96000 <vtable for CDevice+0x4a8>
   91e0c:	52802182 	mov	w2, #0x10c                 	// #268
   91e10:	9116c021 	add	x1, x1, #0x5b0
   91e14:	91034020 	add	x0, x1, #0xd0
   91e18:	97ffe082 	bl	8a020 <assertion_failed>
   91e1c:	b0000021 	adrp	x1, 96000 <vtable for CDevice+0x4a8>
   91e20:	52802282 	mov	w2, #0x114                 	// #276
   91e24:	9116c021 	add	x1, x1, #0x5b0
   91e28:	9102e020 	add	x0, x1, #0xb8
   91e2c:	97ffe07d 	bl	8a020 <assertion_failed>

0000000000091e30 <CDMA4Channel::SetupCyclicIOWrite(unsigned long, void const**, unsigned int, unsigned long, TDREQ)>:
   91e30:	a9ba7bfd 	stp	x29, x30, [sp, #-96]!
   91e34:	910003fd 	mov	x29, sp
   91e38:	a90153f3 	stp	x19, x20, [sp, #16]
   91e3c:	a9025bf5 	stp	x21, x22, [sp, #32]
   91e40:	a90363f7 	stp	x23, x24, [sp, #48]
   91e44:	a9046bf9 	stp	x25, x26, [sp, #64]
   91e48:	a90573fb 	stp	x27, x28, [sp, #80]
   91e4c:	b4000ec2 	cbz	x2, 92024 <CDMA4Channel::SetupCyclicIOWrite(unsigned long, void const**, unsigned int, unsigned long, TDREQ)+0x1f4>
   91e50:	aa0403f5 	mov	x21, x4
   91e54:	b4000f24 	cbz	x4, 92038 <CDMA4Channel::SetupCyclicIOWrite(unsigned long, void const**, unsigned int, unsigned long, TDREQ)+0x208>
   91e58:	aa0003f9 	mov	x25, x0
   91e5c:	b24077e0 	mov	x0, #0x3fffffff            	// #1073741823
   91e60:	eb00009f 	cmp	x4, x0
   91e64:	54000f48 	b.hi	9204c <CDMA4Channel::SetupCyclicIOWrite(unsigned long, void const**, unsigned int, unsigned long, TDREQ)+0x21c>  // b.pmore
   91e68:	5290019c 	mov	w28, #0x800c                	// #32780
   91e6c:	aa0103f3 	mov	x19, x1
   91e70:	2a052797 	orr	w23, w28, w5, lsl #9
   91e74:	2a0303f8 	mov	w24, w3
   91e78:	aa0203f6 	mov	x22, x2
   91e7c:	9100233a 	add	x26, x25, #0x8
   91e80:	d2800014 	mov	x20, #0x0                   	// #0
   91e84:	927e079c 	and	x28, x28, #0xc
   91e88:	34000b23 	cbz	w3, 91fec <CDMA4Channel::SetupCyclicIOWrite(unsigned long, void const**, unsigned int, unsigned long, TDREQ)+0x1bc>
   91e8c:	f94002c0 	ldr	x0, [x22]
   91e90:	b4000900 	cbz	x0, 91fb0 <CDMA4Channel::SetupCyclicIOWrite(unsigned long, void const**, unsigned int, unsigned long, TDREQ)+0x180>
   91e94:	f9400346 	ldr	x6, [x26]
   91e98:	b4000bc6 	cbz	x6, 92010 <CDMA4Channel::SetupCyclicIOWrite(unsigned long, void const**, unsigned int, unsigned long, TDREQ)+0x1e0>
   91e9c:	53087ee1 	lsr	w1, w23, #8
   91ea0:	390000dc 	strb	w28, [x6]
   91ea4:	390010c0 	strb	w0, [x6, #4]
   91ea8:	390004c1 	strb	w1, [x6, #1]
   91eac:	d3505ee1 	ubfx	x1, x23, #16, #8
   91eb0:	390028df 	strb	wzr, [x6, #10]
   91eb4:	390008c1 	strb	w1, [x6, #2]
   91eb8:	53187ee1 	lsr	w1, w23, #24
   91ebc:	39002cdf 	strb	wzr, [x6, #11]
   91ec0:	39000cc1 	strb	w1, [x6, #3]
   91ec4:	53083c01 	ubfx	w1, w0, #8, #8
   91ec8:	390030d3 	strb	w19, [x6, #12]
   91ecc:	390014c1 	strb	w1, [x6, #5]
   91ed0:	53105c01 	ubfx	w1, w0, #16, #8
   91ed4:	390050d5 	strb	w21, [x6, #20]
   91ed8:	390018c1 	strb	w1, [x6, #6]
   91edc:	53187c01 	lsr	w1, w0, #24
   91ee0:	39001cc1 	strb	w1, [x6, #7]
   91ee4:	d3609c01 	ubfx	x1, x0, #32, #8
   91ee8:	390020c1 	strb	w1, [x6, #8]
   91eec:	52800a01 	mov	w1, #0x50                  	// #80
   91ef0:	390024c1 	strb	w1, [x6, #9]
   91ef4:	53083e61 	ubfx	w1, w19, #8, #8
   91ef8:	390034c1 	strb	w1, [x6, #13]
   91efc:	53105e61 	ubfx	w1, w19, #16, #8
   91f00:	390038c1 	strb	w1, [x6, #14]
   91f04:	53187e61 	lsr	w1, w19, #24
   91f08:	39003cc1 	strb	w1, [x6, #15]
   91f0c:	d3609e61 	ubfx	x1, x19, #32, #8
   91f10:	390040c1 	strb	w1, [x6, #16]
   91f14:	d368be61 	ubfx	x1, x19, #40, #8
   91f18:	390044c1 	strb	w1, [x6, #17]
   91f1c:	d370de61 	ubfx	x1, x19, #48, #8
   91f20:	390048c1 	strb	w1, [x6, #18]
   91f24:	d378fe61 	lsr	x1, x19, #56
   91f28:	39004cc1 	strb	w1, [x6, #19]
   91f2c:	53083ea1 	ubfx	w1, w21, #8, #8
   91f30:	390054c1 	strb	w1, [x6, #21]
   91f34:	53105ea1 	ubfx	w1, w21, #16, #8
   91f38:	390058c1 	strb	w1, [x6, #22]
   91f3c:	53187ea1 	lsr	w1, w21, #24
   91f40:	39005cc1 	strb	w1, [x6, #23]
   91f44:	7100071f 	cmp	w24, #0x1
   91f48:	540003e0 	b.eq	91fc4 <CDMA4Channel::SetupCyclicIOWrite(unsigned long, void const**, unsigned int, unsigned long, TDREQ)+0x194>  // b.none
   91f4c:	51000701 	sub	w1, w24, #0x1
   91f50:	1100069b 	add	w27, w20, #0x1
   91f54:	6b01029f 	cmp	w20, w1
   91f58:	1a9407f4 	csinc	w20, wzr, w20, eq	// eq = none
   91f5c:	8b344f34 	add	x20, x25, w20, uxtw #3
   91f60:	f9400687 	ldr	x7, [x20, #8]
   91f64:	9100235a 	add	x26, x26, #0x8
   91f68:	530530e1 	ubfx	w1, w7, #5, #8
   91f6c:	390060c1 	strb	w1, [x6, #24]
   91f70:	530d50e1 	ubfx	w1, w7, #13, #8
   91f74:	390064c1 	strb	w1, [x6, #25]
   91f78:	531570e1 	ubfx	w1, w7, #21, #8
   91f7c:	d35d90e7 	ubfx	x7, x7, #29, #8
   91f80:	390068c1 	strb	w1, [x6, #26]
   91f84:	aa1503e1 	mov	x1, x21
   91f88:	39006cc7 	strb	w7, [x6, #27]
   91f8c:	f9003f3f 	str	xzr, [x25, #120]
   91f90:	97ffd747 	bl	87cac <CleanAndInvalidateDataCacheRange>
   91f94:	f84086c0 	ldr	x0, [x22], #8
   91f98:	f9001340 	str	x0, [x26, #32]
   91f9c:	6b1b031f 	cmp	w24, w27
   91fa0:	54000260 	b.eq	91fec <CDMA4Channel::SetupCyclicIOWrite(unsigned long, void const**, unsigned int, unsigned long, TDREQ)+0x1bc>  // b.none
   91fa4:	f94002c0 	ldr	x0, [x22]
   91fa8:	2a1b03f4 	mov	w20, w27
   91fac:	b5fff740 	cbnz	x0, 91e94 <CDMA4Channel::SetupCyclicIOWrite(unsigned long, void const**, unsigned int, unsigned long, TDREQ)+0x64>
   91fb0:	b0000021 	adrp	x1, 96000 <vtable for CDevice+0x4a8>
   91fb4:	52802802 	mov	w2, #0x140                 	// #320
   91fb8:	9116c021 	add	x1, x1, #0x5b0
   91fbc:	9104c020 	add	x0, x1, #0x130
   91fc0:	97ffe018 	bl	8a020 <assertion_failed>
   91fc4:	390060df 	strb	wzr, [x6, #24]
   91fc8:	aa1503e1 	mov	x1, x21
   91fcc:	91001a94 	add	x20, x20, #0x6
   91fd0:	390064df 	strb	wzr, [x6, #25]
   91fd4:	390068df 	strb	wzr, [x6, #26]
   91fd8:	39006cdf 	strb	wzr, [x6, #27]
   91fdc:	f9003f3f 	str	xzr, [x25, #120]
   91fe0:	97ffd733 	bl	87cac <CleanAndInvalidateDataCacheRange>
   91fe4:	f94002c0 	ldr	x0, [x22]
   91fe8:	f8347b20 	str	x0, [x25, x20, lsl #3]
   91fec:	b9002b38 	str	w24, [x25, #40]
   91ff0:	f9004335 	str	x21, [x25, #128]
   91ff4:	a94153f3 	ldp	x19, x20, [sp, #16]
   91ff8:	a9425bf5 	ldp	x21, x22, [sp, #32]
   91ffc:	a94363f7 	ldp	x23, x24, [sp, #48]
   92000:	a9446bf9 	ldp	x25, x26, [sp, #64]
   92004:	a94573fb 	ldp	x27, x28, [sp, #80]
   92008:	a8c67bfd 	ldp	x29, x30, [sp], #96
   9200c:	d65f03c0 	ret
   92010:	90000021 	adrp	x1, 96000 <vtable for CDevice+0x4a8>
   92014:	52802822 	mov	w2, #0x141                 	// #321
   92018:	9116c021 	add	x1, x1, #0x5b0
   9201c:	91050020 	add	x0, x1, #0x140
   92020:	97ffe000 	bl	8a020 <assertion_failed>
   92024:	90000021 	adrp	x1, 96000 <vtable for CDevice+0x4a8>
   92028:	52802682 	mov	w2, #0x134                 	// #308
   9202c:	9116c021 	add	x1, x1, #0x5b0
   92030:	9103c020 	add	x0, x1, #0xf0
   92034:	97ffdffb 	bl	8a020 <assertion_failed>
   92038:	90000021 	adrp	x1, 96000 <vtable for CDevice+0x4a8>
   9203c:	528026a2 	mov	w2, #0x135                 	// #309
   92040:	9116c021 	add	x1, x1, #0x5b0
   92044:	91040020 	add	x0, x1, #0x100
   92048:	97ffdff6 	bl	8a020 <assertion_failed>
   9204c:	90000021 	adrp	x1, 96000 <vtable for CDevice+0x4a8>
   92050:	528026c2 	mov	w2, #0x136                 	// #310
   92054:	9116c021 	add	x1, x1, #0x5b0
   92058:	91044020 	add	x0, x1, #0x110
   9205c:	97ffdff1 	bl	8a020 <assertion_failed>

0000000000092060 <CDMA4Channel::SetupMemCopy2D(void*, void const*, unsigned long, unsigned int, unsigned long, unsigned int)>:
   92060:	a9be7bfd 	stp	x29, x30, [sp, #-32]!
   92064:	910003fd 	mov	x29, sp
   92068:	b4000ae1 	cbz	x1, 921c4 <CDMA4Channel::SetupMemCopy2D(void*, void const*, unsigned long, unsigned int, unsigned long, unsigned int)+0x164>
   9206c:	b4000b62 	cbz	x2, 921d8 <CDMA4Channel::SetupMemCopy2D(void*, void const*, unsigned long, unsigned int, unsigned long, unsigned int)+0x178>
   92070:	b4000be3 	cbz	x3, 921ec <CDMA4Channel::SetupMemCopy2D(void*, void const*, unsigned long, unsigned int, unsigned long, unsigned int)+0x18c>
   92074:	aa0003e9 	mov	x9, x0
   92078:	d29fffe0 	mov	x0, #0xffff                	// #65535
   9207c:	eb00007f 	cmp	x3, x0
   92080:	54000c08 	b.hi	92200 <CDMA4Channel::SetupMemCopy2D(void*, void const*, unsigned long, unsigned int, unsigned long, unsigned int)+0x1a0>  // b.pmore
   92084:	34000c84 	cbz	w4, 92214 <CDMA4Channel::SetupMemCopy2D(void*, void const*, unsigned long, unsigned int, unsigned long, unsigned int)+0x1b4>
   92088:	5287ffe7 	mov	w7, #0x3fff                	// #16383
   9208c:	6b07009f 	cmp	w4, w7
   92090:	54000cc8 	b.hi	92228 <CDMA4Channel::SetupMemCopy2D(void*, void const*, unsigned long, unsigned int, unsigned long, unsigned int)+0x1c8>  // b.pmore
   92094:	eb0000bf 	cmp	x5, x0
   92098:	540008c8 	b.hi	921b0 <CDMA4Channel::SetupMemCopy2D(void*, void const*, unsigned long, unsigned int, unsigned long, unsigned int)+0x150>  // b.pmore
   9209c:	71003cdf 	cmp	w6, #0xf
   920a0:	54000ce8 	b.hi	9223c <CDMA4Channel::SetupMemCopy2D(void*, void const*, unsigned long, unsigned int, unsigned long, unsigned int)+0x1dc>  // b.pmore
   920a4:	f9400527 	ldr	x7, [x9, #8]
   920a8:	b4000d47 	cbz	x7, 92250 <CDMA4Channel::SetupMemCopy2D(void*, void const*, unsigned long, unsigned int, unsigned long, unsigned int)+0x1f0>
   920ac:	528001c0 	mov	w0, #0xe                   	// #14
   920b0:	528a000a 	mov	w10, #0x5000                	// #20480
   920b4:	390004ff 	strb	wzr, [x7, #1]
   920b8:	2a054145 	orr	w5, w10, w5, lsl #16
   920bc:	390008ff 	strb	wzr, [x7, #2]
   920c0:	390000e0 	strb	w0, [x7]
   920c4:	53083c40 	ubfx	w0, w2, #8, #8
   920c8:	39000cff 	strb	wzr, [x7, #3]
   920cc:	390014e0 	strb	w0, [x7, #5]
   920d0:	53105c40 	ubfx	w0, w2, #16, #8
   920d4:	390010e2 	strb	w2, [x7, #4]
   920d8:	390018e0 	strb	w0, [x7, #6]
   920dc:	53187c40 	lsr	w0, w2, #24
   920e0:	390030e1 	strb	w1, [x7, #12]
   920e4:	39001ce0 	strb	w0, [x7, #7]
   920e8:	d3609c40 	ubfx	x0, x2, #32, #8
   920ec:	2a062000 	orr	w0, w0, w6, lsl #8
   920f0:	390050e3 	strb	w3, [x7, #20]
   920f4:	390060ff 	strb	wzr, [x7, #24]
   920f8:	2a0a0008 	orr	w8, w0, w10
   920fc:	390064ff 	strb	wzr, [x7, #25]
   92100:	390020e0 	strb	w0, [x7, #8]
   92104:	d3483d00 	ubfx	x0, x8, #8, #8
   92108:	390068ff 	strb	wzr, [x7, #26]
   9210c:	390024e0 	strb	w0, [x7, #9]
   92110:	d3505d00 	ubfx	x0, x8, #16, #8
   92114:	53187d08 	lsr	w8, w8, #24
   92118:	39006cff 	strb	wzr, [x7, #27]
   9211c:	390028e0 	strb	w0, [x7, #10]
   92120:	53083c20 	ubfx	w0, w1, #8, #8
   92124:	39002ce8 	strb	w8, [x7, #11]
   92128:	d3609c28 	ubfx	x8, x1, #32, #8
   9212c:	390034e0 	strb	w0, [x7, #13]
   92130:	53105c20 	ubfx	w0, w1, #16, #8
   92134:	2a062106 	orr	w6, w8, w6, lsl #8
   92138:	f9000fe9 	str	x9, [sp, #24]
   9213c:	390038e0 	strb	w0, [x7, #14]
   92140:	53187c20 	lsr	w0, w1, #24
   92144:	2a0500c5 	orr	w5, w6, w5
   92148:	390040e6 	strb	w6, [x7, #16]
   9214c:	39003ce0 	strb	w0, [x7, #15]
   92150:	d3483ca0 	ubfx	x0, x5, #8, #8
   92154:	390044e0 	strb	w0, [x7, #17]
   92158:	d3505ca0 	ubfx	x0, x5, #16, #8
   9215c:	53187ca5 	lsr	w5, w5, #24
   92160:	39004ce5 	strb	w5, [x7, #19]
   92164:	51000485 	sub	w5, w4, #0x1
   92168:	2a0403e4 	mov	w4, w4
   9216c:	2a054065 	orr	w5, w3, w5, lsl #16
   92170:	390048e0 	strb	w0, [x7, #18]
   92174:	53083c60 	ubfx	w0, w3, #8, #8
   92178:	9b037c81 	mul	x1, x4, x3
   9217c:	390054e0 	strb	w0, [x7, #21]
   92180:	d3505ca0 	ubfx	x0, x5, #16, #8
   92184:	53187ca5 	lsr	w5, w5, #24
   92188:	390058e0 	strb	w0, [x7, #22]
   9218c:	aa0203e0 	mov	x0, x2
   92190:	39005ce5 	strb	w5, [x7, #23]
   92194:	f9003d3f 	str	xzr, [x9, #120]
   92198:	97ffd6c5 	bl	87cac <CleanAndInvalidateDataCacheRange>
   9219c:	f9400fe9 	ldr	x9, [sp, #24]
   921a0:	52800020 	mov	w0, #0x1                   	// #1
   921a4:	b9002920 	str	w0, [x9, #40]
   921a8:	a8c27bfd 	ldp	x29, x30, [sp], #32
   921ac:	d65f03c0 	ret
   921b0:	90000021 	adrp	x1, 96000 <vtable for CDevice+0x4a8>
   921b4:	52802ea2 	mov	w2, #0x175                 	// #373
   921b8:	9116c021 	add	x1, x1, #0x5b0
   921bc:	91072020 	add	x0, x1, #0x1c8
   921c0:	97ffdf98 	bl	8a020 <assertion_failed>
   921c4:	90000021 	adrp	x1, 96000 <vtable for CDevice+0x4a8>
   921c8:	52802de2 	mov	w2, #0x16f                 	// #367
   921cc:	9116c021 	add	x1, x1, #0x5b0
   921d0:	91018020 	add	x0, x1, #0x60
   921d4:	97ffdf93 	bl	8a020 <assertion_failed>
   921d8:	90000021 	adrp	x1, 96000 <vtable for CDevice+0x4a8>
   921dc:	52802e02 	mov	w2, #0x170                 	// #368
   921e0:	9116c021 	add	x1, x1, #0x5b0
   921e4:	9101e020 	add	x0, x1, #0x78
   921e8:	97ffdf8e 	bl	8a020 <assertion_failed>
   921ec:	90000021 	adrp	x1, 96000 <vtable for CDevice+0x4a8>
   921f0:	52802e22 	mov	w2, #0x171                 	// #369
   921f4:	9116c021 	add	x1, x1, #0x5b0
   921f8:	91056020 	add	x0, x1, #0x158
   921fc:	97ffdf89 	bl	8a020 <assertion_failed>
   92200:	90000021 	adrp	x1, 96000 <vtable for CDevice+0x4a8>
   92204:	52802e42 	mov	w2, #0x172                 	// #370
   92208:	9116c021 	add	x1, x1, #0x5b0
   9220c:	9105c020 	add	x0, x1, #0x170
   92210:	97ffdf84 	bl	8a020 <assertion_failed>
   92214:	90000021 	adrp	x1, 96000 <vtable for CDevice+0x4a8>
   92218:	52802e62 	mov	w2, #0x173                 	// #371
   9221c:	9116c021 	add	x1, x1, #0x5b0
   92220:	91066020 	add	x0, x1, #0x198
   92224:	97ffdf7f 	bl	8a020 <assertion_failed>
   92228:	90000021 	adrp	x1, 96000 <vtable for CDevice+0x4a8>
   9222c:	52802e82 	mov	w2, #0x174                 	// #372
   92230:	9116c021 	add	x1, x1, #0x5b0
   92234:	9106a020 	add	x0, x1, #0x1a8
   92238:	97ffdf7a 	bl	8a020 <assertion_failed>
   9223c:	90000021 	adrp	x1, 96000 <vtable for CDevice+0x4a8>
   92240:	52802ec2 	mov	w2, #0x176                 	// #374
   92244:	9116c021 	add	x1, x1, #0x5b0
   92248:	91026020 	add	x0, x1, #0x98
   9224c:	97ffdf75 	bl	8a020 <assertion_failed>
   92250:	90000021 	adrp	x1, 96000 <vtable for CDevice+0x4a8>
   92254:	52802f02 	mov	w2, #0x178                 	// #376
   92258:	9116c021 	add	x1, x1, #0x5b0
   9225c:	9102e020 	add	x0, x1, #0xb8
   92260:	97ffdf70 	bl	8a020 <assertion_failed>

0000000000092264 <CDMA4Channel::SetCompletionRoutine(void (*)(unsigned int, unsigned int, bool, void*), void*)>:
   92264:	a9bd7bfd 	stp	x29, x30, [sp, #-48]!
   92268:	aa0103e4 	mov	x4, x1
   9226c:	910003fd 	mov	x29, sp
   92270:	b9400001 	ldr	w1, [x0]
   92274:	7100143f 	cmp	w1, #0x5
   92278:	54000329 	b.ls	922dc <CDMA4Channel::SetCompletionRoutine(void (*)(unsigned int, unsigned int, bool, void*), void*)+0x78>  // b.plast
   9227c:	71002c3f 	cmp	w1, #0xb
   92280:	54000388 	b.hi	922f0 <CDMA4Channel::SetCompletionRoutine(void (*)(unsigned int, unsigned int, bool, void*), void*)+0x8c>  // b.pmore
   92284:	aa0003e3 	mov	x3, x0
   92288:	f9402800 	ldr	x0, [x0, #80]
   9228c:	b40003c0 	cbz	x0, 92304 <CDMA4Channel::SetCompletionRoutine(void (*)(unsigned int, unsigned int, bool, void*), void*)+0xa0>
   92290:	aa0203e5 	mov	x5, x2
   92294:	39416062 	ldrb	w2, [x3, #88]
   92298:	360000c2 	tbz	w2, #0, 922b0 <CDMA4Channel::SetCompletionRoutine(void (*)(unsigned int, unsigned int, bool, void*), void*)+0x4c>
   9229c:	f9003064 	str	x4, [x3, #96]
   922a0:	b40003c4 	cbz	x4, 92318 <CDMA4Channel::SetCompletionRoutine(void (*)(unsigned int, unsigned int, bool, void*), void*)+0xb4>
   922a4:	f9003465 	str	x5, [x3, #104]
   922a8:	a8c37bfd 	ldp	x29, x30, [sp], #48
   922ac:	d65f03c0 	ret
   922b0:	90000002 	adrp	x2, 92000 <CDMA4Channel::SetupCyclicIOWrite(unsigned long, void const**, unsigned int, unsigned long, TDREQ)+0x1d0>
   922b4:	1101c021 	add	w1, w1, #0x70
   922b8:	a90193e3 	stp	x3, x4, [sp, #24]
   922bc:	911f0042 	add	x2, x2, #0x7c0
   922c0:	f90017e5 	str	x5, [sp, #40]
   922c4:	97ffd91f 	bl	88740 <CInterruptSystem::ConnectIRQ(unsigned int, void (*)(void*), void*)>
   922c8:	a94193e3 	ldp	x3, x4, [sp, #24]
   922cc:	52800020 	mov	w0, #0x1                   	// #1
   922d0:	f94017e5 	ldr	x5, [sp, #40]
   922d4:	39016060 	strb	w0, [x3, #88]
   922d8:	17fffff1 	b	9229c <CDMA4Channel::SetCompletionRoutine(void (*)(unsigned int, unsigned int, bool, void*), void*)+0x38>
   922dc:	90000021 	adrp	x1, 96000 <vtable for CDevice+0x4a8>
   922e0:	528032e2 	mov	w2, #0x197                 	// #407
   922e4:	9116c021 	add	x1, x1, #0x5b0
   922e8:	91004020 	add	x0, x1, #0x10
   922ec:	97ffdf4d 	bl	8a020 <assertion_failed>
   922f0:	90000021 	adrp	x1, 96000 <vtable for CDevice+0x4a8>
   922f4:	52803302 	mov	w2, #0x198                 	// #408
   922f8:	9116c021 	add	x1, x1, #0x5b0
   922fc:	9100c020 	add	x0, x1, #0x30
   92300:	97ffdf48 	bl	8a020 <assertion_failed>
   92304:	90000021 	adrp	x1, 96000 <vtable for CDevice+0x4a8>
   92308:	52803322 	mov	w2, #0x199                 	// #409
   9230c:	9116c021 	add	x1, x1, #0x5b0
   92310:	9107c020 	add	x0, x1, #0x1f0
   92314:	97ffdf43 	bl	8a020 <assertion_failed>
   92318:	90000021 	adrp	x1, 96000 <vtable for CDevice+0x4a8>
   9231c:	52803522 	mov	w2, #0x1a9                 	// #425
   92320:	9116c021 	add	x1, x1, #0x5b0
   92324:	91082020 	add	x0, x1, #0x208
   92328:	97ffdf3e 	bl	8a020 <assertion_failed>

000000000009232c <CDMA4Channel::Start()>:
   9232c:	a9bd7bfd 	stp	x29, x30, [sp, #-48]!
   92330:	910003fd 	mov	x29, sp
   92334:	a90153f3 	stp	x19, x20, [sp, #16]
   92338:	aa0003f3 	mov	x19, x0
   9233c:	b9402800 	ldr	w0, [x0, #40]
   92340:	f90013f5 	str	x21, [sp, #32]
   92344:	34000400 	cbz	w0, 923c4 <CDMA4Channel::Start()+0x98>
   92348:	d2800014 	mov	x20, #0x0                   	// #0
   9234c:	91002275 	add	x21, x19, #0x8
   92350:	f8747aa0 	ldr	x0, [x21, x20, lsl #3]
   92354:	b40006c0 	cbz	x0, 9242c <CDMA4Channel::Start()+0x100>
   92358:	f9403261 	ldr	x1, [x19, #96]
   9235c:	b4000281 	cbz	x1, 923ac <CDMA4Channel::Start()+0x80>
   92360:	f9402a61 	ldr	x1, [x19, #80]
   92364:	b40006e1 	cbz	x1, 92440 <CDMA4Channel::Start()+0x114>
   92368:	39416261 	ldrb	w1, [x19, #88]
   9236c:	36000741 	tbz	w1, #0, 92454 <CDMA4Channel::Start()+0x128>
   92370:	39400002 	ldrb	w2, [x0]
   92374:	39400401 	ldrb	w1, [x0, #1]
   92378:	aa012041 	orr	x1, x2, x1, lsl #8
   9237c:	39400802 	ldrb	w2, [x0, #2]
   92380:	aa024022 	orr	x2, x1, x2, lsl #16
   92384:	39400c01 	ldrb	w1, [x0, #3]
   92388:	aa016041 	orr	x1, x2, x1, lsl #24
   9238c:	32000021 	orr	w1, w1, #0x1
   92390:	d3483c22 	ubfx	x2, x1, #8, #8
   92394:	39000001 	strb	w1, [x0]
   92398:	39000402 	strb	w2, [x0, #1]
   9239c:	d3505c22 	ubfx	x2, x1, #16, #8
   923a0:	53187c21 	lsr	w1, w1, #24
   923a4:	39000802 	strb	w2, [x0, #2]
   923a8:	39000c01 	strb	w1, [x0, #3]
   923ac:	d2800401 	mov	x1, #0x20                  	// #32
   923b0:	91000694 	add	x20, x20, #0x1
   923b4:	97ffd63e 	bl	87cac <CleanAndInvalidateDataCacheRange>
   923b8:	b9402a60 	ldr	w0, [x19, #40]
   923bc:	6b14001f 	cmp	w0, w20
   923c0:	54fffc88 	b.hi	92350 <CDMA4Channel::Start()+0x24>  // b.pmore
   923c4:	b9400260 	ldr	w0, [x19]
   923c8:	7100141f 	cmp	w0, #0x5
   923cc:	540004e9 	b.ls	92468 <CDMA4Channel::Start()+0x13c>  // b.plast
   923d0:	71002c1f 	cmp	w0, #0xb
   923d4:	54000548 	b.hi	9247c <CDMA4Channel::Start()+0x150>  // b.pmore
   923d8:	d2a00022 	mov	x2, #0x10000               	// #65536
   923dc:	53185c00 	lsl	w0, w0, #8
   923e0:	f2c00202 	movk	x2, #0x10, lsl #32
   923e4:	8b020000 	add	x0, x0, x2
   923e8:	b9400001 	ldr	w1, [x0]
   923ec:	37100521 	tbnz	w1, #2, 92490 <CDMA4Channel::Start()+0x164>
   923f0:	f9400661 	ldr	x1, [x19, #8]
   923f4:	91001000 	add	x0, x0, #0x4
   923f8:	b9002e7f 	str	wzr, [x19, #44]
   923fc:	d345fc21 	lsr	x1, x1, #5
   92400:	b9000001 	str	w1, [x0]
   92404:	b9400260 	ldr	w0, [x19]
   92408:	52800021 	mov	w1, #0x1                   	// #1
   9240c:	72a21e21 	movk	w1, #0x10f1, lsl #16
   92410:	53185c00 	lsl	w0, w0, #8
   92414:	8b020000 	add	x0, x0, x2
   92418:	b9000001 	str	w1, [x0]
   9241c:	f94013f5 	ldr	x21, [sp, #32]
   92420:	a94153f3 	ldp	x19, x20, [sp, #16]
   92424:	a8c37bfd 	ldp	x29, x30, [sp], #48
   92428:	d65f03c0 	ret
   9242c:	90000021 	adrp	x1, 96000 <vtable for CDevice+0x4a8>
   92430:	52803642 	mov	w2, #0x1b2                 	// #434
   92434:	9116c021 	add	x1, x1, #0x5b0
   92438:	91050020 	add	x0, x1, #0x140
   9243c:	97ffdef9 	bl	8a020 <assertion_failed>
   92440:	90000021 	adrp	x1, 96000 <vtable for CDevice+0x4a8>
   92444:	528036c2 	mov	w2, #0x1b6                 	// #438
   92448:	9116c021 	add	x1, x1, #0x5b0
   9244c:	9107c020 	add	x0, x1, #0x1f0
   92450:	97ffdef4 	bl	8a020 <assertion_failed>
   92454:	90000021 	adrp	x1, 96000 <vtable for CDevice+0x4a8>
   92458:	528036e2 	mov	w2, #0x1b7                 	// #439
   9245c:	9116c021 	add	x1, x1, #0x5b0
   92460:	9108a020 	add	x0, x1, #0x228
   92464:	97ffdeef 	bl	8a020 <assertion_failed>
   92468:	90000021 	adrp	x1, 96000 <vtable for CDevice+0x4a8>
   9246c:	52803822 	mov	w2, #0x1c1                 	// #449
   92470:	9116c021 	add	x1, x1, #0x5b0
   92474:	91004020 	add	x0, x1, #0x10
   92478:	97ffdeea 	bl	8a020 <assertion_failed>
   9247c:	90000021 	adrp	x1, 96000 <vtable for CDevice+0x4a8>
   92480:	52803842 	mov	w2, #0x1c2                 	// #450
   92484:	9116c021 	add	x1, x1, #0x5b0
   92488:	9100c020 	add	x0, x1, #0x30
   9248c:	97ffdee5 	bl	8a020 <assertion_failed>
   92490:	90000021 	adrp	x1, 96000 <vtable for CDevice+0x4a8>
   92494:	52803862 	mov	w2, #0x1c3                 	// #451
   92498:	9116c021 	add	x1, x1, #0x5b0
   9249c:	9108e020 	add	x0, x1, #0x238
   924a0:	97ffdee0 	bl	8a020 <assertion_failed>

00000000000924a4 <CDMA4Channel::Wait()>:
   924a4:	a9be7bfd 	stp	x29, x30, [sp, #-32]!
   924a8:	910003fd 	mov	x29, sp
   924ac:	b9400002 	ldr	w2, [x0]
   924b0:	7100145f 	cmp	w2, #0x5
   924b4:	540003a9 	b.ls	92528 <CDMA4Channel::Wait()+0x84>  // b.plast
   924b8:	71002c5f 	cmp	w2, #0xb
   924bc:	54000408 	b.hi	9253c <CDMA4Channel::Wait()+0x98>  // b.pmore
   924c0:	aa0003e3 	mov	x3, x0
   924c4:	f9403000 	ldr	x0, [x0, #96]
   924c8:	b5000440 	cbnz	x0, 92550 <CDMA4Channel::Wait()+0xac>
   924cc:	d2a00020 	mov	x0, #0x10000               	// #65536
   924d0:	53185c42 	lsl	w2, w2, #8
   924d4:	f2c00200 	movk	x0, #0x10, lsl #32
   924d8:	8b000042 	add	x2, x2, x0
   924dc:	d503201f 	nop
   924e0:	b9400041 	ldr	w1, [x2]
   924e4:	3707ffe1 	tbnz	w1, #0, 924e0 <CDMA4Channel::Wait()+0x3c>
   924e8:	d34a2821 	ubfx	x1, x1, #10, #1
   924ec:	f9403c62 	ldr	x2, [x3, #120]
   924f0:	52000021 	eor	w1, w1, #0x1
   924f4:	12001c20 	and	w0, w1, #0xff
   924f8:	3901c060 	strb	w0, [x3, #112]
   924fc:	b5000062 	cbnz	x2, 92508 <CDMA4Channel::Wait()+0x64>
   92500:	a8c27bfd 	ldp	x29, x30, [sp], #32
   92504:	d65f03c0 	ret
   92508:	f9404061 	ldr	x1, [x3, #128]
   9250c:	aa0203e0 	mov	x0, x2
   92510:	f9000fe3 	str	x3, [sp, #24]
   92514:	97ffd5e6 	bl	87cac <CleanAndInvalidateDataCacheRange>
   92518:	f9400fe3 	ldr	x3, [sp, #24]
   9251c:	3941c060 	ldrb	w0, [x3, #112]
   92520:	a8c27bfd 	ldp	x29, x30, [sp], #32
   92524:	d65f03c0 	ret
   92528:	90000021 	adrp	x1, 96000 <vtable for CDevice+0x4a8>
   9252c:	52803ac2 	mov	w2, #0x1d6                 	// #470
   92530:	9116c021 	add	x1, x1, #0x5b0
   92534:	91004020 	add	x0, x1, #0x10
   92538:	97ffdeba 	bl	8a020 <assertion_failed>
   9253c:	90000021 	adrp	x1, 96000 <vtable for CDevice+0x4a8>
   92540:	52803ae2 	mov	w2, #0x1d7                 	// #471
   92544:	9116c021 	add	x1, x1, #0x5b0
   92548:	9100c020 	add	x0, x1, #0x30
   9254c:	97ffdeb5 	bl	8a020 <assertion_failed>
   92550:	90000021 	adrp	x1, 96000 <vtable for CDevice+0x4a8>
   92554:	52803b02 	mov	w2, #0x1d8                 	// #472
   92558:	9116c021 	add	x1, x1, #0x5b0
   9255c:	9109c020 	add	x0, x1, #0x270
   92560:	97ffdeb0 	bl	8a020 <assertion_failed>

0000000000092564 <CDMA4Channel::GetStatus()>:
   92564:	a9bf7bfd 	stp	x29, x30, [sp, #-16]!
   92568:	910003fd 	mov	x29, sp
   9256c:	b9400001 	ldr	w1, [x0]
   92570:	7100143f 	cmp	w1, #0x5
   92574:	54000189 	b.ls	925a4 <CDMA4Channel::GetStatus()+0x40>  // b.plast
   92578:	71002c3f 	cmp	w1, #0xb
   9257c:	540001e8 	b.hi	925b8 <CDMA4Channel::GetStatus()+0x54>  // b.pmore
   92580:	d2a00022 	mov	x2, #0x10000               	// #65536
   92584:	53185c21 	lsl	w1, w1, #8
   92588:	f2c00202 	movk	x2, #0x10, lsl #32
   9258c:	8b020021 	add	x1, x1, x2
   92590:	b9400021 	ldr	w1, [x1]
   92594:	370001c1 	tbnz	w1, #0, 925cc <CDMA4Channel::GetStatus()+0x68>
   92598:	3941c000 	ldrb	w0, [x0, #112]
   9259c:	a8c17bfd 	ldp	x29, x30, [sp], #16
   925a0:	d65f03c0 	ret
   925a4:	90000021 	adrp	x1, 96000 <vtable for CDevice+0x4a8>
   925a8:	52803e02 	mov	w2, #0x1f0                 	// #496
   925ac:	9116c021 	add	x1, x1, #0x5b0
   925b0:	91004020 	add	x0, x1, #0x10
   925b4:	97ffde9b 	bl	8a020 <assertion_failed>
   925b8:	90000021 	adrp	x1, 96000 <vtable for CDevice+0x4a8>
   925bc:	52803e22 	mov	w2, #0x1f1                 	// #497
   925c0:	9116c021 	add	x1, x1, #0x5b0
   925c4:	9100c020 	add	x0, x1, #0x30
   925c8:	97ffde96 	bl	8a020 <assertion_failed>
   925cc:	90000021 	adrp	x1, 96000 <vtable for CDevice+0x4a8>
   925d0:	52803e42 	mov	w2, #0x1f2                 	// #498
   925d4:	9116c021 	add	x1, x1, #0x5b0
   925d8:	910a4020 	add	x0, x1, #0x290
   925dc:	97ffde91 	bl	8a020 <assertion_failed>

00000000000925e0 <CDMA4Channel::Cancel()>:
   925e0:	a9bf7bfd 	stp	x29, x30, [sp, #-16]!
   925e4:	910003fd 	mov	x29, sp
   925e8:	b9400001 	ldr	w1, [x0]
   925ec:	7100143f 	cmp	w1, #0x5
   925f0:	54000169 	b.ls	9261c <CDMA4Channel::Cancel()+0x3c>  // b.plast
   925f4:	71002c3f 	cmp	w1, #0xb
   925f8:	540001c8 	b.hi	92630 <CDMA4Channel::Cancel()+0x50>  // b.pmore
   925fc:	d2a00022 	mov	x2, #0x10000               	// #65536
   92600:	53185c21 	lsl	w1, w1, #8
   92604:	f2c00202 	movk	x2, #0x10, lsl #32
   92608:	8b020021 	add	x1, x1, x2
   9260c:	b900003f 	str	wzr, [x1]
   92610:	a8c17bfd 	ldp	x29, x30, [sp], #16
   92614:	f900301f 	str	xzr, [x0, #96]
   92618:	d65f03c0 	ret
   9261c:	90000021 	adrp	x1, 96000 <vtable for CDevice+0x4a8>
   92620:	52803f62 	mov	w2, #0x1fb                 	// #507
   92624:	9116c021 	add	x1, x1, #0x5b0
   92628:	91004020 	add	x0, x1, #0x10
   9262c:	97ffde7d 	bl	8a020 <assertion_failed>
   92630:	90000021 	adrp	x1, 96000 <vtable for CDevice+0x4a8>
   92634:	52803f82 	mov	w2, #0x1fc                 	// #508
   92638:	9116c021 	add	x1, x1, #0x5b0
   9263c:	9100c020 	add	x0, x1, #0x30
   92640:	97ffde78 	bl	8a020 <assertion_failed>

0000000000092644 <CDMA4Channel::InterruptHandler()>:
   92644:	a9be7bfd 	stp	x29, x30, [sp, #-32]!
   92648:	910003fd 	mov	x29, sp
   9264c:	f9000bf3 	str	x19, [sp, #16]
   92650:	aa0003f3 	mov	x19, x0
   92654:	f9403c00 	ldr	x0, [x0, #120]
   92658:	b50006c0 	cbnz	x0, 92730 <CDMA4Channel::InterruptHandler()+0xec>
   9265c:	b9400260 	ldr	w0, [x19]
   92660:	7100141f 	cmp	w0, #0x5
   92664:	54000709 	b.ls	92744 <CDMA4Channel::InterruptHandler()+0x100>  // b.plast
   92668:	71002c1f 	cmp	w0, #0xb
   9266c:	54000768 	b.hi	92758 <CDMA4Channel::InterruptHandler()+0x114>  // b.pmore
   92670:	d2a00021 	mov	x1, #0x10000               	// #65536
   92674:	53185c00 	lsl	w0, w0, #8
   92678:	f2c00201 	movk	x1, #0x10, lsl #32
   9267c:	8b010000 	add	x0, x0, x1
   92680:	b9400002 	ldr	w2, [x0]
   92684:	36100742 	tbz	w2, #2, 9276c <CDMA4Channel::InterruptHandler()+0x128>
   92688:	b9000002 	str	w2, [x0]
   9268c:	d34a2842 	ubfx	x2, x2, #10, #1
   92690:	f9403264 	ldr	x4, [x19, #96]
   92694:	52000042 	eor	w2, w2, #0x1
   92698:	3901c262 	strb	w2, [x19, #112]
   9269c:	b4000724 	cbz	x4, 92780 <CDMA4Channel::InterruptHandler()+0x13c>
   926a0:	b9402a60 	ldr	w0, [x19, #40]
   926a4:	7100041f 	cmp	w0, #0x1
   926a8:	54000400 	b.eq	92728 <CDMA4Channel::InterruptHandler()+0xe4>  // b.none
   926ac:	b9402e60 	ldr	w0, [x19, #44]
   926b0:	71000c1f 	cmp	w0, #0x3
   926b4:	54000708 	b.hi	92794 <CDMA4Channel::InterruptHandler()+0x150>  // b.pmore
   926b8:	f9403663 	ldr	x3, [x19, #104]
   926bc:	b9400260 	ldr	w0, [x19]
   926c0:	b9402e61 	ldr	w1, [x19, #44]
   926c4:	d63f0080 	blr	x4
   926c8:	3941c260 	ldrb	w0, [x19, #112]
   926cc:	36000280 	tbz	w0, #0, 9271c <CDMA4Channel::InterruptHandler()+0xd8>
   926d0:	b9402a60 	ldr	w0, [x19, #40]
   926d4:	7100041f 	cmp	w0, #0x1
   926d8:	54000229 	b.ls	9271c <CDMA4Channel::InterruptHandler()+0xd8>  // b.plast
   926dc:	b9402e61 	ldr	w1, [x19, #44]
   926e0:	6b01001f 	cmp	w0, w1
   926e4:	54000629 	b.ls	927a8 <CDMA4Channel::InterruptHandler()+0x164>  // b.plast
   926e8:	b9402e60 	ldr	w0, [x19, #44]
   926ec:	f9404261 	ldr	x1, [x19, #128]
   926f0:	2a0003e0 	mov	w0, w0
   926f4:	91001800 	add	x0, x0, #0x6
   926f8:	f8607a60 	ldr	x0, [x19, x0, lsl #3]
   926fc:	97ffd56c 	bl	87cac <CleanAndInvalidateDataCacheRange>
   92700:	b9402e60 	ldr	w0, [x19, #44]
   92704:	b9402a61 	ldr	w1, [x19, #40]
   92708:	11000400 	add	w0, w0, #0x1
   9270c:	b9002e60 	str	w0, [x19, #44]
   92710:	6b01001f 	cmp	w0, w1
   92714:	54000041 	b.ne	9271c <CDMA4Channel::InterruptHandler()+0xd8>  // b.any
   92718:	b9002e7f 	str	wzr, [x19, #44]
   9271c:	f9400bf3 	ldr	x19, [sp, #16]
   92720:	a8c27bfd 	ldp	x29, x30, [sp], #32
   92724:	d65f03c0 	ret
   92728:	f900327f 	str	xzr, [x19, #96]
   9272c:	17ffffe0 	b	926ac <CDMA4Channel::InterruptHandler()+0x68>
   92730:	f9404261 	ldr	x1, [x19, #128]
   92734:	97ffd55e 	bl	87cac <CleanAndInvalidateDataCacheRange>
   92738:	b9400260 	ldr	w0, [x19]
   9273c:	7100141f 	cmp	w0, #0x5
   92740:	54fff948 	b.hi	92668 <CDMA4Channel::InterruptHandler()+0x24>  // b.pmore
   92744:	90000021 	adrp	x1, 96000 <vtable for CDevice+0x4a8>
   92748:	52804162 	mov	w2, #0x20b                 	// #523
   9274c:	9116c021 	add	x1, x1, #0x5b0
   92750:	91004020 	add	x0, x1, #0x10
   92754:	97ffde33 	bl	8a020 <assertion_failed>
   92758:	90000021 	adrp	x1, 96000 <vtable for CDevice+0x4a8>
   9275c:	52804182 	mov	w2, #0x20c                 	// #524
   92760:	9116c021 	add	x1, x1, #0x5b0
   92764:	9100c020 	add	x0, x1, #0x30
   92768:	97ffde2e 	bl	8a020 <assertion_failed>
   9276c:	90000021 	adrp	x1, 96000 <vtable for CDevice+0x4a8>
   92770:	52804302 	mov	w2, #0x218                 	// #536
   92774:	9116c021 	add	x1, x1, #0x5b0
   92778:	910b2020 	add	x0, x1, #0x2c8
   9277c:	97ffde29 	bl	8a020 <assertion_failed>
   92780:	90000021 	adrp	x1, 96000 <vtable for CDevice+0x4a8>
   92784:	528043a2 	mov	w2, #0x21d                 	// #541
   92788:	9116c021 	add	x1, x1, #0x5b0
   9278c:	91082020 	add	x0, x1, #0x208
   92790:	97ffde24 	bl	8a020 <assertion_failed>
   92794:	90000021 	adrp	x1, 96000 <vtable for CDevice+0x4a8>
   92798:	52804482 	mov	w2, #0x224                 	// #548
   9279c:	9116c021 	add	x1, x1, #0x5b0
   927a0:	910b6020 	add	x0, x1, #0x2d8
   927a4:	97ffde1f 	bl	8a020 <assertion_failed>
   927a8:	90000021 	adrp	x1, 96000 <vtable for CDevice+0x4a8>
   927ac:	52804542 	mov	w2, #0x22a                 	// #554
   927b0:	9116c021 	add	x1, x1, #0x5b0
   927b4:	910c0020 	add	x0, x1, #0x300
   927b8:	97ffde1a 	bl	8a020 <assertion_failed>
   927bc:	d503201f 	nop

00000000000927c0 <CDMA4Channel::InterruptStub(void*)>:
   927c0:	b4000040 	cbz	x0, 927c8 <CDMA4Channel::InterruptStub(void*)+0x8>
   927c4:	17ffffa0 	b	92644 <CDMA4Channel::InterruptHandler()>
   927c8:	90000021 	adrp	x1, 96000 <vtable for CDevice+0x4a8>
   927cc:	a9bf7bfd 	stp	x29, x30, [sp, #-16]!
   927d0:	52804722 	mov	w2, #0x239                 	// #569
   927d4:	9116c021 	add	x1, x1, #0x5b0
   927d8:	910003fd 	mov	x29, sp
   927dc:	910c8020 	add	x0, x1, #0x320
   927e0:	97ffde10 	bl	8a020 <assertion_failed>
	...

0000000000092800 <CDisplay::GetParent() const>:
   92800:	d2800000 	mov	x0, #0x0                   	// #0
   92804:	d65f03c0 	ret

0000000000092808 <CDisplay::GetOffsetX() const>:
   92808:	52800000 	mov	w0, #0x0                   	// #0
   9280c:	d65f03c0 	ret

0000000000092810 <CDisplay::CDisplay(CDisplay::TColorModel)>:
   92810:	90000022 	adrp	x2, 96000 <vtable for CDevice+0x4a8>
   92814:	b9000801 	str	w1, [x0, #8]
   92818:	91240042 	add	x2, x2, #0x900
   9281c:	f9000002 	str	x2, [x0]
   92820:	d65f03c0 	ret

0000000000092824 <CDisplay::GetColorModel() const>:
   92824:	b9400800 	ldr	w0, [x0, #8]
   92828:	d65f03c0 	ret

000000000009282c <CDisplay::GetColor(CDisplay::TColor) const>:
   9282c:	b9400800 	ldr	w0, [x0, #8]
   92830:	7100081f 	cmp	w0, #0x2
   92834:	54000460 	b.eq	928c0 <CDisplay::GetColor(CDisplay::TColor) const+0x94>  // b.none
   92838:	540002e9 	b.ls	92894 <CDisplay::GetColor(CDisplay::TColor) const+0x68>  // b.plast
   9283c:	71000c1f 	cmp	w0, #0x3
   92840:	54000500 	b.eq	928e0 <CDisplay::GetColor(CDisplay::TColor) const+0xb4>  // b.none
   92844:	7100101f 	cmp	w0, #0x4
   92848:	54000381 	b.ne	928b8 <CDisplay::GetColor(CDisplay::TColor) const+0x8c>  // b.any
   9284c:	12bff542 	mov	w2, #0x55ffff              	// #5636095
   92850:	6b02003f 	cmp	w1, w2
   92854:	54000b20 	b.eq	929b8 <CDisplay::GetColor(CDisplay::TColor) const+0x18c>  // b.none
   92858:	540004a8 	b.hi	928ec <CDisplay::GetColor(CDisplay::TColor) const+0xc0>  // b.pmore
   9285c:	52955542 	mov	w2, #0xaaaa                	// #43690
   92860:	6b02003f 	cmp	w1, w2
   92864:	54000a60 	b.eq	929b0 <CDisplay::GetColor(CDisplay::TColor) const+0x184>  // b.none
   92868:	54000828 	b.hi	9296c <CDisplay::GetColor(CDisplay::TColor) const+0x140>  // b.pmore
   9286c:	7102a83f 	cmp	w1, #0xaa
   92870:	54000100 	b.eq	92890 <CDisplay::GetColor(CDisplay::TColor) const+0x64>  // b.none
   92874:	52954002 	mov	w2, #0xaa00                	// #43520
   92878:	52800040 	mov	w0, #0x2                   	// #2
   9287c:	6b02003f 	cmp	w1, w2
   92880:	54000080 	b.eq	92890 <CDisplay::GetColor(CDisplay::TColor) const+0x64>  // b.none
   92884:	7100003f 	cmp	w1, #0x0
   92888:	528001e0 	mov	w0, #0xf                   	// #15
   9288c:	1a9f1000 	csel	w0, w0, wzr, ne	// ne = any
   92890:	d65f03c0 	ret
   92894:	340001a0 	cbz	w0, 928c8 <CDisplay::GetColor(CDisplay::TColor) const+0x9c>
   92898:	d3431c22 	ubfx	x2, x1, #3, #5
   9289c:	12161420 	and	w0, w1, #0xfc00
   928a0:	2a401440 	orr	w0, w2, w0, lsr #5
   928a4:	120d3021 	and	w1, w1, #0xfff80000
   928a8:	2a412001 	orr	w1, w0, w1, lsr #8
   928ac:	5ac00421 	rev16	w1, w1
   928b0:	12003c20 	and	w0, w1, #0xffff
   928b4:	d65f03c0 	ret
   928b8:	52800000 	mov	w0, #0x0                   	// #0
   928bc:	d65f03c0 	ret
   928c0:	32081c20 	orr	w0, w1, #0xff000000
   928c4:	d65f03c0 	ret
   928c8:	d3431c22 	ubfx	x2, x1, #3, #5
   928cc:	12161420 	and	w0, w1, #0xfc00
   928d0:	2a401440 	orr	w0, w2, w0, lsr #5
   928d4:	120d1021 	and	w1, w1, #0xf80000
   928d8:	2a412000 	orr	w0, w0, w1, lsr #8
   928dc:	d65f03c0 	ret
   928e0:	7100003f 	cmp	w1, #0x0
   928e4:	1a9f07e0 	cset	w0, ne	// ne = any
   928e8:	d65f03c0 	ret
   928ec:	52955540 	mov	w0, #0xaaaa                	// #43690
   928f0:	72a01540 	movk	w0, #0xaa, lsl #16
   928f4:	6b00003f 	cmp	w1, w0
   928f8:	54000580 	b.eq	929a8 <CDisplay::GetColor(CDisplay::TColor) const+0x17c>  // b.none
   928fc:	540001a8 	b.hi	92930 <CDisplay::GetColor(CDisplay::TColor) const+0x104>  // b.pmore
   92900:	516a8022 	sub	w2, w1, #0xaa0, lsl #12
   92904:	528000a0 	mov	w0, #0x5                   	// #5
   92908:	7102a842 	subs	w2, w2, #0xaa
   9290c:	54fffc20 	b.eq	92890 <CDisplay::GetColor(CDisplay::TColor) const+0x64>  // b.none
   92910:	516a9422 	sub	w2, w1, #0xaa5, lsl #12
   92914:	52800060 	mov	w0, #0x3                   	// #3
   92918:	71140042 	subs	w2, w2, #0x500
   9291c:	54fffba0 	b.eq	92890 <CDisplay::GetColor(CDisplay::TColor) const+0x64>  // b.none
   92920:	716a803f 	cmp	w1, #0xaa0, lsl #12
   92924:	528001e0 	mov	w0, #0xf                   	// #15
   92928:	1a9f1400 	csinc	w0, w0, wzr, ne	// ne = any
   9292c:	d65f03c0 	ret
   92930:	517fd422 	sub	w2, w1, #0xff5, lsl #12
   92934:	528001a0 	mov	w0, #0xd                   	// #13
   92938:	7117fc42 	subs	w2, w2, #0x5ff
   9293c:	54fffaa0 	b.eq	92890 <CDisplay::GetColor(CDisplay::TColor) const+0x64>  // b.none
   92940:	517ffc22 	sub	w2, w1, #0xfff, lsl #12
   92944:	52800160 	mov	w0, #0xb                   	// #11
   92948:	713d5442 	subs	w2, w2, #0xf55
   9294c:	54fffa20 	b.eq	92890 <CDisplay::GetColor(CDisplay::TColor) const+0x64>  // b.none
   92950:	528aaaa0 	mov	w0, #0x5555                	// #21845
   92954:	72a01fe0 	movk	w0, #0xff, lsl #16
   92958:	6b00003f 	cmp	w1, w0
   9295c:	52800121 	mov	w1, #0x9                   	// #9
   92960:	528001e0 	mov	w0, #0xf                   	// #15
   92964:	1a811000 	csel	w0, w0, w1, ne	// ne = any
   92968:	d65f03c0 	ret
   9296c:	51555422 	sub	w2, w1, #0x555, lsl #12
   92970:	52800180 	mov	w0, #0xc                   	// #12
   92974:	7117fc42 	subs	w2, w2, #0x5ff
   92978:	54fff8c0 	b.eq	92890 <CDisplay::GetColor(CDisplay::TColor) const+0x64>  // b.none
   9297c:	51557c22 	sub	w2, w1, #0x55f, lsl #12
   92980:	52800140 	mov	w0, #0xa                   	// #10
   92984:	713d5442 	subs	w2, w2, #0xf55
   92988:	54fff840 	b.eq	92890 <CDisplay::GetColor(CDisplay::TColor) const+0x64>  // b.none
   9298c:	528aaaa0 	mov	w0, #0x5555                	// #21845
   92990:	72a00aa0 	movk	w0, #0x55, lsl #16
   92994:	6b00003f 	cmp	w1, w0
   92998:	52800101 	mov	w1, #0x8                   	// #8
   9299c:	528001e0 	mov	w0, #0xf                   	// #15
   929a0:	1a811000 	csel	w0, w0, w1, ne	// ne = any
   929a4:	d65f03c0 	ret
   929a8:	528000e0 	mov	w0, #0x7                   	// #7
   929ac:	d65f03c0 	ret
   929b0:	528000c0 	mov	w0, #0x6                   	// #6
   929b4:	d65f03c0 	ret
   929b8:	528001c0 	mov	w0, #0xe                   	// #14
   929bc:	d65f03c0 	ret

00000000000929c0 <CDisplay::GetColor(unsigned int) const>:
   929c0:	b9400800 	ldr	w0, [x0, #8]
   929c4:	7100081f 	cmp	w0, #0x2
   929c8:	54000740 	b.eq	92ab0 <CDisplay::GetColor(unsigned int) const+0xf0>  // b.none
   929cc:	540001e9 	b.ls	92a08 <CDisplay::GetColor(unsigned int) const+0x48>  // b.plast
   929d0:	71000c1f 	cmp	w0, #0x3
   929d4:	54000720 	b.eq	92ab8 <CDisplay::GetColor(unsigned int) const+0xf8>  // b.none
   929d8:	7100101f 	cmp	w0, #0x4
   929dc:	54000661 	b.ne	92aa8 <CDisplay::GetColor(unsigned int) const+0xe8>  // b.any
   929e0:	51000421 	sub	w1, w1, #0x1
   929e4:	52800000 	mov	w0, #0x0                   	// #0
   929e8:	7100383f 	cmp	w1, #0xe
   929ec:	540003a8 	b.hi	92a60 <CDisplay::GetColor(unsigned int) const+0xa0>  // b.pmore
   929f0:	90000020 	adrp	x0, 96000 <vtable for CDevice+0x4a8>
   929f4:	91237000 	add	x0, x0, #0x8dc
   929f8:	38614800 	ldrb	w0, [x0, w1, uxtw]
   929fc:	10000061 	adr	x1, 92a08 <CDisplay::GetColor(unsigned int) const+0x48>
   92a00:	8b208820 	add	x0, x1, w0, sxtb #2
   92a04:	d61f0000 	br	x0
   92a08:	5ac00422 	rev16	w2, w1
   92a0c:	7100001f 	cmp	w0, #0x0
   92a10:	52950000 	mov	w0, #0xa800                	// #43008
   92a14:	12003c42 	and	w2, w2, #0xffff
   92a18:	12003c21 	and	w1, w1, #0xffff
   92a1c:	1a820021 	csel	w1, w1, w2, eq	// eq = none
   92a20:	6b00003f 	cmp	w1, w0
   92a24:	54000980 	b.eq	92b54 <CDisplay::GetColor(unsigned int) const+0x194>  // b.none
   92a28:	540001e8 	b.hi	92a64 <CDisplay::GetColor(unsigned int) const+0xa4>  // b.pmore
   92a2c:	528a5540 	mov	w0, #0x52aa                	// #21162
   92a30:	6b00003f 	cmp	w1, w0
   92a34:	540009a0 	b.eq	92b68 <CDisplay::GetColor(unsigned int) const+0x1a8>  // b.none
   92a38:	54000628 	b.hi	92afc <CDisplay::GetColor(unsigned int) const+0x13c>  // b.pmore
   92a3c:	52954000 	mov	w0, #0xaa00                	// #43520
   92a40:	7115003f 	cmp	w1, #0x540
   92a44:	540000e0 	b.eq	92a60 <CDisplay::GetColor(unsigned int) const+0xa0>  // b.none
   92a48:	52955540 	mov	w0, #0xaaaa                	// #43690
   92a4c:	7115543f 	cmp	w1, #0x555
   92a50:	54000080 	b.eq	92a60 <CDisplay::GetColor(unsigned int) const+0xa0>  // b.none
   92a54:	7100543f 	cmp	w1, #0x15
   92a58:	52801540 	mov	w0, #0xaa                  	// #170
   92a5c:	1a9f0000 	csel	w0, w0, wzr, eq	// eq = none
   92a60:	d65f03c0 	ret
   92a64:	529f5540 	mov	w0, #0xfaaa                	// #64170
   92a68:	6b00003f 	cmp	w1, w0
   92a6c:	54000780 	b.eq	92b5c <CDisplay::GetColor(unsigned int) const+0x19c>  // b.none
   92a70:	540002c8 	b.hi	92ac8 <CDisplay::GetColor(unsigned int) const+0x108>  // b.pmore
   92a74:	52955402 	mov	w2, #0xaaa0                	// #43680
   92a78:	6b02003f 	cmp	w1, w2
   92a7c:	54000660 	b.eq	92b48 <CDisplay::GetColor(unsigned int) const+0x188>  // b.none
   92a80:	5295aaa2 	mov	w2, #0xad55                	// #44373
   92a84:	116a6c00 	add	w0, w0, #0xa9b, lsl #12
   92a88:	6b02003f 	cmp	w1, w2
   92a8c:	54fffea0 	b.eq	92a60 <CDisplay::GetColor(unsigned int) const+0xa0>  // b.none
   92a90:	529502a0 	mov	w0, #0xa815                	// #43029
   92a94:	6b00003f 	cmp	w1, w0
   92a98:	52801540 	mov	w0, #0xaa                  	// #170
   92a9c:	72a01540 	movk	w0, #0xaa, lsl #16
   92aa0:	1a9f0000 	csel	w0, w0, wzr, eq	// eq = none
   92aa4:	d65f03c0 	ret
   92aa8:	52800000 	mov	w0, #0x0                   	// #0
   92aac:	d65f03c0 	ret
   92ab0:	12005c20 	and	w0, w1, #0xffffff
   92ab4:	d65f03c0 	ret
   92ab8:	7100003f 	cmp	w1, #0x0
   92abc:	12bfe000 	mov	w0, #0xffffff              	// #16777215
   92ac0:	1a9f1000 	csel	w0, w0, wzr, ne	// ne = any
   92ac4:	d65f03c0 	ret
   92ac8:	529ffd40 	mov	w0, #0xffea                	// #65514
   92acc:	6b00003f 	cmp	w1, w0
   92ad0:	54000300 	b.eq	92b30 <CDisplay::GetColor(unsigned int) const+0x170>  // b.none
   92ad4:	529fffe2 	mov	w2, #0xffff                	// #65535
   92ad8:	12bfe000 	mov	w0, #0xffffff              	// #16777215
   92adc:	6b02003f 	cmp	w1, w2
   92ae0:	54fffc00 	b.eq	92a60 <CDisplay::GetColor(unsigned int) const+0xa0>  // b.none
   92ae4:	529f57e0 	mov	w0, #0xfabf                	// #64191
   92ae8:	6b00003f 	cmp	w1, w0
   92aec:	528abfe0 	mov	w0, #0x55ff                	// #22015
   92af0:	72a01fe0 	movk	w0, #0xff, lsl #16
   92af4:	1a9f0000 	csel	w0, w0, wzr, eq	// eq = none
   92af8:	d65f03c0 	ret
   92afc:	528afd40 	mov	w0, #0x57ea                	// #22506
   92b00:	6b00003f 	cmp	w1, w0
   92b04:	540001c0 	b.eq	92b3c <CDisplay::GetColor(unsigned int) const+0x17c>  // b.none
   92b08:	528affe2 	mov	w2, #0x57ff                	// #22527
   92b0c:	12bff540 	mov	w0, #0x55ffff              	// #5636095
   92b10:	6b02003f 	cmp	w1, w2
   92b14:	54fffa60 	b.eq	92a60 <CDisplay::GetColor(unsigned int) const+0xa0>  // b.none
   92b18:	528a57e0 	mov	w0, #0x52bf                	// #21183
   92b1c:	6b00003f 	cmp	w1, w0
   92b20:	528abfe0 	mov	w0, #0x55ff                	// #22015
   92b24:	72a00aa0 	movk	w0, #0x55, lsl #16
   92b28:	1a9f0000 	csel	w0, w0, wzr, eq	// eq = none
   92b2c:	d65f03c0 	ret
   92b30:	529feaa0 	mov	w0, #0xff55                	// #65365
   92b34:	72a01fe0 	movk	w0, #0xff, lsl #16
   92b38:	d65f03c0 	ret
   92b3c:	529feaa0 	mov	w0, #0xff55                	// #65365
   92b40:	72a00aa0 	movk	w0, #0x55, lsl #16
   92b44:	d65f03c0 	ret
   92b48:	528aa000 	mov	w0, #0x5500                	// #21760
   92b4c:	72a01540 	movk	w0, #0xaa, lsl #16
   92b50:	d65f03c0 	ret
   92b54:	52a01540 	mov	w0, #0xaa0000              	// #11141120
   92b58:	d65f03c0 	ret
   92b5c:	528aaaa0 	mov	w0, #0x5555                	// #21845
   92b60:	72a01fe0 	movk	w0, #0xff, lsl #16
   92b64:	d65f03c0 	ret
   92b68:	528aaaa0 	mov	w0, #0x5555                	// #21845
   92b6c:	72a00aa0 	movk	w0, #0x55, lsl #16
   92b70:	d65f03c0 	ret
   92b74:	52955540 	mov	w0, #0xaaaa                	// #43690
   92b78:	72a01540 	movk	w0, #0xaa, lsl #16
   92b7c:	d65f03c0 	ret
   92b80:	12bff540 	mov	w0, #0x55ffff              	// #5636095
   92b84:	d65f03c0 	ret
   92b88:	528abfe0 	mov	w0, #0x55ff                	// #22015
   92b8c:	72a01fe0 	movk	w0, #0xff, lsl #16
   92b90:	d65f03c0 	ret
   92b94:	52955540 	mov	w0, #0xaaaa                	// #43690
   92b98:	d65f03c0 	ret
   92b9c:	52801540 	mov	w0, #0xaa                  	// #170
   92ba0:	72a01540 	movk	w0, #0xaa, lsl #16
   92ba4:	d65f03c0 	ret
   92ba8:	528abfe0 	mov	w0, #0x55ff                	// #22015
   92bac:	72a00aa0 	movk	w0, #0x55, lsl #16
   92bb0:	d65f03c0 	ret
   92bb4:	52801540 	mov	w0, #0xaa                  	// #170
   92bb8:	d65f03c0 	ret
   92bbc:	52954000 	mov	w0, #0xaa00                	// #43520
   92bc0:	d65f03c0 	ret
   92bc4:	12bfe000 	mov	w0, #0xffffff              	// #16777215
   92bc8:	d65f03c0 	ret
	...

0000000000092be0 <CBcmMailBox::CBcmMailBox(unsigned int, bool)>:
   92be0:	b9000001 	str	w1, [x0]
   92be4:	39001002 	strb	w2, [x0, #4]
   92be8:	d65f03c0 	ret

0000000000092bec <CBcmMailBox::~CBcmMailBox()>:
   92bec:	d65f03c0 	ret

0000000000092bf0 <CBcmMailBox::Flush()>:
   92bf0:	a9be7bfd 	stp	x29, x30, [sp, #-32]!
   92bf4:	910003fd 	mov	x29, sp
   92bf8:	a90153f3 	stp	x19, x20, [sp, #16]
   92bfc:	d2871313 	mov	x19, #0x3898                	// #14488
   92c00:	f2af8033 	movk	x19, #0x7c01, lsl #16
   92c04:	f2c00213 	movk	x19, #0x10, lsl #32
   92c08:	d1006274 	sub	x20, x19, #0x18
   92c0c:	14000004 	b	92c1c <CBcmMailBox::Flush()+0x2c>
   92c10:	b9400280 	ldr	w0, [x20]
   92c14:	52800280 	mov	w0, #0x14                  	// #20
   92c18:	97ffcd02 	bl	86020 <CTimer::SimpleMsDelay(unsigned int)>
   92c1c:	b9400260 	ldr	w0, [x19]
   92c20:	36f7ff80 	tbz	w0, #30, 92c10 <CBcmMailBox::Flush()+0x20>
   92c24:	a94153f3 	ldp	x19, x20, [sp, #16]
   92c28:	a8c27bfd 	ldp	x29, x30, [sp], #32
   92c2c:	d65f03c0 	ret

0000000000092c30 <CBcmMailBox::Read()>:
   92c30:	d2871301 	mov	x1, #0x3898                	// #14488
   92c34:	b9400004 	ldr	w4, [x0]
   92c38:	f2af8021 	movk	x1, #0x7c01, lsl #16
   92c3c:	f2c00201 	movk	x1, #0x10, lsl #32
   92c40:	d1006023 	sub	x3, x1, #0x18
   92c44:	b9400020 	ldr	w0, [x1]
   92c48:	37f7ffe0 	tbnz	w0, #30, 92c44 <CBcmMailBox::Read()+0x14>
   92c4c:	b9400060 	ldr	w0, [x3]
   92c50:	12000c02 	and	w2, w0, #0xf
   92c54:	6b04005f 	cmp	w2, w4
   92c58:	54ffff61 	b.ne	92c44 <CBcmMailBox::Read()+0x14>  // b.any
   92c5c:	121c6c00 	and	w0, w0, #0xfffffff0
   92c60:	d65f03c0 	ret

0000000000092c64 <CBcmMailBox::Write(unsigned int)>:
   92c64:	d2871703 	mov	x3, #0x38b8                	// #14520
   92c68:	f2af8023 	movk	x3, #0x7c01, lsl #16
   92c6c:	f2c00203 	movk	x3, #0x10, lsl #32
   92c70:	b9400062 	ldr	w2, [x3]
   92c74:	37ffffe2 	tbnz	w2, #31, 92c70 <CBcmMailBox::Write(unsigned int)+0xc>
   92c78:	f2400c3f 	tst	x1, #0xf
   92c7c:	54000101 	b.ne	92c9c <CBcmMailBox::Write(unsigned int)+0x38>  // b.any
   92c80:	b9400000 	ldr	w0, [x0]
   92c84:	2a000021 	orr	w1, w1, w0
   92c88:	d2871400 	mov	x0, #0x38a0                	// #14496
   92c8c:	f2af8020 	movk	x0, #0x7c01, lsl #16
   92c90:	f2c00200 	movk	x0, #0x10, lsl #32
   92c94:	b9000001 	str	w1, [x0]
   92c98:	d65f03c0 	ret
   92c9c:	b0000001 	adrp	x1, 93000 <CExceptionHandler::Throw(unsigned int, TAbortFrame*)+0xc0>
   92ca0:	b0000000 	adrp	x0, 93000 <CExceptionHandler::Throw(unsigned int, TAbortFrame*)+0xc0>
   92ca4:	a9bf7bfd 	stp	x29, x30, [sp, #-16]!
   92ca8:	52800c42 	mov	w2, #0x62                  	// #98
   92cac:	910003fd 	mov	x29, sp
   92cb0:	91306021 	add	x1, x1, #0xc18
   92cb4:	9130a000 	add	x0, x0, #0xc28
   92cb8:	97ffdcda 	bl	8a020 <assertion_failed>
   92cbc:	d503201f 	nop

0000000000092cc0 <CBcmMailBox::WriteRead(unsigned int)>:
   92cc0:	a9bc7bfd 	stp	x29, x30, [sp, #-64]!
   92cc4:	910003fd 	mov	x29, sp
   92cc8:	a90153f3 	stp	x19, x20, [sp, #16]
   92ccc:	aa0003f4 	mov	x20, x0
   92cd0:	a9025bf5 	stp	x21, x22, [sp, #32]
   92cd4:	2a0103f6 	mov	w22, w1
   92cd8:	39401000 	ldrb	w0, [x0, #4]
   92cdc:	37000080 	tbnz	w0, #0, 92cec <CBcmMailBox::WriteRead(unsigned int)+0x2c>
   92ce0:	90000020 	adrp	x0, 96000 <vtable for CDevice+0x4a8>
   92ce4:	b94c5000 	ldr	w0, [x0, #3152]
   92ce8:	350005a0 	cbnz	w0, 92d9c <CBcmMailBox::WriteRead(unsigned int)+0xdc>
   92cec:	d2871313 	mov	x19, #0x3898                	// #14488
   92cf0:	f2af8033 	movk	x19, #0x7c01, lsl #16
   92cf4:	f2c00213 	movk	x19, #0x10, lsl #32
   92cf8:	d1006275 	sub	x21, x19, #0x18
   92cfc:	14000004 	b	92d0c <CBcmMailBox::WriteRead(unsigned int)+0x4c>
   92d00:	b94002a0 	ldr	w0, [x21]
   92d04:	52800280 	mov	w0, #0x14                  	// #20
   92d08:	97ffccc6 	bl	86020 <CTimer::SimpleMsDelay(unsigned int)>
   92d0c:	b9400260 	ldr	w0, [x19]
   92d10:	36f7ff80 	tbz	w0, #30, 92d00 <CBcmMailBox::WriteRead(unsigned int)+0x40>
   92d14:	2a1603e1 	mov	w1, w22
   92d18:	aa1403e0 	mov	x0, x20
   92d1c:	97ffffd2 	bl	92c64 <CBcmMailBox::Write(unsigned int)>
   92d20:	d2871301 	mov	x1, #0x3898                	// #14488
   92d24:	b9400284 	ldr	w4, [x20]
   92d28:	f2af8021 	movk	x1, #0x7c01, lsl #16
   92d2c:	f2c00201 	movk	x1, #0x10, lsl #32
   92d30:	d1006023 	sub	x3, x1, #0x18
   92d34:	d503201f 	nop
   92d38:	d503201f 	nop
   92d3c:	d503201f 	nop
   92d40:	b9400020 	ldr	w0, [x1]
   92d44:	37f7ffe0 	tbnz	w0, #30, 92d40 <CBcmMailBox::WriteRead(unsigned int)+0x80>
   92d48:	b9400060 	ldr	w0, [x3]
   92d4c:	12000c02 	and	w2, w0, #0xf
   92d50:	6b04005f 	cmp	w2, w4
   92d54:	54ffff61 	b.ne	92d40 <CBcmMailBox::WriteRead(unsigned int)+0x80>  // b.any
   92d58:	39401281 	ldrb	w1, [x20, #4]
   92d5c:	121c6c00 	and	w0, w0, #0xfffffff0
   92d60:	37000081 	tbnz	w1, #0, 92d70 <CBcmMailBox::WriteRead(unsigned int)+0xb0>
   92d64:	90000021 	adrp	x1, 96000 <vtable for CDevice+0x4a8>
   92d68:	b94c5021 	ldr	w1, [x1, #3152]
   92d6c:	350000a1 	cbnz	w1, 92d80 <CBcmMailBox::WriteRead(unsigned int)+0xc0>
   92d70:	a94153f3 	ldp	x19, x20, [sp, #16]
   92d74:	a9425bf5 	ldp	x21, x22, [sp, #32]
   92d78:	a8c47bfd 	ldp	x29, x30, [sp], #64
   92d7c:	d65f03c0 	ret
   92d80:	b9003fe0 	str	w0, [sp, #60]
   92d84:	97ffd29f 	bl	87800 <LeaveCritical>
   92d88:	b9403fe0 	ldr	w0, [sp, #60]
   92d8c:	a94153f3 	ldp	x19, x20, [sp, #16]
   92d90:	a9425bf5 	ldp	x21, x22, [sp, #32]
   92d94:	a8c47bfd 	ldp	x29, x30, [sp], #64
   92d98:	d65f03c0 	ret
   92d9c:	97ffd269 	bl	87740 <EnterCritical>
   92da0:	17ffffd3 	b	92cec <CBcmMailBox::WriteRead(unsigned int)+0x2c>
	...

0000000000092dc0 <_GLOBAL__sub_I__ZN11CBcmMailBox10s_SpinLockE>:
   92dc0:	90000020 	adrp	x0, 96000 <vtable for CDevice+0x4a8>
   92dc4:	b90c501f 	str	wzr, [x0, #3152]
   92dc8:	d65f03c0 	ret
	...

0000000000092de0 <CCharGenerator::CCharGenerator(TFont const&, CCharGenerator::TFontFlags)>:
   92de0:	12000044 	and	w4, w2, #0x1
   92de4:	d3410442 	ubfx	x2, x2, #1, #1
   92de8:	f9000001 	str	x1, [x0]
   92dec:	11000442 	add	w2, w2, #0x1
   92df0:	11000484 	add	w4, w4, #0x1
   92df4:	29010804 	stp	w4, w2, [x0, #8]
   92df8:	b9400023 	ldr	w3, [x1]
   92dfc:	1b047c64 	mul	w4, w3, w4
   92e00:	29020c04 	stp	w4, w3, [x0, #16]
   92e04:	11001c63 	add	w3, w3, #0x7
   92e08:	29408424 	ldp	w4, w1, [x1, #4]
   92e0c:	53037c63 	lsr	w3, w3, #3
   92e10:	0b010081 	add	w1, w4, w1
   92e14:	1b027c84 	mul	w4, w4, w2
   92e18:	1b027c21 	mul	w1, w1, w2
   92e1c:	b9002004 	str	w4, [x0, #32]
   92e20:	29030403 	stp	w3, w1, [x0, #24]
   92e24:	d65f03c0 	ret

0000000000092e28 <CCharGenerator::GetPixelLine(char, unsigned int) const>:
   92e28:	f9400003 	ldr	x3, [x0]
   92e2c:	12001c24 	and	w4, w1, #0xff
   92e30:	b9400c65 	ldr	w5, [x3, #12]
   92e34:	6b2100bf 	cmp	w5, w1, uxtb
   92e38:	54000368 	b.hi	92ea4 <CCharGenerator::GetPixelLine(char, unsigned int) const+0x7c>  // b.pmore
   92e3c:	52800001 	mov	w1, #0x0                   	// #0
   92e40:	b9401066 	ldr	w6, [x3, #16]
   92e44:	6b0400df 	cmp	w6, w4
   92e48:	540002a3 	b.cc	92e9c <CCharGenerator::GetPixelLine(char, unsigned int) const+0x74>  // b.lo, b.ul, b.last
   92e4c:	b9402006 	ldr	w6, [x0, #32]
   92e50:	6b0200df 	cmp	w6, w2
   92e54:	54000249 	b.ls	92e9c <CCharGenerator::GetPixelLine(char, unsigned int) const+0x74>  // b.plast
   92e58:	b9400c07 	ldr	w7, [x0, #12]
   92e5c:	53017c46 	lsr	w6, w2, #1
   92e60:	b9401800 	ldr	w0, [x0, #24]
   92e64:	710008ff 	cmp	w7, #0x2
   92e68:	1a8200c6 	csel	w6, w6, w2, eq	// eq = none
   92e6c:	71000c1f 	cmp	w0, #0x3
   92e70:	54000300 	b.eq	92ed0 <CCharGenerator::GetPixelLine(char, unsigned int) const+0xa8>  // b.none
   92e74:	540001e8 	b.hi	92eb0 <CCharGenerator::GetPixelLine(char, unsigned int) const+0x88>  // b.pmore
   92e78:	7100041f 	cmp	w0, #0x1
   92e7c:	540003a0 	b.eq	92ef0 <CCharGenerator::GetPixelLine(char, unsigned int) const+0xc8>  // b.none
   92e80:	7100081f 	cmp	w0, #0x2
   92e84:	540000c1 	b.ne	92e9c <CCharGenerator::GetPixelLine(char, unsigned int) const+0x74>  // b.any
   92e88:	b9400460 	ldr	w0, [x3, #4]
   92e8c:	4b050084 	sub	w4, w4, w5
   92e90:	1b001882 	madd	w2, w4, w0, w6
   92e94:	f9400c60 	ldr	x0, [x3, #24]
   92e98:	78627801 	ldrh	w1, [x0, x2, lsl #1]
   92e9c:	2a0103e0 	mov	w0, w1
   92ea0:	d65f03c0 	ret
   92ea4:	52800001 	mov	w1, #0x0                   	// #0
   92ea8:	2a0103e0 	mov	w0, w1
   92eac:	d65f03c0 	ret
   92eb0:	7100101f 	cmp	w0, #0x4
   92eb4:	54ffff41 	b.ne	92e9c <CCharGenerator::GetPixelLine(char, unsigned int) const+0x74>  // b.any
   92eb8:	b9400460 	ldr	w0, [x3, #4]
   92ebc:	4b050084 	sub	w4, w4, w5
   92ec0:	1b001882 	madd	w2, w4, w0, w6
   92ec4:	f9400c60 	ldr	x0, [x3, #24]
   92ec8:	b8627801 	ldr	w1, [x0, x2, lsl #2]
   92ecc:	17fffff4 	b	92e9c <CCharGenerator::GetPixelLine(char, unsigned int) const+0x74>
   92ed0:	b9400461 	ldr	w1, [x3, #4]
   92ed4:	4b050084 	sub	w4, w4, w5
   92ed8:	f9400c60 	ldr	x0, [x3, #24]
   92edc:	1b011882 	madd	w2, w4, w1, w6
   92ee0:	0b020442 	add	w2, w2, w2, lsl #1
   92ee4:	b8624801 	ldr	w1, [x0, w2, uxtw]
   92ee8:	12005c21 	and	w1, w1, #0xffffff
   92eec:	17ffffec 	b	92e9c <CCharGenerator::GetPixelLine(char, unsigned int) const+0x74>
   92ef0:	b9400460 	ldr	w0, [x3, #4]
   92ef4:	4b050084 	sub	w4, w4, w5
   92ef8:	1b001882 	madd	w2, w4, w0, w6
   92efc:	f9400c60 	ldr	x0, [x3, #24]
   92f00:	38624801 	ldrb	w1, [x0, w2, uxtw]
   92f04:	17ffffe6 	b	92e9c <CCharGenerator::GetPixelLine(char, unsigned int) const+0x74>
	...

0000000000092f20 <CExceptionHandler::~CExceptionHandler()>:
   92f20:	90000020 	adrp	x0, 96000 <vtable for CDevice+0x4a8>
   92f24:	f9062c1f 	str	xzr, [x0, #3160]
   92f28:	d65f03c0 	ret

0000000000092f2c <CExceptionHandler::~CExceptionHandler()>:
   92f2c:	90000021 	adrp	x1, 96000 <vtable for CDevice+0x4a8>
   92f30:	f9062c3f 	str	xzr, [x1, #3160]
   92f34:	d2800101 	mov	x1, #0x8                   	// #8
   92f38:	17ffcf6e 	b	86cf0 <operator delete(void*, unsigned long)>
   92f3c:	d503201f 	nop

0000000000092f40 <CExceptionHandler::Throw(unsigned int, TAbortFrame*)>:
   92f40:	d101c3ff 	sub	sp, sp, #0x70
   92f44:	a9027bfd 	stp	x29, x30, [sp, #32]
   92f48:	910083fd 	add	x29, sp, #0x20
   92f4c:	a90353f3 	stp	x19, x20, [sp, #48]
   92f50:	a9045bf5 	stp	x21, x22, [sp, #64]
   92f54:	f9002bf7 	str	x23, [sp, #80]
   92f58:	b40011a2 	cbz	x2, 9318c <CExceptionHandler::Throw(unsigned int, TAbortFrame*)+0x24c>
   92f5c:	39408440 	ldrb	w0, [x2, #33]
   92f60:	2a0103f5 	mov	w21, w1
   92f64:	39408041 	ldrb	w1, [x2, #32]
   92f68:	3940a043 	ldrb	w3, [x2, #40]
   92f6c:	3940bc53 	ldrb	w19, [x2, #47]
   92f70:	aa002020 	orr	x0, x1, x0, lsl #8
   92f74:	39408841 	ldrb	w1, [x2, #34]
   92f78:	39401847 	ldrb	w7, [x2, #6]
   92f7c:	aa014001 	orr	x1, x0, x1, lsl #16
   92f80:	39408c40 	ldrb	w0, [x2, #35]
   92f84:	aa006020 	orr	x0, x1, x0, lsl #24
   92f88:	39409041 	ldrb	w1, [x2, #36]
   92f8c:	aa018001 	orr	x1, x0, x1, lsl #32
   92f90:	39409440 	ldrb	w0, [x2, #37]
   92f94:	aa00a020 	orr	x0, x1, x0, lsl #40
   92f98:	39409841 	ldrb	w1, [x2, #38]
   92f9c:	aa01c001 	orr	x1, x0, x1, lsl #48
   92fa0:	39409c40 	ldrb	w0, [x2, #39]
   92fa4:	aa00e020 	orr	x0, x1, x0, lsl #56
   92fa8:	3940a441 	ldrb	w1, [x2, #41]
   92fac:	aa012061 	orr	x1, x3, x1, lsl #8
   92fb0:	3940a843 	ldrb	w3, [x2, #42]
   92fb4:	aa034023 	orr	x3, x1, x3, lsl #16
   92fb8:	3940ac41 	ldrb	w1, [x2, #43]
   92fbc:	aa016061 	orr	x1, x3, x1, lsl #24
   92fc0:	3940b043 	ldrb	w3, [x2, #44]
   92fc4:	aa038023 	orr	x3, x1, x3, lsl #32
   92fc8:	3940b441 	ldrb	w1, [x2, #45]
   92fcc:	aa01a061 	orr	x1, x3, x1, lsl #40
   92fd0:	3940b843 	ldrb	w3, [x2, #46]
   92fd4:	aa03c023 	orr	x3, x1, x3, lsl #48
   92fd8:	39402041 	ldrb	w1, [x2, #8]
   92fdc:	aa13e073 	orr	x19, x3, x19, lsl #56
   92fe0:	92400c21 	and	x1, x1, #0xf
   92fe4:	f100143f 	cmp	x1, #0x5
   92fe8:	39400041 	ldrb	w1, [x2]
   92fec:	9a800273 	csel	x19, x19, x0, eq	// eq = none
   92ff0:	39400440 	ldrb	w0, [x2, #1]
   92ff4:	aa002020 	orr	x0, x1, x0, lsl #8
   92ff8:	39400841 	ldrb	w1, [x2, #2]
   92ffc:	aa014001 	orr	x1, x0, x1, lsl #16
   93000:	39400c40 	ldrb	w0, [x2, #3]
   93004:	aa006020 	orr	x0, x1, x0, lsl #24
   93008:	39401041 	ldrb	w1, [x2, #4]
   9300c:	aa018001 	orr	x1, x0, x1, lsl #32
   93010:	39401440 	ldrb	w0, [x2, #5]
   93014:	aa00a020 	orr	x0, x1, x0, lsl #40
   93018:	aa07c007 	orr	x7, x0, x7, lsl #48
   9301c:	d2c007e0 	mov	x0, #0x3f00000000          	// #270582939648
   93020:	f2e00600 	movk	x0, #0x30, lsl #48
   93024:	531a7cf6 	lsr	w22, w7, #26
   93028:	924060e7 	and	x7, x7, #0x1ffffff
   9302c:	9ad62400 	lsr	x0, x0, x22
   93030:	92400017 	and	x23, x0, #0x1
   93034:	36000200 	tbz	w0, #0, 93074 <CExceptionHandler::Throw(unsigned int, TAbortFrame*)+0x134>
   93038:	3940c040 	ldrb	w0, [x2, #48]
   9303c:	3940c441 	ldrb	w1, [x2, #49]
   93040:	3940dc57 	ldrb	w23, [x2, #55]
   93044:	aa012001 	orr	x1, x0, x1, lsl #8
   93048:	3940c840 	ldrb	w0, [x2, #50]
   9304c:	aa004020 	orr	x0, x1, x0, lsl #16
   93050:	3940cc41 	ldrb	w1, [x2, #51]
   93054:	aa016001 	orr	x1, x0, x1, lsl #24
   93058:	3940d040 	ldrb	w0, [x2, #52]
   9305c:	aa008020 	orr	x0, x1, x0, lsl #32
   93060:	3940d441 	ldrb	w1, [x2, #53]
   93064:	aa01a001 	orr	x1, x0, x1, lsl #40
   93068:	3940d840 	ldrb	w0, [x2, #54]
   9306c:	aa00c020 	orr	x0, x1, x0, lsl #48
   93070:	aa17e017 	orr	x23, x0, x23, lsl #56
   93074:	f0000014 	adrp	x20, 96000 <vtable for CDevice+0x4a8>
   93078:	aa1303e0 	mov	x0, x19
   9307c:	a9060be7 	stp	x7, x2, [sp, #96]
   93080:	9125e281 	add	x1, x20, #0x978
   93084:	97ffdf07 	bl	8aca0 <DebugStackTrace(unsigned long const*, char const*)>
   93088:	97ffe58e 	bl	8c6c0 <CLogger::Get()>
   9308c:	a9460be7 	ldp	x7, x2, [sp, #96]
   93090:	39406041 	ldrb	w1, [x2, #24]
   93094:	39406443 	ldrb	w3, [x2, #25]
   93098:	39402046 	ldrb	w6, [x2, #8]
   9309c:	39407c45 	ldrb	w5, [x2, #31]
   930a0:	aa032023 	orr	x3, x1, x3, lsl #8
   930a4:	39406841 	ldrb	w1, [x2, #26]
   930a8:	aa014061 	orr	x1, x3, x1, lsl #16
   930ac:	39406c43 	ldrb	w3, [x2, #27]
   930b0:	aa036023 	orr	x3, x1, x3, lsl #24
   930b4:	39407041 	ldrb	w1, [x2, #28]
   930b8:	aa018061 	orr	x1, x3, x1, lsl #32
   930bc:	39407443 	ldrb	w3, [x2, #29]
   930c0:	aa03a023 	orr	x3, x1, x3, lsl #40
   930c4:	39407841 	ldrb	w1, [x2, #30]
   930c8:	aa01c061 	orr	x1, x3, x1, lsl #48
   930cc:	f0000003 	adrp	x3, 96000 <vtable for CDevice+0x4a8>
   930d0:	9129c063 	add	x3, x3, #0xa70
   930d4:	f8755864 	ldr	x4, [x3, w21, uxtw #3]
   930d8:	aa05e025 	orr	x5, x1, x5, lsl #56
   930dc:	9125e281 	add	x1, x20, #0x978
   930e0:	39402443 	ldrb	w3, [x2, #9]
   930e4:	aa0320c3 	orr	x3, x6, x3, lsl #8
   930e8:	39402846 	ldrb	w6, [x2, #10]
   930ec:	aa064066 	orr	x6, x3, x6, lsl #16
   930f0:	39402c43 	ldrb	w3, [x2, #11]
   930f4:	aa0360c3 	orr	x3, x6, x3, lsl #24
   930f8:	39403046 	ldrb	w6, [x2, #12]
   930fc:	aa068066 	orr	x6, x3, x6, lsl #32
   93100:	39403443 	ldrb	w3, [x2, #13]
   93104:	aa03a0c3 	orr	x3, x6, x3, lsl #40
   93108:	39403846 	ldrb	w6, [x2, #14]
   9310c:	aa06c066 	orr	x6, x3, x6, lsl #48
   93110:	39403c43 	ldrb	w3, [x2, #15]
   93114:	aa03e0c3 	orr	x3, x6, x3, lsl #56
   93118:	aa1603e6 	mov	x6, x22
   9311c:	f9000fe3 	str	x3, [sp, #24]
   93120:	39404043 	ldrb	w3, [x2, #16]
   93124:	39404448 	ldrb	w8, [x2, #17]
   93128:	aa082068 	orr	x8, x3, x8, lsl #8
   9312c:	39404843 	ldrb	w3, [x2, #18]
   93130:	aa034103 	orr	x3, x8, x3, lsl #16
   93134:	39404c48 	ldrb	w8, [x2, #19]
   93138:	aa086068 	orr	x8, x3, x8, lsl #24
   9313c:	39405043 	ldrb	w3, [x2, #20]
   93140:	aa038103 	orr	x3, x8, x3, lsl #32
   93144:	39405448 	ldrb	w8, [x2, #21]
   93148:	aa08a068 	orr	x8, x3, x8, lsl #40
   9314c:	39405843 	ldrb	w3, [x2, #22]
   93150:	39405c42 	ldrb	w2, [x2, #23]
   93154:	a9004ff7 	stp	x23, x19, [sp]
   93158:	aa03c103 	orr	x3, x8, x3, lsl #48
   9315c:	aa02e062 	orr	x2, x3, x2, lsl #56
   93160:	90000003 	adrp	x3, 93000 <CExceptionHandler::Throw(unsigned int, TAbortFrame*)+0xc0>
   93164:	9131a063 	add	x3, x3, #0xc68
   93168:	f9000be2 	str	x2, [sp, #16]
   9316c:	52800002 	mov	w2, #0x0                   	// #0
   93170:	97ffe734 	bl	8ce40 <CLogger::Write(char const*, TLogSeverity, char const*, ...)>
   93174:	f9402bf7 	ldr	x23, [sp, #80]
   93178:	a9427bfd 	ldp	x29, x30, [sp, #32]
   9317c:	a94353f3 	ldp	x19, x20, [sp, #48]
   93180:	a9445bf5 	ldp	x21, x22, [sp, #64]
   93184:	9101c3ff 	add	sp, sp, #0x70
   93188:	d65f03c0 	ret
   9318c:	90000001 	adrp	x1, 93000 <CExceptionHandler::Throw(unsigned int, TAbortFrame*)+0xc0>
   93190:	90000000 	adrp	x0, 93000 <CExceptionHandler::Throw(unsigned int, TAbortFrame*)+0xc0>
   93194:	528006c2 	mov	w2, #0x36                  	// #54
   93198:	91310021 	add	x1, x1, #0xc40
   9319c:	91316000 	add	x0, x0, #0xc58
   931a0:	97ffdba0 	bl	8a020 <assertion_failed>

00000000000931a4 <CExceptionHandler::CExceptionHandler()>:
   931a4:	f0000001 	adrp	x1, 96000 <vtable for CDevice+0x4a8>
   931a8:	91258021 	add	x1, x1, #0x960
   931ac:	f9000001 	str	x1, [x0]
   931b0:	f0000001 	adrp	x1, 96000 <vtable for CDevice+0x4a8>
   931b4:	f9462c22 	ldr	x2, [x1, #3160]
   931b8:	b5000062 	cbnz	x2, 931c4 <CExceptionHandler::CExceptionHandler()+0x20>
   931bc:	f9062c20 	str	x0, [x1, #3160]
   931c0:	d65f03c0 	ret
   931c4:	90000001 	adrp	x1, 93000 <CExceptionHandler::Throw(unsigned int, TAbortFrame*)+0xc0>
   931c8:	90000000 	adrp	x0, 93000 <CExceptionHandler::Throw(unsigned int, TAbortFrame*)+0xc0>
   931cc:	a9bf7bfd 	stp	x29, x30, [sp, #-16]!
   931d0:	52800562 	mov	w2, #0x2b                  	// #43
   931d4:	910003fd 	mov	x29, sp
   931d8:	91310021 	add	x1, x1, #0xc40
   931dc:	91134000 	add	x0, x0, #0x4d0
   931e0:	97ffdb90 	bl	8a020 <assertion_failed>

00000000000931e4 <CExceptionHandler::Get()>:
   931e4:	f0000000 	adrp	x0, 96000 <vtable for CDevice+0x4a8>
   931e8:	f9462c00 	ldr	x0, [x0, #3160]
   931ec:	b4000040 	cbz	x0, 931f4 <CExceptionHandler::Get()+0x10>
   931f0:	d65f03c0 	ret
   931f4:	90000001 	adrp	x1, 93000 <CExceptionHandler::Throw(unsigned int, TAbortFrame*)+0xc0>
   931f8:	90000000 	adrp	x0, 93000 <CExceptionHandler::Throw(unsigned int, TAbortFrame*)+0xc0>
   931fc:	a9bf7bfd 	stp	x29, x30, [sp, #-16]!
   93200:	52800a82 	mov	w2, #0x54                  	// #84
   93204:	910003fd 	mov	x29, sp
   93208:	91310021 	add	x1, x1, #0xc40
   9320c:	911a0000 	add	x0, x0, #0x680
   93210:	97ffdb84 	bl	8a020 <assertion_failed>
   93214:	d503201f 	nop
   93218:	d503201f 	nop
   9321c:	d503201f 	nop

0000000000093220 <ExceptionHandler>:
   93220:	a9be7bfd 	stp	x29, x30, [sp, #-32]!
   93224:	910003fd 	mov	x29, sp
   93228:	a90153f3 	stp	x19, x20, [sp, #16]
   9322c:	aa0003f3 	mov	x19, x0
   93230:	aa0103f4 	mov	x20, x1
   93234:	97ffd64d 	bl	88b68 <CInterruptSystem::DisableFIQ()>
   93238:	d50341ff 	msr	daifclr, #0x1
   9323c:	f0000000 	adrp	x0, 96000 <vtable for CDevice+0x4a8>
   93240:	f9462c00 	ldr	x0, [x0, #3160]
   93244:	b4000200 	cbz	x0, 93284 <ExceptionHandler+0x64>
   93248:	f9400001 	ldr	x1, [x0]
   9324c:	aa1403e2 	mov	x2, x20
   93250:	f9400823 	ldr	x3, [x1, #16]
   93254:	f0ffffe1 	adrp	x1, 92000 <CDMA4Channel::SetupCyclicIOWrite(unsigned long, void const**, unsigned int, unsigned long, TDREQ)+0x1d0>
   93258:	913d0021 	add	x1, x1, #0xf40
   9325c:	eb01007f 	cmp	x3, x1
   93260:	2a1303e1 	mov	w1, w19
   93264:	54000081 	b.ne	93274 <ExceptionHandler+0x54>  // b.any
   93268:	a94153f3 	ldp	x19, x20, [sp, #16]
   9326c:	a8c27bfd 	ldp	x29, x30, [sp], #32
   93270:	17ffff34 	b	92f40 <CExceptionHandler::Throw(unsigned int, TAbortFrame*)>
   93274:	a94153f3 	ldp	x19, x20, [sp, #16]
   93278:	aa0303f0 	mov	x16, x3
   9327c:	a8c27bfd 	ldp	x29, x30, [sp], #32
   93280:	d61f0200 	br	x16
   93284:	90000001 	adrp	x1, 93000 <CExceptionHandler::Throw(unsigned int, TAbortFrame*)+0xc0>
   93288:	90000000 	adrp	x0, 93000 <CExceptionHandler::Throw(unsigned int, TAbortFrame*)+0xc0>
   9328c:	52800a82 	mov	w2, #0x54                  	// #84
   93290:	91310021 	add	x1, x1, #0xc40
   93294:	911a0000 	add	x0, x0, #0x680
   93298:	97ffdb62 	bl	8a020 <assertion_failed>
