
kernel_2712.elf:     file format elf64-littleaarch64


Disassembly of section .init:

0000000000080000 <_start>:
   80000:	d5384240 	mrs	x0, currentel
   80004:	f100101f 	cmp	x0, #0x4
   80008:	54000380 	b.eq	80078 <_start+0x78>  // b.none
   8000c:	58000420 	ldr	x0, 80090 <_start+0x90>
   80010:	d51c4100 	msr	sp_el1, x0
   80014:	58000420 	ldr	x0, 80098 <_start+0x98>
   80018:	d51cc000 	msr	vbar_el2, x0
   8001c:	d53ce100 	mrs	x0, cnthctl_el2
   80020:	b2400400 	orr	x0, x0, #0x3
   80024:	d51ce100 	msr	cnthctl_el2, x0
   80028:	d51ce07f 	msr	cntvoff_el2, xzr
   8002c:	d5380000 	mrs	x0, midr_el1
   80030:	d53800a1 	mrs	x1, mpidr_el1
   80034:	d51c0000 	msr	vpidr_el2, x0
   80038:	d51c00a1 	msr	vmpidr_el2, x1
   8003c:	d2867fe0 	mov	x0, #0x33ff                	// #13311
   80040:	d51c1140 	msr	cptr_el2, x0
   80044:	d51c117f 	msr	hstr_el2, xzr
   80048:	d2a00600 	mov	x0, #0x300000              	// #3145728
   8004c:	d5181040 	msr	cpacr_el1, x0
   80050:	d2b00000 	mov	x0, #0x80000000            	// #2147483648
   80054:	d51c1100 	msr	hcr_el2, x0
   80058:	d2810000 	mov	x0, #0x800                 	// #2048
   8005c:	f2a61a00 	movk	x0, #0x30d0, lsl #16
   80060:	d5181000 	msr	sctlr_el1, x0
   80064:	d2807880 	mov	x0, #0x3c4                 	// #964
   80068:	d51c4000 	msr	spsr_el2, x0
   8006c:	10000060 	adr	x0, 80078 <_start+0x78>
   80070:	d51c4020 	msr	elr_el2, x0
   80074:	d69f03e0 	eret
   80078:	58000140 	ldr	x0, 800a0 <_start+0xa0>
   8007c:	9100001f 	mov	sp, x0
   80080:	580000c0 	ldr	x0, 80098 <_start+0x98>
   80084:	d518c000 	msr	vbar_el1, x0
   80088:	14000751 	b	81dcc <sysinit>
   8008c:	00000000 	udf	#0
   80090:	00308000 	.word	0x00308000
   80094:	00000000 	.word	0x00000000
   80098:	0008b800 	.word	0x0008b800
   8009c:	00000000 	.word	0x00000000
   800a0:	002a0000 	.word	0x002a0000
   800a4:	00000000 	.word	0x00000000

Disassembly of section .text:

0000000000080800 <main>:
   80800:	a9be7bfd 	stp	x29, x30, [sp, #-32]!
   80804:	910003fd 	mov	x29, sp
   80808:	910063e0 	add	x0, sp, #0x18
   8080c:	9400000d 	bl	80840 <CKernel::CKernel()>
   80810:	910063e0 	add	x0, sp, #0x18
   80814:	9400000e 	bl	8084c <CKernel::Initialize()>
   80818:	360000a0 	tbz	w0, #0, 8082c <main+0x2c>
   8081c:	910063e0 	add	x0, sp, #0x18
   80820:	94000010 	bl	80860 <CKernel::Run()>
   80824:	7100081f 	cmp	w0, #0x2
   80828:	54000040 	b.eq	80830 <main+0x30>  // b.none
   8082c:	94000521 	bl	81cb0 <halt>
   80830:	94000536 	bl	81d08 <reboot>
	...

0000000000080840 <CKernel::CKernel()>:
   80840:	52800001 	mov	w1, #0x0                   	// #0
   80844:	1400002f 	b	80900 <CActLED::CActLED(bool)>

0000000000080848 <CKernel::~CKernel()>:
   80848:	14000046 	b	80960 <CActLED::~CActLED()>

000000000008084c <CKernel::Initialize()>:
   8084c:	52800020 	mov	w0, #0x1                   	// #1
   80850:	d65f03c0 	ret
   80854:	d503201f 	nop
   80858:	d503201f 	nop
   8085c:	d503201f 	nop

0000000000080860 <CKernel::Run()>:
   80860:	a9b77bfd 	stp	x29, x30, [sp, #-144]!
   80864:	910003fd 	mov	x29, sp
   80868:	d2800003 	mov	x3, #0x0                   	// #0
   8086c:	52800042 	mov	w2, #0x2                   	// #2
   80870:	528006c1 	mov	w1, #0x36                  	// #54
   80874:	a90153f3 	stp	x19, x20, [sp, #16]
   80878:	aa0003f4 	mov	x20, x0
   8087c:	910083e0 	add	x0, sp, #0x20
   80880:	52800153 	mov	w19, #0xa                   	// #10
   80884:	94001e08 	bl	880a4 <CGPIOPin::CGPIOPin(unsigned int, TGPIOMode, CGPIOManager*)>
   80888:	d2800003 	mov	x3, #0x0                   	// #0
   8088c:	52800042 	mov	w2, #0x2                   	// #2
   80890:	528006e1 	mov	w1, #0x37                  	// #55
   80894:	910163e0 	add	x0, sp, #0x58
   80898:	94001e03 	bl	880a4 <CGPIOPin::CGPIOPin(unsigned int, TGPIOMode, CGPIOManager*)>
   8089c:	d503201f 	nop
   808a0:	aa1403e0 	mov	x0, x20
   808a4:	94000032 	bl	8096c <CActLED::On()>
   808a8:	910083e0 	add	x0, sp, #0x20
   808ac:	94001a5d 	bl	87220 <CGPIOPin::Invert()>
   808b0:	910163e0 	add	x0, sp, #0x58
   808b4:	94001a5b 	bl	87220 <CGPIOPin::Invert()>
   808b8:	52801900 	mov	w0, #0xc8                  	// #200
   808bc:	94000941 	bl	82dc0 <CTimer::SimpleMsDelay(unsigned int)>
   808c0:	aa1403e0 	mov	x0, x20
   808c4:	94000031 	bl	80988 <CActLED::Off()>
   808c8:	52803e80 	mov	w0, #0x1f4                 	// #500
   808cc:	9400093d 	bl	82dc0 <CTimer::SimpleMsDelay(unsigned int)>
   808d0:	71000673 	subs	w19, w19, #0x1
   808d4:	54fffe61 	b.ne	808a0 <CKernel::Run()+0x40>  // b.any
   808d8:	910163e0 	add	x0, sp, #0x58
   808dc:	940018ec 	bl	86c8c <CGPIOPin::~CGPIOPin()>
   808e0:	910083e0 	add	x0, sp, #0x20
   808e4:	940018ea 	bl	86c8c <CGPIOPin::~CGPIOPin()>
   808e8:	52800040 	mov	w0, #0x2                   	// #2
   808ec:	a94153f3 	ldp	x19, x20, [sp, #16]
   808f0:	a8c97bfd 	ldp	x29, x30, [sp], #144
   808f4:	d65f03c0 	ret
	...

0000000000080900 <CActLED::CActLED(bool)>:
   80900:	a9be7bfd 	stp	x29, x30, [sp, #-32]!
   80904:	910003fd 	mov	x29, sp
   80908:	f9000bf3 	str	x19, [sp, #16]
   8090c:	aa0003f3 	mov	x19, x0
   80910:	90000080 	adrp	x0, 90000 <FromPCIeHost+0x148>
   80914:	f9015813 	str	x19, [x0, #688]
   80918:	940004b5 	bl	81bec <CMachineInfo::Get()>
   8091c:	94000083 	bl	80b28 <CMachineInfo::GetActLEDInfo() const>
   80920:	d28f8101 	mov	x1, #0x7c08                	// #31752
   80924:	f2afaa21 	movk	x1, #0x7d51, lsl #16
   80928:	f2c00201 	movk	x1, #0x10, lsl #32
   8092c:	b9400022 	ldr	w2, [x1]
   80930:	12167842 	and	w2, w2, #0xfffffdff
   80934:	b9000022 	str	w2, [x1]
   80938:	d3461802 	ubfx	x2, x0, #6, #1
   8093c:	d1001021 	sub	x1, x1, #0x4
   80940:	52000042 	eor	w2, w2, #0x1
   80944:	39000262 	strb	w2, [x19]
   80948:	b9400020 	ldr	w0, [x1]
   8094c:	12167800 	and	w0, w0, #0xfffffdff
   80950:	b9000020 	str	w0, [x1]
   80954:	f9400bf3 	ldr	x19, [sp, #16]
   80958:	a8c27bfd 	ldp	x29, x30, [sp], #32
   8095c:	d65f03c0 	ret

0000000000080960 <CActLED::~CActLED()>:
   80960:	90000080 	adrp	x0, 90000 <FromPCIeHost+0x148>
   80964:	f901581f 	str	xzr, [x0, #688]
   80968:	d65f03c0 	ret

000000000008096c <CActLED::On()>:
   8096c:	d28f8081 	mov	x1, #0x7c04                	// #31748
   80970:	f2afaa21 	movk	x1, #0x7d51, lsl #16
   80974:	f2c00201 	movk	x1, #0x10, lsl #32
   80978:	b9400020 	ldr	w0, [x1]
   8097c:	32170000 	orr	w0, w0, #0x200
   80980:	b9000020 	str	w0, [x1]
   80984:	d65f03c0 	ret

0000000000080988 <CActLED::Off()>:
   80988:	d28f8081 	mov	x1, #0x7c04                	// #31748
   8098c:	f2afaa21 	movk	x1, #0x7d51, lsl #16
   80990:	f2c00201 	movk	x1, #0x10, lsl #32
   80994:	b9400020 	ldr	w0, [x1]
   80998:	12167800 	and	w0, w0, #0xfffffdff
   8099c:	b9000020 	str	w0, [x1]
   809a0:	d65f03c0 	ret

00000000000809a4 <CActLED::Blink(unsigned int, unsigned int, unsigned int)>:
   809a4:	34000421 	cbz	w1, 80a28 <CActLED::Blink(unsigned int, unsigned int, unsigned int)+0x84>
   809a8:	a9bc7bfd 	stp	x29, x30, [sp, #-64]!
   809ac:	910003fd 	mov	x29, sp
   809b0:	a90153f3 	stp	x19, x20, [sp, #16]
   809b4:	d28f8093 	mov	x19, #0x7c04                	// #31748
   809b8:	52800034 	mov	w20, #0x1                   	// #1
   809bc:	f2afaa33 	movk	x19, #0x7d51, lsl #16
   809c0:	f2c00213 	movk	x19, #0x10, lsl #32
   809c4:	a9025bf5 	stp	x21, x22, [sp, #32]
   809c8:	2a0203f6 	mov	w22, w2
   809cc:	2a0103f5 	mov	w21, w1
   809d0:	f9001bf7 	str	x23, [sp, #48]
   809d4:	2a0303f7 	mov	w23, w3
   809d8:	d503201f 	nop
   809dc:	d503201f 	nop
   809e0:	b9400264 	ldr	w4, [x19]
   809e4:	32170084 	orr	w4, w4, #0x200
   809e8:	b9000264 	str	w4, [x19]
   809ec:	2a1603e0 	mov	w0, w22
   809f0:	940008f4 	bl	82dc0 <CTimer::SimpleMsDelay(unsigned int)>
   809f4:	b9400264 	ldr	w4, [x19]
   809f8:	12167884 	and	w4, w4, #0xfffffdff
   809fc:	b9000264 	str	w4, [x19]
   80a00:	2a1703e0 	mov	w0, w23
   80a04:	11000694 	add	w20, w20, #0x1
   80a08:	940008ee 	bl	82dc0 <CTimer::SimpleMsDelay(unsigned int)>
   80a0c:	6b1402bf 	cmp	w21, w20
   80a10:	54fffe82 	b.cs	809e0 <CActLED::Blink(unsigned int, unsigned int, unsigned int)+0x3c>  // b.hs, b.nlast
   80a14:	f9401bf7 	ldr	x23, [sp, #48]
   80a18:	a94153f3 	ldp	x19, x20, [sp, #16]
   80a1c:	a9425bf5 	ldp	x21, x22, [sp, #32]
   80a20:	a8c47bfd 	ldp	x29, x30, [sp], #64
   80a24:	d65f03c0 	ret
   80a28:	d65f03c0 	ret

0000000000080a2c <CActLED::Get()>:
   80a2c:	90000080 	adrp	x0, 90000 <FromPCIeHost+0x148>
   80a30:	f9415800 	ldr	x0, [x0, #688]
   80a34:	d65f03c0 	ret
	...

0000000000080a40 <read32>:
   80a40:	b9400000 	ldr	w0, [x0]
   80a44:	d65f03c0 	ret

0000000000080a48 <CMachineInfo::~CMachineInfo()>:
   80a48:	52800321 	mov	w1, #0x19                  	// #25
   80a4c:	90000082 	adrp	x2, 90000 <FromPCIeHost+0x148>
   80a50:	b9001001 	str	w1, [x0, #16]
   80a54:	f9415c41 	ldr	x1, [x2, #696]
   80a58:	eb00003f 	cmp	x1, x0
   80a5c:	54000040 	b.eq	80a64 <CMachineInfo::~CMachineInfo()+0x1c>  // b.none
   80a60:	d65f03c0 	ret
   80a64:	f9404820 	ldr	x0, [x1, #144]
   80a68:	b4000180 	cbz	x0, 80a98 <CMachineInfo::~CMachineInfo()+0x50>
   80a6c:	a9be7bfd 	stp	x29, x30, [sp, #-32]!
   80a70:	910003fd 	mov	x29, sp
   80a74:	f9000fe0 	str	x0, [sp, #24]
   80a78:	940014b3 	bl	85d44 <CDeviceTreeBlob::~CDeviceTreeBlob()>
   80a7c:	f9400fe0 	ldr	x0, [sp, #24]
   80a80:	d2800101 	mov	x1, #0x8                   	// #8
   80a84:	94000c03 	bl	83a90 <operator delete(void*, unsigned long)>
   80a88:	90000082 	adrp	x2, 90000 <FromPCIeHost+0x148>
   80a8c:	f9015c5f 	str	xzr, [x2, #696]
   80a90:	a8c27bfd 	ldp	x29, x30, [sp], #32
   80a94:	d65f03c0 	ret
   80a98:	f9015c5f 	str	xzr, [x2, #696]
   80a9c:	d65f03c0 	ret

0000000000080aa0 <CMachineInfo::GetMachineModel() const>:
   80aa0:	b9401000 	ldr	w0, [x0, #16]
   80aa4:	d65f03c0 	ret

0000000000080aa8 <CMachineInfo::GetMachineName() const>:
   80aa8:	b9801001 	ldrsw	x1, [x0, #16]
   80aac:	d0000060 	adrp	x0, 8e000 <CExceptionHandler::Throw(unsigned int, TAbortFrame*)+0x240>
   80ab0:	910e8000 	add	x0, x0, #0x3a0
   80ab4:	f8617800 	ldr	x0, [x0, x1, lsl #3]
   80ab8:	d65f03c0 	ret
   80abc:	d503201f 	nop

0000000000080ac0 <CMachineInfo::GetModelMajor() const>:
   80ac0:	b9402000 	ldr	w0, [x0, #32]
   80ac4:	d65f03c0 	ret

0000000000080ac8 <CMachineInfo::GetModelRevision() const>:
   80ac8:	b9403000 	ldr	w0, [x0, #48]
   80acc:	d65f03c0 	ret

0000000000080ad0 <CMachineInfo::GetSoCType() const>:
   80ad0:	b9404000 	ldr	w0, [x0, #64]
   80ad4:	d65f03c0 	ret
   80ad8:	d503201f 	nop
   80adc:	d503201f 	nop

0000000000080ae0 <CMachineInfo::GetSoCStepping() const>:
   80ae0:	39414000 	ldrb	w0, [x0, #80]
   80ae4:	d65f03c0 	ret

0000000000080ae8 <CMachineInfo::GetRAMSize() const>:
   80ae8:	b9406000 	ldr	w0, [x0, #96]
   80aec:	d65f03c0 	ret

0000000000080af0 <CMachineInfo::GetRAMSizeEarly()>:
   80af0:	52810000 	mov	w0, #0x800                 	// #2048
   80af4:	d65f03c0 	ret
   80af8:	d503201f 	nop
   80afc:	d503201f 	nop

0000000000080b00 <CMachineInfo::GetSoCName() const>:
   80b00:	b9804000 	ldrsw	x0, [x0, #64]
   80b04:	d0000061 	adrp	x1, 8e000 <CExceptionHandler::Throw(unsigned int, TAbortFrame*)+0x240>
   80b08:	910e8021 	add	x1, x1, #0x3a0
   80b0c:	91034021 	add	x1, x1, #0xd0
   80b10:	f8607820 	ldr	x0, [x1, x0, lsl #3]
   80b14:	d65f03c0 	ret
   80b18:	d503201f 	nop
   80b1c:	d503201f 	nop

0000000000080b20 <CMachineInfo::GetRevisionRaw() const>:
   80b20:	b9400000 	ldr	w0, [x0]
   80b24:	d65f03c0 	ret

0000000000080b28 <CMachineInfo::GetActLEDInfo() const>:
   80b28:	b9801000 	ldrsw	x0, [x0, #16]
   80b2c:	d0000061 	adrp	x1, 8e000 <CExceptionHandler::Throw(unsigned int, TAbortFrame*)+0x240>
   80b30:	910e8021 	add	x1, x1, #0x3a0
   80b34:	91040021 	add	x1, x1, #0x100
   80b38:	b8607820 	ldr	w0, [x1, x0, lsl #2]
   80b3c:	d65f03c0 	ret

0000000000080b40 <CMachineInfo::GetClockRate(unsigned int) const>:
   80b40:	a9bb7bfd 	stp	x29, x30, [sp, #-80]!
   80b44:	910003fd 	mov	x29, sp
   80b48:	a90153f3 	stp	x19, x20, [sp, #16]
   80b4c:	2a0103f3 	mov	w19, w1
   80b50:	52800001 	mov	w1, #0x0                   	// #0
   80b54:	f90013f5 	str	x21, [sp, #32]
   80b58:	aa0003f5 	mov	x21, x0
   80b5c:	9100c3e0 	add	x0, sp, #0x30
   80b60:	94001e78 	bl	88540 <CBcmPropertyTags::CBcmPropertyTags(bool)>
   80b64:	528008e1 	mov	w1, #0x47                  	// #71
   80b68:	52800084 	mov	w4, #0x4                   	// #4
   80b6c:	b90047f3 	str	w19, [sp, #68]
   80b70:	52800283 	mov	w3, #0x14                  	// #20
   80b74:	9100e3e2 	add	x2, sp, #0x38
   80b78:	72a00061 	movk	w1, #0x3, lsl #16
   80b7c:	9100c3e0 	add	x0, sp, #0x30
   80b80:	94001ec8 	bl	886a0 <CBcmPropertyTags::GetTag(unsigned int, void*, unsigned int, unsigned int)>
   80b84:	36000060 	tbz	w0, #0, 80b90 <CMachineInfo::GetClockRate(unsigned int) const+0x50>
   80b88:	b9404be0 	ldr	w0, [sp, #72]
   80b8c:	35000380 	cbnz	w0, 80bfc <CMachineInfo::GetClockRate(unsigned int) const+0xbc>
   80b90:	52800041 	mov	w1, #0x2                   	// #2
   80b94:	52800084 	mov	w4, #0x4                   	// #4
   80b98:	b90047f3 	str	w19, [sp, #68]
   80b9c:	52800283 	mov	w3, #0x14                  	// #20
   80ba0:	9100e3e2 	add	x2, sp, #0x38
   80ba4:	72a00061 	movk	w1, #0x3, lsl #16
   80ba8:	9100c3e0 	add	x0, sp, #0x30
   80bac:	94001ebd 	bl	886a0 <CBcmPropertyTags::GetTag(unsigned int, void*, unsigned int, unsigned int)>
   80bb0:	36000060 	tbz	w0, #0, 80bbc <CMachineInfo::GetClockRate(unsigned int) const+0x7c>
   80bb4:	b9404bf4 	ldr	w20, [sp, #72]
   80bb8:	35000354 	cbnz	w20, 80c20 <CMachineInfo::GetClockRate(unsigned int) const+0xe0>
   80bbc:	7100127f 	cmp	w19, #0x4
   80bc0:	54000580 	b.eq	80c70 <CMachineInfo::GetClockRate(unsigned int) const+0x130>  // b.none
   80bc4:	540003c8 	b.hi	80c3c <CMachineInfo::GetClockRate(unsigned int) const+0xfc>  // b.pmore
   80bc8:	7100067f 	cmp	w19, #0x1
   80bcc:	540006e0 	b.eq	80ca8 <CMachineInfo::GetClockRate(unsigned int) const+0x168>  // b.none
   80bd0:	71000a7f 	cmp	w19, #0x2
   80bd4:	540007c1 	b.ne	80ccc <CMachineInfo::GetClockRate(unsigned int) const+0x18c>  // b.any
   80bd8:	9100c3e0 	add	x0, sp, #0x30
   80bdc:	528c6014 	mov	w20, #0x6300                	// #25344
   80be0:	94001e5b 	bl	8854c <CBcmPropertyTags::~CBcmPropertyTags()>
   80be4:	72a053f4 	movk	w20, #0x29f, lsl #16
   80be8:	f94013f5 	ldr	x21, [sp, #32]
   80bec:	2a1403e0 	mov	w0, w20
   80bf0:	a94153f3 	ldp	x19, x20, [sp, #16]
   80bf4:	a8c57bfd 	ldp	x29, x30, [sp], #80
   80bf8:	d65f03c0 	ret
   80bfc:	1141e814 	add	w20, w0, #0x7a, lsl #12
   80c00:	529bd060 	mov	w0, #0xde83                	// #56963
   80c04:	72a86360 	movk	w0, #0x431b, lsl #16
   80c08:	11048294 	add	w20, w20, #0x120
   80c0c:	9ba07e94 	umull	x20, w20, w0
   80c10:	52884800 	mov	w0, #0x4240                	// #16960
   80c14:	72a001e0 	movk	w0, #0xf, lsl #16
   80c18:	d372fe94 	lsr	x20, x20, #50
   80c1c:	1b007e94 	mul	w20, w20, w0
   80c20:	9100c3e0 	add	x0, sp, #0x30
   80c24:	94001e4a 	bl	8854c <CBcmPropertyTags::~CBcmPropertyTags()>
   80c28:	f94013f5 	ldr	x21, [sp, #32]
   80c2c:	2a1403e0 	mov	w0, w20
   80c30:	a94153f3 	ldp	x19, x20, [sp, #16]
   80c34:	a8c57bfd 	ldp	x29, x30, [sp], #80
   80c38:	d65f03c0 	ret
   80c3c:	7100327f 	cmp	w19, #0xc
   80c40:	54000340 	b.eq	80ca8 <CMachineInfo::GetClockRate(unsigned int) const+0x168>  // b.none
   80c44:	71003a7f 	cmp	w19, #0xe
   80c48:	54000421 	b.ne	80ccc <CMachineInfo::GetClockRate(unsigned int) const+0x18c>  // b.any
   80c4c:	9100c3e0 	add	x0, sp, #0x30
   80c50:	528d1814 	mov	w20, #0x68c0                	// #26816
   80c54:	94001e3e 	bl	8854c <CBcmPropertyTags::~CBcmPropertyTags()>
   80c58:	72a08f14 	movk	w20, #0x478, lsl #16
   80c5c:	f94013f5 	ldr	x21, [sp, #32]
   80c60:	2a1403e0 	mov	w0, w20
   80c64:	a94153f3 	ldp	x19, x20, [sp, #16]
   80c68:	a8c57bfd 	ldp	x29, x30, [sp], #80
   80c6c:	d65f03c0 	ret
   80c70:	b94022a0 	ldr	w0, [x21, #32]
   80c74:	52946014 	mov	w20, #0xa300                	// #41728
   80c78:	72a23c34 	movk	w20, #0x11e1, lsl #16
   80c7c:	7100081f 	cmp	w0, #0x2
   80c80:	52965000 	mov	w0, #0xb280                	// #45696
   80c84:	72a1dcc0 	movk	w0, #0xee6, lsl #16
   80c88:	1a808294 	csel	w20, w20, w0, hi	// hi = pmore
   80c8c:	9100c3e0 	add	x0, sp, #0x30
   80c90:	94001e2f 	bl	8854c <CBcmPropertyTags::~CBcmPropertyTags()>
   80c94:	f94013f5 	ldr	x21, [sp, #32]
   80c98:	2a1403e0 	mov	w0, w20
   80c9c:	a94153f3 	ldp	x19, x20, [sp, #16]
   80ca0:	a8c57bfd 	ldp	x29, x30, [sp], #80
   80ca4:	d65f03c0 	ret
   80ca8:	9100c3e0 	add	x0, sp, #0x30
   80cac:	52984014 	mov	w20, #0xc200                	// #49664
   80cb0:	94001e27 	bl	8854c <CBcmPropertyTags::~CBcmPropertyTags()>
   80cb4:	72a17d74 	movk	w20, #0xbeb, lsl #16
   80cb8:	f94013f5 	ldr	x21, [sp, #32]
   80cbc:	2a1403e0 	mov	w0, w20
   80cc0:	a94153f3 	ldp	x19, x20, [sp, #16]
   80cc4:	a8c57bfd 	ldp	x29, x30, [sp], #80
   80cc8:	d65f03c0 	ret
   80ccc:	d0000060 	adrp	x0, 8e000 <CExceptionHandler::Throw(unsigned int, TAbortFrame*)+0x240>
   80cd0:	52804002 	mov	w2, #0x200                 	// #512
   80cd4:	910e8000 	add	x0, x0, #0x3a0
   80cd8:	9105a001 	add	x1, x0, #0x168
   80cdc:	9105e000 	add	x0, x0, #0x178
   80ce0:	94001df0 	bl	884a0 <assertion_failed>

0000000000080ce4 <CMachineInfo::GetGPIOPin(TGPIOVirtualPin) const>:
   80ce4:	7100d83f 	cmp	w1, #0x36
   80ce8:	54000200 	b.eq	80d28 <CMachineInfo::GetGPIOPin(TGPIOVirtualPin) const+0x44>  // b.none
   80cec:	7100dc3f 	cmp	w1, #0x37
   80cf0:	540003e1 	b.ne	80d6c <CMachineInfo::GetGPIOPin(TGPIOVirtualPin) const+0x88>  // b.any
   80cf4:	b9401000 	ldr	w0, [x0, #16]
   80cf8:	51005001 	sub	w1, w0, #0x14
   80cfc:	51001802 	sub	w2, w0, #0x6
   80d00:	721d783f 	tst	w1, #0xfffffffb
   80d04:	528001a1 	mov	w1, #0xd                   	// #13
   80d08:	7a421840 	ccmp	w2, #0x2, #0x0, ne	// ne = any
   80d0c:	540000a9 	b.ls	80d20 <CMachineInfo::GetGPIOPin(TGPIOVirtualPin) const+0x3c>  // b.plast
   80d10:	7100101f 	cmp	w0, #0x4
   80d14:	528005a1 	mov	w1, #0x2d                  	// #45
   80d18:	52800500 	mov	w0, #0x28                  	// #40
   80d1c:	1a80b021 	csel	w1, w1, w0, lt	// lt = tstop
   80d20:	2a0103e0 	mov	w0, w1
   80d24:	d65f03c0 	ret
   80d28:	b9401002 	ldr	w2, [x0, #16]
   80d2c:	51005041 	sub	w1, w2, #0x14
   80d30:	51001843 	sub	w3, w2, #0x6
   80d34:	721d783f 	tst	w1, #0xfffffffb
   80d38:	52800181 	mov	w1, #0xc                   	// #12
   80d3c:	7a421860 	ccmp	w3, #0x2, #0x0, ne	// ne = any
   80d40:	54ffff09 	b.ls	80d20 <CMachineInfo::GetGPIOPin(TGPIOVirtualPin) const+0x3c>  // b.plast
   80d44:	52800501 	mov	w1, #0x28                  	// #40
   80d48:	71000c5f 	cmp	w2, #0x3
   80d4c:	54fffead 	b.le	80d20 <CMachineInfo::GetGPIOPin(TGPIOVirtualPin) const+0x3c>
   80d50:	b9402000 	ldr	w0, [x0, #32]
   80d54:	528005a1 	mov	w1, #0x2d                  	// #45
   80d58:	71000c1f 	cmp	w0, #0x3
   80d5c:	52800520 	mov	w0, #0x29                  	// #41
   80d60:	1a803021 	csel	w1, w1, w0, cc	// cc = lo, ul, last
   80d64:	2a0103e0 	mov	w0, w1
   80d68:	d65f03c0 	ret
   80d6c:	d0000060 	adrp	x0, 8e000 <CExceptionHandler::Throw(unsigned int, TAbortFrame*)+0x240>
   80d70:	a9bf7bfd 	stp	x29, x30, [sp, #-16]!
   80d74:	528048e2 	mov	w2, #0x247                 	// #583
   80d78:	910e8000 	add	x0, x0, #0x3a0
   80d7c:	910003fd 	mov	x29, sp
   80d80:	9105a001 	add	x1, x0, #0x168
   80d84:	9105e000 	add	x0, x0, #0x178
   80d88:	94001dc6 	bl	884a0 <assertion_failed>

0000000000080d8c <CMachineInfo::GetGPIOClockSourceRate(unsigned int)>:
   80d8c:	51000421 	sub	w1, w1, #0x1
   80d90:	52800000 	mov	w0, #0x0                   	// #0
   80d94:	7100183f 	cmp	w1, #0x6
   80d98:	540000a8 	b.hi	80dac <CMachineInfo::GetGPIOClockSourceRate(unsigned int)+0x20>  // b.pmore
   80d9c:	d0000060 	adrp	x0, 8e000 <CExceptionHandler::Throw(unsigned int, TAbortFrame*)+0x240>
   80da0:	910e8000 	add	x0, x0, #0x3a0
   80da4:	91060000 	add	x0, x0, #0x180
   80da8:	b8615800 	ldr	w0, [x0, w1, uxtw #2]
   80dac:	d65f03c0 	ret

0000000000080db0 <CMachineInfo::GetDevice(TDeviceId) const>:
   80db0:	350000a1 	cbnz	w1, 80dc4 <CMachineInfo::GetDevice(TDeviceId) const+0x14>
   80db4:	b9401000 	ldr	w0, [x0, #16]
   80db8:	7100041f 	cmp	w0, #0x1
   80dbc:	1a9f07e0 	cset	w0, ne	// ne = any
   80dc0:	d65f03c0 	ret
   80dc4:	d0000060 	adrp	x0, 8e000 <CExceptionHandler::Throw(unsigned int, TAbortFrame*)+0x240>
   80dc8:	a9bf7bfd 	stp	x29, x30, [sp, #-16]!
   80dcc:	52805242 	mov	w2, #0x292                 	// #658
   80dd0:	910e8000 	add	x0, x0, #0x3a0
   80dd4:	910003fd 	mov	x29, sp
   80dd8:	9105a001 	add	x1, x0, #0x168
   80ddc:	9105e000 	add	x0, x0, #0x178
   80de0:	94001db0 	bl	884a0 <assertion_failed>

0000000000080de4 <CMachineInfo::ArePWMChannelsSwapped() const>:
   80de4:	b9401002 	ldr	w2, [x0, #16]
   80de8:	321e73e0 	mov	w0, #0x7ffffffc            	// #2147483644
   80dec:	51001041 	sub	w1, w2, #0x4
   80df0:	6b00003f 	cmp	w1, w0
   80df4:	7a463844 	ccmp	w2, #0x6, #0x4, cc	// cc = lo, ul, last
   80df8:	1a9f07e0 	cset	w0, ne	// ne = any
   80dfc:	54000100 	b.eq	80e1c <CMachineInfo::ArePWMChannelsSwapped() const+0x38>  // b.none
   80e00:	d2803001 	mov	x1, #0x180                 	// #384
   80e04:	7100605f 	cmp	w2, #0x18
   80e08:	f2a02201 	movk	x1, #0x110, lsl #16
   80e0c:	9ac22421 	lsr	x1, x1, x2
   80e10:	12000021 	and	w1, w1, #0x1
   80e14:	52000021 	eor	w1, w1, #0x1
   80e18:	1a809020 	csel	w0, w1, w0, ls	// ls = plast
   80e1c:	d65f03c0 	ret

0000000000080e20 <CMachineInfo::AllocateDMAChannel(unsigned int)>:
   80e20:	90000080 	adrp	x0, 90000 <FromPCIeHost+0x148>
   80e24:	a9bf7bfd 	stp	x29, x30, [sp, #-16]!
   80e28:	910003fd 	mov	x29, sp
   80e2c:	f9415c02 	ldr	x2, [x0, #696]
   80e30:	b50000e2 	cbnz	x2, 80e4c <CMachineInfo::AllocateDMAChannel(unsigned int)+0x2c>
   80e34:	d0000060 	adrp	x0, 8e000 <CExceptionHandler::Throw(unsigned int, TAbortFrame*)+0x240>
   80e38:	528054a2 	mov	w2, #0x2a5                 	// #677
   80e3c:	910e8000 	add	x0, x0, #0x3a0
   80e40:	9105a001 	add	x1, x0, #0x168
   80e44:	91068000 	add	x0, x0, #0x1a0
   80e48:	94001d96 	bl	884a0 <assertion_failed>
   80e4c:	71003c3f 	cmp	w1, #0xf
   80e50:	540001c8 	b.hi	80e88 <CMachineInfo::AllocateDMAChannel(unsigned int)+0x68>  // b.pmore
   80e54:	71002c3f 	cmp	w1, #0xb
   80e58:	54000408 	b.hi	80ed8 <CMachineInfo::AllocateDMAChannel(unsigned int)+0xb8>  // b.pmore
   80e5c:	7940e043 	ldrh	w3, [x2, #112]
   80e60:	52801000 	mov	w0, #0x80                  	// #128
   80e64:	1ac12864 	asr	w4, w3, w1
   80e68:	360000c4 	tbz	w4, #0, 80e80 <CMachineInfo::AllocateDMAChannel(unsigned int)+0x60>
   80e6c:	52800020 	mov	w0, #0x1                   	// #1
   80e70:	1ac12000 	lsl	w0, w0, w1
   80e74:	0a200063 	bic	w3, w3, w0
   80e78:	2a0103e0 	mov	w0, w1
   80e7c:	7900e043 	strh	w3, [x2, #112]
   80e80:	a8c17bfd 	ldp	x29, x30, [sp], #16
   80e84:	d65f03c0 	ret
   80e88:	71020c3f 	cmp	w1, #0x83
   80e8c:	528000c4 	mov	w4, #0x6                   	// #6
   80e90:	7940e043 	ldrh	w3, [x2, #112]
   80e94:	52800160 	mov	w0, #0xb                   	// #11
   80e98:	528000a1 	mov	w1, #0x5                   	// #5
   80e9c:	1a9f0084 	csel	w4, w4, wzr, eq	// eq = none
   80ea0:	1a810000 	csel	w0, w0, w1, eq	// eq = none
   80ea4:	14000004 	b	80eb4 <CMachineInfo::AllocateDMAChannel(unsigned int)+0x94>
   80ea8:	51000400 	sub	w0, w0, #0x1
   80eac:	6b00009f 	cmp	w4, w0
   80eb0:	5400010c 	b.gt	80ed0 <CMachineInfo::AllocateDMAChannel(unsigned int)+0xb0>
   80eb4:	1ac02861 	asr	w1, w3, w0
   80eb8:	3607ff81 	tbz	w1, #0, 80ea8 <CMachineInfo::AllocateDMAChannel(unsigned int)+0x88>
   80ebc:	52800021 	mov	w1, #0x1                   	// #1
   80ec0:	1ac02021 	lsl	w1, w1, w0
   80ec4:	0a210063 	bic	w3, w3, w1
   80ec8:	7900e043 	strh	w3, [x2, #112]
   80ecc:	17ffffed 	b	80e80 <CMachineInfo::AllocateDMAChannel(unsigned int)+0x60>
   80ed0:	52801000 	mov	w0, #0x80                  	// #128
   80ed4:	17ffffeb 	b	80e80 <CMachineInfo::AllocateDMAChannel(unsigned int)+0x60>
   80ed8:	d0000060 	adrp	x0, 8e000 <CExceptionHandler::Throw(unsigned int, TAbortFrame*)+0x240>
   80edc:	52805622 	mov	w2, #0x2b1                 	// #689
   80ee0:	910e8000 	add	x0, x0, #0x3a0
   80ee4:	9105a001 	add	x1, x0, #0x168
   80ee8:	9106c000 	add	x0, x0, #0x1b0
   80eec:	94001d6d 	bl	884a0 <assertion_failed>

0000000000080ef0 <CMachineInfo::FreeDMAChannel(unsigned int)>:
   80ef0:	90000080 	adrp	x0, 90000 <FromPCIeHost+0x148>
   80ef4:	a9bf7bfd 	stp	x29, x30, [sp, #-16]!
   80ef8:	910003fd 	mov	x29, sp
   80efc:	f9415c00 	ldr	x0, [x0, #696]
   80f00:	b50000e0 	cbnz	x0, 80f1c <CMachineInfo::FreeDMAChannel(unsigned int)+0x2c>
   80f04:	d0000060 	adrp	x0, 8e000 <CExceptionHandler::Throw(unsigned int, TAbortFrame*)+0x240>
   80f08:	52805b42 	mov	w2, #0x2da                 	// #730
   80f0c:	910e8000 	add	x0, x0, #0x3a0
   80f10:	9105a001 	add	x1, x0, #0x168
   80f14:	91068000 	add	x0, x0, #0x1a0
   80f18:	94001d62 	bl	884a0 <assertion_failed>
   80f1c:	71002c3f 	cmp	w1, #0xb
   80f20:	54000148 	b.hi	80f48 <CMachineInfo::FreeDMAChannel(unsigned int)+0x58>  // b.pmore
   80f24:	7940e002 	ldrh	w2, [x0, #112]
   80f28:	1ac12843 	asr	w3, w2, w1
   80f2c:	370001a3 	tbnz	w3, #0, 80f60 <CMachineInfo::FreeDMAChannel(unsigned int)+0x70>
   80f30:	52800023 	mov	w3, #0x1                   	// #1
   80f34:	a8c17bfd 	ldp	x29, x30, [sp], #16
   80f38:	1ac12063 	lsl	w3, w3, w1
   80f3c:	2a030042 	orr	w2, w2, w3
   80f40:	7900e002 	strh	w2, [x0, #112]
   80f44:	d65f03c0 	ret
   80f48:	d0000060 	adrp	x0, 8e000 <CExceptionHandler::Throw(unsigned int, TAbortFrame*)+0x240>
   80f4c:	52805ca2 	mov	w2, #0x2e5                 	// #741
   80f50:	910e8000 	add	x0, x0, #0x3a0
   80f54:	9105a001 	add	x1, x0, #0x168
   80f58:	9106c000 	add	x0, x0, #0x1b0
   80f5c:	94001d51 	bl	884a0 <assertion_failed>
   80f60:	d0000060 	adrp	x0, 8e000 <CExceptionHandler::Throw(unsigned int, TAbortFrame*)+0x240>
   80f64:	52805ce2 	mov	w2, #0x2e7                 	// #743
   80f68:	910e8000 	add	x0, x0, #0x3a0
   80f6c:	9105a001 	add	x1, x0, #0x168
   80f70:	91074000 	add	x0, x0, #0x1d0
   80f74:	94001d4b 	bl	884a0 <assertion_failed>
   80f78:	d503201f 	nop
   80f7c:	d503201f 	nop

0000000000080f80 <CMachineInfo::AllocateDMAChannelRP1(unsigned int)>:
   80f80:	90000080 	adrp	x0, 90000 <FromPCIeHost+0x148>
   80f84:	a9bf7bfd 	stp	x29, x30, [sp, #-16]!
   80f88:	910003fd 	mov	x29, sp
   80f8c:	f9415c02 	ldr	x2, [x0, #696]
   80f90:	b50000e2 	cbnz	x2, 80fac <CMachineInfo::AllocateDMAChannelRP1(unsigned int)+0x2c>
   80f94:	d0000060 	adrp	x0, 8e000 <CExceptionHandler::Throw(unsigned int, TAbortFrame*)+0x240>
   80f98:	52805de2 	mov	w2, #0x2ef                 	// #751
   80f9c:	910e8000 	add	x0, x0, #0x3a0
   80fa0:	9105a001 	add	x1, x0, #0x168
   80fa4:	91068000 	add	x0, x0, #0x1a0
   80fa8:	94001d3e 	bl	884a0 <assertion_failed>
   80fac:	71003c3f 	cmp	w1, #0xf
   80fb0:	540001c8 	b.hi	80fe8 <CMachineInfo::AllocateDMAChannelRP1(unsigned int)+0x68>  // b.pmore
   80fb4:	71001c3f 	cmp	w1, #0x7
   80fb8:	540003c8 	b.hi	81030 <CMachineInfo::AllocateDMAChannelRP1(unsigned int)+0xb0>  // b.pmore
   80fbc:	39420043 	ldrb	w3, [x2, #128]
   80fc0:	52801000 	mov	w0, #0x80                  	// #128
   80fc4:	1ac12864 	asr	w4, w3, w1
   80fc8:	360000c4 	tbz	w4, #0, 80fe0 <CMachineInfo::AllocateDMAChannelRP1(unsigned int)+0x60>
   80fcc:	52800020 	mov	w0, #0x1                   	// #1
   80fd0:	1ac12000 	lsl	w0, w0, w1
   80fd4:	0a200063 	bic	w3, w3, w0
   80fd8:	2a0103e0 	mov	w0, w1
   80fdc:	39020043 	strb	w3, [x2, #128]
   80fe0:	a8c17bfd 	ldp	x29, x30, [sp], #16
   80fe4:	d65f03c0 	ret
   80fe8:	39420043 	ldrb	w3, [x2, #128]
   80fec:	7102143f 	cmp	w1, #0x85
   80ff0:	528000e0 	mov	w0, #0x7                   	// #7
   80ff4:	1a9f1400 	csinc	w0, w0, wzr, ne	// ne = any
   80ff8:	d503201f 	nop
   80ffc:	d503201f 	nop
   81000:	1ac02861 	asr	w1, w3, w0
   81004:	370000c1 	tbnz	w1, #0, 8101c <CMachineInfo::AllocateDMAChannelRP1(unsigned int)+0x9c>
   81008:	51000400 	sub	w0, w0, #0x1
   8100c:	3100041f 	cmn	w0, #0x1
   81010:	54ffff81 	b.ne	81000 <CMachineInfo::AllocateDMAChannelRP1(unsigned int)+0x80>  // b.any
   81014:	52801000 	mov	w0, #0x80                  	// #128
   81018:	17fffff2 	b	80fe0 <CMachineInfo::AllocateDMAChannelRP1(unsigned int)+0x60>
   8101c:	52800021 	mov	w1, #0x1                   	// #1
   81020:	1ac02021 	lsl	w1, w1, w0
   81024:	0a210063 	bic	w3, w3, w1
   81028:	39020043 	strb	w3, [x2, #128]
   8102c:	17ffffed 	b	80fe0 <CMachineInfo::AllocateDMAChannelRP1(unsigned int)+0x60>
   81030:	b0000060 	adrp	x0, 8e000 <CExceptionHandler::Throw(unsigned int, TAbortFrame*)+0x240>
   81034:	52805f02 	mov	w2, #0x2f8                 	// #760
   81038:	910e8000 	add	x0, x0, #0x3a0
   8103c:	9105a001 	add	x1, x0, #0x168
   81040:	9107e000 	add	x0, x0, #0x1f8
   81044:	94001d17 	bl	884a0 <assertion_failed>

0000000000081048 <CMachineInfo::FreeDMAChannelRP1(unsigned int)>:
   81048:	f0000060 	adrp	x0, 90000 <FromPCIeHost+0x148>
   8104c:	a9bf7bfd 	stp	x29, x30, [sp, #-16]!
   81050:	910003fd 	mov	x29, sp
   81054:	f9415c00 	ldr	x0, [x0, #696]
   81058:	b50000e0 	cbnz	x0, 81074 <CMachineInfo::FreeDMAChannelRP1(unsigned int)+0x2c>
   8105c:	b0000060 	adrp	x0, 8e000 <CExceptionHandler::Throw(unsigned int, TAbortFrame*)+0x240>
   81060:	528062a2 	mov	w2, #0x315                 	// #789
   81064:	910e8000 	add	x0, x0, #0x3a0
   81068:	9105a001 	add	x1, x0, #0x168
   8106c:	91068000 	add	x0, x0, #0x1a0
   81070:	94001d0c 	bl	884a0 <assertion_failed>
   81074:	71001c3f 	cmp	w1, #0x7
   81078:	54000148 	b.hi	810a0 <CMachineInfo::FreeDMAChannelRP1(unsigned int)+0x58>  // b.pmore
   8107c:	39420002 	ldrb	w2, [x0, #128]
   81080:	1ac12843 	asr	w3, w2, w1
   81084:	370001a3 	tbnz	w3, #0, 810b8 <CMachineInfo::FreeDMAChannelRP1(unsigned int)+0x70>
   81088:	52800023 	mov	w3, #0x1                   	// #1
   8108c:	1ac12063 	lsl	w3, w3, w1
   81090:	2a030042 	orr	w2, w2, w3
   81094:	39020002 	strb	w2, [x0, #128]
   81098:	a8c17bfd 	ldp	x29, x30, [sp], #16
   8109c:	d65f03c0 	ret
   810a0:	b0000060 	adrp	x0, 8e000 <CExceptionHandler::Throw(unsigned int, TAbortFrame*)+0x240>
   810a4:	528063a2 	mov	w2, #0x31d                 	// #797
   810a8:	910e8000 	add	x0, x0, #0x3a0
   810ac:	9105a001 	add	x1, x0, #0x168
   810b0:	9107e000 	add	x0, x0, #0x1f8
   810b4:	94001cfb 	bl	884a0 <assertion_failed>
   810b8:	b0000060 	adrp	x0, 8e000 <CExceptionHandler::Throw(unsigned int, TAbortFrame*)+0x240>
   810bc:	528063c2 	mov	w2, #0x31e                 	// #798
   810c0:	910e8000 	add	x0, x0, #0x3a0
   810c4:	9105a001 	add	x1, x0, #0x168
   810c8:	91086000 	add	x0, x0, #0x218
   810cc:	94001cf5 	bl	884a0 <assertion_failed>

00000000000810d0 <CMachineInfo::FetchDTB()>:
   810d0:	aa0003e2 	mov	x2, x0
   810d4:	d2801f00 	mov	x0, #0xf8                  	// #248
   810d8:	a9bc7bfd 	stp	x29, x30, [sp, #-64]!
   810dc:	910003fd 	mov	x29, sp
   810e0:	f9001fe0 	str	x0, [sp, #56]
   810e4:	f9401fe0 	ldr	x0, [sp, #56]
   810e8:	b9400001 	ldr	w1, [x0]
   810ec:	340001e1 	cbz	w1, 81128 <CMachineInfo::FetchDTB()+0x58>
   810f0:	f9404840 	ldr	x0, [x2, #144]
   810f4:	b50001e0 	cbnz	x0, 81130 <CMachineInfo::FetchDTB()+0x60>
   810f8:	d2800100 	mov	x0, #0x8                   	// #8
   810fc:	b90027e1 	str	w1, [sp, #36]
   81100:	f90017e2 	str	x2, [sp, #40]
   81104:	94000a41 	bl	83a08 <operator new(unsigned long)>
   81108:	b94027e1 	ldr	w1, [sp, #36]
   8110c:	f9000fe0 	str	x0, [sp, #24]
   81110:	940012dc 	bl	85c80 <CDeviceTreeBlob::CDeviceTreeBlob(void const*)>
   81114:	f9400fe3 	ldr	x3, [sp, #24]
   81118:	f94017e2 	ldr	x2, [sp, #40]
   8111c:	f9401fe0 	ldr	x0, [sp, #56]
   81120:	f9004843 	str	x3, [x2, #144]
   81124:	b900001f 	str	wzr, [x0]
   81128:	a8c47bfd 	ldp	x29, x30, [sp], #64
   8112c:	d65f03c0 	ret
   81130:	b0000060 	adrp	x0, 8e000 <CExceptionHandler::Throw(unsigned int, TAbortFrame*)+0x240>
   81134:	528065a2 	mov	w2, #0x32d                 	// #813
   81138:	910e8000 	add	x0, x0, #0x3a0
   8113c:	9105a001 	add	x1, x0, #0x168
   81140:	91092000 	add	x0, x0, #0x248
   81144:	94001cd7 	bl	884a0 <assertion_failed>

0000000000081148 <CMachineInfo::CMachineInfo()>:
   81148:	a9b87bfd 	stp	x29, x30, [sp, #-128]!
   8114c:	910003fd 	mov	x29, sp
   81150:	f9000bf3 	str	x19, [sp, #16]
   81154:	f90017e0 	str	x0, [sp, #40]
   81158:	f94017e0 	ldr	x0, [sp, #40]
   8115c:	b900001f 	str	wzr, [x0]
   81160:	f94017e0 	ldr	x0, [sp, #40]
   81164:	52800321 	mov	w1, #0x19                  	// #25
   81168:	b9001001 	str	w1, [x0, #16]
   8116c:	f94017e0 	ldr	x0, [sp, #40]
   81170:	b900201f 	str	wzr, [x0, #32]
   81174:	f94017e0 	ldr	x0, [sp, #40]
   81178:	b900301f 	str	wzr, [x0, #48]
   8117c:	f94017e0 	ldr	x0, [sp, #40]
   81180:	528000a1 	mov	w1, #0x5                   	// #5
   81184:	b9004001 	str	w1, [x0, #64]
   81188:	f94017e0 	ldr	x0, [sp, #40]
   8118c:	12800001 	mov	w1, #0xffffffff            	// #-1
   81190:	39014001 	strb	w1, [x0, #80]
   81194:	f94017e0 	ldr	x0, [sp, #40]
   81198:	b900601f 	str	wzr, [x0, #96]
   8119c:	f94017e0 	ldr	x0, [sp, #40]
   811a0:	5281fea1 	mov	w1, #0xff5                 	// #4085
   811a4:	7900e001 	strh	w1, [x0, #112]
   811a8:	f94017e0 	ldr	x0, [sp, #40]
   811ac:	12800001 	mov	w1, #0xffffffff            	// #-1
   811b0:	39020001 	strb	w1, [x0, #128]
   811b4:	f94017e0 	ldr	x0, [sp, #40]
   811b8:	f900481f 	str	xzr, [x0, #144]
   811bc:	f0000060 	adrp	x0, 90000 <FromPCIeHost+0x148>
   811c0:	910ae000 	add	x0, x0, #0x2b8
   811c4:	f9400000 	ldr	x0, [x0]
   811c8:	f100001f 	cmp	x0, #0x0
   811cc:	54000640 	b.eq	81294 <CMachineInfo::CMachineInfo()+0x14c>  // b.none
   811d0:	f0000060 	adrp	x0, 90000 <FromPCIeHost+0x148>
   811d4:	910ae000 	add	x0, x0, #0x2b8
   811d8:	f9400000 	ldr	x0, [x0]
   811dc:	b9400001 	ldr	w1, [x0]
   811e0:	f94017e0 	ldr	x0, [sp, #40]
   811e4:	b9000001 	str	w1, [x0]
   811e8:	f0000060 	adrp	x0, 90000 <FromPCIeHost+0x148>
   811ec:	910ae000 	add	x0, x0, #0x2b8
   811f0:	f9400000 	ldr	x0, [x0]
   811f4:	b9401001 	ldr	w1, [x0, #16]
   811f8:	f94017e0 	ldr	x0, [sp, #40]
   811fc:	b9001001 	str	w1, [x0, #16]
   81200:	f0000060 	adrp	x0, 90000 <FromPCIeHost+0x148>
   81204:	910ae000 	add	x0, x0, #0x2b8
   81208:	f9400000 	ldr	x0, [x0]
   8120c:	b9402001 	ldr	w1, [x0, #32]
   81210:	f94017e0 	ldr	x0, [sp, #40]
   81214:	b9002001 	str	w1, [x0, #32]
   81218:	f0000060 	adrp	x0, 90000 <FromPCIeHost+0x148>
   8121c:	910ae000 	add	x0, x0, #0x2b8
   81220:	f9400000 	ldr	x0, [x0]
   81224:	b9403001 	ldr	w1, [x0, #48]
   81228:	f94017e0 	ldr	x0, [sp, #40]
   8122c:	b9003001 	str	w1, [x0, #48]
   81230:	f0000060 	adrp	x0, 90000 <FromPCIeHost+0x148>
   81234:	910ae000 	add	x0, x0, #0x2b8
   81238:	f9400000 	ldr	x0, [x0]
   8123c:	b9404001 	ldr	w1, [x0, #64]
   81240:	f94017e0 	ldr	x0, [sp, #40]
   81244:	b9004001 	str	w1, [x0, #64]
   81248:	f0000060 	adrp	x0, 90000 <FromPCIeHost+0x148>
   8124c:	910ae000 	add	x0, x0, #0x2b8
   81250:	f9400000 	ldr	x0, [x0]
   81254:	39414001 	ldrb	w1, [x0, #80]
   81258:	f94017e0 	ldr	x0, [sp, #40]
   8125c:	39014001 	strb	w1, [x0, #80]
   81260:	f0000060 	adrp	x0, 90000 <FromPCIeHost+0x148>
   81264:	910ae000 	add	x0, x0, #0x2b8
   81268:	f9400000 	ldr	x0, [x0]
   8126c:	b9406001 	ldr	w1, [x0, #96]
   81270:	f94017e0 	ldr	x0, [sp, #40]
   81274:	b9006001 	str	w1, [x0, #96]
   81278:	f0000060 	adrp	x0, 90000 <FromPCIeHost+0x148>
   8127c:	910ae000 	add	x0, x0, #0x2b8
   81280:	f9400000 	ldr	x0, [x0]
   81284:	f9404801 	ldr	x1, [x0, #144]
   81288:	f94017e0 	ldr	x0, [sp, #40]
   8128c:	f9004801 	str	x1, [x0, #144]
   81290:	14000160 	b	81810 <CMachineInfo::CMachineInfo()+0x6c8>
   81294:	f0000060 	adrp	x0, 90000 <FromPCIeHost+0x148>
   81298:	910ae000 	add	x0, x0, #0x2b8
   8129c:	f94017e1 	ldr	x1, [sp, #40]
   812a0:	f9000001 	str	x1, [x0]
   812a4:	f94017e0 	ldr	x0, [sp, #40]
   812a8:	97ffff8a 	bl	810d0 <CMachineInfo::FetchDTB()>
   812ac:	910123e0 	add	x0, sp, #0x48
   812b0:	52800001 	mov	w1, #0x0                   	// #0
   812b4:	94001ca3 	bl	88540 <CBcmPropertyTags::CBcmPropertyTags(bool)>
   812b8:	f94017e0 	ldr	x0, [sp, #40]
   812bc:	f9404800 	ldr	x0, [x0, #144]
   812c0:	f100001f 	cmp	x0, #0x0
   812c4:	54000320 	b.eq	81328 <CMachineInfo::CMachineInfo()+0x1e0>  // b.none
   812c8:	f94017e0 	ldr	x0, [sp, #40]
   812cc:	f9404803 	ldr	x3, [x0, #144]
   812d0:	d2800002 	mov	x2, #0x0                   	// #0
   812d4:	b0000060 	adrp	x0, 8e000 <CExceptionHandler::Throw(unsigned int, TAbortFrame*)+0x240>
   812d8:	91048001 	add	x1, x0, #0x120
   812dc:	aa0303e0 	mov	x0, x3
   812e0:	94001381 	bl	860e4 <CDeviceTreeBlob::FindNode(char const*, TDeviceTreeNode const*) const>
   812e4:	f90033e0 	str	x0, [sp, #96]
   812e8:	f94033e0 	ldr	x0, [sp, #96]
   812ec:	f100001f 	cmp	x0, #0x0
   812f0:	540001c0 	b.eq	81328 <CMachineInfo::CMachineInfo()+0x1e0>  // b.none
   812f4:	f94017e0 	ldr	x0, [sp, #40]
   812f8:	f9404803 	ldr	x3, [x0, #144]
   812fc:	b0000060 	adrp	x0, 8e000 <CExceptionHandler::Throw(unsigned int, TAbortFrame*)+0x240>
   81300:	9104c002 	add	x2, x0, #0x130
   81304:	f94033e1 	ldr	x1, [sp, #96]
   81308:	aa0303e0 	mov	x0, x3
   8130c:	94001378 	bl	860ec <CDeviceTreeBlob::FindProperty(TDeviceTreeNode const*, char const*) const>
   81310:	f9003fe0 	str	x0, [sp, #120]
   81314:	f9403fe0 	ldr	x0, [sp, #120]
   81318:	f100001f 	cmp	x0, #0x0
   8131c:	54000060 	b.eq	81328 <CMachineInfo::CMachineInfo()+0x1e0>  // b.none
   81320:	52800020 	mov	w0, #0x1                   	// #1
   81324:	14000002 	b	8132c <CMachineInfo::CMachineInfo()+0x1e4>
   81328:	52800000 	mov	w0, #0x0                   	// #0
   8132c:	12000000 	and	w0, w0, #0x1
   81330:	7100001f 	cmp	w0, #0x0
   81334:	540002e0 	b.eq	81390 <CMachineInfo::CMachineInfo()+0x248>  // b.none
   81338:	f94017e0 	ldr	x0, [sp, #40]
   8133c:	7940e000 	ldrh	w0, [x0, #112]
   81340:	121a6400 	and	w0, w0, #0xffffffc0
   81344:	12003c01 	and	w1, w0, #0xffff
   81348:	f94017e0 	ldr	x0, [sp, #40]
   8134c:	7900e001 	strh	w1, [x0, #112]
   81350:	f94017e0 	ldr	x0, [sp, #40]
   81354:	f9404800 	ldr	x0, [x0, #144]
   81358:	52800002 	mov	w2, #0x0                   	// #0
   8135c:	f9403fe1 	ldr	x1, [sp, #120]
   81360:	94001402 	bl	86368 <CDeviceTreeBlob::GetPropertyValueWord(TDeviceTreeProperty const*, unsigned int) const>
   81364:	12003c00 	and	w0, w0, #0xffff
   81368:	12001402 	and	w2, w0, #0x3f
   8136c:	f94017e0 	ldr	x0, [sp, #40]
   81370:	7940e000 	ldrh	w0, [x0, #112]
   81374:	13003c01 	sxth	w1, w0
   81378:	13003c40 	sxth	w0, w2
   8137c:	2a000020 	orr	w0, w1, w0
   81380:	13003c00 	sxth	w0, w0
   81384:	12003c01 	and	w1, w0, #0xffff
   81388:	f94017e0 	ldr	x0, [sp, #40]
   8138c:	7900e001 	strh	w1, [x0, #112]
   81390:	f94017e0 	ldr	x0, [sp, #40]
   81394:	f9404800 	ldr	x0, [x0, #144]
   81398:	f100001f 	cmp	x0, #0x0
   8139c:	54000320 	b.eq	81400 <CMachineInfo::CMachineInfo()+0x2b8>  // b.none
   813a0:	f94017e0 	ldr	x0, [sp, #40]
   813a4:	f9404803 	ldr	x3, [x0, #144]
   813a8:	d2800002 	mov	x2, #0x0                   	// #0
   813ac:	b0000060 	adrp	x0, 8e000 <CExceptionHandler::Throw(unsigned int, TAbortFrame*)+0x240>
   813b0:	91052001 	add	x1, x0, #0x148
   813b4:	aa0303e0 	mov	x0, x3
   813b8:	9400134b 	bl	860e4 <CDeviceTreeBlob::FindNode(char const*, TDeviceTreeNode const*) const>
   813bc:	f90033e0 	str	x0, [sp, #96]
   813c0:	f94033e0 	ldr	x0, [sp, #96]
   813c4:	f100001f 	cmp	x0, #0x0
   813c8:	540001c0 	b.eq	81400 <CMachineInfo::CMachineInfo()+0x2b8>  // b.none
   813cc:	f94017e0 	ldr	x0, [sp, #40]
   813d0:	f9404803 	ldr	x3, [x0, #144]
   813d4:	b0000060 	adrp	x0, 8e000 <CExceptionHandler::Throw(unsigned int, TAbortFrame*)+0x240>
   813d8:	9104c002 	add	x2, x0, #0x130
   813dc:	f94033e1 	ldr	x1, [sp, #96]
   813e0:	aa0303e0 	mov	x0, x3
   813e4:	94001342 	bl	860ec <CDeviceTreeBlob::FindProperty(TDeviceTreeNode const*, char const*) const>
   813e8:	f9003fe0 	str	x0, [sp, #120]
   813ec:	f9403fe0 	ldr	x0, [sp, #120]
   813f0:	f100001f 	cmp	x0, #0x0
   813f4:	54000060 	b.eq	81400 <CMachineInfo::CMachineInfo()+0x2b8>  // b.none
   813f8:	52800020 	mov	w0, #0x1                   	// #1
   813fc:	14000002 	b	81404 <CMachineInfo::CMachineInfo()+0x2bc>
   81400:	52800000 	mov	w0, #0x0                   	// #0
   81404:	12000000 	and	w0, w0, #0x1
   81408:	7100001f 	cmp	w0, #0x0
   8140c:	540002e0 	b.eq	81468 <CMachineInfo::CMachineInfo()+0x320>  // b.none
   81410:	f94017e0 	ldr	x0, [sp, #40]
   81414:	7940e000 	ldrh	w0, [x0, #112]
   81418:	12146400 	and	w0, w0, #0xfffff03f
   8141c:	12003c01 	and	w1, w0, #0xffff
   81420:	f94017e0 	ldr	x0, [sp, #40]
   81424:	7900e001 	strh	w1, [x0, #112]
   81428:	f94017e0 	ldr	x0, [sp, #40]
   8142c:	f9404800 	ldr	x0, [x0, #144]
   81430:	52800002 	mov	w2, #0x0                   	// #0
   81434:	f9403fe1 	ldr	x1, [sp, #120]
   81438:	940013cc 	bl	86368 <CDeviceTreeBlob::GetPropertyValueWord(TDeviceTreeProperty const*, unsigned int) const>
   8143c:	12003c00 	and	w0, w0, #0xffff
   81440:	121a1402 	and	w2, w0, #0xfc0
   81444:	f94017e0 	ldr	x0, [sp, #40]
   81448:	7940e000 	ldrh	w0, [x0, #112]
   8144c:	13003c01 	sxth	w1, w0
   81450:	13003c40 	sxth	w0, w2
   81454:	2a000020 	orr	w0, w1, w0
   81458:	13003c00 	sxth	w0, w0
   8145c:	12003c01 	and	w1, w0, #0xffff
   81460:	f94017e0 	ldr	x0, [sp, #40]
   81464:	7900e001 	strh	w1, [x0, #112]
   81468:	9100e3e1 	add	x1, sp, #0x38
   8146c:	910123e0 	add	x0, sp, #0x48
   81470:	52800004 	mov	w4, #0x0                   	// #0
   81474:	52800203 	mov	w3, #0x10                  	// #16
   81478:	aa0103e2 	mov	x2, x1
   8147c:	52800041 	mov	w1, #0x2                   	// #2
   81480:	72a00021 	movk	w1, #0x1, lsl #16
   81484:	94001c87 	bl	886a0 <CBcmPropertyTags::GetTag(unsigned int, void*, unsigned int, unsigned int)>
   81488:	12001c00 	and	w0, w0, #0xff
   8148c:	52000000 	eor	w0, w0, #0x1
   81490:	12001c00 	and	w0, w0, #0xff
   81494:	12000000 	and	w0, w0, #0x1
   81498:	7100001f 	cmp	w0, #0x0
   8149c:	54000520 	b.eq	81540 <CMachineInfo::CMachineInfo()+0x3f8>  // b.none
   814a0:	f94017e0 	ldr	x0, [sp, #40]
   814a4:	f9404800 	ldr	x0, [x0, #144]
   814a8:	f100001f 	cmp	x0, #0x0
   814ac:	540002e0 	b.eq	81508 <CMachineInfo::CMachineInfo()+0x3c0>  // b.none
   814b0:	f94017e0 	ldr	x0, [sp, #40]
   814b4:	f9404803 	ldr	x3, [x0, #144]
   814b8:	d2800002 	mov	x2, #0x0                   	// #0
   814bc:	b0000060 	adrp	x0, 8e000 <CExceptionHandler::Throw(unsigned int, TAbortFrame*)+0x240>
   814c0:	91056001 	add	x1, x0, #0x158
   814c4:	aa0303e0 	mov	x0, x3
   814c8:	94001307 	bl	860e4 <CDeviceTreeBlob::FindNode(char const*, TDeviceTreeNode const*) const>
   814cc:	f9002fe0 	str	x0, [sp, #88]
   814d0:	f9402fe0 	ldr	x0, [sp, #88]
   814d4:	f100001f 	cmp	x0, #0x0
   814d8:	54000180 	b.eq	81508 <CMachineInfo::CMachineInfo()+0x3c0>  // b.none
   814dc:	f94017e0 	ldr	x0, [sp, #40]
   814e0:	f9404803 	ldr	x3, [x0, #144]
   814e4:	b0000060 	adrp	x0, 8e000 <CExceptionHandler::Throw(unsigned int, TAbortFrame*)+0x240>
   814e8:	91058002 	add	x2, x0, #0x160
   814ec:	f9402fe1 	ldr	x1, [sp, #88]
   814f0:	aa0303e0 	mov	x0, x3
   814f4:	940012fe 	bl	860ec <CDeviceTreeBlob::FindProperty(TDeviceTreeNode const*, char const*) const>
   814f8:	f9003be0 	str	x0, [sp, #112]
   814fc:	f9403be0 	ldr	x0, [sp, #112]
   81500:	f100001f 	cmp	x0, #0x0
   81504:	54000061 	b.ne	81510 <CMachineInfo::CMachineInfo()+0x3c8>  // b.any
   81508:	52800020 	mov	w0, #0x1                   	// #1
   8150c:	14000002 	b	81514 <CMachineInfo::CMachineInfo()+0x3cc>
   81510:	52800000 	mov	w0, #0x0                   	// #0
   81514:	12000000 	and	w0, w0, #0x1
   81518:	7100001f 	cmp	w0, #0x0
   8151c:	54000060 	b.eq	81528 <CMachineInfo::CMachineInfo()+0x3e0>  // b.none
   81520:	52800013 	mov	w19, #0x0                   	// #0
   81524:	140000b8 	b	81804 <CMachineInfo::CMachineInfo()+0x6bc>
   81528:	f94017e0 	ldr	x0, [sp, #40]
   8152c:	f9404800 	ldr	x0, [x0, #144]
   81530:	52800002 	mov	w2, #0x0                   	// #0
   81534:	f9403be1 	ldr	x1, [sp, #112]
   81538:	9400138c 	bl	86368 <CDeviceTreeBlob::GetPropertyValueWord(TDeviceTreeProperty const*, unsigned int) const>
   8153c:	b90047e0 	str	w0, [sp, #68]
   81540:	d2880080 	mov	x0, #0x4004                	// #16388
   81544:	f2a02a00 	movk	x0, #0x150, lsl #16
   81548:	f2c00200 	movk	x0, #0x10, lsl #32
   8154c:	97fffd3d 	bl	80a40 <read32>
   81550:	b90057e0 	str	w0, [sp, #84]
   81554:	b94057e0 	ldr	w0, [sp, #84]
   81558:	53107c01 	lsr	w1, w0, #16
   8155c:	5284e240 	mov	w0, #0x2712                	// #10002
   81560:	6b00003f 	cmp	w1, w0
   81564:	540000a1 	b.ne	81578 <CMachineInfo::CMachineInfo()+0x430>  // b.any
   81568:	b94057e0 	ldr	w0, [sp, #84]
   8156c:	12001c01 	and	w1, w0, #0xff
   81570:	f94017e0 	ldr	x0, [sp, #40]
   81574:	39014001 	strb	w1, [x0, #80]
   81578:	b94047e1 	ldr	w1, [sp, #68]
   8157c:	f94017e0 	ldr	x0, [sp, #40]
   81580:	b9000001 	str	w1, [x0]
   81584:	f94017e0 	ldr	x0, [sp, #40]
   81588:	b9400000 	ldr	w0, [x0]
   8158c:	12090000 	and	w0, w0, #0x800000
   81590:	7100001f 	cmp	w0, #0x0
   81594:	54000ca0 	b.eq	81728 <CMachineInfo::CMachineInfo()+0x5e0>  // b.none
   81598:	f94017e0 	ldr	x0, [sp, #40]
   8159c:	b9400000 	ldr	w0, [x0]
   815a0:	53047c00 	lsr	w0, w0, #4
   815a4:	12001c00 	and	w0, w0, #0xff
   815a8:	b90053e0 	str	w0, [sp, #80]
   815ac:	b9006fff 	str	wzr, [sp, #108]
   815b0:	14000010 	b	815f0 <CMachineInfo::CMachineInfo()+0x4a8>
   815b4:	b0000060 	adrp	x0, 8e000 <CExceptionHandler::Throw(unsigned int, TAbortFrame*)+0x240>
   815b8:	9105c002 	add	x2, x0, #0x170
   815bc:	b9406fe1 	ldr	w1, [sp, #108]
   815c0:	aa0103e0 	mov	x0, x1
   815c4:	d37ff800 	lsl	x0, x0, #1
   815c8:	8b010000 	add	x0, x0, x1
   815cc:	d37ef400 	lsl	x0, x0, #2
   815d0:	8b000040 	add	x0, x2, x0
   815d4:	b9400000 	ldr	w0, [x0]
   815d8:	b94053e1 	ldr	w1, [sp, #80]
   815dc:	6b00003f 	cmp	w1, w0
   815e0:	54000100 	b.eq	81600 <CMachineInfo::CMachineInfo()+0x4b8>  // b.none
   815e4:	b9406fe0 	ldr	w0, [sp, #108]
   815e8:	11000400 	add	w0, w0, #0x1
   815ec:	b9006fe0 	str	w0, [sp, #108]
   815f0:	b9406fe0 	ldr	w0, [sp, #108]
   815f4:	7100581f 	cmp	w0, #0x16
   815f8:	54fffde9 	b.ls	815b4 <CMachineInfo::CMachineInfo()+0x46c>  // b.plast
   815fc:	14000002 	b	81604 <CMachineInfo::CMachineInfo()+0x4bc>
   81600:	d503201f 	nop
   81604:	b9406fe0 	ldr	w0, [sp, #108]
   81608:	7100581f 	cmp	w0, #0x16
   8160c:	54000069 	b.ls	81618 <CMachineInfo::CMachineInfo()+0x4d0>  // b.plast
   81610:	52800013 	mov	w19, #0x0                   	// #0
   81614:	1400007c 	b	81804 <CMachineInfo::CMachineInfo()+0x6bc>
   81618:	b0000060 	adrp	x0, 8e000 <CExceptionHandler::Throw(unsigned int, TAbortFrame*)+0x240>
   8161c:	9105c002 	add	x2, x0, #0x170
   81620:	b9406fe1 	ldr	w1, [sp, #108]
   81624:	aa0103e0 	mov	x0, x1
   81628:	d37ff800 	lsl	x0, x0, #1
   8162c:	8b010000 	add	x0, x0, x1
   81630:	d37ef400 	lsl	x0, x0, #2
   81634:	8b000040 	add	x0, x2, x0
   81638:	b9400401 	ldr	w1, [x0, #4]
   8163c:	f94017e0 	ldr	x0, [sp, #40]
   81640:	b9001001 	str	w1, [x0, #16]
   81644:	b0000060 	adrp	x0, 8e000 <CExceptionHandler::Throw(unsigned int, TAbortFrame*)+0x240>
   81648:	9105c002 	add	x2, x0, #0x170
   8164c:	b9406fe1 	ldr	w1, [sp, #108]
   81650:	aa0103e0 	mov	x0, x1
   81654:	d37ff800 	lsl	x0, x0, #1
   81658:	8b010000 	add	x0, x0, x1
   8165c:	d37ef400 	lsl	x0, x0, #2
   81660:	8b000040 	add	x0, x2, x0
   81664:	b9400801 	ldr	w1, [x0, #8]
   81668:	f94017e0 	ldr	x0, [sp, #40]
   8166c:	b9002001 	str	w1, [x0, #32]
   81670:	f94017e0 	ldr	x0, [sp, #40]
   81674:	b9400000 	ldr	w0, [x0]
   81678:	12000c00 	and	w0, w0, #0xf
   8167c:	11000401 	add	w1, w0, #0x1
   81680:	f94017e0 	ldr	x0, [sp, #40]
   81684:	b9003001 	str	w1, [x0, #48]
   81688:	f94017e0 	ldr	x0, [sp, #40]
   8168c:	b9400000 	ldr	w0, [x0]
   81690:	530c7c00 	lsr	w0, w0, #12
   81694:	12000c01 	and	w1, w0, #0xf
   81698:	f94017e0 	ldr	x0, [sp, #40]
   8169c:	b9004001 	str	w1, [x0, #64]
   816a0:	f94017e0 	ldr	x0, [sp, #40]
   816a4:	b9400000 	ldr	w0, [x0]
   816a8:	53147c00 	lsr	w0, w0, #20
   816ac:	12000800 	and	w0, w0, #0x7
   816b0:	52802001 	mov	w1, #0x100                 	// #256
   816b4:	1ac02020 	lsl	w0, w1, w0
   816b8:	2a0003e1 	mov	w1, w0
   816bc:	f94017e0 	ldr	x0, [sp, #40]
   816c0:	b9006001 	str	w1, [x0, #96]
   816c4:	f94017e0 	ldr	x0, [sp, #40]
   816c8:	b9404000 	ldr	w0, [x0, #64]
   816cc:	7100101f 	cmp	w0, #0x4
   816d0:	5400008d 	b.le	816e0 <CMachineInfo::CMachineInfo()+0x598>
   816d4:	f94017e0 	ldr	x0, [sp, #40]
   816d8:	528000a1 	mov	w1, #0x5                   	// #5
   816dc:	b9004001 	str	w1, [x0, #64]
   816e0:	f94017e0 	ldr	x0, [sp, #40]
   816e4:	b9401000 	ldr	w0, [x0, #16]
   816e8:	71000c1f 	cmp	w0, #0x3
   816ec:	540008a1 	b.ne	81800 <CMachineInfo::CMachineInfo()+0x6b8>  // b.any
   816f0:	f94017e0 	ldr	x0, [sp, #40]
   816f4:	b9406000 	ldr	w0, [x0, #96]
   816f8:	7104001f 	cmp	w0, #0x100
   816fc:	54000821 	b.ne	81800 <CMachineInfo::CMachineInfo()+0x6b8>  // b.any
   81700:	f94017e0 	ldr	x0, [sp, #40]
   81704:	b9403000 	ldr	w0, [x0, #48]
   81708:	7100041f 	cmp	w0, #0x1
   8170c:	54000061 	b.ne	81718 <CMachineInfo::CMachineInfo()+0x5d0>  // b.any
   81710:	52800020 	mov	w0, #0x1                   	// #1
   81714:	14000002 	b	8171c <CMachineInfo::CMachineInfo()+0x5d4>
   81718:	52800040 	mov	w0, #0x2                   	// #2
   8171c:	f94017e1 	ldr	x1, [sp, #40]
   81720:	b9001020 	str	w0, [x1, #16]
   81724:	14000037 	b	81800 <CMachineInfo::CMachineInfo()+0x6b8>
   81728:	b9006bff 	str	wzr, [sp, #104]
   8172c:	1400000e 	b	81764 <CMachineInfo::CMachineInfo()+0x61c>
   81730:	b0000060 	adrp	x0, 8e000 <CExceptionHandler::Throw(unsigned int, TAbortFrame*)+0x240>
   81734:	910a2001 	add	x1, x0, #0x288
   81738:	b9406be0 	ldr	w0, [sp, #104]
   8173c:	d37cec00 	lsl	x0, x0, #4
   81740:	8b000020 	add	x0, x1, x0
   81744:	b9400001 	ldr	w1, [x0]
   81748:	f94017e0 	ldr	x0, [sp, #40]
   8174c:	b9400000 	ldr	w0, [x0]
   81750:	6b00003f 	cmp	w1, w0
   81754:	54000100 	b.eq	81774 <CMachineInfo::CMachineInfo()+0x62c>  // b.none
   81758:	b9406be0 	ldr	w0, [sp, #104]
   8175c:	11000400 	add	w0, w0, #0x1
   81760:	b9006be0 	str	w0, [sp, #104]
   81764:	b9406be0 	ldr	w0, [sp, #104]
   81768:	7100401f 	cmp	w0, #0x10
   8176c:	54fffe29 	b.ls	81730 <CMachineInfo::CMachineInfo()+0x5e8>  // b.plast
   81770:	14000002 	b	81778 <CMachineInfo::CMachineInfo()+0x630>
   81774:	d503201f 	nop
   81778:	b9406be0 	ldr	w0, [sp, #104]
   8177c:	7100401f 	cmp	w0, #0x10
   81780:	54000069 	b.ls	8178c <CMachineInfo::CMachineInfo()+0x644>  // b.plast
   81784:	52800013 	mov	w19, #0x0                   	// #0
   81788:	1400001f 	b	81804 <CMachineInfo::CMachineInfo()+0x6bc>
   8178c:	b0000060 	adrp	x0, 8e000 <CExceptionHandler::Throw(unsigned int, TAbortFrame*)+0x240>
   81790:	910a2001 	add	x1, x0, #0x288
   81794:	b9406be0 	ldr	w0, [sp, #104]
   81798:	d37cec00 	lsl	x0, x0, #4
   8179c:	8b000020 	add	x0, x1, x0
   817a0:	b9400401 	ldr	w1, [x0, #4]
   817a4:	f94017e0 	ldr	x0, [sp, #40]
   817a8:	b9001001 	str	w1, [x0, #16]
   817ac:	f94017e0 	ldr	x0, [sp, #40]
   817b0:	52800021 	mov	w1, #0x1                   	// #1
   817b4:	b9002001 	str	w1, [x0, #32]
   817b8:	b0000060 	adrp	x0, 8e000 <CExceptionHandler::Throw(unsigned int, TAbortFrame*)+0x240>
   817bc:	910a2001 	add	x1, x0, #0x288
   817c0:	b9406be0 	ldr	w0, [sp, #104]
   817c4:	d37cec00 	lsl	x0, x0, #4
   817c8:	8b000020 	add	x0, x1, x0
   817cc:	b9400801 	ldr	w1, [x0, #8]
   817d0:	f94017e0 	ldr	x0, [sp, #40]
   817d4:	b9003001 	str	w1, [x0, #48]
   817d8:	f94017e0 	ldr	x0, [sp, #40]
   817dc:	b900401f 	str	wzr, [x0, #64]
   817e0:	b0000060 	adrp	x0, 8e000 <CExceptionHandler::Throw(unsigned int, TAbortFrame*)+0x240>
   817e4:	910a2001 	add	x1, x0, #0x288
   817e8:	b9406be0 	ldr	w0, [sp, #104]
   817ec:	d37cec00 	lsl	x0, x0, #4
   817f0:	8b000020 	add	x0, x1, x0
   817f4:	b9400c01 	ldr	w1, [x0, #12]
   817f8:	f94017e0 	ldr	x0, [sp, #40]
   817fc:	b9006001 	str	w1, [x0, #96]
   81800:	52800033 	mov	w19, #0x1                   	// #1
   81804:	910123e0 	add	x0, sp, #0x48
   81808:	94001b51 	bl	8854c <CBcmPropertyTags::~CBcmPropertyTags()>
   8180c:	7100067f 	cmp	w19, #0x1
   81810:	f9400bf3 	ldr	x19, [sp, #16]
   81814:	a8c87bfd 	ldp	x29, x30, [sp], #128
   81818:	d65f03c0 	ret
   8181c:	d503201f 	nop

0000000000081820 <CMachineInfo::CheckDTB(bool)>:
   81820:	a9b87bfd 	stp	x29, x30, [sp, #-128]!
   81824:	910003fd 	mov	x29, sp
   81828:	a9025bf5 	stp	x21, x22, [sp, #32]
   8182c:	aa0003f5 	mov	x21, x0
   81830:	a9046bf9 	stp	x25, x26, [sp, #64]
   81834:	f9404800 	ldr	x0, [x0, #144]
   81838:	b4000b80 	cbz	x0, 819a8 <CMachineInfo::CheckDTB(bool)+0x188>
   8183c:	a90363f7 	stp	x23, x24, [sp, #48]
   81840:	b0000077 	adrp	x23, 8e000 <CExceptionHandler::Throw(unsigned int, TAbortFrame*)+0x240>
   81844:	12001c3a 	and	w26, w1, #0xff
   81848:	910e82f7 	add	x23, x23, #0x3a0
   8184c:	d2800002 	mov	x2, #0x0                   	// #0
   81850:	910f42e1 	add	x1, x23, #0x3d0
   81854:	52800039 	mov	w25, #0x1                   	// #1
   81858:	a90153f3 	stp	x19, x20, [sp, #16]
   8185c:	b0000074 	adrp	x20, 8e000 <CExceptionHandler::Throw(unsigned int, TAbortFrame*)+0x240>
   81860:	910982f3 	add	x19, x23, #0x260
   81864:	91056294 	add	x20, x20, #0x158
   81868:	910d22f8 	add	x24, x23, #0x348
   8186c:	f9003be1 	str	x1, [sp, #112]
   81870:	910ec2e1 	add	x1, x23, #0x3b0
   81874:	a90573fb 	stp	x27, x28, [sp, #80]
   81878:	f9003fe1 	str	x1, [sp, #120]
   8187c:	aa1403e1 	mov	x1, x20
   81880:	94001219 	bl	860e4 <CDeviceTreeBlob::FindNode(char const*, TDeviceTreeNode const*) const>
   81884:	b4000460 	cbz	x0, 81910 <CMachineInfo::CheckDTB(bool)+0xf0>
   81888:	f9400276 	ldr	x22, [x19]
   8188c:	aa0003e1 	mov	x1, x0
   81890:	f9404aa0 	ldr	x0, [x21, #144]
   81894:	aa1603e2 	mov	x2, x22
   81898:	94001215 	bl	860ec <CDeviceTreeBlob::FindProperty(TDeviceTreeNode const*, char const*) const>
   8189c:	aa0003fb 	mov	x27, x0
   818a0:	b4000460 	cbz	x0, 8192c <CMachineInfo::CheckDTB(bool)+0x10c>
   818a4:	aa0003e1 	mov	x1, x0
   818a8:	f9404aa0 	ldr	x0, [x21, #144]
   818ac:	9400128d 	bl	862e0 <CDeviceTreeBlob::GetPropertyValueLength(TDeviceTreeProperty const*) const>
   818b0:	aa0003fc 	mov	x28, x0
   818b4:	370004da 	tbnz	w26, #0, 8194c <CMachineInfo::CheckDTB(bool)+0x12c>
   818b8:	f9400667 	ldr	x7, [x19, #8]
   818bc:	eb1c00ff 	cmp	x7, x28
   818c0:	54000180 	b.eq	818f0 <CMachineInfo::CheckDTB(bool)+0xd0>  // b.none
   818c4:	f90037e7 	str	x7, [sp, #104]
   818c8:	94001cb6 	bl	88ba0 <CLogger::Get()>
   818cc:	f94037e7 	ldr	x7, [sp, #104]
   818d0:	aa1c03e6 	mov	x6, x28
   818d4:	aa1603e5 	mov	x5, x22
   818d8:	aa1403e4 	mov	x4, x20
   818dc:	910dc2e3 	add	x3, x23, #0x370
   818e0:	52800042 	mov	w2, #0x2                   	// #2
   818e4:	aa1803e1 	mov	x1, x24
   818e8:	94001e8e 	bl	89320 <CLogger::Write(char const*, TLogSeverity, char const*, ...)>
   818ec:	52800019 	mov	w25, #0x0                   	// #0
   818f0:	f9400a74 	ldr	x20, [x19, #16]
   818f4:	91006273 	add	x19, x19, #0x18
   818f8:	b4000494 	cbz	x20, 81988 <CMachineInfo::CheckDTB(bool)+0x168>
   818fc:	f9404aa0 	ldr	x0, [x21, #144]
   81900:	d2800002 	mov	x2, #0x0                   	// #0
   81904:	aa1403e1 	mov	x1, x20
   81908:	940011f7 	bl	860e4 <CDeviceTreeBlob::FindNode(char const*, TDeviceTreeNode const*) const>
   8190c:	b5fffbe0 	cbnz	x0, 81888 <CMachineInfo::CheckDTB(bool)+0x68>
   81910:	94001ca4 	bl	88ba0 <CLogger::Get()>
   81914:	f9403be3 	ldr	x3, [sp, #112]
   81918:	aa1403e4 	mov	x4, x20
   8191c:	52800042 	mov	w2, #0x2                   	// #2
   81920:	aa1803e1 	mov	x1, x24
   81924:	94001e7f 	bl	89320 <CLogger::Write(char const*, TLogSeverity, char const*, ...)>
   81928:	17fffff1 	b	818ec <CMachineInfo::CheckDTB(bool)+0xcc>
   8192c:	94001c9d 	bl	88ba0 <CLogger::Get()>
   81930:	f9403fe3 	ldr	x3, [sp, #120]
   81934:	aa1603e5 	mov	x5, x22
   81938:	aa1403e4 	mov	x4, x20
   8193c:	52800042 	mov	w2, #0x2                   	// #2
   81940:	aa1803e1 	mov	x1, x24
   81944:	94001e77 	bl	89320 <CLogger::Write(char const*, TLogSeverity, char const*, ...)>
   81948:	17ffffe9 	b	818ec <CMachineInfo::CheckDTB(bool)+0xcc>
   8194c:	94001c95 	bl	88ba0 <CLogger::Get()>
   81950:	910d62e3 	add	x3, x23, #0x358
   81954:	aa1603e5 	mov	x5, x22
   81958:	aa1403e4 	mov	x4, x20
   8195c:	52800082 	mov	w2, #0x4                   	// #4
   81960:	aa1803e1 	mov	x1, x24
   81964:	94001e6f 	bl	89320 <CLogger::Write(char const*, TLogSeverity, char const*, ...)>
   81968:	f9404aa0 	ldr	x0, [x21, #144]
   8196c:	aa1b03e1 	mov	x1, x27
   81970:	94001270 	bl	86330 <CDeviceTreeBlob::GetPropertyValue(TDeviceTreeProperty const*) const>
   81974:	52800003 	mov	w3, #0x0                   	// #0
   81978:	aa1803e2 	mov	x2, x24
   8197c:	2a1c03e1 	mov	w1, w28
   81980:	94001bb1 	bl	88844 <DebugHexDump(void const*, unsigned int, char const*, unsigned int)>
   81984:	17ffffcd 	b	818b8 <CMachineInfo::CheckDTB(bool)+0x98>
   81988:	a94153f3 	ldp	x19, x20, [sp, #16]
   8198c:	a94363f7 	ldp	x23, x24, [sp, #48]
   81990:	a94573fb 	ldp	x27, x28, [sp, #80]
   81994:	2a1903e0 	mov	w0, w25
   81998:	a9425bf5 	ldp	x21, x22, [sp, #32]
   8199c:	a9446bf9 	ldp	x25, x26, [sp, #64]
   819a0:	a8c87bfd 	ldp	x29, x30, [sp], #128
   819a4:	d65f03c0 	ret
   819a8:	94001c7e 	bl	88ba0 <CLogger::Get()>
   819ac:	b0000061 	adrp	x1, 8e000 <CExceptionHandler::Throw(unsigned int, TAbortFrame*)+0x240>
   819b0:	52800042 	mov	w2, #0x2                   	// #2
   819b4:	910e8021 	add	x1, x1, #0x3a0
   819b8:	52800019 	mov	w25, #0x0                   	// #0
   819bc:	910cc023 	add	x3, x1, #0x330
   819c0:	910d2021 	add	x1, x1, #0x348
   819c4:	94001e57 	bl	89320 <CLogger::Write(char const*, TLogSeverity, char const*, ...)>
   819c8:	17fffff3 	b	81994 <CMachineInfo::CheckDTB(bool)+0x174>

00000000000819cc <CMachineInfo::GetDTB() const>:
   819cc:	f9404800 	ldr	x0, [x0, #144]
   819d0:	d65f03c0 	ret
   819d4:	d503201f 	nop
   819d8:	d503201f 	nop
   819dc:	d503201f 	nop

00000000000819e0 <CMachineInfo::GetPCIeMemory(unsigned int) const>:
   819e0:	f0000060 	adrp	x0, 90000 <FromPCIeHost+0x148>
   819e4:	f9415c00 	ldr	x0, [x0, #696]
   819e8:	b5000120 	cbnz	x0, 81a0c <CMachineInfo::GetPCIeMemory(unsigned int) const+0x2c>
   819ec:	b0000060 	adrp	x0, 8e000 <CExceptionHandler::Throw(unsigned int, TAbortFrame*)+0x240>
   819f0:	a9bf7bfd 	stp	x29, x30, [sp, #-16]!
   819f4:	52806f02 	mov	w2, #0x378                 	// #888
   819f8:	910e8000 	add	x0, x0, #0x3a0
   819fc:	910003fd 	mov	x29, sp
   81a00:	9105a001 	add	x1, x0, #0x168
   81a04:	91068000 	add	x0, x0, #0x1a0
   81a08:	94001aa6 	bl	884a0 <assertion_failed>
   81a0c:	34000101 	cbz	w1, 81a2c <CMachineInfo::GetPCIeMemory(unsigned int) const+0x4c>
   81a10:	d2b00000 	mov	x0, #0x80000000            	// #2147483648
   81a14:	d2b00002 	mov	x2, #0x80000000            	// #2147483648
   81a18:	f2c00362 	movk	x2, #0x1b, lsl #32
   81a1c:	aa0003e1 	mov	x1, x0
   81a20:	f9000900 	str	x0, [x8, #16]
   81a24:	a9000901 	stp	x1, x2, [x8]
   81a28:	d65f03c0 	ret
   81a2c:	b27e77e0 	mov	x0, #0xfffffffc            	// #4294967292
   81a30:	d2c003e2 	mov	x2, #0x1f00000000          	// #133143986176
   81a34:	d2800001 	mov	x1, #0x0                   	// #0
   81a38:	f9000900 	str	x0, [x8, #16]
   81a3c:	a9000901 	stp	x1, x2, [x8]
   81a40:	d65f03c0 	ret

0000000000081a44 <CMachineInfo::GetPCIeDMAMemory(unsigned int) const>:
   81a44:	a9bb7bfd 	stp	x29, x30, [sp, #-80]!
   81a48:	f0000060 	adrp	x0, 90000 <FromPCIeHost+0x148>
   81a4c:	910003fd 	mov	x29, sp
   81a50:	a90153f3 	stp	x19, x20, [sp, #16]
   81a54:	f9415c13 	ldr	x19, [x0, #696]
   81a58:	b5000113 	cbnz	x19, 81a78 <CMachineInfo::GetPCIeDMAMemory(unsigned int) const+0x34>
   81a5c:	b0000060 	adrp	x0, 8e000 <CExceptionHandler::Throw(unsigned int, TAbortFrame*)+0x240>
   81a60:	528072c2 	mov	w2, #0x396                 	// #918
   81a64:	a9025bf5 	stp	x21, x22, [sp, #32]
   81a68:	910e8000 	add	x0, x0, #0x3a0
   81a6c:	9105a001 	add	x1, x0, #0x168
   81a70:	91068000 	add	x0, x0, #0x1a0
   81a74:	94001a8b 	bl	884a0 <assertion_failed>
   81a78:	f9404a60 	ldr	x0, [x19, #144]
   81a7c:	aa0803f4 	mov	x20, x8
   81a80:	b4000400 	cbz	x0, 81b00 <CMachineInfo::GetPCIeDMAMemory(unsigned int) const+0xbc>
   81a84:	a9025bf5 	stp	x21, x22, [sp, #32]
   81a88:	340004e1 	cbz	w1, 81b24 <CMachineInfo::GetPCIeDMAMemory(unsigned int) const+0xe0>
   81a8c:	7100043f 	cmp	w1, #0x1
   81a90:	54000a21 	b.ne	81bd4 <CMachineInfo::GetPCIeDMAMemory(unsigned int) const+0x190>  // b.any
   81a94:	b0000063 	adrp	x3, 8e000 <CExceptionHandler::Throw(unsigned int, TAbortFrame*)+0x240>
   81a98:	52800016 	mov	w22, #0x0                   	// #0
   81a9c:	910e8063 	add	x3, x3, #0x3a0
   81aa0:	528001d5 	mov	w21, #0xe                   	// #14
   81aa4:	91100061 	add	x1, x3, #0x400
   81aa8:	d2800002 	mov	x2, #0x0                   	// #0
   81aac:	f9001fe3 	str	x3, [sp, #56]
   81ab0:	9400118d 	bl	860e4 <CDeviceTreeBlob::FindNode(char const*, TDeviceTreeNode const*) const>
   81ab4:	b4000240 	cbz	x0, 81afc <CMachineInfo::GetPCIeDMAMemory(unsigned int) const+0xb8>
   81ab8:	f9401fe3 	ldr	x3, [sp, #56]
   81abc:	aa0003e1 	mov	x1, x0
   81ac0:	f9404a60 	ldr	x0, [x19, #144]
   81ac4:	9110e062 	add	x2, x3, #0x438
   81ac8:	94001189 	bl	860ec <CDeviceTreeBlob::FindProperty(TDeviceTreeNode const*, char const*) const>
   81acc:	aa0003e1 	mov	x1, x0
   81ad0:	b4000160 	cbz	x0, 81afc <CMachineInfo::GetPCIeDMAMemory(unsigned int) const+0xb8>
   81ad4:	f9404a60 	ldr	x0, [x19, #144]
   81ad8:	f9001fe1 	str	x1, [sp, #56]
   81adc:	94001201 	bl	862e0 <CDeviceTreeBlob::GetPropertyValueLength(TDeviceTreeProperty const*) const>
   81ae0:	71003abf 	cmp	w21, #0xe
   81ae4:	d2800702 	mov	x2, #0x38                  	// #56
   81ae8:	f9401fe1 	ldr	x1, [sp, #56]
   81aec:	d2800a83 	mov	x3, #0x54                  	// #84
   81af0:	9a830042 	csel	x2, x2, x3, eq	// eq = none
   81af4:	eb02001f 	cmp	x0, x2
   81af8:	54000220 	b.eq	81b3c <CMachineInfo::GetPCIeDMAMemory(unsigned int) const+0xf8>  // b.none
   81afc:	a9425bf5 	ldp	x21, x22, [sp, #32]
   81b00:	d2c00203 	mov	x3, #0x1000000000          	// #68719476736
   81b04:	d2800004 	mov	x4, #0x0                   	// #0
   81b08:	b9406260 	ldr	w0, [x19, #96]
   81b0c:	d36cac00 	lsl	x0, x0, #20
   81b10:	a9001283 	stp	x3, x4, [x20]
   81b14:	f9000a80 	str	x0, [x20, #16]
   81b18:	a94153f3 	ldp	x19, x20, [sp, #16]
   81b1c:	a8c57bfd 	ldp	x29, x30, [sp], #80
   81b20:	d65f03c0 	ret
   81b24:	b0000063 	adrp	x3, 8e000 <CExceptionHandler::Throw(unsigned int, TAbortFrame*)+0x240>
   81b28:	528000f6 	mov	w22, #0x7                   	// #7
   81b2c:	910e8063 	add	x3, x3, #0x3a0
   81b30:	528002b5 	mov	w21, #0x15                  	// #21
   81b34:	910fa061 	add	x1, x3, #0x3e8
   81b38:	17ffffdc 	b	81aa8 <CMachineInfo::GetPCIeDMAMemory(unsigned int) const+0x64>
   81b3c:	f9404a60 	ldr	x0, [x19, #144]
   81b40:	110006c2 	add	w2, w22, #0x1
   81b44:	2a1603f5 	mov	w21, w22
   81b48:	94001208 	bl	86368 <CDeviceTreeBlob::GetPropertyValueWord(TDeviceTreeProperty const*, unsigned int) const>
   81b4c:	f9401fe1 	ldr	x1, [sp, #56]
   81b50:	2a0003f6 	mov	w22, w0
   81b54:	11000aa2 	add	w2, w21, #0x2
   81b58:	f9404a60 	ldr	x0, [x19, #144]
   81b5c:	94001203 	bl	86368 <CDeviceTreeBlob::GetPropertyValueWord(TDeviceTreeProperty const*, unsigned int) const>
   81b60:	2a0003e0 	mov	w0, w0
   81b64:	f9401fe1 	ldr	x1, [sp, #56]
   81b68:	11000ea2 	add	w2, w21, #0x3
   81b6c:	aa168003 	orr	x3, x0, x22, lsl #32
   81b70:	f9404a60 	ldr	x0, [x19, #144]
   81b74:	f90027e3 	str	x3, [sp, #72]
   81b78:	940011fc 	bl	86368 <CDeviceTreeBlob::GetPropertyValueWord(TDeviceTreeProperty const*, unsigned int) const>
   81b7c:	f9401fe1 	ldr	x1, [sp, #56]
   81b80:	2a0003f6 	mov	w22, w0
   81b84:	110012a2 	add	w2, w21, #0x4
   81b88:	f9404a60 	ldr	x0, [x19, #144]
   81b8c:	940011f7 	bl	86368 <CDeviceTreeBlob::GetPropertyValueWord(TDeviceTreeProperty const*, unsigned int) const>
   81b90:	2a0003e0 	mov	w0, w0
   81b94:	f9401fe1 	ldr	x1, [sp, #56]
   81b98:	110016a2 	add	w2, w21, #0x5
   81b9c:	aa168004 	orr	x4, x0, x22, lsl #32
   81ba0:	f9404a60 	ldr	x0, [x19, #144]
   81ba4:	f90023e4 	str	x4, [sp, #64]
   81ba8:	940011f0 	bl	86368 <CDeviceTreeBlob::GetPropertyValueWord(TDeviceTreeProperty const*, unsigned int) const>
   81bac:	f9401fe1 	ldr	x1, [sp, #56]
   81bb0:	2a0003f6 	mov	w22, w0
   81bb4:	11001aa2 	add	w2, w21, #0x6
   81bb8:	f9404a60 	ldr	x0, [x19, #144]
   81bbc:	940011eb 	bl	86368 <CDeviceTreeBlob::GetPropertyValueWord(TDeviceTreeProperty const*, unsigned int) const>
   81bc0:	2a0003e0 	mov	w0, w0
   81bc4:	a9440fe4 	ldp	x4, x3, [sp, #64]
   81bc8:	aa168000 	orr	x0, x0, x22, lsl #32
   81bcc:	a9425bf5 	ldp	x21, x22, [sp, #32]
   81bd0:	17ffffd0 	b	81b10 <CMachineInfo::GetPCIeDMAMemory(unsigned int) const+0xcc>
   81bd4:	b0000060 	adrp	x0, 8e000 <CExceptionHandler::Throw(unsigned int, TAbortFrame*)+0x240>
   81bd8:	52807642 	mov	w2, #0x3b2                 	// #946
   81bdc:	910e8000 	add	x0, x0, #0x3a0
   81be0:	9105a001 	add	x1, x0, #0x168
   81be4:	91106000 	add	x0, x0, #0x418
   81be8:	94001a2e 	bl	884a0 <assertion_failed>

0000000000081bec <CMachineInfo::Get()>:
   81bec:	f0000060 	adrp	x0, 90000 <FromPCIeHost+0x148>
   81bf0:	f9415c00 	ldr	x0, [x0, #696]
   81bf4:	b4000040 	cbz	x0, 81bfc <CMachineInfo::Get()+0x10>
   81bf8:	d65f03c0 	ret
   81bfc:	b0000060 	adrp	x0, 8e000 <CExceptionHandler::Throw(unsigned int, TAbortFrame*)+0x240>
   81c00:	a9bf7bfd 	stp	x29, x30, [sp, #-16]!
   81c04:	52807c62 	mov	w2, #0x3e3                 	// #995
   81c08:	910e8000 	add	x0, x0, #0x3a0
   81c0c:	910003fd 	mov	x29, sp
   81c10:	9105a001 	add	x1, x0, #0x168
   81c14:	91068000 	add	x0, x0, #0x1a0
   81c18:	94001a22 	bl	884a0 <assertion_failed>
   81c1c:	00000000 	udf	#0

0000000000081c20 <__aeabi_atexit>:
   81c20:	d65f03c0 	ret

0000000000081c24 <__cxa_atexit>:
   81c24:	d65f03c0 	ret

0000000000081c28 <__errno>:
   81c28:	f0000060 	adrp	x0, 90000 <FromPCIeHost+0x148>
   81c2c:	910b0000 	add	x0, x0, #0x2c0
   81c30:	d65f03c0 	ret
   81c34:	d503201f 	nop
   81c38:	d503201f 	nop
   81c3c:	d503201f 	nop

0000000000081c40 <set_qemu_exit_status>:
   81c40:	d65f03c0 	ret

0000000000081c44 <__GetCurrentStackNoWeak>:
   81c44:	d10043ff 	sub	sp, sp, #0x10
   81c48:	d5384000 	mrs	x0, spsr_el1
   81c4c:	92400c00 	and	x0, x0, #0xf
   81c50:	d2a00041 	mov	x1, #0x20000               	// #131072
   81c54:	f100141f 	cmp	x0, #0x5
   81c58:	d2900000 	mov	x0, #0x8000                	// #32768
   81c5c:	9a801021 	csel	x1, x1, x0, ne	// ne = any
   81c60:	910043ff 	add	sp, sp, #0x10
   81c64:	914c0022 	add	x2, x1, #0x300, lsl #12
   81c68:	d2a00540 	mov	x0, #0x2a0000              	// #2752512
   81c6c:	9a800040 	csel	x0, x2, x0, eq	// eq = none
   81c70:	d65f03c0 	ret
   81c74:	d503201f 	nop
   81c78:	d503201f 	nop
   81c7c:	d503201f 	nop

0000000000081c80 <GetCurrentStack>:
   81c80:	d10043ff 	sub	sp, sp, #0x10
   81c84:	d5384000 	mrs	x0, spsr_el1
   81c88:	92400c00 	and	x0, x0, #0xf
   81c8c:	d2a00041 	mov	x1, #0x20000               	// #131072
   81c90:	f100141f 	cmp	x0, #0x5
   81c94:	d2900000 	mov	x0, #0x8000                	// #32768
   81c98:	9a801021 	csel	x1, x1, x0, ne	// ne = any
   81c9c:	910043ff 	add	sp, sp, #0x10
   81ca0:	914c0022 	add	x2, x1, #0x300, lsl #12
   81ca4:	d2a00540 	mov	x0, #0x2a0000              	// #2752512
   81ca8:	9a800040 	csel	x0, x2, x0, eq	// eq = none
   81cac:	d65f03c0 	ret

0000000000081cb0 <halt>:
   81cb0:	d50342df 	msr	daifset, #0x2
   81cb4:	d50341df 	msr	daifset, #0x1
   81cb8:	d503201f 	nop
   81cbc:	d503201f 	nop
   81cc0:	d5033f9f 	dsb	sy
   81cc4:	d503207f 	wfi
   81cc8:	17fffffe 	b	81cc0 <halt+0x10>

0000000000081ccc <error_halt>:
   81ccc:	a9bd7bfd 	stp	x29, x30, [sp, #-48]!
   81cd0:	910003fd 	mov	x29, sp
   81cd4:	52800001 	mov	w1, #0x0                   	// #0
   81cd8:	f9000bf3 	str	x19, [sp, #16]
   81cdc:	2a0003f3 	mov	w19, w0
   81ce0:	9100a3e0 	add	x0, sp, #0x28
   81ce4:	97fffb07 	bl	80900 <CActLED::CActLED(bool)>
   81ce8:	9100a3e0 	add	x0, sp, #0x28
   81cec:	52802583 	mov	w3, #0x12c                 	// #300
   81cf0:	52800c82 	mov	w2, #0x64                  	// #100
   81cf4:	2a1303e1 	mov	w1, w19
   81cf8:	97fffb2b 	bl	809a4 <CActLED::Blink(unsigned int, unsigned int, unsigned int)>
   81cfc:	52807d00 	mov	w0, #0x3e8                 	// #1000
   81d00:	94000430 	bl	82dc0 <CTimer::SimpleMsDelay(unsigned int)>
   81d04:	17fffff9 	b	81ce8 <error_halt+0x1c>

0000000000081d08 <reboot>:
   81d08:	d2800480 	mov	x0, #0x24                  	// #36
   81d0c:	52800021 	mov	w1, #0x1                   	// #1
   81d10:	f2afa400 	movk	x0, #0x7d20, lsl #16
   81d14:	72ab4001 	movk	w1, #0x5a00, lsl #16
   81d18:	f2c00200 	movk	x0, #0x10, lsl #32
   81d1c:	b9000001 	str	w1, [x0]
   81d20:	d1002000 	sub	x0, x0, #0x8
   81d24:	11007c21 	add	w1, w1, #0x1f
   81d28:	b9000001 	str	w1, [x0]
   81d2c:	14000000 	b	81d2c <reboot+0x24>

0000000000081d30 <poweroff>:
   81d30:	d2800100 	mov	x0, #0x8                   	// #8
   81d34:	f2b08000 	movk	x0, #0x8400, lsl #16
   81d38:	aa0003e0 	mov	x0, x0
   81d3c:	d4000003 	smc	#0x0
   81d40:	14000000 	b	81d40 <poweroff+0x10>

0000000000081d44 <is_power_button_pressed>:
   81d44:	a9bc7bfd 	stp	x29, x30, [sp, #-64]!
   81d48:	910003fd 	mov	x29, sp
   81d4c:	a9025bf5 	stp	x21, x22, [sp, #32]
   81d50:	d290a095 	mov	x21, #0x8504                	// #34052
   81d54:	f2afaa15 	movk	x21, #0x7d50, lsl #16
   81d58:	f2c00215 	movk	x21, #0x10, lsl #32
   81d5c:	a90153f3 	stp	x19, x20, [sp, #16]
   81d60:	b94002a0 	ldr	w0, [x21]
   81d64:	52800013 	mov	w19, #0x0                   	// #0
   81d68:	36a000c0 	tbz	w0, #20, 81d80 <is_power_button_pressed+0x3c>
   81d6c:	2a1303e0 	mov	w0, w19
   81d70:	a94153f3 	ldp	x19, x20, [sp, #16]
   81d74:	a9425bf5 	ldp	x21, x22, [sp, #32]
   81d78:	a8c47bfd 	ldp	x29, x30, [sp], #64
   81d7c:	d65f03c0 	ret
   81d80:	94000108 	bl	821a0 <CTimer::GetClockTicks()>
   81d84:	2a0003f4 	mov	w20, w0
   81d88:	52800033 	mov	w19, #0x1                   	// #1
   81d8c:	529869f6 	mov	w22, #0xc34f                	// #49999
   81d90:	94000104 	bl	821a0 <CTimer::GetClockTicks()>
   81d94:	4b140000 	sub	w0, w0, w20
   81d98:	6b16001f 	cmp	w0, w22
   81d9c:	54fffe88 	b.hi	81d6c <is_power_button_pressed+0x28>  // b.pmore
   81da0:	b94002a1 	ldr	w1, [x21]
   81da4:	d3545021 	ubfx	x1, x1, #20, #1
   81da8:	52000021 	eor	w1, w1, #0x1
   81dac:	12001c21 	and	w1, w1, #0xff
   81db0:	6b13003f 	cmp	w1, w19
   81db4:	54fffee0 	b.eq	81d90 <is_power_button_pressed+0x4c>  // b.none
   81db8:	b9003fe1 	str	w1, [sp, #60]
   81dbc:	940000f9 	bl	821a0 <CTimer::GetClockTicks()>
   81dc0:	b9403ff3 	ldr	w19, [sp, #60]
   81dc4:	2a0003f4 	mov	w20, w0
   81dc8:	17fffff2 	b	81d90 <is_power_button_pressed+0x4c>

0000000000081dcc <sysinit>:
   81dcc:	d2850a0c 	mov	x12, #0x2850                	// #10320
   81dd0:	cb2c63ff 	sub	sp, sp, x12
   81dd4:	a9007bfd 	stp	x29, x30, [sp]
   81dd8:	910003fd 	mov	x29, sp
   81ddc:	a90153f3 	stp	x19, x20, [sp, #16]
   81de0:	f90013f5 	str	x21, [sp, #32]
   81de4:	d50341ff 	msr	daifclr, #0x1
   81de8:	d50342ff 	msr	daifclr, #0x2
   81dec:	f0000060 	adrp	x0, 90000 <FromPCIeHost+0x148>
   81df0:	f0000062 	adrp	x2, 90000 <FromPCIeHost+0x148>
   81df4:	910ac000 	add	x0, x0, #0x2b0
   81df8:	91120042 	add	x2, x2, #0x480
   81dfc:	cb000042 	sub	x2, x2, x0
   81e00:	52800001 	mov	w1, #0x0                   	// #0
   81e04:	94000655 	bl	83758 <memset>
   81e08:	f0000060 	adrp	x0, 90000 <FromPCIeHost+0x148>
   81e0c:	f0000062 	adrp	x2, 90000 <FromPCIeHost+0x148>
   81e10:	91120000 	add	x0, x0, #0x480
   81e14:	91120042 	add	x2, x2, #0x480
   81e18:	cb000042 	sub	x2, x2, x0
   81e1c:	52800001 	mov	w1, #0x0                   	// #0
   81e20:	9400064e 	bl	83758 <memset>
   81e24:	f0000060 	adrp	x0, 90000 <FromPCIeHost+0x148>
   81e28:	91120000 	add	x0, x0, #0x480
   81e2c:	f14a001f 	cmp	x0, #0x280, lsl #12
   81e30:	54000708 	b.hi	81f10 <sysinit+0x144>  // b.pmore
   81e34:	52800021 	mov	w1, #0x1                   	// #1
   81e38:	9103e3e0 	add	x0, sp, #0xf8
   81e3c:	9400094b 	bl	84368 <CMemorySystem::CMemorySystem(bool)>
   81e40:	910143e0 	add	x0, sp, #0x50
   81e44:	97fffcc1 	bl	81148 <CMachineInfo::CMachineInfo()>
   81e48:	9103e3e0 	add	x0, sp, #0xf8
   81e4c:	940008ed 	bl	84200 <CMemorySystem::SetupHighMem()>
   81e50:	9100c3e0 	add	x0, sp, #0x30
   81e54:	94001eed 	bl	89a08 <CString::CString()>
   81e58:	b0000061 	adrp	x1, 8e000 <CExceptionHandler::Throw(unsigned int, TAbortFrame*)+0x240>
   81e5c:	52800662 	mov	w2, #0x33                  	// #51
   81e60:	912b8021 	add	x1, x1, #0xae0
   81e64:	9100c3e0 	add	x0, sp, #0x30
   81e68:	94002568 	bl	8b408 <CString::Format(char const*, ...)>
   81e6c:	9100c3e0 	add	x0, sp, #0x30
   81e70:	94001f20 	bl	89af0 <CString::operator char const*() const>
   81e74:	aa0003e1 	mov	x1, x0
   81e78:	f0000060 	adrp	x0, 90000 <FromPCIeHost+0x148>
   81e7c:	910b0000 	add	x0, x0, #0x2c0
   81e80:	91002000 	add	x0, x0, #0x8
   81e84:	94000509 	bl	832a8 <strcpy>
   81e88:	912143e0 	add	x0, sp, #0x850
   81e8c:	94000c9d 	bl	85100 <CInterruptSystem::CInterruptSystem()>
   81e90:	912143e0 	add	x0, sp, #0x850
   81e94:	94000cc3 	bl	851a0 <CInterruptSystem::Initialize()>
   81e98:	37000060 	tbnz	w0, #0, 81ea4 <sysinit+0xd8>
   81e9c:	52800040 	mov	w0, #0x2                   	// #2
   81ea0:	97ffff8b 	bl	81ccc <error_halt>
   81ea4:	9110a3e0 	add	x0, sp, #0x428
   81ea8:	912143e1 	add	x1, sp, #0x850
   81eac:	94001165 	bl	86440 <CSouthbridge::CSouthbridge(CInterruptSystem*)>
   81eb0:	9110a3e0 	add	x0, sp, #0x428
   81eb4:	940011b3 	bl	86580 <CSouthbridge::Initialize()>
   81eb8:	360002e0 	tbz	w0, #0, 81f14 <sysinit+0x148>
   81ebc:	f0000075 	adrp	x21, 90000 <FromPCIeHost+0x148>
   81ec0:	f0000060 	adrp	x0, 90000 <FromPCIeHost+0x148>
   81ec4:	9106e2b5 	add	x21, x21, #0x1b8
   81ec8:	91072000 	add	x0, x0, #0x1c8
   81ecc:	eb0002bf 	cmp	x21, x0
   81ed0:	54000162 	b.cs	81efc <sysinit+0x130>  // b.hs, b.nlast
   81ed4:	d1000414 	sub	x20, x0, #0x1
   81ed8:	d2800013 	mov	x19, #0x0                   	// #0
   81edc:	cb150294 	sub	x20, x20, x21
   81ee0:	d343fe94 	lsr	x20, x20, #3
   81ee4:	91000694 	add	x20, x20, #0x1
   81ee8:	f8737aa0 	ldr	x0, [x21, x19, lsl #3]
   81eec:	91000673 	add	x19, x19, #0x1
   81ef0:	d63f0000 	blr	x0
   81ef4:	eb14027f 	cmp	x19, x20
   81ef8:	54ffff81 	b.ne	81ee8 <sysinit+0x11c>  // b.any
   81efc:	97fffa41 	bl	80800 <main>
   81f00:	7100041f 	cmp	w0, #0x1
   81f04:	540000e0 	b.eq	81f20 <sysinit+0x154>  // b.none
   81f08:	7100081f 	cmp	w0, #0x2
   81f0c:	54000080 	b.eq	81f1c <sysinit+0x150>  // b.none
   81f10:	97ffff68 	bl	81cb0 <halt>
   81f14:	52800060 	mov	w0, #0x3                   	// #3
   81f18:	97ffff6d 	bl	81ccc <error_halt>
   81f1c:	97ffff85 	bl	81d30 <poweroff>
   81f20:	94000663 	bl	838ac <IsChainBootEnabled>
   81f24:	37000040 	tbnz	w0, #0, 81f2c <sysinit+0x160>
   81f28:	97ffff78 	bl	81d08 <reboot>
   81f2c:	912143e0 	add	x0, sp, #0x850
   81f30:	94000c90 	bl	85170 <CInterruptSystem::Destructor()>
   81f34:	9103e3e0 	add	x0, sp, #0xf8
   81f38:	9400088a 	bl	84160 <CMemorySystem::Destructor()>
   81f3c:	d50341df 	msr	daifset, #0x1
   81f40:	94000660 	bl	838c0 <DoChainBoot>
   81f44:	97ffff71 	bl	81d08 <reboot>
	...

0000000000081f60 <CTimer::CTimer(CInterruptSystem*)>:
   81f60:	a9be7bfd 	stp	x29, x30, [sp, #-32]!
   81f64:	910003fd 	mov	x29, sp
   81f68:	f9000bf3 	str	x19, [sp, #16]
   81f6c:	aa0003f3 	mov	x19, x0
   81f70:	b9000c1f 	str	wzr, [x0, #12]
   81f74:	b900101f 	str	wzr, [x0, #16]
   81f78:	f9000001 	str	x1, [x0]
   81f7c:	b900141f 	str	wzr, [x0, #20]
   81f80:	d2800020 	mov	x0, #0x1                   	// #1
   81f84:	f9000e60 	str	x0, [x19, #24]
   81f88:	91008260 	add	x0, x19, #0x20
   81f8c:	94001d45 	bl	894a0 <CPtrList::CPtrList()>
   81f90:	d2800020 	mov	x0, #0x1                   	// #1
   81f94:	f9001e7f 	str	xzr, [x19, #56]
   81f98:	f2c1a800 	movk	x0, #0xd40, lsl #32
   81f9c:	b900627f 	str	wzr, [x19, #96]
   81fa0:	f2e00060 	movk	x0, #0x3, lsl #48
   81fa4:	f9001660 	str	x0, [x19, #40]
   81fa8:	52801900 	mov	w0, #0xc8                  	// #200
   81fac:	b9003260 	str	w0, [x19, #48]
   81fb0:	f0000060 	adrp	x0, 90000 <FromPCIeHost+0x148>
   81fb4:	f9417001 	ldr	x1, [x0, #736]
   81fb8:	b50000a1 	cbnz	x1, 81fcc <CTimer::CTimer(CInterruptSystem*)+0x6c>
   81fbc:	f9017013 	str	x19, [x0, #736]
   81fc0:	f9400bf3 	ldr	x19, [sp, #16]
   81fc4:	a8c27bfd 	ldp	x29, x30, [sp], #32
   81fc8:	d65f03c0 	ret
   81fcc:	b0000061 	adrp	x1, 8e000 <CExceptionHandler::Throw(unsigned int, TAbortFrame*)+0x240>
   81fd0:	b0000060 	adrp	x0, 8e000 <CExceptionHandler::Throw(unsigned int, TAbortFrame*)+0x240>
   81fd4:	52800802 	mov	w2, #0x40                  	// #64
   81fd8:	912ba021 	add	x1, x1, #0xae8
   81fdc:	912be000 	add	x0, x0, #0xaf8
   81fe0:	94001930 	bl	884a0 <assertion_failed>

0000000000081fe4 <CTimer::~CTimer()>:
   81fe4:	a9bd7bfd 	stp	x29, x30, [sp, #-48]!
   81fe8:	910003fd 	mov	x29, sp
   81fec:	a90153f3 	stp	x19, x20, [sp, #16]
   81ff0:	a9025bf5 	stp	x21, x22, [sp, #32]
   81ff4:	aa0003f5 	mov	x21, x0
   81ff8:	f9400000 	ldr	x0, [x0]
   81ffc:	b40005e0 	cbz	x0, 820b8 <CTimer::~CTimer()+0xd4>
   82000:	d2800001 	mov	x1, #0x0                   	// #0
   82004:	d51be221 	msr	cntp_ctl_el0, x1
   82008:	528003c1 	mov	w1, #0x1e                  	// #30
   8200c:	910082b5 	add	x21, x21, #0x20
   82010:	94000d8f 	bl	8564c <CInterruptSystem::DisconnectIRQ(unsigned int)>
   82014:	aa1503e0 	mov	x0, x21
   82018:	5289a876 	mov	w22, #0x4d43                	// #19779
   8201c:	94001d31 	bl	894e0 <CPtrList::GetFirst() const>
   82020:	72a96a96 	movk	w22, #0x4b54, lsl #16
   82024:	aa0003f4 	mov	x20, x0
   82028:	b4000220 	cbz	x0, 8206c <CTimer::~CTimer()+0x88>
   8202c:	94001d46 	bl	89544 <CPtrList::GetPtr(TPtrListElement*)>
   82030:	aa0003f3 	mov	x19, x0
   82034:	b40002a0 	cbz	x0, 82088 <CTimer::~CTimer()+0xa4>
   82038:	b9400000 	ldr	w0, [x0]
   8203c:	6b16001f 	cmp	w0, w22
   82040:	54000301 	b.ne	820a0 <CTimer::~CTimer()+0xbc>  // b.any
   82044:	aa1403e1 	mov	x1, x20
   82048:	aa1503e0 	mov	x0, x21
   8204c:	94001dd5 	bl	897a0 <CPtrList::Remove(TPtrListElement*)>
   82050:	d2800501 	mov	x1, #0x28                  	// #40
   82054:	aa1303e0 	mov	x0, x19
   82058:	9400068e 	bl	83a90 <operator delete(void*, unsigned long)>
   8205c:	aa1503e0 	mov	x0, x21
   82060:	94001d20 	bl	894e0 <CPtrList::GetFirst() const>
   82064:	aa0003f4 	mov	x20, x0
   82068:	b5fffe20 	cbnz	x0, 8202c <CTimer::~CTimer()+0x48>
   8206c:	d0000060 	adrp	x0, 90000 <FromPCIeHost+0x148>
   82070:	a94153f3 	ldp	x19, x20, [sp, #16]
   82074:	f901701f 	str	xzr, [x0, #736]
   82078:	aa1503e0 	mov	x0, x21
   8207c:	a9425bf5 	ldp	x21, x22, [sp, #32]
   82080:	a8c37bfd 	ldp	x29, x30, [sp], #48
   82084:	14001d09 	b	894a8 <CPtrList::~CPtrList()>
   82088:	90000061 	adrp	x1, 8e000 <CExceptionHandler::Throw(unsigned int, TAbortFrame*)+0x240>
   8208c:	90000060 	adrp	x0, 8e000 <CExceptionHandler::Throw(unsigned int, TAbortFrame*)+0x240>
   82090:	52800ae2 	mov	w2, #0x57                  	// #87
   82094:	912ba021 	add	x1, x1, #0xae8
   82098:	912c8000 	add	x0, x0, #0xb20
   8209c:	94001901 	bl	884a0 <assertion_failed>
   820a0:	90000061 	adrp	x1, 8e000 <CExceptionHandler::Throw(unsigned int, TAbortFrame*)+0x240>
   820a4:	90000060 	adrp	x0, 8e000 <CExceptionHandler::Throw(unsigned int, TAbortFrame*)+0x240>
   820a8:	52800b02 	mov	w2, #0x58                  	// #88
   820ac:	912ba021 	add	x1, x1, #0xae8
   820b0:	912cc000 	add	x0, x0, #0xb30
   820b4:	940018fb 	bl	884a0 <assertion_failed>
   820b8:	90000061 	adrp	x1, 8e000 <CExceptionHandler::Throw(unsigned int, TAbortFrame*)+0x240>
   820bc:	90000060 	adrp	x0, 8e000 <CExceptionHandler::Throw(unsigned int, TAbortFrame*)+0x240>
   820c0:	528008c2 	mov	w2, #0x46                  	// #70
   820c4:	912ba021 	add	x1, x1, #0xae8
   820c8:	912c2000 	add	x0, x0, #0xb08
   820cc:	940018f5 	bl	884a0 <assertion_failed>

00000000000820d0 <CTimer::SetTimeZone(int)>:
   820d0:	11167c22 	add	w2, w1, #0x59f
   820d4:	712cf85f 	cmp	w2, #0xb3e
   820d8:	54000069 	b.ls	820e4 <CTimer::SetTimeZone(int)+0x14>  // b.plast
   820dc:	52800000 	mov	w0, #0x0                   	// #0
   820e0:	d65f03c0 	ret
   820e4:	b9001c01 	str	w1, [x0, #28]
   820e8:	52800020 	mov	w0, #0x1                   	// #1
   820ec:	d65f03c0 	ret

00000000000820f0 <CTimer::GetTimeZone() const>:
   820f0:	b9401c00 	ldr	w0, [x0, #28]
   820f4:	d65f03c0 	ret
   820f8:	d503201f 	nop
   820fc:	d503201f 	nop

0000000000082100 <CTimer::SetTime(unsigned int, bool)>:
   82100:	a9be7bfd 	stp	x29, x30, [sp, #-32]!
   82104:	910003fd 	mov	x29, sp
   82108:	a90153f3 	stp	x19, x20, [sp, #16]
   8210c:	aa0003f3 	mov	x19, x0
   82110:	2a0103f4 	mov	w20, w1
   82114:	52800781 	mov	w1, #0x3c                  	// #60
   82118:	b9401c00 	ldr	w0, [x0, #28]
   8211c:	1b017c00 	mul	w0, w0, w1
   82120:	37000062 	tbnz	w2, #0, 8212c <CTimer::SetTime(unsigned int, bool)+0x2c>
   82124:	37f80300 	tbnz	w0, #31, 82184 <CTimer::SetTime(unsigned int, bool)+0x84>
   82128:	0b000294 	add	w20, w20, w0
   8212c:	f9401e62 	ldr	x2, [x19, #56]
   82130:	b4000102 	cbz	x2, 82150 <CTimer::SetTime(unsigned int, bool)+0x50>
   82134:	b9401663 	ldr	w3, [x19, #20]
   82138:	6b03001f 	cmp	w0, w3
   8213c:	4b000061 	sub	w1, w3, w0
   82140:	1a9fd021 	csel	w1, w1, wzr, le
   82144:	4b000280 	sub	w0, w20, w0
   82148:	d63f0040 	blr	x2
   8214c:	36000220 	tbz	w0, #0, 82190 <CTimer::SetTime(unsigned int, bool)+0x90>
   82150:	b9401a60 	ldr	w0, [x19, #24]
   82154:	350000c0 	cbnz	w0, 8216c <CTimer::SetTime(unsigned int, bool)+0x6c>
   82158:	b9001674 	str	w20, [x19, #20]
   8215c:	a94153f3 	ldp	x19, x20, [sp, #16]
   82160:	52800020 	mov	w0, #0x1                   	// #1
   82164:	a8c27bfd 	ldp	x29, x30, [sp], #32
   82168:	d65f03c0 	ret
   8216c:	940008dd 	bl	844e0 <EnterCritical>
   82170:	b9401a60 	ldr	w0, [x19, #24]
   82174:	b9001674 	str	w20, [x19, #20]
   82178:	34ffff20 	cbz	w0, 8215c <CTimer::SetTime(unsigned int, bool)+0x5c>
   8217c:	94000909 	bl	845a0 <LeaveCritical>
   82180:	17fffff7 	b	8215c <CTimer::SetTime(unsigned int, bool)+0x5c>
   82184:	4b0003e1 	neg	w1, w0
   82188:	6b14003f 	cmp	w1, w20
   8218c:	54fffced 	b.le	82128 <CTimer::SetTime(unsigned int, bool)+0x28>
   82190:	a94153f3 	ldp	x19, x20, [sp, #16]
   82194:	52800000 	mov	w0, #0x0                   	// #0
   82198:	a8c27bfd 	ldp	x29, x30, [sp], #32
   8219c:	d65f03c0 	ret

00000000000821a0 <CTimer::GetClockTicks()>:
   821a0:	d5033fdf 	isb
   821a4:	d53be020 	mrs	x0, cntpct_el0
   821a8:	d53be001 	mrs	x1, cntfrq_el0
   821ac:	d2884802 	mov	x2, #0x4240                	// #16960
   821b0:	f2a001e2 	movk	x2, #0xf, lsl #16
   821b4:	9b027c00 	mul	x0, x0, x2
   821b8:	9ac10800 	udiv	x0, x0, x1
   821bc:	d65f03c0 	ret

00000000000821c0 <CTimer::GetClockTicks64()>:
   821c0:	d5033fdf 	isb
   821c4:	d53be020 	mrs	x0, cntpct_el0
   821c8:	d53be001 	mrs	x1, cntfrq_el0
   821cc:	d2884802 	mov	x2, #0x4240                	// #16960
   821d0:	f2a001e2 	movk	x2, #0xf, lsl #16
   821d4:	9b027c00 	mul	x0, x0, x2
   821d8:	9ac10800 	udiv	x0, x0, x1
   821dc:	d65f03c0 	ret

00000000000821e0 <CTimer::GetTicks() const>:
   821e0:	b9400c00 	ldr	w0, [x0, #12]
   821e4:	d65f03c0 	ret

00000000000821e8 <CTimer::GetUptime() const>:
   821e8:	b9401000 	ldr	w0, [x0, #16]
   821ec:	d65f03c0 	ret

00000000000821f0 <CTimer::GetUptime(unsigned int*, unsigned int*)>:
   821f0:	a9bd7bfd 	stp	x29, x30, [sp, #-48]!
   821f4:	aa0003e3 	mov	x3, x0
   821f8:	910003fd 	mov	x29, sp
   821fc:	b9401800 	ldr	w0, [x0, #24]
   82200:	35000240 	cbnz	w0, 82248 <CTimer::GetUptime(unsigned int*, unsigned int*)+0x58>
   82204:	b9401060 	ldr	w0, [x3, #16]
   82208:	b9400c64 	ldr	w4, [x3, #12]
   8220c:	b4000401 	cbz	x1, 8228c <CTimer::GetUptime(unsigned int*, unsigned int*)+0x9c>
   82210:	b9000020 	str	w0, [x1]
   82214:	b4000482 	cbz	x2, 822a4 <CTimer::GetUptime(unsigned int*, unsigned int*)+0xb4>
   82218:	5290a3e0 	mov	w0, #0x851f                	// #34079
   8221c:	52800c81 	mov	w1, #0x64                  	// #100
   82220:	72aa3d60 	movk	w0, #0x51eb, lsl #16
   82224:	9ba07c80 	umull	x0, w4, w0
   82228:	d365fc00 	lsr	x0, x0, #37
   8222c:	1b019000 	msub	w0, w0, w1, w4
   82230:	5284e201 	mov	w1, #0x2710                	// #10000
   82234:	1b017c00 	mul	w0, w0, w1
   82238:	b9000040 	str	w0, [x2]
   8223c:	52800020 	mov	w0, #0x1                   	// #1
   82240:	a8c37bfd 	ldp	x29, x30, [sp], #48
   82244:	d65f03c0 	ret
   82248:	a90107e3 	stp	x3, x1, [sp, #16]
   8224c:	f90013e2 	str	x2, [sp, #32]
   82250:	940008a4 	bl	844e0 <EnterCritical>
   82254:	a94107e3 	ldp	x3, x1, [sp, #16]
   82258:	f94013e2 	ldr	x2, [sp, #32]
   8225c:	b9401060 	ldr	w0, [x3, #16]
   82260:	b9400c64 	ldr	w4, [x3, #12]
   82264:	b9401863 	ldr	w3, [x3, #24]
   82268:	34fffd23 	cbz	w3, 8220c <CTimer::GetUptime(unsigned int*, unsigned int*)+0x1c>
   8226c:	b90013e0 	str	w0, [sp, #16]
   82270:	b9001be4 	str	w4, [sp, #24]
   82274:	a9020be1 	stp	x1, x2, [sp, #32]
   82278:	940008ca 	bl	845a0 <LeaveCritical>
   8227c:	a9420be1 	ldp	x1, x2, [sp, #32]
   82280:	b94013e0 	ldr	w0, [sp, #16]
   82284:	b9401be4 	ldr	w4, [sp, #24]
   82288:	b5fffc41 	cbnz	x1, 82210 <CTimer::GetUptime(unsigned int*, unsigned int*)+0x20>
   8228c:	90000061 	adrp	x1, 8e000 <CExceptionHandler::Throw(unsigned int, TAbortFrame*)+0x240>
   82290:	90000060 	adrp	x0, 8e000 <CExceptionHandler::Throw(unsigned int, TAbortFrame*)+0x240>
   82294:	52802562 	mov	w2, #0x12b                 	// #299
   82298:	912ba021 	add	x1, x1, #0xae8
   8229c:	912d6000 	add	x0, x0, #0xb58
   822a0:	94001880 	bl	884a0 <assertion_failed>
   822a4:	90000061 	adrp	x1, 8e000 <CExceptionHandler::Throw(unsigned int, TAbortFrame*)+0x240>
   822a8:	90000060 	adrp	x0, 8e000 <CExceptionHandler::Throw(unsigned int, TAbortFrame*)+0x240>
   822ac:	528025c2 	mov	w2, #0x12e                 	// #302
   822b0:	912ba021 	add	x1, x1, #0xae8
   822b4:	912da000 	add	x0, x0, #0xb68
   822b8:	9400187a 	bl	884a0 <assertion_failed>
   822bc:	d503201f 	nop

00000000000822c0 <CTimer::GetTime() const>:
   822c0:	b9401400 	ldr	w0, [x0, #20]
   822c4:	d65f03c0 	ret

00000000000822c8 <CTimer::GetLocalTime(unsigned int*, unsigned int*)>:
   822c8:	a9bd7bfd 	stp	x29, x30, [sp, #-48]!
   822cc:	aa0003e3 	mov	x3, x0
   822d0:	910003fd 	mov	x29, sp
   822d4:	b9401800 	ldr	w0, [x0, #24]
   822d8:	35000240 	cbnz	w0, 82320 <CTimer::GetLocalTime(unsigned int*, unsigned int*)+0x58>
   822dc:	b9401460 	ldr	w0, [x3, #20]
   822e0:	b9400c64 	ldr	w4, [x3, #12]
   822e4:	b4000401 	cbz	x1, 82364 <CTimer::GetLocalTime(unsigned int*, unsigned int*)+0x9c>
   822e8:	b9000020 	str	w0, [x1]
   822ec:	b4000482 	cbz	x2, 8237c <CTimer::GetLocalTime(unsigned int*, unsigned int*)+0xb4>
   822f0:	5290a3e0 	mov	w0, #0x851f                	// #34079
   822f4:	52800c81 	mov	w1, #0x64                  	// #100
   822f8:	72aa3d60 	movk	w0, #0x51eb, lsl #16
   822fc:	9ba07c80 	umull	x0, w4, w0
   82300:	d365fc00 	lsr	x0, x0, #37
   82304:	1b019000 	msub	w0, w0, w1, w4
   82308:	5284e201 	mov	w1, #0x2710                	// #10000
   8230c:	1b017c00 	mul	w0, w0, w1
   82310:	b9000040 	str	w0, [x2]
   82314:	52800020 	mov	w0, #0x1                   	// #1
   82318:	a8c37bfd 	ldp	x29, x30, [sp], #48
   8231c:	d65f03c0 	ret
   82320:	a90107e3 	stp	x3, x1, [sp, #16]
   82324:	f90013e2 	str	x2, [sp, #32]
   82328:	9400086e 	bl	844e0 <EnterCritical>
   8232c:	a94107e3 	ldp	x3, x1, [sp, #16]
   82330:	f94013e2 	ldr	x2, [sp, #32]
   82334:	b9401460 	ldr	w0, [x3, #20]
   82338:	b9400c64 	ldr	w4, [x3, #12]
   8233c:	b9401863 	ldr	w3, [x3, #24]
   82340:	34fffd23 	cbz	w3, 822e4 <CTimer::GetLocalTime(unsigned int*, unsigned int*)+0x1c>
   82344:	b90013e0 	str	w0, [sp, #16]
   82348:	b9001be4 	str	w4, [sp, #24]
   8234c:	a9020be1 	stp	x1, x2, [sp, #32]
   82350:	94000894 	bl	845a0 <LeaveCritical>
   82354:	a9420be1 	ldp	x1, x2, [sp, #32]
   82358:	b94013e0 	ldr	w0, [sp, #16]
   8235c:	b9401be4 	ldr	w4, [sp, #24]
   82360:	b5fffc41 	cbnz	x1, 822e8 <CTimer::GetLocalTime(unsigned int*, unsigned int*)+0x20>
   82364:	90000061 	adrp	x1, 8e000 <CExceptionHandler::Throw(unsigned int, TAbortFrame*)+0x240>
   82368:	90000060 	adrp	x0, 8e000 <CExceptionHandler::Throw(unsigned int, TAbortFrame*)+0x240>
   8236c:	52802842 	mov	w2, #0x142                 	// #322
   82370:	912ba021 	add	x1, x1, #0xae8
   82374:	912d6000 	add	x0, x0, #0xb58
   82378:	9400184a 	bl	884a0 <assertion_failed>
   8237c:	90000061 	adrp	x1, 8e000 <CExceptionHandler::Throw(unsigned int, TAbortFrame*)+0x240>
   82380:	90000060 	adrp	x0, 8e000 <CExceptionHandler::Throw(unsigned int, TAbortFrame*)+0x240>
   82384:	528028a2 	mov	w2, #0x145                 	// #325
   82388:	912ba021 	add	x1, x1, #0xae8
   8238c:	912da000 	add	x0, x0, #0xb68
   82390:	94001844 	bl	884a0 <assertion_failed>
   82394:	d503201f 	nop
   82398:	d503201f 	nop
   8239c:	d503201f 	nop

00000000000823a0 <CTimer::GetUniversalTime() const>:
   823a0:	b9401c01 	ldr	w1, [x0, #28]
   823a4:	b9401402 	ldr	w2, [x0, #20]
   823a8:	52800780 	mov	w0, #0x3c                  	// #60
   823ac:	1b007c21 	mul	w1, w1, w0
   823b0:	6b010040 	subs	w0, w2, w1
   823b4:	1a9fa000 	csel	w0, w0, wzr, ge	// ge = tcont
   823b8:	d65f03c0 	ret
   823bc:	d503201f 	nop

00000000000823c0 <CTimer::GetUniversalTime(unsigned int*, unsigned int*)>:
   823c0:	a9bc7bfd 	stp	x29, x30, [sp, #-64]!
   823c4:	aa0003e3 	mov	x3, x0
   823c8:	910003fd 	mov	x29, sp
   823cc:	b9401800 	ldr	w0, [x0, #24]
   823d0:	35000360 	cbnz	w0, 8243c <CTimer::GetUniversalTime(unsigned int*, unsigned int*)+0x7c>
   823d4:	b9401464 	ldr	w4, [x3, #20]
   823d8:	b9400c65 	ldr	w5, [x3, #12]
   823dc:	b9401c60 	ldr	w0, [x3, #28]
   823e0:	52800783 	mov	w3, #0x3c                  	// #60
   823e4:	1b037c00 	mul	w0, w0, w3
   823e8:	6b00009f 	cmp	w4, w0
   823ec:	5400022b 	b.lt	82430 <CTimer::GetUniversalTime(unsigned int*, unsigned int*)+0x70>  // b.tstop
   823f0:	b40004c1 	cbz	x1, 82488 <CTimer::GetUniversalTime(unsigned int*, unsigned int*)+0xc8>
   823f4:	4b000084 	sub	w4, w4, w0
   823f8:	b9000024 	str	w4, [x1]
   823fc:	b4000522 	cbz	x2, 824a0 <CTimer::GetUniversalTime(unsigned int*, unsigned int*)+0xe0>
   82400:	5290a3e0 	mov	w0, #0x851f                	// #34079
   82404:	52800c81 	mov	w1, #0x64                  	// #100
   82408:	72aa3d60 	movk	w0, #0x51eb, lsl #16
   8240c:	9ba07ca0 	umull	x0, w5, w0
   82410:	d365fc00 	lsr	x0, x0, #37
   82414:	1b019400 	msub	w0, w0, w1, w5
   82418:	5284e201 	mov	w1, #0x2710                	// #10000
   8241c:	1b017c00 	mul	w0, w0, w1
   82420:	b9000040 	str	w0, [x2]
   82424:	52800020 	mov	w0, #0x1                   	// #1
   82428:	a8c47bfd 	ldp	x29, x30, [sp], #64
   8242c:	d65f03c0 	ret
   82430:	52800000 	mov	w0, #0x0                   	// #0
   82434:	a8c47bfd 	ldp	x29, x30, [sp], #64
   82438:	d65f03c0 	ret
   8243c:	a90187e3 	stp	x3, x1, [sp, #24]
   82440:	f90017e2 	str	x2, [sp, #40]
   82444:	94000827 	bl	844e0 <EnterCritical>
   82448:	a94187e3 	ldp	x3, x1, [sp, #24]
   8244c:	f94017e2 	ldr	x2, [sp, #40]
   82450:	b9401464 	ldr	w4, [x3, #20]
   82454:	b9400c65 	ldr	w5, [x3, #12]
   82458:	b9401860 	ldr	w0, [x3, #24]
   8245c:	34fffc00 	cbz	w0, 823dc <CTimer::GetUniversalTime(unsigned int*, unsigned int*)+0x1c>
   82460:	b9001be4 	str	w4, [sp, #24]
   82464:	b90023e5 	str	w5, [sp, #32]
   82468:	a90287e3 	stp	x3, x1, [sp, #40]
   8246c:	f9001fe2 	str	x2, [sp, #56]
   82470:	9400084c 	bl	845a0 <LeaveCritical>
   82474:	f9401fe2 	ldr	x2, [sp, #56]
   82478:	a94287e3 	ldp	x3, x1, [sp, #40]
   8247c:	b9401be4 	ldr	w4, [sp, #24]
   82480:	b94023e5 	ldr	w5, [sp, #32]
   82484:	17ffffd6 	b	823dc <CTimer::GetUniversalTime(unsigned int*, unsigned int*)+0x1c>
   82488:	90000061 	adrp	x1, 8e000 <CExceptionHandler::Throw(unsigned int, TAbortFrame*)+0x240>
   8248c:	90000060 	adrp	x0, 8e000 <CExceptionHandler::Throw(unsigned int, TAbortFrame*)+0x240>
   82490:	52802ce2 	mov	w2, #0x167                 	// #359
   82494:	912ba021 	add	x1, x1, #0xae8
   82498:	912d6000 	add	x0, x0, #0xb58
   8249c:	94001801 	bl	884a0 <assertion_failed>
   824a0:	90000061 	adrp	x1, 8e000 <CExceptionHandler::Throw(unsigned int, TAbortFrame*)+0x240>
   824a4:	90000060 	adrp	x0, 8e000 <CExceptionHandler::Throw(unsigned int, TAbortFrame*)+0x240>
   824a8:	52802d42 	mov	w2, #0x16a                 	// #362
   824ac:	912ba021 	add	x1, x1, #0xae8
   824b0:	912da000 	add	x0, x0, #0xb68
   824b4:	940017fb 	bl	884a0 <assertion_failed>
   824b8:	d503201f 	nop
   824bc:	d503201f 	nop

00000000000824c0 <CTimer::GetTimeString()>:
   824c0:	a9bc7bfd 	stp	x29, x30, [sp, #-64]!
   824c4:	910003fd 	mov	x29, sp
   824c8:	aa0003e1 	mov	x1, x0
   824cc:	a90153f3 	stp	x19, x20, [sp, #16]
   824d0:	b9401800 	ldr	w0, [x0, #24]
   824d4:	35000e60 	cbnz	w0, 826a0 <CTimer::GetTimeString()+0x1e0>
   824d8:	b9401434 	ldr	w20, [x1, #20]
   824dc:	b9400c33 	ldr	w19, [x1, #12]
   824e0:	2a140260 	orr	w0, w19, w20
   824e4:	34000f20 	cbz	w0, 826c8 <CTimer::GetTimeString()+0x208>
   824e8:	52911122 	mov	w2, #0x8889                	// #34953
   824ec:	52800781 	mov	w1, #0x3c                  	// #60
   824f0:	72b11102 	movk	w2, #0x8888, lsl #16
   824f4:	528b8529 	mov	w9, #0x5c29                	// #23593
   824f8:	528b8507 	mov	w7, #0x5c28                	// #23592
   824fc:	529ae143 	mov	w3, #0xd70a                	// #55050
   82500:	9ba27e80 	umull	x0, w20, w2
   82504:	5280f648 	mov	w8, #0x7b2                 	// #1970
   82508:	72b851e9 	movk	w9, #0xc28f, lsl #16
   8250c:	72a051e7 	movk	w7, #0x28f, lsl #16
   82510:	72a01463 	movk	w3, #0xa3, lsl #16
   82514:	d365fc06 	lsr	x6, x0, #37
   82518:	d365fc00 	lsr	x0, x0, #37
   8251c:	9ba27c02 	umull	x2, w0, w2
   82520:	1b01d0c6 	msub	w6, w6, w1, w20
   82524:	d365fc54 	lsr	x20, x2, #37
   82528:	d365fc42 	lsr	x2, x2, #37
   8252c:	1b018294 	msub	w20, w20, w1, w0
   82530:	52955561 	mov	w1, #0xaaab                	// #43691
   82534:	72b55541 	movk	w1, #0xaaaa, lsl #16
   82538:	9ba17c41 	umull	x1, w2, w1
   8253c:	d364fc21 	lsr	x1, x1, #36
   82540:	14000008 	b	82560 <CTimer::GetTimeString()+0xa0>
   82544:	f240051f 	tst	x8, #0x3
   82548:	1a9f17e5 	cset	w5, eq	// eq = none
   8254c:	1105b4a0 	add	w0, w5, #0x16d
   82550:	6b00003f 	cmp	w1, w0
   82554:	540001a3 	b.cc	82588 <CTimer::GetTimeString()+0xc8>  // b.lo, b.ul, b.last
   82558:	4b000021 	sub	w1, w1, w0
   8255c:	11000508 	add	w8, w8, #0x1
   82560:	1b097d00 	mul	w0, w8, w9
   82564:	13800805 	ror	w5, w0, #2
   82568:	6b0700bf 	cmp	w5, w7
   8256c:	54fffec8 	b.hi	82544 <CTimer::GetTimeString()+0x84>  // b.pmore
   82570:	13801000 	ror	w0, w0, #4
   82574:	6b03001f 	cmp	w0, w3
   82578:	1a9f87e5 	cset	w5, ls	// ls = plast
   8257c:	1105b4a0 	add	w0, w5, #0x16d
   82580:	6b00003f 	cmp	w1, w0
   82584:	54fffea2 	b.cs	82558 <CTimer::GetTimeString()+0x98>  // b.hs, b.nlast
   82588:	b0000067 	adrp	x7, 8f000 <From+0x918>
   8258c:	52800009 	mov	w9, #0x0                   	// #0
   82590:	910ec0e7 	add	x7, x7, #0x3b0
   82594:	14000003 	b	825a0 <CTimer::GetTimeString()+0xe0>
   82598:	4b000021 	sub	w1, w1, w0
   8259c:	11000529 	add	w9, w9, #0x1
   825a0:	710000bf 	cmp	w5, #0x0
   825a4:	7a411920 	ccmp	w9, #0x1, #0x0, ne	// ne = any
   825a8:	54000420 	b.eq	8262c <CTimer::GetTimeString()+0x16c>  // b.none
   825ac:	b86958e0 	ldr	w0, [x7, w9, uxtw #2]
   825b0:	6b01001f 	cmp	w0, w1
   825b4:	54ffff29 	b.ls	82598 <CTimer::GetTimeString()+0xd8>  // b.plast
   825b8:	5290a3e5 	mov	w5, #0x851f                	// #34079
   825bc:	52800c80 	mov	w0, #0x64                  	// #100
   825c0:	29059be8 	stp	w8, w6, [sp, #44]
   825c4:	72aa3d65 	movk	w5, #0x51eb, lsl #16
   825c8:	290687e2 	stp	w2, w1, [sp, #52]
   825cc:	b9003fe9 	str	w9, [sp, #60]
   825d0:	9ba57e65 	umull	x5, w19, w5
   825d4:	d365fca5 	lsr	x5, x5, #37
   825d8:	1b00cca5 	msub	w5, w5, w0, w19
   825dc:	d2800400 	mov	x0, #0x20                  	// #32
   825e0:	b90023e5 	str	w5, [sp, #32]
   825e4:	94000509 	bl	83a08 <operator new(unsigned long)>
   825e8:	aa0003f3 	mov	x19, x0
   825ec:	94001d07 	bl	89a08 <CString::CString()>
   825f0:	29459be8 	ldp	w8, w6, [sp, #44]
   825f4:	b94023e5 	ldr	w5, [sp, #32]
   825f8:	b94037e2 	ldr	w2, [sp, #52]
   825fc:	711edd1f 	cmp	w8, #0x7b7
   82600:	54000268 	b.hi	8264c <CTimer::GetTimeString()+0x18c>  // b.pmore
   82604:	90000061 	adrp	x1, 8e000 <CExceptionHandler::Throw(unsigned int, TAbortFrame*)+0x240>
   82608:	2a1403e3 	mov	w3, w20
   8260c:	aa1303e0 	mov	x0, x19
   82610:	2a0603e4 	mov	w4, w6
   82614:	912e8021 	add	x1, x1, #0xba0
   82618:	9400237c 	bl	8b408 <CString::Format(char const*, ...)>
   8261c:	aa1303e0 	mov	x0, x19
   82620:	a94153f3 	ldp	x19, x20, [sp, #16]
   82624:	a8c47bfd 	ldp	x29, x30, [sp], #64
   82628:	d65f03c0 	ret
   8262c:	7100703f 	cmp	w1, #0x1c
   82630:	54000569 	b.ls	826dc <CTimer::GetTimeString()+0x21c>  // b.plast
   82634:	51007420 	sub	w0, w1, #0x1d
   82638:	7100781f 	cmp	w0, #0x1e
   8263c:	54000549 	b.ls	826e4 <CTimer::GetTimeString()+0x224>  // b.plast
   82640:	5100f021 	sub	w1, w1, #0x3c
   82644:	52800069 	mov	w9, #0x3                   	// #3
   82648:	17ffffd9 	b	825ac <CTimer::GetTimeString()+0xec>
   8264c:	52955564 	mov	w4, #0xaaab                	// #43691
   82650:	294727e1 	ldp	w1, w9, [sp, #56]
   82654:	d0000060 	adrp	x0, 90000 <FromPCIeHost+0x148>
   82658:	72b55544 	movk	w4, #0xaaaa, lsl #16
   8265c:	91074000 	add	x0, x0, #0x1d0
   82660:	2a0503e7 	mov	w7, w5
   82664:	2a1403e5 	mov	w5, w20
   82668:	9ba47c44 	umull	x4, w2, w4
   8266c:	11000423 	add	w3, w1, #0x1
   82670:	90000061 	adrp	x1, 8e000 <CExceptionHandler::Throw(unsigned int, TAbortFrame*)+0x240>
   82674:	d364fc84 	lsr	x4, x4, #36
   82678:	912e0021 	add	x1, x1, #0xb80
   8267c:	0b040484 	add	w4, w4, w4, lsl #1
   82680:	4b040c44 	sub	w4, w2, w4, lsl #3
   82684:	f8695802 	ldr	x2, [x0, w9, uxtw #3]
   82688:	aa1303e0 	mov	x0, x19
   8268c:	9400235f 	bl	8b408 <CString::Format(char const*, ...)>
   82690:	aa1303e0 	mov	x0, x19
   82694:	a94153f3 	ldp	x19, x20, [sp, #16]
   82698:	a8c47bfd 	ldp	x29, x30, [sp], #64
   8269c:	d65f03c0 	ret
   826a0:	f90013e1 	str	x1, [sp, #32]
   826a4:	9400078f 	bl	844e0 <EnterCritical>
   826a8:	f94013e1 	ldr	x1, [sp, #32]
   826ac:	b9401434 	ldr	w20, [x1, #20]
   826b0:	b9400c33 	ldr	w19, [x1, #12]
   826b4:	b9401820 	ldr	w0, [x1, #24]
   826b8:	34fff140 	cbz	w0, 824e0 <CTimer::GetTimeString()+0x20>
   826bc:	940007b9 	bl	845a0 <LeaveCritical>
   826c0:	2a140260 	orr	w0, w19, w20
   826c4:	35fff120 	cbnz	w0, 824e8 <CTimer::GetTimeString()+0x28>
   826c8:	d2800013 	mov	x19, #0x0                   	// #0
   826cc:	aa1303e0 	mov	x0, x19
   826d0:	a94153f3 	ldp	x19, x20, [sp, #16]
   826d4:	a8c47bfd 	ldp	x29, x30, [sp], #64
   826d8:	d65f03c0 	ret
   826dc:	52800029 	mov	w9, #0x1                   	// #1
   826e0:	17ffffb6 	b	825b8 <CTimer::GetTimeString()+0xf8>
   826e4:	2a0003e1 	mov	w1, w0
   826e8:	52800049 	mov	w9, #0x2                   	// #2
   826ec:	17ffffb3 	b	825b8 <CTimer::GetTimeString()+0xf8>

00000000000826f0 <CTimer::StartKernelTimer(unsigned int, void (*)(unsigned long, void*, void*), void*, void*)>:
   826f0:	a9bc7bfd 	stp	x29, x30, [sp, #-64]!
   826f4:	910003fd 	mov	x29, sp
   826f8:	a9025bf5 	stp	x21, x22, [sp, #32]
   826fc:	aa0003f6 	mov	x22, x0
   82700:	d2800500 	mov	x0, #0x28                  	// #40
   82704:	2a0103f5 	mov	w21, w1
   82708:	a90153f3 	stp	x19, x20, [sp, #16]
   8270c:	aa0203f3 	mov	x19, x2
   82710:	a90363f7 	stp	x23, x24, [sp, #48]
   82714:	aa0303f8 	mov	x24, x3
   82718:	aa0403f7 	mov	x23, x4
   8271c:	940004bb 	bl	83a08 <operator new(unsigned long)>
   82720:	aa0003f4 	mov	x20, x0
   82724:	b9400ec0 	ldr	w0, [x22, #12]
   82728:	b40007b3 	cbz	x19, 8281c <CTimer::StartKernelTimer(unsigned int, void (*)(unsigned long, void*, void*), void*, void*)+0x12c>
   8272c:	0b150015 	add	w21, w0, w21
   82730:	5289a860 	mov	w0, #0x4d43                	// #19779
   82734:	f9000693 	str	x19, [x20, #8]
   82738:	72a96a80 	movk	w0, #0x4b54, lsl #16
   8273c:	a901de98 	stp	x24, x23, [x20, #24]
   82740:	b9000280 	str	w0, [x20]
   82744:	b9402ac0 	ldr	w0, [x22, #40]
   82748:	b9001295 	str	w21, [x20, #16]
   8274c:	350004c0 	cbnz	w0, 827e4 <CTimer::StartKernelTimer(unsigned int, void (*)(unsigned long, void*, void*), void*, void*)+0xf4>
   82750:	910082d7 	add	x23, x22, #0x20
   82754:	aa1703e0 	mov	x0, x23
   82758:	94001b62 	bl	894e0 <CPtrList::GetFirst() const>
   8275c:	aa0003f3 	mov	x19, x0
   82760:	b40006e0 	cbz	x0, 8283c <CTimer::StartKernelTimer(unsigned int, void (*)(unsigned long, void*, void*), void*, void*)+0x14c>
   82764:	5289a878 	mov	w24, #0x4d43                	// #19779
   82768:	aa1303e0 	mov	x0, x19
   8276c:	72a96a98 	movk	w24, #0x4b54, lsl #16
   82770:	94001b75 	bl	89544 <CPtrList::GetPtr(TPtrListElement*)>
   82774:	b4000200 	cbz	x0, 827b4 <CTimer::StartKernelTimer(unsigned int, void (*)(unsigned long, void*, void*), void*, void*)+0xc4>
   82778:	b9400001 	ldr	w1, [x0]
   8277c:	6b18003f 	cmp	w1, w24
   82780:	54000261 	b.ne	827cc <CTimer::StartKernelTimer(unsigned int, void (*)(unsigned long, void*, void*), void*, void*)+0xdc>  // b.any
   82784:	b9401002 	ldr	w2, [x0, #16]
   82788:	4b150042 	sub	w2, w2, w21
   8278c:	7100005f 	cmp	w2, #0x0
   82790:	540002ec 	b.gt	827ec <CTimer::StartKernelTimer(unsigned int, void (*)(unsigned long, void*, void*), void*, void*)+0xfc>
   82794:	aa1303e1 	mov	x1, x19
   82798:	aa1703e0 	mov	x0, x23
   8279c:	94001b53 	bl	894e8 <CPtrList::GetNext(TPtrListElement*) const>
   827a0:	b40004e0 	cbz	x0, 8283c <CTimer::StartKernelTimer(unsigned int, void (*)(unsigned long, void*, void*), void*, void*)+0x14c>
   827a4:	aa0003f3 	mov	x19, x0
   827a8:	aa1303e0 	mov	x0, x19
   827ac:	94001b66 	bl	89544 <CPtrList::GetPtr(TPtrListElement*)>
   827b0:	b5fffe40 	cbnz	x0, 82778 <CTimer::StartKernelTimer(unsigned int, void (*)(unsigned long, void*, void*), void*, void*)+0x88>
   827b4:	90000061 	adrp	x1, 8e000 <CExceptionHandler::Throw(unsigned int, TAbortFrame*)+0x240>
   827b8:	90000060 	adrp	x0, 8e000 <CExceptionHandler::Throw(unsigned int, TAbortFrame*)+0x240>
   827bc:	52803a22 	mov	w2, #0x1d1                 	// #465
   827c0:	912ba021 	add	x1, x1, #0xae8
   827c4:	912f2000 	add	x0, x0, #0xbc8
   827c8:	94001736 	bl	884a0 <assertion_failed>
   827cc:	90000061 	adrp	x1, 8e000 <CExceptionHandler::Throw(unsigned int, TAbortFrame*)+0x240>
   827d0:	90000060 	adrp	x0, 8e000 <CExceptionHandler::Throw(unsigned int, TAbortFrame*)+0x240>
   827d4:	52803a42 	mov	w2, #0x1d2                 	// #466
   827d8:	912ba021 	add	x1, x1, #0xae8
   827dc:	912f6000 	add	x0, x0, #0xbd8
   827e0:	94001730 	bl	884a0 <assertion_failed>
   827e4:	9400073f 	bl	844e0 <EnterCritical>
   827e8:	17ffffda 	b	82750 <CTimer::StartKernelTimer(unsigned int, void (*)(unsigned long, void*, void*), void*, void*)+0x60>
   827ec:	aa1403e2 	mov	x2, x20
   827f0:	aa1303e1 	mov	x1, x19
   827f4:	aa1703e0 	mov	x0, x23
   827f8:	94001b6a 	bl	895a0 <CPtrList::InsertBefore(TPtrListElement*, void*)>
   827fc:	b9402ac0 	ldr	w0, [x22, #40]
   82800:	350001a0 	cbnz	w0, 82834 <CTimer::StartKernelTimer(unsigned int, void (*)(unsigned long, void*, void*), void*, void*)+0x144>
   82804:	aa1403e0 	mov	x0, x20
   82808:	a9425bf5 	ldp	x21, x22, [sp, #32]
   8280c:	a94153f3 	ldp	x19, x20, [sp, #16]
   82810:	a94363f7 	ldp	x23, x24, [sp, #48]
   82814:	a8c47bfd 	ldp	x29, x30, [sp], #64
   82818:	d65f03c0 	ret
   8281c:	90000061 	adrp	x1, 8e000 <CExceptionHandler::Throw(unsigned int, TAbortFrame*)+0x240>
   82820:	90000060 	adrp	x0, 8e000 <CExceptionHandler::Throw(unsigned int, TAbortFrame*)+0x240>
   82824:	52803822 	mov	w2, #0x1c1                 	// #449
   82828:	912ba021 	add	x1, x1, #0xae8
   8282c:	912ee000 	add	x0, x0, #0xbb8
   82830:	9400171c 	bl	884a0 <assertion_failed>
   82834:	9400075b 	bl	845a0 <LeaveCritical>
   82838:	17fffff3 	b	82804 <CTimer::StartKernelTimer(unsigned int, void (*)(unsigned long, void*, void*), void*, void*)+0x114>
   8283c:	aa1403e2 	mov	x2, x20
   82840:	aa1303e1 	mov	x1, x19
   82844:	aa1703e0 	mov	x0, x23
   82848:	94001b96 	bl	896a0 <CPtrList::InsertAfter(TPtrListElement*, void*)>
   8284c:	17ffffec 	b	827fc <CTimer::StartKernelTimer(unsigned int, void (*)(unsigned long, void*, void*), void*, void*)+0x10c>

0000000000082850 <CTimer::CancelKernelTimer(unsigned long)>:
   82850:	a9bd7bfd 	stp	x29, x30, [sp, #-48]!
   82854:	910003fd 	mov	x29, sp
   82858:	a90153f3 	stp	x19, x20, [sp, #16]
   8285c:	b40003a1 	cbz	x1, 828d0 <CTimer::CancelKernelTimer(unsigned long)+0x80>
   82860:	aa0003f4 	mov	x20, x0
   82864:	aa0103f3 	mov	x19, x1
   82868:	b9402800 	ldr	w0, [x0, #40]
   8286c:	350002a0 	cbnz	w0, 828c0 <CTimer::CancelKernelTimer(unsigned long)+0x70>
   82870:	aa1303e1 	mov	x1, x19
   82874:	91008280 	add	x0, x20, #0x20
   82878:	94001c12 	bl	898c0 <CPtrList::Find(void*) const>
   8287c:	b4000180 	cbz	x0, 828ac <CTimer::CancelKernelTimer(unsigned long)+0x5c>
   82880:	b9400262 	ldr	w2, [x19]
   82884:	5289a861 	mov	w1, #0x4d43                	// #19779
   82888:	72a96a81 	movk	w1, #0x4b54, lsl #16
   8288c:	6b01005f 	cmp	w2, w1
   82890:	540002e1 	b.ne	828ec <CTimer::CancelKernelTimer(unsigned long)+0x9c>  // b.any
   82894:	aa0003e1 	mov	x1, x0
   82898:	91008280 	add	x0, x20, #0x20
   8289c:	94001bc1 	bl	897a0 <CPtrList::Remove(TPtrListElement*)>
   828a0:	d2800501 	mov	x1, #0x28                  	// #40
   828a4:	aa1303e0 	mov	x0, x19
   828a8:	9400047a 	bl	83a90 <operator delete(void*, unsigned long)>
   828ac:	b9402a80 	ldr	w0, [x20, #40]
   828b0:	a94153f3 	ldp	x19, x20, [sp, #16]
   828b4:	350000a0 	cbnz	w0, 828c8 <CTimer::CancelKernelTimer(unsigned long)+0x78>
   828b8:	a8c37bfd 	ldp	x29, x30, [sp], #48
   828bc:	d65f03c0 	ret
   828c0:	94000708 	bl	844e0 <EnterCritical>
   828c4:	17ffffeb 	b	82870 <CTimer::CancelKernelTimer(unsigned long)+0x20>
   828c8:	a8c37bfd 	ldp	x29, x30, [sp], #48
   828cc:	14000735 	b	845a0 <LeaveCritical>
   828d0:	90000061 	adrp	x1, 8e000 <CExceptionHandler::Throw(unsigned int, TAbortFrame*)+0x240>
   828d4:	90000060 	adrp	x0, 8e000 <CExceptionHandler::Throw(unsigned int, TAbortFrame*)+0x240>
   828d8:	f90013f5 	str	x21, [sp, #32]
   828dc:	52803dc2 	mov	w2, #0x1ee                 	// #494
   828e0:	912ba021 	add	x1, x1, #0xae8
   828e4:	912c8000 	add	x0, x0, #0xb20
   828e8:	940016ee 	bl	884a0 <assertion_failed>
   828ec:	90000061 	adrp	x1, 8e000 <CExceptionHandler::Throw(unsigned int, TAbortFrame*)+0x240>
   828f0:	90000060 	adrp	x0, 8e000 <CExceptionHandler::Throw(unsigned int, TAbortFrame*)+0x240>
   828f4:	f90013f5 	str	x21, [sp, #32]
   828f8:	52803ea2 	mov	w2, #0x1f5                 	// #501
   828fc:	912ba021 	add	x1, x1, #0xae8
   82900:	912cc000 	add	x0, x0, #0xb30
   82904:	940016e7 	bl	884a0 <assertion_failed>

0000000000082908 <CTimer::PollKernelTimers()>:
   82908:	a9bc7bfd 	stp	x29, x30, [sp, #-64]!
   8290c:	910003fd 	mov	x29, sp
   82910:	a90153f3 	stp	x19, x20, [sp, #16]
   82914:	aa0003f4 	mov	x20, x0
   82918:	a9025bf5 	stp	x21, x22, [sp, #32]
   8291c:	b9402800 	ldr	w0, [x0, #40]
   82920:	f9001bf7 	str	x23, [sp, #48]
   82924:	35000580 	cbnz	w0, 829d4 <CTimer::PollKernelTimers()+0xcc>
   82928:	5289a877 	mov	w23, #0x4d43                	// #19779
   8292c:	72a96a97 	movk	w23, #0x4b54, lsl #16
   82930:	91008280 	add	x0, x20, #0x20
   82934:	94001aeb 	bl	894e0 <CPtrList::GetFirst() const>
   82938:	aa0003f5 	mov	x21, x0
   8293c:	b4000680 	cbz	x0, 82a0c <CTimer::PollKernelTimers()+0x104>
   82940:	94001b01 	bl	89544 <CPtrList::GetPtr(TPtrListElement*)>
   82944:	aa0003f3 	mov	x19, x0
   82948:	b40004a0 	cbz	x0, 829dc <CTimer::PollKernelTimers()+0xd4>
   8294c:	b9400000 	ldr	w0, [x0]
   82950:	6b17001f 	cmp	w0, w23
   82954:	54000501 	b.ne	829f4 <CTimer::PollKernelTimers()+0xec>  // b.any
   82958:	b9401260 	ldr	w0, [x19, #16]
   8295c:	b9400e81 	ldr	w1, [x20, #12]
   82960:	4b010000 	sub	w0, w0, w1
   82964:	7100001f 	cmp	w0, #0x0
   82968:	5400052c 	b.gt	82a0c <CTimer::PollKernelTimers()+0x104>
   8296c:	91008280 	add	x0, x20, #0x20
   82970:	aa1503e1 	mov	x1, x21
   82974:	94001b8b 	bl	897a0 <CPtrList::Remove(TPtrListElement*)>
   82978:	b9402a80 	ldr	w0, [x20, #40]
   8297c:	350001a0 	cbnz	w0, 829b0 <CTimer::PollKernelTimers()+0xa8>
   82980:	f9400663 	ldr	x3, [x19, #8]
   82984:	b40001c3 	cbz	x3, 829bc <CTimer::PollKernelTimers()+0xb4>
   82988:	a9418a61 	ldp	x1, x2, [x19, #24]
   8298c:	aa1303e0 	mov	x0, x19
   82990:	d63f0060 	blr	x3
   82994:	aa1303e0 	mov	x0, x19
   82998:	d2800501 	mov	x1, #0x28                  	// #40
   8299c:	9400043d 	bl	83a90 <operator delete(void*, unsigned long)>
   829a0:	b9402a80 	ldr	w0, [x20, #40]
   829a4:	34fffc60 	cbz	w0, 82930 <CTimer::PollKernelTimers()+0x28>
   829a8:	940006ce 	bl	844e0 <EnterCritical>
   829ac:	17ffffe1 	b	82930 <CTimer::PollKernelTimers()+0x28>
   829b0:	940006fc 	bl	845a0 <LeaveCritical>
   829b4:	f9400663 	ldr	x3, [x19, #8]
   829b8:	b5fffe83 	cbnz	x3, 82988 <CTimer::PollKernelTimers()+0x80>
   829bc:	90000061 	adrp	x1, 8e000 <CExceptionHandler::Throw(unsigned int, TAbortFrame*)+0x240>
   829c0:	90000060 	adrp	x0, 8e000 <CExceptionHandler::Throw(unsigned int, TAbortFrame*)+0x240>
   829c4:	528042e2 	mov	w2, #0x217                 	// #535
   829c8:	912ba021 	add	x1, x1, #0xae8
   829cc:	912ee000 	add	x0, x0, #0xbb8
   829d0:	940016b4 	bl	884a0 <assertion_failed>
   829d4:	940006c3 	bl	844e0 <EnterCritical>
   829d8:	17ffffd4 	b	82928 <CTimer::PollKernelTimers()+0x20>
   829dc:	90000061 	adrp	x1, 8e000 <CExceptionHandler::Throw(unsigned int, TAbortFrame*)+0x240>
   829e0:	90000060 	adrp	x0, 8e000 <CExceptionHandler::Throw(unsigned int, TAbortFrame*)+0x240>
   829e4:	52804142 	mov	w2, #0x20a                 	// #522
   829e8:	912ba021 	add	x1, x1, #0xae8
   829ec:	912c8000 	add	x0, x0, #0xb20
   829f0:	940016ac 	bl	884a0 <assertion_failed>
   829f4:	90000061 	adrp	x1, 8e000 <CExceptionHandler::Throw(unsigned int, TAbortFrame*)+0x240>
   829f8:	90000060 	adrp	x0, 8e000 <CExceptionHandler::Throw(unsigned int, TAbortFrame*)+0x240>
   829fc:	52804162 	mov	w2, #0x20b                 	// #523
   82a00:	912ba021 	add	x1, x1, #0xae8
   82a04:	912cc000 	add	x0, x0, #0xb30
   82a08:	940016a6 	bl	884a0 <assertion_failed>
   82a0c:	b9402a80 	ldr	w0, [x20, #40]
   82a10:	350000c0 	cbnz	w0, 82a28 <CTimer::PollKernelTimers()+0x120>
   82a14:	f9401bf7 	ldr	x23, [sp, #48]
   82a18:	a94153f3 	ldp	x19, x20, [sp, #16]
   82a1c:	a9425bf5 	ldp	x21, x22, [sp, #32]
   82a20:	a8c47bfd 	ldp	x29, x30, [sp], #64
   82a24:	d65f03c0 	ret
   82a28:	f9401bf7 	ldr	x23, [sp, #48]
   82a2c:	a94153f3 	ldp	x19, x20, [sp, #16]
   82a30:	a9425bf5 	ldp	x21, x22, [sp, #32]
   82a34:	a8c47bfd 	ldp	x29, x30, [sp], #64
   82a38:	140006da 	b	845a0 <LeaveCritical>
   82a3c:	d503201f 	nop

0000000000082a40 <CTimer::InterruptHandler()>:
   82a40:	a9bd7bfd 	stp	x29, x30, [sp, #-48]!
   82a44:	910003fd 	mov	x29, sp
   82a48:	a90153f3 	stp	x19, x20, [sp, #16]
   82a4c:	aa0003f4 	mov	x20, x0
   82a50:	f90013f5 	str	x21, [sp, #32]
   82a54:	d53be241 	mrs	x1, cntp_cval_el0
   82a58:	b9400800 	ldr	w0, [x0, #8]
   82a5c:	8b010000 	add	x0, x0, x1
   82a60:	d51be240 	msr	cntp_cval_el0, x0
   82a64:	b9401a80 	ldr	w0, [x20, #24]
   82a68:	35000460 	cbnz	w0, 82af4 <CTimer::InterruptHandler()+0xb4>
   82a6c:	b9400e80 	ldr	w0, [x20, #12]
   82a70:	528b8521 	mov	w1, #0x5c29                	// #23593
   82a74:	72b851e1 	movk	w1, #0xc28f, lsl #16
   82a78:	11000400 	add	w0, w0, #0x1
   82a7c:	b9000e80 	str	w0, [x20, #12]
   82a80:	1b017c00 	mul	w0, w0, w1
   82a84:	528b8501 	mov	w1, #0x5c28                	// #23592
   82a88:	72a051e1 	movk	w1, #0x28f, lsl #16
   82a8c:	13800800 	ror	w0, w0, #2
   82a90:	6b01001f 	cmp	w0, w1
   82a94:	54000229 	b.ls	82ad8 <CTimer::InterruptHandler()+0x98>  // b.plast
   82a98:	aa1403e0 	mov	x0, x20
   82a9c:	d2800013 	mov	x19, #0x0                   	// #0
   82aa0:	97ffff9a 	bl	82908 <CTimer::PollKernelTimers()>
   82aa4:	b9406280 	ldr	w0, [x20, #96]
   82aa8:	91010295 	add	x21, x20, #0x40
   82aac:	340000e0 	cbz	w0, 82ac8 <CTimer::InterruptHandler()+0x88>
   82ab0:	f8737aa0 	ldr	x0, [x21, x19, lsl #3]
   82ab4:	91000673 	add	x19, x19, #0x1
   82ab8:	d63f0000 	blr	x0
   82abc:	b9406280 	ldr	w0, [x20, #96]
   82ac0:	6b13001f 	cmp	w0, w19
   82ac4:	54ffff68 	b.hi	82ab0 <CTimer::InterruptHandler()+0x70>  // b.pmore
   82ac8:	f94013f5 	ldr	x21, [sp, #32]
   82acc:	a94153f3 	ldp	x19, x20, [sp, #16]
   82ad0:	a8c37bfd 	ldp	x29, x30, [sp], #48
   82ad4:	d65f03c0 	ret
   82ad8:	b9401280 	ldr	w0, [x20, #16]
   82adc:	11000400 	add	w0, w0, #0x1
   82ae0:	b9001280 	str	w0, [x20, #16]
   82ae4:	b9401680 	ldr	w0, [x20, #20]
   82ae8:	11000400 	add	w0, w0, #0x1
   82aec:	b9001680 	str	w0, [x20, #20]
   82af0:	17ffffea 	b	82a98 <CTimer::InterruptHandler()+0x58>
   82af4:	9400067b 	bl	844e0 <EnterCritical>
   82af8:	b9400e80 	ldr	w0, [x20, #12]
   82afc:	528b8522 	mov	w2, #0x5c29                	// #23593
   82b00:	72b851e2 	movk	w2, #0xc28f, lsl #16
   82b04:	b9401a81 	ldr	w1, [x20, #24]
   82b08:	11000400 	add	w0, w0, #0x1
   82b0c:	b9000e80 	str	w0, [x20, #12]
   82b10:	1b027c00 	mul	w0, w0, w2
   82b14:	528b8502 	mov	w2, #0x5c28                	// #23592
   82b18:	72a051e2 	movk	w2, #0x28f, lsl #16
   82b1c:	13800800 	ror	w0, w0, #2
   82b20:	6b02001f 	cmp	w0, w2
   82b24:	54000089 	b.ls	82b34 <CTimer::InterruptHandler()+0xf4>  // b.plast
   82b28:	34fffb81 	cbz	w1, 82a98 <CTimer::InterruptHandler()+0x58>
   82b2c:	9400069d 	bl	845a0 <LeaveCritical>
   82b30:	17ffffda 	b	82a98 <CTimer::InterruptHandler()+0x58>
   82b34:	b9401280 	ldr	w0, [x20, #16]
   82b38:	11000400 	add	w0, w0, #0x1
   82b3c:	b9001280 	str	w0, [x20, #16]
   82b40:	b9401680 	ldr	w0, [x20, #20]
   82b44:	11000400 	add	w0, w0, #0x1
   82b48:	b9001680 	str	w0, [x20, #20]
   82b4c:	17fffff7 	b	82b28 <CTimer::InterruptHandler()+0xe8>

0000000000082b50 <CTimer::InterruptHandler(void*)>:
   82b50:	b4000040 	cbz	x0, 82b58 <CTimer::InterruptHandler(void*)+0x8>
   82b54:	17ffffbb 	b	82a40 <CTimer::InterruptHandler()>
   82b58:	90000061 	adrp	x1, 8e000 <CExceptionHandler::Throw(unsigned int, TAbortFrame*)+0x240>
   82b5c:	90000060 	adrp	x0, 8e000 <CExceptionHandler::Throw(unsigned int, TAbortFrame*)+0x240>
   82b60:	a9bf7bfd 	stp	x29, x30, [sp, #-16]!
   82b64:	52804bc2 	mov	w2, #0x25e                 	// #606
   82b68:	910003fd 	mov	x29, sp
   82b6c:	912ba021 	add	x1, x1, #0xae8
   82b70:	91300000 	add	x0, x0, #0xc00
   82b74:	9400164b 	bl	884a0 <assertion_failed>
   82b78:	d503201f 	nop
   82b7c:	d503201f 	nop

0000000000082b80 <CTimer::TuneMsDelay()>:
   82b80:	a9bd7bfd 	stp	x29, x30, [sp, #-48]!
   82b84:	910003fd 	mov	x29, sp
   82b88:	a90153f3 	stp	x19, x20, [sp, #16]
   82b8c:	aa0003f4 	mov	x20, x0
   82b90:	52807d00 	mov	w0, #0x3e8                 	// #1000
   82b94:	b9402e81 	ldr	w1, [x20, #44]
   82b98:	b9400e93 	ldr	w19, [x20, #12]
   82b9c:	f90013f5 	str	x21, [sp, #32]
   82ba0:	5284e215 	mov	w21, #0x2710                	// #10000
   82ba4:	1b007c20 	mul	w0, w1, w0
   82ba8:	940017b6 	bl	88a80 <DelayLoop>
   82bac:	b9400e80 	ldr	w0, [x20, #12]
   82bb0:	5289ba62 	mov	w2, #0x4dd3                	// #19923
   82bb4:	72a20c42 	movk	w2, #0x1062, lsl #16
   82bb8:	b9402e81 	ldr	w1, [x20, #44]
   82bbc:	4b130000 	sub	w0, w0, w19
   82bc0:	5290a3f3 	mov	w19, #0x851f                	// #34079
   82bc4:	72aa3d73 	movk	w19, #0x51eb, lsl #16
   82bc8:	1ac00ab5 	udiv	w21, w21, w0
   82bcc:	1b017ea1 	mul	w1, w21, w1
   82bd0:	9bb37c21 	umull	x1, w1, w19
   82bd4:	d365fc21 	lsr	x1, x1, #37
   82bd8:	1107d020 	add	w0, w1, #0x1f4
   82bdc:	9ba27c00 	umull	x0, w0, w2
   82be0:	d366fc00 	lsr	x0, x0, #38
   82be4:	29058281 	stp	w1, w0, [x20, #44]
   82be8:	940017ee 	bl	88ba0 <CLogger::Get()>
   82bec:	9bb37ea4 	umull	x4, w21, w19
   82bf0:	52800c85 	mov	w5, #0x64                  	// #100
   82bf4:	b0000061 	adrp	x1, 8f000 <From+0x918>
   82bf8:	90000063 	adrp	x3, 8e000 <CExceptionHandler::Throw(unsigned int, TAbortFrame*)+0x240>
   82bfc:	910ec021 	add	x1, x1, #0x3b0
   82c00:	a94153f3 	ldp	x19, x20, [sp, #16]
   82c04:	91304063 	add	x3, x3, #0xc10
   82c08:	52800062 	mov	w2, #0x3                   	// #3
   82c0c:	d365fc84 	lsr	x4, x4, #37
   82c10:	9100c021 	add	x1, x1, #0x30
   82c14:	1b05d485 	msub	w5, w4, w5, w21
   82c18:	f94013f5 	ldr	x21, [sp, #32]
   82c1c:	a8c37bfd 	ldp	x29, x30, [sp], #48
   82c20:	140019c0 	b	89320 <CLogger::Write(char const*, TLogSeverity, char const*, ...)>

0000000000082c24 <CTimer::Initialize()>:
   82c24:	a9be7bfd 	stp	x29, x30, [sp, #-32]!
   82c28:	910003fd 	mov	x29, sp
   82c2c:	a90153f3 	stp	x19, x20, [sp, #16]
   82c30:	aa0003f3 	mov	x19, x0
   82c34:	f9400000 	ldr	x0, [x0]
   82c38:	b40004a0 	cbz	x0, 82ccc <CTimer::Initialize()+0xa8>
   82c3c:	90000002 	adrp	x2, 82000 <CTimer::~CTimer()+0x1c>
   82c40:	aa1303e3 	mov	x3, x19
   82c44:	912d4042 	add	x2, x2, #0xb50
   82c48:	528003c1 	mov	w1, #0x1e                  	// #30
   82c4c:	94000a25 	bl	854e0 <CInterruptSystem::ConnectIRQ(unsigned int, void (*)(void*), void*)>
   82c50:	d53be001 	mrs	x1, cntfrq_el0
   82c54:	d28b8520 	mov	x0, #0x5c29                	// #23593
   82c58:	928e1462 	mov	x2, #0xffffffffffff8f5c    	// #-28836
   82c5c:	f2b851e0 	movk	x0, #0xc28f, lsl #16
   82c60:	f2beb842 	movk	x2, #0xf5c2, lsl #16
   82c64:	f2c51ea0 	movk	x0, #0x28f5, lsl #32
   82c68:	8a227842 	bic	x2, x2, x2, lsl #30
   82c6c:	f2f1eb80 	movk	x0, #0x8f5c, lsl #48
   82c70:	9b007c20 	mul	x0, x1, x0
   82c74:	93c00800 	ror	x0, x0, #2
   82c78:	eb02001f 	cmp	x0, x2
   82c7c:	54000348 	b.hi	82ce4 <CTimer::Initialize()+0xc0>  // b.pmore
   82c80:	d29eb860 	mov	x0, #0xf5c3                	// #62915
   82c84:	d342fc21 	lsr	x1, x1, #2
   82c88:	f2ab8500 	movk	x0, #0x5c28, lsl #16
   82c8c:	f2d851e0 	movk	x0, #0xc28f, lsl #32
   82c90:	f2e51ea0 	movk	x0, #0x28f5, lsl #48
   82c94:	9bc07c21 	umulh	x1, x1, x0
   82c98:	d342fc21 	lsr	x1, x1, #2
   82c9c:	b9000a61 	str	w1, [x19, #8]
   82ca0:	d53be020 	mrs	x0, cntpct_el0
   82ca4:	8b214001 	add	x1, x0, w1, uxtw
   82ca8:	d51be241 	msr	cntp_cval_el0, x1
   82cac:	d2800034 	mov	x20, #0x1                   	// #1
   82cb0:	d51be234 	msr	cntp_ctl_el0, x20
   82cb4:	aa1303e0 	mov	x0, x19
   82cb8:	97ffffb2 	bl	82b80 <CTimer::TuneMsDelay()>
   82cbc:	2a1403e0 	mov	w0, w20
   82cc0:	a94153f3 	ldp	x19, x20, [sp, #16]
   82cc4:	a8c27bfd 	ldp	x29, x30, [sp], #32
   82cc8:	d65f03c0 	ret
   82ccc:	90000061 	adrp	x1, 8e000 <CExceptionHandler::Throw(unsigned int, TAbortFrame*)+0x240>
   82cd0:	90000060 	adrp	x0, 8e000 <CExceptionHandler::Throw(unsigned int, TAbortFrame*)+0x240>
   82cd4:	52800c82 	mov	w2, #0x64                  	// #100
   82cd8:	912ba021 	add	x1, x1, #0xae8
   82cdc:	912c2000 	add	x0, x0, #0xb08
   82ce0:	940015f0 	bl	884a0 <assertion_failed>
   82ce4:	90000061 	adrp	x1, 8e000 <CExceptionHandler::Throw(unsigned int, TAbortFrame*)+0x240>
   82ce8:	90000060 	adrp	x0, 8e000 <CExceptionHandler::Throw(unsigned int, TAbortFrame*)+0x240>
   82cec:	52800f82 	mov	w2, #0x7c                  	// #124
   82cf0:	912ba021 	add	x1, x1, #0xae8
   82cf4:	9130a000 	add	x0, x0, #0xc28
   82cf8:	940015ea 	bl	884a0 <assertion_failed>
   82cfc:	d503201f 	nop

0000000000082d00 <CTimer::RegisterUpdateTimeHandler(bool (*)(unsigned int, unsigned int))>:
   82d00:	a9bf7bfd 	stp	x29, x30, [sp, #-16]!
   82d04:	910003fd 	mov	x29, sp
   82d08:	f9401c02 	ldr	x2, [x0, #56]
   82d0c:	b50000a2 	cbnz	x2, 82d20 <CTimer::RegisterUpdateTimeHandler(bool (*)(unsigned int, unsigned int))+0x20>
   82d10:	f9001c01 	str	x1, [x0, #56]
   82d14:	b4000121 	cbz	x1, 82d38 <CTimer::RegisterUpdateTimeHandler(bool (*)(unsigned int, unsigned int))+0x38>
   82d18:	a8c17bfd 	ldp	x29, x30, [sp], #16
   82d1c:	d65f03c0 	ret
   82d20:	90000061 	adrp	x1, 8e000 <CExceptionHandler::Throw(unsigned int, TAbortFrame*)+0x240>
   82d24:	90000060 	adrp	x0, 8e000 <CExceptionHandler::Throw(unsigned int, TAbortFrame*)+0x240>
   82d28:	52804e82 	mov	w2, #0x274                 	// #628
   82d2c:	912ba021 	add	x1, x1, #0xae8
   82d30:	91310000 	add	x0, x0, #0xc40
   82d34:	940015db 	bl	884a0 <assertion_failed>
   82d38:	90000061 	adrp	x1, 8e000 <CExceptionHandler::Throw(unsigned int, TAbortFrame*)+0x240>
   82d3c:	90000060 	adrp	x0, 8e000 <CExceptionHandler::Throw(unsigned int, TAbortFrame*)+0x240>
   82d40:	52804ec2 	mov	w2, #0x276                 	// #630
   82d44:	912ba021 	add	x1, x1, #0xae8
   82d48:	91318000 	add	x0, x0, #0xc60
   82d4c:	940015d5 	bl	884a0 <assertion_failed>

0000000000082d50 <CTimer::RegisterPeriodicHandler(void (*)())>:
   82d50:	a9bf7bfd 	stp	x29, x30, [sp, #-16]!
   82d54:	910003fd 	mov	x29, sp
   82d58:	b40001c1 	cbz	x1, 82d90 <CTimer::RegisterPeriodicHandler(void (*)())+0x40>
   82d5c:	b9406002 	ldr	w2, [x0, #96]
   82d60:	71000c5f 	cmp	w2, #0x3
   82d64:	54000228 	b.hi	82da8 <CTimer::RegisterPeriodicHandler(void (*)())+0x58>  // b.pmore
   82d68:	b9406002 	ldr	w2, [x0, #96]
   82d6c:	2a0203e2 	mov	w2, w2
   82d70:	91002042 	add	x2, x2, #0x8
   82d74:	f8227801 	str	x1, [x0, x2, lsl #3]
   82d78:	d5033f9f 	dsb	sy
   82d7c:	b9406001 	ldr	w1, [x0, #96]
   82d80:	a8c17bfd 	ldp	x29, x30, [sp], #16
   82d84:	11000421 	add	w1, w1, #0x1
   82d88:	b9006001 	str	w1, [x0, #96]
   82d8c:	d65f03c0 	ret
   82d90:	90000061 	adrp	x1, 8e000 <CExceptionHandler::Throw(unsigned int, TAbortFrame*)+0x240>
   82d94:	90000060 	adrp	x0, 8e000 <CExceptionHandler::Throw(unsigned int, TAbortFrame*)+0x240>
   82d98:	52804f62 	mov	w2, #0x27b                 	// #635
   82d9c:	912ba021 	add	x1, x1, #0xae8
   82da0:	912ee000 	add	x0, x0, #0xbb8
   82da4:	940015bf 	bl	884a0 <assertion_failed>
   82da8:	90000061 	adrp	x1, 8e000 <CExceptionHandler::Throw(unsigned int, TAbortFrame*)+0x240>
   82dac:	90000060 	adrp	x0, 8e000 <CExceptionHandler::Throw(unsigned int, TAbortFrame*)+0x240>
   82db0:	52804fa2 	mov	w2, #0x27d                 	// #637
   82db4:	912ba021 	add	x1, x1, #0xae8
   82db8:	91320000 	add	x0, x0, #0xc80
   82dbc:	940015b9 	bl	884a0 <assertion_failed>

0000000000082dc0 <CTimer::SimpleMsDelay(unsigned int)>:
   82dc0:	34000280 	cbz	w0, 82e10 <CTimer::SimpleMsDelay(unsigned int)+0x50>
   82dc4:	52807d01 	mov	w1, #0x3e8                 	// #1000
   82dc8:	1b017c00 	mul	w0, w0, w1
   82dcc:	34000220 	cbz	w0, 82e10 <CTimer::SimpleMsDelay(unsigned int)+0x50>
   82dd0:	11000401 	add	w1, w0, #0x1
   82dd4:	d5033fdf 	isb
   82dd8:	d53be023 	mrs	x3, cntpct_el0
   82ddc:	d53be000 	mrs	x0, cntfrq_el0
   82de0:	d2884804 	mov	x4, #0x4240                	// #16960
   82de4:	f2a001e4 	movk	x4, #0xf, lsl #16
   82de8:	9b047c63 	mul	x3, x3, x4
   82dec:	9ac00863 	udiv	x3, x3, x0
   82df0:	d5033fdf 	isb
   82df4:	d53be020 	mrs	x0, cntpct_el0
   82df8:	d53be002 	mrs	x2, cntfrq_el0
   82dfc:	9b047c00 	mul	x0, x0, x4
   82e00:	9ac20800 	udiv	x0, x0, x2
   82e04:	4b030000 	sub	w0, w0, w3
   82e08:	6b00003f 	cmp	w1, w0
   82e0c:	54ffff28 	b.hi	82df0 <CTimer::SimpleMsDelay(unsigned int)+0x30>  // b.pmore
   82e10:	d65f03c0 	ret
   82e14:	d503201f 	nop
   82e18:	d503201f 	nop
   82e1c:	d503201f 	nop

0000000000082e20 <CTimer::SimpleusDelay(unsigned int)>:
   82e20:	34000220 	cbz	w0, 82e64 <CTimer::SimpleusDelay(unsigned int)+0x44>
   82e24:	11000400 	add	w0, w0, #0x1
   82e28:	d5033fdf 	isb
   82e2c:	d53be023 	mrs	x3, cntpct_el0
   82e30:	d53be001 	mrs	x1, cntfrq_el0
   82e34:	d2884804 	mov	x4, #0x4240                	// #16960
   82e38:	f2a001e4 	movk	x4, #0xf, lsl #16
   82e3c:	9b047c63 	mul	x3, x3, x4
   82e40:	9ac10863 	udiv	x3, x3, x1
   82e44:	d5033fdf 	isb
   82e48:	d53be021 	mrs	x1, cntpct_el0
   82e4c:	d53be002 	mrs	x2, cntfrq_el0
   82e50:	9b047c21 	mul	x1, x1, x4
   82e54:	9ac20821 	udiv	x1, x1, x2
   82e58:	4b030021 	sub	w1, w1, w3
   82e5c:	6b01001f 	cmp	w0, w1
   82e60:	54ffff28 	b.hi	82e44 <CTimer::SimpleusDelay(unsigned int)+0x24>  // b.pmore
   82e64:	d65f03c0 	ret

0000000000082e68 <CTimer::IsLeapYear(unsigned int)>:
   82e68:	528b8521 	mov	w1, #0x5c29                	// #23593
   82e6c:	528b8502 	mov	w2, #0x5c28                	// #23592
   82e70:	72b851e1 	movk	w1, #0xc28f, lsl #16
   82e74:	72a051e2 	movk	w2, #0x28f, lsl #16
   82e78:	1b017c01 	mul	w1, w0, w1
   82e7c:	13810823 	ror	w3, w1, #2
   82e80:	6b02007f 	cmp	w3, w2
   82e84:	54000089 	b.ls	82e94 <CTimer::IsLeapYear(unsigned int)+0x2c>  // b.plast
   82e88:	f240041f 	tst	x0, #0x3
   82e8c:	1a9f17e0 	cset	w0, eq	// eq = none
   82e90:	d65f03c0 	ret
   82e94:	529ae140 	mov	w0, #0xd70a                	// #55050
   82e98:	13811021 	ror	w1, w1, #4
   82e9c:	72a01460 	movk	w0, #0xa3, lsl #16
   82ea0:	6b00003f 	cmp	w1, w0
   82ea4:	1a9f87e0 	cset	w0, ls	// ls = plast
   82ea8:	d65f03c0 	ret

0000000000082eac <CTimer::GetDaysOfMonth(unsigned int, unsigned int)>:
   82eac:	7100041f 	cmp	w0, #0x1
   82eb0:	540000c0 	b.eq	82ec8 <CTimer::GetDaysOfMonth(unsigned int, unsigned int)+0x1c>  // b.none
   82eb4:	b0000061 	adrp	x1, 8f000 <From+0x918>
   82eb8:	910ec021 	add	x1, x1, #0x3b0
   82ebc:	b8605822 	ldr	w2, [x1, w0, uxtw #2]
   82ec0:	2a0203e0 	mov	w0, w2
   82ec4:	d65f03c0 	ret
   82ec8:	528b8522 	mov	w2, #0x5c29                	// #23593
   82ecc:	528b8503 	mov	w3, #0x5c28                	// #23592
   82ed0:	72b851e2 	movk	w2, #0xc28f, lsl #16
   82ed4:	72a051e3 	movk	w3, #0x28f, lsl #16
   82ed8:	1b027c22 	mul	w2, w1, w2
   82edc:	13820844 	ror	w4, w2, #2
   82ee0:	6b03009f 	cmp	w4, w3
   82ee4:	540000a9 	b.ls	82ef8 <CTimer::GetDaysOfMonth(unsigned int, unsigned int)+0x4c>  // b.plast
   82ee8:	528003a2 	mov	w2, #0x1d                  	// #29
   82eec:	f240043f 	tst	x1, #0x3
   82ef0:	54fffe21 	b.ne	82eb4 <CTimer::GetDaysOfMonth(unsigned int, unsigned int)+0x8>  // b.any
   82ef4:	17fffff3 	b	82ec0 <CTimer::GetDaysOfMonth(unsigned int, unsigned int)+0x14>
   82ef8:	529ae141 	mov	w1, #0xd70a                	// #55050
   82efc:	13821042 	ror	w2, w2, #4
   82f00:	72a01461 	movk	w1, #0xa3, lsl #16
   82f04:	6b01005f 	cmp	w2, w1
   82f08:	54fffd68 	b.hi	82eb4 <CTimer::GetDaysOfMonth(unsigned int, unsigned int)+0x8>  // b.pmore
   82f0c:	528003a2 	mov	w2, #0x1d                  	// #29
   82f10:	17ffffec 	b	82ec0 <CTimer::GetDaysOfMonth(unsigned int, unsigned int)+0x14>
   82f14:	d503201f 	nop
   82f18:	d503201f 	nop
   82f1c:	d503201f 	nop

0000000000082f20 <CTimer::Get()>:
   82f20:	d0000060 	adrp	x0, 90000 <FromPCIeHost+0x148>
   82f24:	f9417000 	ldr	x0, [x0, #736]
   82f28:	b4000040 	cbz	x0, 82f30 <CTimer::Get()+0x10>
   82f2c:	d65f03c0 	ret
   82f30:	90000061 	adrp	x1, 8e000 <CExceptionHandler::Throw(unsigned int, TAbortFrame*)+0x240>
   82f34:	90000060 	adrp	x0, 8e000 <CExceptionHandler::Throw(unsigned int, TAbortFrame*)+0x240>
   82f38:	a9bf7bfd 	stp	x29, x30, [sp, #-16]!
   82f3c:	528057c2 	mov	w2, #0x2be                 	// #702
   82f40:	910003fd 	mov	x29, sp
   82f44:	912ba021 	add	x1, x1, #0xae8
   82f48:	9132e000 	add	x0, x0, #0xcb8
   82f4c:	94001555 	bl	884a0 <assertion_failed>
	...

0000000000082f60 <memmove>:
   82f60:	eb01001f 	cmp	x0, x1
   82f64:	54000089 	b.ls	82f74 <memmove+0x14>  // b.plast
   82f68:	8b020023 	add	x3, x1, x2
   82f6c:	eb03001f 	cmp	x0, x3
   82f70:	54000043 	b.cc	82f78 <memmove+0x18>  // b.lo, b.ul, b.last
   82f74:	1400020d 	b	837a8 <memcpy>
   82f78:	d1000443 	sub	x3, x2, #0x1
   82f7c:	b40000c2 	cbz	x2, 82f94 <memmove+0x34>
   82f80:	38e36822 	ldrsb	w2, [x1, x3]
   82f84:	38236802 	strb	w2, [x0, x3]
   82f88:	d1000463 	sub	x3, x3, #0x1
   82f8c:	b100047f 	cmn	x3, #0x1
   82f90:	54ffff81 	b.ne	82f80 <memmove+0x20>  // b.any
   82f94:	d65f03c0 	ret
   82f98:	d503201f 	nop
   82f9c:	d503201f 	nop

0000000000082fa0 <memcmp>:
   82fa0:	b40001a2 	cbz	x2, 82fd4 <memcmp+0x34>
   82fa4:	d2800003 	mov	x3, #0x0                   	// #0
   82fa8:	14000005 	b	82fbc <memcmp+0x1c>
   82fac:	54000183 	b.cc	82fdc <memcmp+0x3c>  // b.lo, b.ul, b.last
   82fb0:	91000463 	add	x3, x3, #0x1
   82fb4:	eb03005f 	cmp	x2, x3
   82fb8:	540000e0 	b.eq	82fd4 <memcmp+0x34>  // b.none
   82fbc:	38636805 	ldrb	w5, [x0, x3]
   82fc0:	38636824 	ldrb	w4, [x1, x3]
   82fc4:	6b0400bf 	cmp	w5, w4
   82fc8:	54ffff29 	b.ls	82fac <memcmp+0xc>  // b.plast
   82fcc:	52800020 	mov	w0, #0x1                   	// #1
   82fd0:	d65f03c0 	ret
   82fd4:	52800000 	mov	w0, #0x0                   	// #0
   82fd8:	d65f03c0 	ret
   82fdc:	12800000 	mov	w0, #0xffffffff            	// #-1
   82fe0:	d65f03c0 	ret

0000000000082fe4 <memmem>:
   82fe4:	b40002e1 	cbz	x1, 83040 <memmem+0x5c>
   82fe8:	eb03003f 	cmp	x1, x3
   82fec:	54000263 	b.cc	83038 <memmem+0x54>  // b.lo, b.ul, b.last
   82ff0:	8b010006 	add	x6, x0, x1
   82ff4:	b4000243 	cbz	x3, 8303c <memmem+0x58>
   82ff8:	d503201f 	nop
   82ffc:	d503201f 	nop
   83000:	d2800001 	mov	x1, #0x0                   	// #0
   83004:	14000005 	b	83018 <memmem+0x34>
   83008:	54000103 	b.cc	83028 <memmem+0x44>  // b.lo, b.ul, b.last
   8300c:	91000421 	add	x1, x1, #0x1
   83010:	eb01007f 	cmp	x3, x1
   83014:	54000140 	b.eq	8303c <memmem+0x58>  // b.none
   83018:	38616805 	ldrb	w5, [x0, x1]
   8301c:	38616844 	ldrb	w4, [x2, x1]
   83020:	6b0400bf 	cmp	w5, w4
   83024:	54ffff29 	b.ls	83008 <memmem+0x24>  // b.plast
   83028:	91000400 	add	x0, x0, #0x1
   8302c:	cb0000c1 	sub	x1, x6, x0
   83030:	eb01007f 	cmp	x3, x1
   83034:	54fffe69 	b.ls	83000 <memmem+0x1c>  // b.plast
   83038:	d2800000 	mov	x0, #0x0                   	// #0
   8303c:	d65f03c0 	ret
   83040:	f100007f 	cmp	x3, #0x0
   83044:	9a9f0000 	csel	x0, x0, xzr, eq	// eq = none
   83048:	d65f03c0 	ret

000000000008304c <strlen>:
   8304c:	aa0003e2 	mov	x2, x0
   83050:	39c00000 	ldrsb	w0, [x0]
   83054:	340000e0 	cbz	w0, 83070 <strlen+0x24>
   83058:	d2800000 	mov	x0, #0x0                   	// #0
   8305c:	d503201f 	nop
   83060:	91000400 	add	x0, x0, #0x1
   83064:	38e06841 	ldrsb	w1, [x2, x0]
   83068:	35ffffc1 	cbnz	w1, 83060 <strlen+0x14>
   8306c:	d65f03c0 	ret
   83070:	d2800000 	mov	x0, #0x0                   	// #0
   83074:	d65f03c0 	ret
   83078:	d503201f 	nop
   8307c:	d503201f 	nop

0000000000083080 <strnlen>:
   83080:	b4000121 	cbz	x1, 830a4 <strnlen+0x24>
   83084:	d2800002 	mov	x2, #0x0                   	// #0
   83088:	14000004 	b	83098 <strnlen+0x18>
   8308c:	91000442 	add	x2, x2, #0x1
   83090:	eb02003f 	cmp	x1, x2
   83094:	54000080 	b.eq	830a4 <strnlen+0x24>  // b.none
   83098:	38e26803 	ldrsb	w3, [x0, x2]
   8309c:	35ffff83 	cbnz	w3, 8308c <strnlen+0xc>
   830a0:	aa0203e1 	mov	x1, x2
   830a4:	aa0103e0 	mov	x0, x1
   830a8:	d65f03c0 	ret

00000000000830ac <strcmp>:
   830ac:	39c00002 	ldrsb	w2, [x0]
   830b0:	35000102 	cbnz	w2, 830d0 <strcmp+0x24>
   830b4:	14000016 	b	8310c <strcmp+0x60>
   830b8:	6b02007f 	cmp	w3, w2
   830bc:	5400016b 	b.lt	830e8 <strcmp+0x3c>  // b.tstop
   830c0:	5400018c 	b.gt	830f0 <strcmp+0x44>
   830c4:	38c01c02 	ldrsb	w2, [x0, #1]!
   830c8:	34000182 	cbz	w2, 830f8 <strcmp+0x4c>
   830cc:	91000421 	add	x1, x1, #0x1
   830d0:	39c00023 	ldrsb	w3, [x1]
   830d4:	35ffff23 	cbnz	w3, 830b8 <strcmp+0xc>
   830d8:	6b03005f 	cmp	w2, w3
   830dc:	5a9fa3e0 	csetm	w0, lt	// lt = tstop
   830e0:	1a9fd400 	csinc	w0, w0, wzr, le
   830e4:	d65f03c0 	ret
   830e8:	52800020 	mov	w0, #0x1                   	// #1
   830ec:	d65f03c0 	ret
   830f0:	12800000 	mov	w0, #0xffffffff            	// #-1
   830f4:	d65f03c0 	ret
   830f8:	39c00423 	ldrsb	w3, [x1, #1]
   830fc:	6b03005f 	cmp	w2, w3
   83100:	5a9fa3e0 	csetm	w0, lt	// lt = tstop
   83104:	1a9fd400 	csinc	w0, w0, wzr, le
   83108:	17fffff7 	b	830e4 <strcmp+0x38>
   8310c:	39c00023 	ldrsb	w3, [x1]
   83110:	17fffff2 	b	830d8 <strcmp+0x2c>
   83114:	d503201f 	nop
   83118:	d503201f 	nop
   8311c:	d503201f 	nop

0000000000083120 <strcasecmp>:
   83120:	1400000c 	b	83150 <strcasecmp+0x30>
   83124:	51008063 	sub	w3, w3, #0x20
   83128:	39c00022 	ldrsb	w2, [x1]
   8312c:	51018444 	sub	w4, w2, #0x61
   83130:	7100649f 	cmp	w4, #0x19
   83134:	54000288 	b.hi	83184 <strcasecmp+0x64>  // b.pmore
   83138:	51008042 	sub	w2, w2, #0x20
   8313c:	6b02007f 	cmp	w3, w2
   83140:	540002cc 	b.gt	83198 <strcasecmp+0x78>
   83144:	540002eb 	b.lt	831a0 <strcasecmp+0x80>  // b.tstop
   83148:	91000400 	add	x0, x0, #0x1
   8314c:	91000421 	add	x1, x1, #0x1
   83150:	39c00003 	ldrsb	w3, [x0]
   83154:	51018462 	sub	w2, w3, #0x61
   83158:	7100645f 	cmp	w2, #0x19
   8315c:	54fffe49 	b.ls	83124 <strcasecmp+0x4>  // b.plast
   83160:	35fffe43 	cbnz	w3, 83128 <strcasecmp+0x8>
   83164:	39c00022 	ldrsb	w2, [x1]
   83168:	51018440 	sub	w0, w2, #0x61
   8316c:	7100641f 	cmp	w0, #0x19
   83170:	540000c8 	b.hi	83188 <strcasecmp+0x68>  // b.pmore
   83174:	51008042 	sub	w2, w2, #0x20
   83178:	6b03005f 	cmp	w2, w3
   8317c:	5a9fd3e0 	csetm	w0, gt
   83180:	d65f03c0 	ret
   83184:	35fffdc2 	cbnz	w2, 8313c <strcasecmp+0x1c>
   83188:	52800020 	mov	w0, #0x1                   	// #1
   8318c:	6b03005f 	cmp	w2, w3
   83190:	54ffff4a 	b.ge	83178 <strcasecmp+0x58>  // b.tcont
   83194:	d65f03c0 	ret
   83198:	52800020 	mov	w0, #0x1                   	// #1
   8319c:	d65f03c0 	ret
   831a0:	12800000 	mov	w0, #0xffffffff            	// #-1
   831a4:	d65f03c0 	ret

00000000000831a8 <strncmp>:
   831a8:	b5000162 	cbnz	x2, 831d4 <strncmp+0x2c>
   831ac:	14000012 	b	831f4 <strncmp+0x4c>
   831b0:	39c00024 	ldrsb	w4, [x1]
   831b4:	34000144 	cbz	w4, 831dc <strncmp+0x34>
   831b8:	6b04007f 	cmp	w3, w4
   831bc:	5400020c 	b.gt	831fc <strncmp+0x54>
   831c0:	5400022b 	b.lt	83204 <strncmp+0x5c>  // b.tstop
   831c4:	f1000442 	subs	x2, x2, #0x1
   831c8:	91000400 	add	x0, x0, #0x1
   831cc:	91000421 	add	x1, x1, #0x1
   831d0:	54000120 	b.eq	831f4 <strncmp+0x4c>  // b.none
   831d4:	39c00003 	ldrsb	w3, [x0]
   831d8:	35fffec3 	cbnz	w3, 831b0 <strncmp+0x8>
   831dc:	39c00002 	ldrsb	w2, [x0]
   831e0:	39c00020 	ldrsb	w0, [x1]
   831e4:	6b00005f 	cmp	w2, w0
   831e8:	5a9fa3e0 	csetm	w0, lt	// lt = tstop
   831ec:	1a9fd400 	csinc	w0, w0, wzr, le
   831f0:	d65f03c0 	ret
   831f4:	52800000 	mov	w0, #0x0                   	// #0
   831f8:	d65f03c0 	ret
   831fc:	52800020 	mov	w0, #0x1                   	// #1
   83200:	d65f03c0 	ret
   83204:	12800000 	mov	w0, #0xffffffff            	// #-1
   83208:	d65f03c0 	ret

000000000008320c <strncasecmp>:
   8320c:	b50001e2 	cbnz	x2, 83248 <strncasecmp+0x3c>
   83210:	14000020 	b	83290 <strncasecmp+0x84>
   83214:	51008084 	sub	w4, w4, #0x20
   83218:	39c00023 	ldrsb	w3, [x1]
   8321c:	51018465 	sub	w5, w3, #0x61
   83220:	710064bf 	cmp	w5, #0x19
   83224:	540002c8 	b.hi	8327c <strncasecmp+0x70>  // b.pmore
   83228:	51008063 	sub	w3, w3, #0x20
   8322c:	6b03009f 	cmp	w4, w3
   83230:	5400034c 	b.gt	83298 <strncasecmp+0x8c>
   83234:	5400036b 	b.lt	832a0 <strncasecmp+0x94>  // b.tstop
   83238:	f1000442 	subs	x2, x2, #0x1
   8323c:	91000400 	add	x0, x0, #0x1
   83240:	91000421 	add	x1, x1, #0x1
   83244:	54000260 	b.eq	83290 <strncasecmp+0x84>  // b.none
   83248:	39c00004 	ldrsb	w4, [x0]
   8324c:	51018483 	sub	w3, w4, #0x61
   83250:	7100647f 	cmp	w3, #0x19
   83254:	54fffe09 	b.ls	83214 <strncasecmp+0x8>  // b.plast
   83258:	35fffe04 	cbnz	w4, 83218 <strncasecmp+0xc>
   8325c:	39c00023 	ldrsb	w3, [x1]
   83260:	51018460 	sub	w0, w3, #0x61
   83264:	7100641f 	cmp	w0, #0x19
   83268:	540000c8 	b.hi	83280 <strncasecmp+0x74>  // b.pmore
   8326c:	51008063 	sub	w3, w3, #0x20
   83270:	6b03009f 	cmp	w4, w3
   83274:	5a9fa3e0 	csetm	w0, lt	// lt = tstop
   83278:	d65f03c0 	ret
   8327c:	35fffd83 	cbnz	w3, 8322c <strncasecmp+0x20>
   83280:	52800020 	mov	w0, #0x1                   	// #1
   83284:	6b04007f 	cmp	w3, w4
   83288:	54ffff4a 	b.ge	83270 <strncasecmp+0x64>  // b.tcont
   8328c:	d65f03c0 	ret
   83290:	52800000 	mov	w0, #0x0                   	// #0
   83294:	d65f03c0 	ret
   83298:	52800020 	mov	w0, #0x1                   	// #1
   8329c:	d65f03c0 	ret
   832a0:	12800000 	mov	w0, #0xffffffff            	// #-1
   832a4:	d65f03c0 	ret

00000000000832a8 <strcpy>:
   832a8:	39c00022 	ldrsb	w2, [x1]
   832ac:	aa0003e3 	mov	x3, x0
   832b0:	340000e2 	cbz	w2, 832cc <strcpy+0x24>
   832b4:	d503201f 	nop
   832b8:	d503201f 	nop
   832bc:	d503201f 	nop
   832c0:	38001462 	strb	w2, [x3], #1
   832c4:	38c01c22 	ldrsb	w2, [x1, #1]!
   832c8:	35ffffc2 	cbnz	w2, 832c0 <strcpy+0x18>
   832cc:	3900007f 	strb	wzr, [x3]
   832d0:	d65f03c0 	ret
   832d4:	d503201f 	nop
   832d8:	d503201f 	nop
   832dc:	d503201f 	nop

00000000000832e0 <strncpy>:
   832e0:	b4000142 	cbz	x2, 83308 <strncpy+0x28>
   832e4:	aa0003e4 	mov	x4, x0
   832e8:	14000005 	b	832fc <strncpy+0x1c>
   832ec:	f1000442 	subs	x2, x2, #0x1
   832f0:	38001483 	strb	w3, [x4], #1
   832f4:	91000421 	add	x1, x1, #0x1
   832f8:	54000080 	b.eq	83308 <strncpy+0x28>  // b.none
   832fc:	39c00023 	ldrsb	w3, [x1]
   83300:	35ffff63 	cbnz	w3, 832ec <strncpy+0xc>
   83304:	3900009f 	strb	wzr, [x4]
   83308:	d65f03c0 	ret

000000000008330c <strcat>:
   8330c:	39c00002 	ldrsb	w2, [x0]
   83310:	340001a2 	cbz	w2, 83344 <strcat+0x38>
   83314:	aa0003e2 	mov	x2, x0
   83318:	d503201f 	nop
   8331c:	d503201f 	nop
   83320:	38c01c43 	ldrsb	w3, [x2, #1]!
   83324:	35ffffe3 	cbnz	w3, 83320 <strcat+0x14>
   83328:	39c00023 	ldrsb	w3, [x1]
   8332c:	34000083 	cbz	w3, 8333c <strcat+0x30>
   83330:	38001443 	strb	w3, [x2], #1
   83334:	38c01c23 	ldrsb	w3, [x1, #1]!
   83338:	35ffffc3 	cbnz	w3, 83330 <strcat+0x24>
   8333c:	3900005f 	strb	wzr, [x2]
   83340:	d65f03c0 	ret
   83344:	aa0003e2 	mov	x2, x0
   83348:	17fffff8 	b	83328 <strcat+0x1c>

000000000008334c <strncat>:
   8334c:	39c00003 	ldrsb	w3, [x0]
   83350:	34000283 	cbz	w3, 833a0 <strncat+0x54>
   83354:	aa0003e3 	mov	x3, x0
   83358:	d503201f 	nop
   8335c:	d503201f 	nop
   83360:	38c01c64 	ldrsb	w4, [x3, #1]!
   83364:	35ffffe4 	cbnz	w4, 83360 <strncat+0x14>
   83368:	39c00024 	ldrsb	w4, [x1]
   8336c:	34000144 	cbz	w4, 83394 <strncat+0x48>
   83370:	8b020062 	add	x2, x3, x2
   83374:	14000004 	b	83384 <strncat+0x38>
   83378:	38001464 	strb	w4, [x3], #1
   8337c:	38c01c24 	ldrsb	w4, [x1, #1]!
   83380:	340000a4 	cbz	w4, 83394 <strncat+0x48>
   83384:	eb03005f 	cmp	x2, x3
   83388:	54ffff81 	b.ne	83378 <strncat+0x2c>  // b.any
   8338c:	3900005f 	strb	wzr, [x2]
   83390:	d65f03c0 	ret
   83394:	aa0303e2 	mov	x2, x3
   83398:	3900005f 	strb	wzr, [x2]
   8339c:	d65f03c0 	ret
   833a0:	aa0003e3 	mov	x3, x0
   833a4:	17fffff1 	b	83368 <strncat+0x1c>

00000000000833a8 <strchr>:
   833a8:	39c00002 	ldrsb	w2, [x0]
   833ac:	35000082 	cbnz	w2, 833bc <strchr+0x14>
   833b0:	14000006 	b	833c8 <strchr+0x20>
   833b4:	38c01c02 	ldrsb	w2, [x0, #1]!
   833b8:	34000082 	cbz	w2, 833c8 <strchr+0x20>
   833bc:	6b01005f 	cmp	w2, w1
   833c0:	54ffffa1 	b.ne	833b4 <strchr+0xc>  // b.any
   833c4:	d65f03c0 	ret
   833c8:	d2800000 	mov	x0, #0x0                   	// #0
   833cc:	d65f03c0 	ret

00000000000833d0 <strstr>:
   833d0:	39c00002 	ldrsb	w2, [x0]
   833d4:	39c00025 	ldrsb	w5, [x1]
   833d8:	35000082 	cbnz	w2, 833e8 <strstr+0x18>
   833dc:	710000bf 	cmp	w5, #0x0
   833e0:	9a9f0000 	csel	x0, x0, xzr, eq	// eq = none
   833e4:	d65f03c0 	ret
   833e8:	34ffffe5 	cbz	w5, 833e4 <strstr+0x14>
   833ec:	2a0503e3 	mov	w3, w5
   833f0:	d2800002 	mov	x2, #0x0                   	// #0
   833f4:	14000004 	b	83404 <strstr+0x34>
   833f8:	91000442 	add	x2, x2, #0x1
   833fc:	38e26823 	ldrsb	w3, [x1, x2]
   83400:	34ffff23 	cbz	w3, 833e4 <strstr+0x14>
   83404:	38e26804 	ldrsb	w4, [x0, x2]
   83408:	6b03009f 	cmp	w4, w3
   8340c:	54ffff60 	b.eq	833f8 <strstr+0x28>  // b.none
   83410:	38c01c02 	ldrsb	w2, [x0, #1]!
   83414:	35fffec2 	cbnz	w2, 833ec <strstr+0x1c>
   83418:	d2800000 	mov	x0, #0x0                   	// #0
   8341c:	d65f03c0 	ret

0000000000083420 <strtok_r>:
   83420:	b40004a0 	cbz	x0, 834b4 <strtok_r+0x94>
   83424:	39c00004 	ldrsb	w4, [x0]
   83428:	34000404 	cbz	w4, 834a8 <strtok_r+0x88>
   8342c:	39c00027 	ldrsb	w7, [x1]
   83430:	35000247 	cbnz	w7, 83478 <strtok_r+0x58>
   83434:	d503201f 	nop
   83438:	d503201f 	nop
   8343c:	d503201f 	nop
   83440:	34000344 	cbz	w4, 834a8 <strtok_r+0x88>
   83444:	34000407 	cbz	w7, 834c4 <strtok_r+0xa4>
   83448:	aa0003e6 	mov	x6, x0
   8344c:	aa0103e5 	mov	x5, x1
   83450:	2a0703e3 	mov	w3, w7
   83454:	14000003 	b	83460 <strtok_r+0x40>
   83458:	38c01ca3 	ldrsb	w3, [x5, #1]!
   8345c:	340001e3 	cbz	w3, 83498 <strtok_r+0x78>
   83460:	6b04007f 	cmp	w3, w4
   83464:	54ffffa1 	b.ne	83458 <strtok_r+0x38>  // b.any
   83468:	380014df 	strb	wzr, [x6], #1
   8346c:	f9000046 	str	x6, [x2]
   83470:	d65f03c0 	ret
   83474:	38c01c04 	ldrsb	w4, [x0, #1]!
   83478:	aa0103e5 	mov	x5, x1
   8347c:	2a0703e3 	mov	w3, w7
   83480:	14000003 	b	8348c <strtok_r+0x6c>
   83484:	38c01ca3 	ldrsb	w3, [x5, #1]!
   83488:	34fffdc3 	cbz	w3, 83440 <strtok_r+0x20>
   8348c:	6b04007f 	cmp	w3, w4
   83490:	54ffffa1 	b.ne	83484 <strtok_r+0x64>  // b.any
   83494:	17fffff8 	b	83474 <strtok_r+0x54>
   83498:	38c01cc4 	ldrsb	w4, [x6, #1]!
   8349c:	35fffd84 	cbnz	w4, 8344c <strtok_r+0x2c>
   834a0:	f9000046 	str	x6, [x2]
   834a4:	17fffff3 	b	83470 <strtok_r+0x50>
   834a8:	d2800000 	mov	x0, #0x0                   	// #0
   834ac:	f900005f 	str	xzr, [x2]
   834b0:	d65f03c0 	ret
   834b4:	f9400040 	ldr	x0, [x2]
   834b8:	b5fffb60 	cbnz	x0, 83424 <strtok_r+0x4>
   834bc:	d2800000 	mov	x0, #0x0                   	// #0
   834c0:	17fffffc 	b	834b0 <strtok_r+0x90>
   834c4:	aa0003e1 	mov	x1, x0
   834c8:	14000003 	b	834d4 <strtok_r+0xb4>
   834cc:	38c02c23 	ldrsb	w3, [x1, #2]!
   834d0:	340000c3 	cbz	w3, 834e8 <strtok_r+0xc8>
   834d4:	39c00423 	ldrsb	w3, [x1, #1]
   834d8:	91000426 	add	x6, x1, #0x1
   834dc:	35ffff83 	cbnz	w3, 834cc <strtok_r+0xac>
   834e0:	f9000046 	str	x6, [x2]
   834e4:	17ffffe3 	b	83470 <strtok_r+0x50>
   834e8:	aa0103e6 	mov	x6, x1
   834ec:	f9000046 	str	x6, [x2]
   834f0:	17ffffe0 	b	83470 <strtok_r+0x50>
   834f4:	d503201f 	nop
   834f8:	d503201f 	nop
   834fc:	d503201f 	nop

0000000000083500 <strtoul>:
   83500:	aa0003e3 	mov	x3, x0
   83504:	b4000041 	cbz	x1, 8350c <strtoul+0xc>
   83508:	f9000020 	str	x0, [x1]
   8350c:	51000840 	sub	w0, w2, #0x2
   83510:	7100881f 	cmp	w0, #0x22
   83514:	7a408844 	ccmp	w2, #0x0, #0x4, hi	// hi = pmore
   83518:	54000a41 	b.ne	83660 <strtoul+0x160>  // b.any
   8351c:	d503201f 	nop
   83520:	39c00064 	ldrsb	w4, [x3]
   83524:	7100809f 	cmp	w4, #0x20
   83528:	54000340 	b.eq	83590 <strtoul+0x90>  // b.none
   8352c:	51002480 	sub	w0, w4, #0x9
   83530:	12001c00 	and	w0, w0, #0xff
   83534:	7100101f 	cmp	w0, #0x4
   83538:	540002c9 	b.ls	83590 <strtoul+0x90>  // b.plast
   8353c:	7100ac9f 	cmp	w4, #0x2b
   83540:	540002c0 	b.eq	83598 <strtoul+0x98>  // b.none
   83544:	52800009 	mov	w9, #0x0                   	// #0
   83548:	7100b49f 	cmp	w4, #0x2d
   8354c:	540002c1 	b.ne	835a4 <strtoul+0xa4>  // b.any
   83550:	39c00464 	ldrsb	w4, [x3, #1]
   83554:	52800029 	mov	w9, #0x1                   	// #1
   83558:	91000463 	add	x3, x3, #0x1
   8355c:	7100c09f 	cmp	w4, #0x30
   83560:	54000261 	b.ne	835ac <strtoul+0xac>  // b.any
   83564:	39c00464 	ldrsb	w4, [x3, #1]
   83568:	91000465 	add	x5, x3, #0x1
   8356c:	121a7880 	and	w0, w4, #0xffffffdf
   83570:	7101601f 	cmp	w0, #0x58
   83574:	540007a1 	b.ne	83668 <strtoul+0x168>  // b.any
   83578:	721b785f 	tst	w2, #0xffffffef
   8357c:	54000721 	b.ne	83660 <strtoul+0x160>  // b.any
   83580:	39c00864 	ldrsb	w4, [x3, #2]
   83584:	52800202 	mov	w2, #0x10                  	// #16
   83588:	91000863 	add	x3, x3, #0x2
   8358c:	1400000b 	b	835b8 <strtoul+0xb8>
   83590:	91000463 	add	x3, x3, #0x1
   83594:	17ffffe3 	b	83520 <strtoul+0x20>
   83598:	39c00464 	ldrsb	w4, [x3, #1]
   8359c:	52800009 	mov	w9, #0x0                   	// #0
   835a0:	91000463 	add	x3, x3, #0x1
   835a4:	7100c09f 	cmp	w4, #0x30
   835a8:	54fffde0 	b.eq	83564 <strtoul+0x64>  // b.none
   835ac:	7100005f 	cmp	w2, #0x0
   835b0:	52800140 	mov	w0, #0xa                   	// #10
   835b4:	1a801042 	csel	w2, w2, w0, ne	// ne = any
   835b8:	2a0403e5 	mov	w5, w4
   835bc:	7100bc9f 	cmp	w4, #0x2f
   835c0:	540004cd 	b.le	83658 <strtoul+0x158>
   835c4:	51018484 	sub	w4, w4, #0x61
   835c8:	52800027 	mov	w7, #0x1                   	// #1
   835cc:	d2800006 	mov	x6, #0x0                   	// #0
   835d0:	93407c48 	sxtw	x8, w2
   835d4:	7100649f 	cmp	w4, #0x19
   835d8:	54000288 	b.hi	83628 <strtoul+0x128>  // b.pmore
   835dc:	d503201f 	nop
   835e0:	510080a5 	sub	w5, w5, #0x20
   835e4:	51001ca5 	sub	w5, w5, #0x7
   835e8:	5100c0a5 	sub	w5, w5, #0x30
   835ec:	6b0200bf 	cmp	w5, w2
   835f0:	5400026a 	b.ge	8363c <strtoul+0x13c>  // b.tcont
   835f4:	93407ca5 	sxtw	x5, w5
   835f8:	9b061500 	madd	x0, x8, x6, x5
   835fc:	eb06001f 	cmp	x0, x6
   83600:	540003c3 	b.cc	83678 <strtoul+0x178>  // b.lo, b.ul, b.last
   83604:	38c01c65 	ldrsb	w5, [x3, #1]!
   83608:	52800007 	mov	w7, #0x0                   	// #0
   8360c:	2a0503e4 	mov	w4, w5
   83610:	7100bcbf 	cmp	w5, #0x2f
   83614:	540003ad 	b.le	83688 <strtoul+0x188>
   83618:	51018484 	sub	w4, w4, #0x61
   8361c:	aa0003e6 	mov	x6, x0
   83620:	7100649f 	cmp	w4, #0x19
   83624:	54fffde9 	b.ls	835e0 <strtoul+0xe0>  // b.plast
   83628:	710100bf 	cmp	w5, #0x40
   8362c:	54fffdcc 	b.gt	835e4 <strtoul+0xe4>
   83630:	5100c0a5 	sub	w5, w5, #0x30
   83634:	6b0200bf 	cmp	w5, w2
   83638:	54fffdeb 	b.lt	835f4 <strtoul+0xf4>  // b.tstop
   8363c:	520000e7 	eor	w7, w7, #0x1
   83640:	aa0603e0 	mov	x0, x6
   83644:	b4000041 	cbz	x1, 8364c <strtoul+0x14c>
   83648:	f9000023 	str	x3, [x1]
   8364c:	6a0900ff 	tst	w7, w9
   83650:	da800400 	cneg	x0, x0, ne	// ne = any
   83654:	d65f03c0 	ret
   83658:	b4000041 	cbz	x1, 83660 <strtoul+0x160>
   8365c:	f9000023 	str	x3, [x1]
   83660:	d2800000 	mov	x0, #0x0                   	// #0
   83664:	d65f03c0 	ret
   83668:	aa0503e3 	mov	x3, x5
   8366c:	35fffa62 	cbnz	w2, 835b8 <strtoul+0xb8>
   83670:	52800102 	mov	w2, #0x8                   	// #8
   83674:	17ffffd1 	b	835b8 <strtoul+0xb8>
   83678:	b4000041 	cbz	x1, 83680 <strtoul+0x180>
   8367c:	f9000023 	str	x3, [x1]
   83680:	92800000 	mov	x0, #0xffffffffffffffff    	// #-1
   83684:	d65f03c0 	ret
   83688:	52800027 	mov	w7, #0x1                   	// #1
   8368c:	17ffffee 	b	83644 <strtoul+0x144>

0000000000083690 <strtoull>:
   83690:	17ffff9c 	b	83500 <strtoul>
   83694:	d503201f 	nop
   83698:	d503201f 	nop
   8369c:	d503201f 	nop

00000000000836a0 <atoi>:
   836a0:	a9bf7bfd 	stp	x29, x30, [sp, #-16]!
   836a4:	52800142 	mov	w2, #0xa                   	// #10
   836a8:	910003fd 	mov	x29, sp
   836ac:	d2800001 	mov	x1, #0x0                   	// #0
   836b0:	97ffff94 	bl	83500 <strtoul>
   836b4:	a8c17bfd 	ldp	x29, x30, [sp], #16
   836b8:	d65f03c0 	ret
   836bc:	d503201f 	nop

00000000000836c0 <char2int>:
   836c0:	13001c00 	sxtb	w0, w0
   836c4:	d65f03c0 	ret

00000000000836c8 <ether_crc>:
   836c8:	b4000440 	cbz	x0, 83750 <ether_crc+0x88>
   836cc:	52906405 	mov	w5, #0x8320                	// #33568
   836d0:	8b000026 	add	x6, x1, x0
   836d4:	12800002 	mov	w2, #0xffffffff            	// #-1
   836d8:	72bdb705 	movk	w5, #0xedb8, lsl #16
   836dc:	d503201f 	nop
   836e0:	38401420 	ldrb	w0, [x1], #1
   836e4:	4a000042 	eor	w2, w2, w0
   836e8:	52800100 	mov	w0, #0x8                   	// #8
   836ec:	72000043 	ands	w3, w2, #0x1
   836f0:	53017c44 	lsr	w4, w2, #1
   836f4:	1a850063 	csel	w3, w3, w5, eq	// eq = none
   836f8:	4a4204a2 	eor	w2, w5, w2, lsr #1
   836fc:	1a841042 	csel	w2, w2, w4, ne	// ne = any
   83700:	71000400 	subs	w0, w0, #0x1
   83704:	54ffff41 	b.ne	836ec <ether_crc+0x24>  // b.any
   83708:	eb06003f 	cmp	x1, x6
   8370c:	54fffea1 	b.ne	836e0 <ether_crc+0x18>  // b.any
   83710:	6b03009f 	cmp	w4, w3
   83714:	540001c0 	b.eq	8374c <ether_crc+0x84>  // b.none
   83718:	2a0203e1 	mov	w1, w2
   8371c:	52800000 	mov	w0, #0x0                   	// #0
   83720:	12000023 	and	w3, w1, #0x1
   83724:	53017c21 	lsr	w1, w1, #1
   83728:	2a000460 	orr	w0, w3, w0, lsl #1
   8372c:	35ffffa1 	cbnz	w1, 83720 <ether_crc+0x58>
   83730:	52800403 	mov	w3, #0x20                  	// #32
   83734:	5ac01041 	clz	w1, w2
   83738:	4b010061 	sub	w1, w3, w1
   8373c:	7100005f 	cmp	w2, #0x0
   83740:	1a9f1421 	csinc	w1, w1, wzr, ne	// ne = any
   83744:	4b010063 	sub	w3, w3, w1
   83748:	1ac32000 	lsl	w0, w0, w3
   8374c:	d65f03c0 	ret
   83750:	12800002 	mov	w2, #0xffffffff            	// #-1
   83754:	17fffff1 	b	83718 <ether_crc+0x50>

0000000000083758 <memset>:
   83758:	b40000e2 	cbz	x2, 83774 <memset+0x1c>
   8375c:	aa0003ea 	mov	x10, x0
   83760:	f240115f 	tst	x10, #0x1f
   83764:	540000a0 	b.eq	83778 <memset+0x20>  // b.none
   83768:	38001541 	strb	w1, [x10], #1
   8376c:	d1000442 	sub	x2, x2, #0x1
   83770:	b5ffff82 	cbnz	x2, 83760 <memset+0x8>
   83774:	d65f03c0 	ret
   83778:	d345fc49 	lsr	x9, x2, #5
   8377c:	92401042 	and	x2, x2, #0x1f
   83780:	b4000109 	cbz	x9, 837a0 <memset+0x48>
   83784:	92401c21 	and	x1, x1, #0xff
   83788:	b200c3e8 	mov	x8, #0x101010101010101     	// #72340172838076673
   8378c:	9b017d08 	mul	x8, x8, x1
   83790:	d1000529 	sub	x9, x9, #0x1
   83794:	a8812148 	stp	x8, x8, [x10], #16
   83798:	a8812148 	stp	x8, x8, [x10], #16
   8379c:	b5ffffa9 	cbnz	x9, 83790 <memset+0x38>
   837a0:	b4fffea2 	cbz	x2, 83774 <memset+0x1c>
   837a4:	17fffff1 	b	83768 <memset+0x10>

00000000000837a8 <memcpy>:
   837a8:	aa0003e8 	mov	x8, x0
   837ac:	f101fc5f 	cmp	x2, #0x7f
   837b0:	540001c9 	b.ls	837e8 <memcpy+0x40>  // b.plast
   837b4:	f240081f 	tst	x0, #0x7
   837b8:	54000181 	b.ne	837e8 <memcpy+0x40>  // b.any
   837bc:	f240083f 	tst	x1, #0x7
   837c0:	54000141 	b.ne	837e8 <memcpy+0x40>  // b.any
   837c4:	d2800803 	mov	x3, #0x40                  	// #64
   837c8:	a8c11424 	ldp	x4, x5, [x1], #16
   837cc:	a8c11c26 	ldp	x6, x7, [x1], #16
   837d0:	d1008042 	sub	x2, x2, #0x20
   837d4:	a8811404 	stp	x4, x5, [x0], #16
   837d8:	a8811c06 	stp	x6, x7, [x0], #16
   837dc:	f8a36821 	prfm	pldl1strm, [x1, x3]
   837e0:	f1007c5f 	cmp	x2, #0x1f
   837e4:	54ffff28 	b.hi	837c8 <memcpy+0x20>  // b.pmore
   837e8:	f100005f 	cmp	x2, #0x0
   837ec:	540000a0 	b.eq	83800 <memcpy+0x58>  // b.none
   837f0:	38401423 	ldrb	w3, [x1], #1
   837f4:	f1000442 	subs	x2, x2, #0x1
   837f8:	38001403 	strb	w3, [x0], #1
   837fc:	54ffffa1 	b.ne	837f0 <memcpy+0x48>  // b.any
   83800:	aa0803e0 	mov	x0, x8
   83804:	d65f03c0 	ret
	...

0000000000083820 <ChainBootStub(void const*, unsigned long)>:
   83820:	91000c22 	add	x2, x1, #0x3
   83824:	d342fc42 	lsr	x2, x2, #2
   83828:	b4000182 	cbz	x2, 83858 <ChainBootStub(void const*, unsigned long)+0x38>
   8382c:	91408042 	add	x2, x2, #0x20, lsl #12
   83830:	d1420000 	sub	x0, x0, #0x80, lsl #12
   83834:	d37ef442 	lsl	x2, x2, #2
   83838:	d2a00101 	mov	x1, #0x80000               	// #524288
   8383c:	d503201f 	nop
   83840:	b8606824 	ldr	w4, [x1, x0]
   83844:	aa0103e3 	mov	x3, x1
   83848:	91001021 	add	x1, x1, #0x4
   8384c:	b9000064 	str	w4, [x3]
   83850:	eb02003f 	cmp	x1, x2
   83854:	54ffff61 	b.ne	83840 <ChainBootStub(void const*, unsigned long)+0x20>  // b.any
   83858:	d508751f 	ic	iallu
   8385c:	d5033f9f 	dsb	sy
   83860:	d5033fdf 	isb
   83864:	d2a00110 	mov	x16, #0x80000               	// #524288
   83868:	d61f0200 	br	x16

000000000008386c <EnableChainBoot>:
   8386c:	b0000062 	adrp	x2, 90000 <FromPCIeHost+0x148>
   83870:	a9bf7bfd 	stp	x29, x30, [sp, #-16]!
   83874:	910003fd 	mov	x29, sp
   83878:	910ba043 	add	x3, x2, #0x2e8
   8387c:	f9000461 	str	x1, [x3, #8]
   83880:	90000001 	adrp	x1, 83000 <memmem+0x1c>
   83884:	f9017440 	str	x0, [x2, #744]
   83888:	91208021 	add	x1, x1, #0x820
   8388c:	d2808002 	mov	x2, #0x400                 	// #1024
   83890:	b27623e0 	mov	x0, #0x7fc00               	// #523264
   83894:	97ffffc5 	bl	837a8 <memcpy>
   83898:	d508751f 	ic	iallu
   8389c:	d5033f9f 	dsb	sy
   838a0:	d5033fdf 	isb
   838a4:	a8c17bfd 	ldp	x29, x30, [sp], #16
   838a8:	d65f03c0 	ret

00000000000838ac <IsChainBootEnabled>:
   838ac:	b0000060 	adrp	x0, 90000 <FromPCIeHost+0x148>
   838b0:	f9417400 	ldr	x0, [x0, #744]
   838b4:	f100001f 	cmp	x0, #0x0
   838b8:	1a9f07e0 	cset	w0, ne	// ne = any
   838bc:	d65f03c0 	ret

00000000000838c0 <DoChainBoot>:
   838c0:	d4000002 	hvc	#0x0
   838c4:	b0000060 	adrp	x0, 90000 <FromPCIeHost+0x148>
   838c8:	b27623f0 	mov	x16, #0x7fc00               	// #523264
   838cc:	910ba001 	add	x1, x0, #0x2e8
   838d0:	f9417400 	ldr	x0, [x0, #744]
   838d4:	f9400421 	ldr	x1, [x1, #8]
   838d8:	d61f0200 	br	x16
   838dc:	00000000 	udf	#0

00000000000838e0 <operator new(unsigned long, int)>:
   838e0:	7100043f 	cmp	w1, #0x1
   838e4:	540002c0 	b.eq	8393c <operator new(unsigned long, int)+0x5c>  // b.none
   838e8:	7100083f 	cmp	w1, #0x2
   838ec:	540000e0 	b.eq	83908 <operator new(unsigned long, int)+0x28>  // b.none
   838f0:	35000301 	cbnz	w1, 83950 <operator new(unsigned long, int)+0x70>
   838f4:	b0000061 	adrp	x1, 90000 <FromPCIeHost+0x148>
   838f8:	f9417c22 	ldr	x2, [x1, #760]
   838fc:	aa0003e1 	mov	x1, x0
   83900:	91006040 	add	x0, x2, #0x18
   83904:	14000171 	b	83ec8 <CHeapAllocator::Allocate(unsigned long)>
   83908:	b0000062 	adrp	x2, 90000 <FromPCIeHost+0x148>
   8390c:	a9be7bfd 	stp	x29, x30, [sp, #-32]!
   83910:	aa0003e1 	mov	x1, x0
   83914:	910003fd 	mov	x29, sp
   83918:	f9417c40 	ldr	x0, [x2, #760]
   8391c:	f9000fe1 	str	x1, [sp, #24]
   83920:	91064000 	add	x0, x0, #0x190
   83924:	94000169 	bl	83ec8 <CHeapAllocator::Allocate(unsigned long)>
   83928:	f9400fe1 	ldr	x1, [sp, #24]
   8392c:	b0000062 	adrp	x2, 90000 <FromPCIeHost+0x148>
   83930:	b4000140 	cbz	x0, 83958 <operator new(unsigned long, int)+0x78>
   83934:	a8c27bfd 	ldp	x29, x30, [sp], #32
   83938:	d65f03c0 	ret
   8393c:	b0000061 	adrp	x1, 90000 <FromPCIeHost+0x148>
   83940:	f9417c22 	ldr	x2, [x1, #760]
   83944:	aa0003e1 	mov	x1, x0
   83948:	91064040 	add	x0, x2, #0x190
   8394c:	1400015f 	b	83ec8 <CHeapAllocator::Allocate(unsigned long)>
   83950:	d2800000 	mov	x0, #0x0                   	// #0
   83954:	d65f03c0 	ret
   83958:	f9417c40 	ldr	x0, [x2, #760]
   8395c:	a8c27bfd 	ldp	x29, x30, [sp], #32
   83960:	91006000 	add	x0, x0, #0x18
   83964:	14000159 	b	83ec8 <CHeapAllocator::Allocate(unsigned long)>

0000000000083968 <operator new[](unsigned long, int)>:
   83968:	7100043f 	cmp	w1, #0x1
   8396c:	540002c0 	b.eq	839c4 <operator new[](unsigned long, int)+0x5c>  // b.none
   83970:	7100083f 	cmp	w1, #0x2
   83974:	540000e0 	b.eq	83990 <operator new[](unsigned long, int)+0x28>  // b.none
   83978:	35000301 	cbnz	w1, 839d8 <operator new[](unsigned long, int)+0x70>
   8397c:	b0000061 	adrp	x1, 90000 <FromPCIeHost+0x148>
   83980:	f9417c22 	ldr	x2, [x1, #760]
   83984:	aa0003e1 	mov	x1, x0
   83988:	91006040 	add	x0, x2, #0x18
   8398c:	1400014f 	b	83ec8 <CHeapAllocator::Allocate(unsigned long)>
   83990:	b0000062 	adrp	x2, 90000 <FromPCIeHost+0x148>
   83994:	a9be7bfd 	stp	x29, x30, [sp, #-32]!
   83998:	aa0003e1 	mov	x1, x0
   8399c:	910003fd 	mov	x29, sp
   839a0:	f9417c40 	ldr	x0, [x2, #760]
   839a4:	f9000fe1 	str	x1, [sp, #24]
   839a8:	91064000 	add	x0, x0, #0x190
   839ac:	94000147 	bl	83ec8 <CHeapAllocator::Allocate(unsigned long)>
   839b0:	f9400fe1 	ldr	x1, [sp, #24]
   839b4:	b0000062 	adrp	x2, 90000 <FromPCIeHost+0x148>
   839b8:	b4000140 	cbz	x0, 839e0 <operator new[](unsigned long, int)+0x78>
   839bc:	a8c27bfd 	ldp	x29, x30, [sp], #32
   839c0:	d65f03c0 	ret
   839c4:	b0000061 	adrp	x1, 90000 <FromPCIeHost+0x148>
   839c8:	f9417c22 	ldr	x2, [x1, #760]
   839cc:	aa0003e1 	mov	x1, x0
   839d0:	91064040 	add	x0, x2, #0x190
   839d4:	1400013d 	b	83ec8 <CHeapAllocator::Allocate(unsigned long)>
   839d8:	d2800000 	mov	x0, #0x0                   	// #0
   839dc:	d65f03c0 	ret
   839e0:	f9417c40 	ldr	x0, [x2, #760]
   839e4:	a8c27bfd 	ldp	x29, x30, [sp], #32
   839e8:	91006000 	add	x0, x0, #0x18
   839ec:	14000137 	b	83ec8 <CHeapAllocator::Allocate(unsigned long)>

00000000000839f0 <operator new(unsigned long, void*)>:
   839f0:	aa0103e0 	mov	x0, x1
   839f4:	d65f03c0 	ret
   839f8:	d503201f 	nop
   839fc:	d503201f 	nop

0000000000083a00 <operator new[](unsigned long, void*)>:
   83a00:	aa0103e0 	mov	x0, x1
   83a04:	d65f03c0 	ret

0000000000083a08 <operator new(unsigned long)>:
   83a08:	b0000061 	adrp	x1, 90000 <FromPCIeHost+0x148>
   83a0c:	f9417c22 	ldr	x2, [x1, #760]
   83a10:	aa0003e1 	mov	x1, x0
   83a14:	91006040 	add	x0, x2, #0x18
   83a18:	1400012c 	b	83ec8 <CHeapAllocator::Allocate(unsigned long)>
   83a1c:	d503201f 	nop

0000000000083a20 <operator new[](unsigned long)>:
   83a20:	b0000061 	adrp	x1, 90000 <FromPCIeHost+0x148>
   83a24:	f9417c22 	ldr	x2, [x1, #760]
   83a28:	aa0003e1 	mov	x1, x0
   83a2c:	91006040 	add	x0, x2, #0x18
   83a30:	14000126 	b	83ec8 <CHeapAllocator::Allocate(unsigned long)>
   83a34:	d503201f 	nop
   83a38:	d503201f 	nop
   83a3c:	d503201f 	nop

0000000000083a40 <operator delete(void*)>:
   83a40:	aa0003e1 	mov	x1, x0
   83a44:	b24077e2 	mov	x2, #0x3fffffff            	// #1073741823
   83a48:	b0000060 	adrp	x0, 90000 <FromPCIeHost+0x148>
   83a4c:	f9417c00 	ldr	x0, [x0, #760]
   83a50:	eb02003f 	cmp	x1, x2
   83a54:	54000068 	b.hi	83a60 <operator delete(void*)+0x20>  // b.pmore
   83a58:	91006000 	add	x0, x0, #0x18
   83a5c:	14000179 	b	84040 <CHeapAllocator::Free(void*)>
   83a60:	91064000 	add	x0, x0, #0x190
   83a64:	14000177 	b	84040 <CHeapAllocator::Free(void*)>

0000000000083a68 <operator delete[](void*)>:
   83a68:	aa0003e1 	mov	x1, x0
   83a6c:	b24077e2 	mov	x2, #0x3fffffff            	// #1073741823
   83a70:	b0000060 	adrp	x0, 90000 <FromPCIeHost+0x148>
   83a74:	f9417c00 	ldr	x0, [x0, #760]
   83a78:	eb02003f 	cmp	x1, x2
   83a7c:	54000068 	b.hi	83a88 <operator delete[](void*)+0x20>  // b.pmore
   83a80:	91006000 	add	x0, x0, #0x18
   83a84:	1400016f 	b	84040 <CHeapAllocator::Free(void*)>
   83a88:	91064000 	add	x0, x0, #0x190
   83a8c:	1400016d 	b	84040 <CHeapAllocator::Free(void*)>

0000000000083a90 <operator delete(void*, unsigned long)>:
   83a90:	aa0003e1 	mov	x1, x0
   83a94:	b24077e2 	mov	x2, #0x3fffffff            	// #1073741823
   83a98:	b0000060 	adrp	x0, 90000 <FromPCIeHost+0x148>
   83a9c:	f9417c00 	ldr	x0, [x0, #760]
   83aa0:	eb02003f 	cmp	x1, x2
   83aa4:	54000068 	b.hi	83ab0 <operator delete(void*, unsigned long)+0x20>  // b.pmore
   83aa8:	91006000 	add	x0, x0, #0x18
   83aac:	14000165 	b	84040 <CHeapAllocator::Free(void*)>
   83ab0:	91064000 	add	x0, x0, #0x190
   83ab4:	14000163 	b	84040 <CHeapAllocator::Free(void*)>
   83ab8:	d503201f 	nop
   83abc:	d503201f 	nop

0000000000083ac0 <operator delete[](void*, unsigned long)>:
   83ac0:	aa0003e1 	mov	x1, x0
   83ac4:	b24077e2 	mov	x2, #0x3fffffff            	// #1073741823
   83ac8:	b0000060 	adrp	x0, 90000 <FromPCIeHost+0x148>
   83acc:	f9417c00 	ldr	x0, [x0, #760]
   83ad0:	eb02003f 	cmp	x1, x2
   83ad4:	54000068 	b.hi	83ae0 <operator delete[](void*, unsigned long)+0x20>  // b.pmore
   83ad8:	91006000 	add	x0, x0, #0x18
   83adc:	14000159 	b	84040 <CHeapAllocator::Free(void*)>
   83ae0:	91064000 	add	x0, x0, #0x190
   83ae4:	14000157 	b	84040 <CHeapAllocator::Free(void*)>

0000000000083ae8 <operator new(unsigned long, std::align_val_t)>:
   83ae8:	f101003f 	cmp	x1, #0x40
   83aec:	540000c8 	b.hi	83b04 <operator new(unsigned long, std::align_val_t)+0x1c>  // b.pmore
   83af0:	b0000061 	adrp	x1, 90000 <FromPCIeHost+0x148>
   83af4:	f9417c22 	ldr	x2, [x1, #760]
   83af8:	aa0003e1 	mov	x1, x0
   83afc:	91006040 	add	x0, x2, #0x18
   83b00:	140000f2 	b	83ec8 <CHeapAllocator::Allocate(unsigned long)>
   83b04:	90000061 	adrp	x1, 8f000 <From+0x918>
   83b08:	a9bf7bfd 	stp	x29, x30, [sp, #-16]!
   83b0c:	52800b42 	mov	w2, #0x5a                  	// #90
   83b10:	910fa021 	add	x1, x1, #0x3e8
   83b14:	910003fd 	mov	x29, sp
   83b18:	91002020 	add	x0, x1, #0x8
   83b1c:	94001261 	bl	884a0 <assertion_failed>

0000000000083b20 <operator new[](unsigned long, std::align_val_t)>:
   83b20:	f101003f 	cmp	x1, #0x40
   83b24:	540000c8 	b.hi	83b3c <operator new[](unsigned long, std::align_val_t)+0x1c>  // b.pmore
   83b28:	b0000061 	adrp	x1, 90000 <FromPCIeHost+0x148>
   83b2c:	f9417c22 	ldr	x2, [x1, #760]
   83b30:	aa0003e1 	mov	x1, x0
   83b34:	91006040 	add	x0, x2, #0x18
   83b38:	140000e4 	b	83ec8 <CHeapAllocator::Allocate(unsigned long)>
   83b3c:	90000061 	adrp	x1, 8f000 <From+0x918>
   83b40:	a9bf7bfd 	stp	x29, x30, [sp, #-16]!
   83b44:	52800c02 	mov	w2, #0x60                  	// #96
   83b48:	910fa021 	add	x1, x1, #0x3e8
   83b4c:	910003fd 	mov	x29, sp
   83b50:	91002020 	add	x0, x1, #0x8
   83b54:	94001253 	bl	884a0 <assertion_failed>
   83b58:	d503201f 	nop
   83b5c:	d503201f 	nop

0000000000083b60 <operator delete(void*, std::align_val_t)>:
   83b60:	aa0003e1 	mov	x1, x0
   83b64:	b24077e2 	mov	x2, #0x3fffffff            	// #1073741823
   83b68:	b0000060 	adrp	x0, 90000 <FromPCIeHost+0x148>
   83b6c:	f9417c00 	ldr	x0, [x0, #760]
   83b70:	eb02003f 	cmp	x1, x2
   83b74:	54000068 	b.hi	83b80 <operator delete(void*, std::align_val_t)+0x20>  // b.pmore
   83b78:	91006000 	add	x0, x0, #0x18
   83b7c:	14000131 	b	84040 <CHeapAllocator::Free(void*)>
   83b80:	91064000 	add	x0, x0, #0x190
   83b84:	1400012f 	b	84040 <CHeapAllocator::Free(void*)>

0000000000083b88 <operator delete[](void*, std::align_val_t)>:
   83b88:	aa0003e1 	mov	x1, x0
   83b8c:	b24077e2 	mov	x2, #0x3fffffff            	// #1073741823
   83b90:	b0000060 	adrp	x0, 90000 <FromPCIeHost+0x148>
   83b94:	f9417c00 	ldr	x0, [x0, #760]
   83b98:	eb02003f 	cmp	x1, x2
   83b9c:	54000068 	b.hi	83ba8 <operator delete[](void*, std::align_val_t)+0x20>  // b.pmore
   83ba0:	91006000 	add	x0, x0, #0x18
   83ba4:	14000127 	b	84040 <CHeapAllocator::Free(void*)>
   83ba8:	91064000 	add	x0, x0, #0x190
   83bac:	14000125 	b	84040 <CHeapAllocator::Free(void*)>

0000000000083bb0 <operator delete(void*, unsigned long, std::align_val_t)>:
   83bb0:	aa0003e1 	mov	x1, x0
   83bb4:	b24077e2 	mov	x2, #0x3fffffff            	// #1073741823
   83bb8:	b0000060 	adrp	x0, 90000 <FromPCIeHost+0x148>
   83bbc:	f9417c00 	ldr	x0, [x0, #760]
   83bc0:	eb02003f 	cmp	x1, x2
   83bc4:	54000068 	b.hi	83bd0 <operator delete(void*, unsigned long, std::align_val_t)+0x20>  // b.pmore
   83bc8:	91006000 	add	x0, x0, #0x18
   83bcc:	1400011d 	b	84040 <CHeapAllocator::Free(void*)>
   83bd0:	91064000 	add	x0, x0, #0x190
   83bd4:	1400011b 	b	84040 <CHeapAllocator::Free(void*)>
   83bd8:	d503201f 	nop
   83bdc:	d503201f 	nop

0000000000083be0 <operator delete[](void*, unsigned long, std::align_val_t)>:
   83be0:	aa0003e1 	mov	x1, x0
   83be4:	b24077e2 	mov	x2, #0x3fffffff            	// #1073741823
   83be8:	b0000060 	adrp	x0, 90000 <FromPCIeHost+0x148>
   83bec:	f9417c00 	ldr	x0, [x0, #760]
   83bf0:	eb02003f 	cmp	x1, x2
   83bf4:	54000068 	b.hi	83c00 <operator delete[](void*, unsigned long, std::align_val_t)+0x20>  // b.pmore
   83bf8:	91006000 	add	x0, x0, #0x18
   83bfc:	14000111 	b	84040 <CHeapAllocator::Free(void*)>
   83c00:	91064000 	add	x0, x0, #0x190
   83c04:	1400010f 	b	84040 <CHeapAllocator::Free(void*)>
	...

0000000000083c20 <CHeapAllocator::CHeapAllocator(char const*)>:
   83c20:	a9be7bfd 	stp	x29, x30, [sp, #-32]!
   83c24:	910003fd 	mov	x29, sp
   83c28:	d2802a02 	mov	x2, #0x150                 	// #336
   83c2c:	f9000bf3 	str	x19, [sp, #16]
   83c30:	91008013 	add	x19, x0, #0x20
   83c34:	a9007c01 	stp	x1, xzr, [x0]
   83c38:	52800021 	mov	w1, #0x1                   	// #1
   83c3c:	a9017c1f 	stp	xzr, xzr, [x0, #16]
   83c40:	b9017001 	str	w1, [x0, #368]
   83c44:	52800001 	mov	w1, #0x0                   	// #0
   83c48:	aa1303e0 	mov	x0, x19
   83c4c:	97fffec3 	bl	83758 <memset>
   83c50:	b0000061 	adrp	x1, 90000 <FromPCIeHost+0x148>
   83c54:	aa1303e0 	mov	x0, x19
   83c58:	9108c021 	add	x1, x1, #0x230
   83c5c:	91007023 	add	x3, x1, #0x1c
   83c60:	b8404422 	ldr	w2, [x1], #4
   83c64:	b8010402 	str	w2, [x0], #16
   83c68:	eb03003f 	cmp	x1, x3
   83c6c:	54ffffa1 	b.ne	83c60 <CHeapAllocator::CHeapAllocator(char const*)+0x40>  // b.any
   83c70:	f9400bf3 	ldr	x19, [sp, #16]
   83c74:	a8c27bfd 	ldp	x29, x30, [sp], #32
   83c78:	d65f03c0 	ret
   83c7c:	d503201f 	nop

0000000000083c80 <CHeapAllocator::~CHeapAllocator()>:
   83c80:	d65f03c0 	ret

0000000000083c84 <CHeapAllocator::Setup(unsigned long, unsigned long, unsigned long)>:
   83c84:	8b020022 	add	x2, x1, x2
   83c88:	f9000c03 	str	x3, [x0, #24]
   83c8c:	a9008801 	stp	x1, x2, [x0, #8]
   83c90:	d65f03c0 	ret
   83c94:	d503201f 	nop
   83c98:	d503201f 	nop
   83c9c:	d503201f 	nop

0000000000083ca0 <CHeapAllocator::GetFreeSpace() const>:
   83ca0:	a9408400 	ldp	x0, x1, [x0, #8]
   83ca4:	cb000020 	sub	x0, x1, x0
   83ca8:	d65f03c0 	ret

0000000000083cac <CHeapAllocator::DoAllocate(unsigned long)>:
   83cac:	aa0003e5 	mov	x5, x0
   83cb0:	f9400400 	ldr	x0, [x0, #8]
   83cb4:	b4001060 	cbz	x0, 83ec0 <CHeapAllocator::DoAllocate(unsigned long)+0x214>
   83cb8:	a9be7bfd 	stp	x29, x30, [sp, #-32]!
   83cbc:	910003fd 	mov	x29, sp
   83cc0:	b94170a0 	ldr	w0, [x5, #368]
   83cc4:	35000ce0 	cbnz	w0, 83e60 <CHeapAllocator::DoAllocate(unsigned long)+0x1b4>
   83cc8:	b94020a2 	ldr	w2, [x5, #32]
   83ccc:	340007a2 	cbz	w2, 83dc0 <CHeapAllocator::DoAllocate(unsigned long)+0x114>
   83cd0:	910080a3 	add	x3, x5, #0x20
   83cd4:	14000003 	b	83ce0 <CHeapAllocator::DoAllocate(unsigned long)+0x34>
   83cd8:	b8410c62 	ldr	w2, [x3, #16]!
   83cdc:	34000722 	cbz	w2, 83dc0 <CHeapAllocator::DoAllocate(unsigned long)+0x114>
   83ce0:	2a0203e2 	mov	w2, w2
   83ce4:	eb01005f 	cmp	x2, x1
   83ce8:	54ffff83 	b.cc	83cd8 <CHeapAllocator::DoAllocate(unsigned long)+0x2c>  // b.lo, b.ul, b.last
   83cec:	f9400464 	ldr	x4, [x3, #8]
   83cf0:	aa0203e1 	mov	x1, x2
   83cf4:	b4000664 	cbz	x4, 83dc0 <CHeapAllocator::DoAllocate(unsigned long)+0x114>
   83cf8:	39400081 	ldrb	w1, [x4]
   83cfc:	39400480 	ldrb	w0, [x4, #1]
   83d00:	aa002020 	orr	x0, x1, x0, lsl #8
   83d04:	39400881 	ldrb	w1, [x4, #2]
   83d08:	aa014001 	orr	x1, x0, x1, lsl #16
   83d0c:	39400c80 	ldrb	w0, [x4, #3]
   83d10:	aa006020 	orr	x0, x1, x0, lsl #24
   83d14:	5289a8c1 	mov	w1, #0x4d46                	// #19782
   83d18:	72a84981 	movk	w1, #0x424c, lsl #16
   83d1c:	6b01001f 	cmp	w0, w1
   83d20:	54000c41 	b.ne	83ea8 <CHeapAllocator::DoAllocate(unsigned long)+0x1fc>  // b.any
   83d24:	39402081 	ldrb	w1, [x4, #8]
   83d28:	39402480 	ldrb	w0, [x4, #9]
   83d2c:	aa002020 	orr	x0, x1, x0, lsl #8
   83d30:	39402881 	ldrb	w1, [x4, #10]
   83d34:	aa014001 	orr	x1, x0, x1, lsl #16
   83d38:	39402c80 	ldrb	w0, [x4, #11]
   83d3c:	aa006020 	orr	x0, x1, x0, lsl #24
   83d40:	39403081 	ldrb	w1, [x4, #12]
   83d44:	aa018001 	orr	x1, x0, x1, lsl #32
   83d48:	39403480 	ldrb	w0, [x4, #13]
   83d4c:	aa00a020 	orr	x0, x1, x0, lsl #40
   83d50:	39403881 	ldrb	w1, [x4, #14]
   83d54:	aa01c001 	orr	x1, x0, x1, lsl #48
   83d58:	39403c80 	ldrb	w0, [x4, #15]
   83d5c:	aa00e020 	orr	x0, x1, x0, lsl #56
   83d60:	f9000460 	str	x0, [x3, #8]
   83d64:	b94170a0 	ldr	w0, [x5, #368]
   83d68:	35000560 	cbnz	w0, 83e14 <CHeapAllocator::DoAllocate(unsigned long)+0x168>
   83d6c:	52800820 	mov	w0, #0x41                  	// #65
   83d70:	3900209f 	strb	wzr, [x4, #8]
   83d74:	3900249f 	strb	wzr, [x4, #9]
   83d78:	39000080 	strb	w0, [x4]
   83d7c:	528009a0 	mov	w0, #0x4d                  	// #77
   83d80:	3900289f 	strb	wzr, [x4, #10]
   83d84:	39000480 	strb	w0, [x4, #1]
   83d88:	52800980 	mov	w0, #0x4c                  	// #76
   83d8c:	39002c9f 	strb	wzr, [x4, #11]
   83d90:	39000880 	strb	w0, [x4, #2]
   83d94:	52800840 	mov	w0, #0x42                  	// #66
   83d98:	3900309f 	strb	wzr, [x4, #12]
   83d9c:	39000c80 	strb	w0, [x4, #3]
   83da0:	91010080 	add	x0, x4, #0x40
   83da4:	3900349f 	strb	wzr, [x4, #13]
   83da8:	3900389f 	strb	wzr, [x4, #14]
   83dac:	39003c9f 	strb	wzr, [x4, #15]
   83db0:	f240149f 	tst	x4, #0x3f
   83db4:	54000661 	b.ne	83e80 <CHeapAllocator::DoAllocate(unsigned long)+0x1d4>  // b.any
   83db8:	a8c27bfd 	ldp	x29, x30, [sp], #32
   83dbc:	d65f03c0 	ret
   83dc0:	f94004a4 	ldr	x4, [x5, #8]
   83dc4:	9101fc20 	add	x0, x1, #0x7f
   83dc8:	927ae400 	and	x0, x0, #0xffffffffffffffc0
   83dcc:	f9400ca3 	ldr	x3, [x5, #24]
   83dd0:	8b000080 	add	x0, x4, x0
   83dd4:	eb00009f 	cmp	x4, x0
   83dd8:	54000262 	b.cs	83e24 <CHeapAllocator::DoAllocate(unsigned long)+0x178>  // b.hs, b.nlast
   83ddc:	f94008a2 	ldr	x2, [x5, #16]
   83de0:	cb030042 	sub	x2, x2, x3
   83de4:	eb02001f 	cmp	x0, x2
   83de8:	540001e8 	b.hi	83e24 <CHeapAllocator::DoAllocate(unsigned long)+0x178>  // b.pmore
   83dec:	f90004a0 	str	x0, [x5, #8]
   83df0:	53083c20 	ubfx	w0, w1, #8, #8
   83df4:	39001081 	strb	w1, [x4, #4]
   83df8:	39001480 	strb	w0, [x4, #5]
   83dfc:	53105c20 	ubfx	w0, w1, #16, #8
   83e00:	53187c21 	lsr	w1, w1, #24
   83e04:	39001880 	strb	w0, [x4, #6]
   83e08:	39001c81 	strb	w1, [x4, #7]
   83e0c:	b94170a0 	ldr	w0, [x5, #368]
   83e10:	34fffae0 	cbz	w0, 83d6c <CHeapAllocator::DoAllocate(unsigned long)+0xc0>
   83e14:	f9000be4 	str	x4, [sp, #16]
   83e18:	940001e2 	bl	845a0 <LeaveCritical>
   83e1c:	f9400be4 	ldr	x4, [sp, #16]
   83e20:	17ffffd3 	b	83d6c <CHeapAllocator::DoAllocate(unsigned long)+0xc0>
   83e24:	b94170a0 	ldr	w0, [x5, #368]
   83e28:	b4000243 	cbz	x3, 83e70 <CHeapAllocator::DoAllocate(unsigned long)+0x1c4>
   83e2c:	f9000cbf 	str	xzr, [x5, #24]
   83e30:	35000340 	cbnz	w0, 83e98 <CHeapAllocator::DoAllocate(unsigned long)+0x1ec>
   83e34:	f9000be5 	str	x5, [sp, #16]
   83e38:	9400135a 	bl	88ba0 <CLogger::Get()>
   83e3c:	f9400be5 	ldr	x5, [sp, #16]
   83e40:	f0000043 	adrp	x3, 8e000 <CExceptionHandler::Throw(unsigned int, TAbortFrame*)+0x240>
   83e44:	52800002 	mov	w2, #0x0                   	// #0
   83e48:	9135c063 	add	x3, x3, #0xd70
   83e4c:	f94000a1 	ldr	x1, [x5]
   83e50:	94001534 	bl	89320 <CLogger::Write(char const*, TLogSeverity, char const*, ...)>
   83e54:	d2800000 	mov	x0, #0x0                   	// #0
   83e58:	a8c27bfd 	ldp	x29, x30, [sp], #32
   83e5c:	d65f03c0 	ret
   83e60:	a90107e5 	stp	x5, x1, [sp, #16]
   83e64:	9400019f 	bl	844e0 <EnterCritical>
   83e68:	a94107e5 	ldp	x5, x1, [sp, #16]
   83e6c:	17ffff97 	b	83cc8 <CHeapAllocator::DoAllocate(unsigned long)+0x1c>
   83e70:	34ffff20 	cbz	w0, 83e54 <CHeapAllocator::DoAllocate(unsigned long)+0x1a8>
   83e74:	940001cb 	bl	845a0 <LeaveCritical>
   83e78:	d2800000 	mov	x0, #0x0                   	// #0
   83e7c:	17fffff7 	b	83e58 <CHeapAllocator::DoAllocate(unsigned long)+0x1ac>
   83e80:	f0000041 	adrp	x1, 8e000 <CExceptionHandler::Throw(unsigned int, TAbortFrame*)+0x240>
   83e84:	f0000040 	adrp	x0, 8e000 <CExceptionHandler::Throw(unsigned int, TAbortFrame*)+0x240>
   83e88:	528012e2 	mov	w2, #0x97                  	// #151
   83e8c:	9134a021 	add	x1, x1, #0xd28
   83e90:	91360000 	add	x0, x0, #0xd80
   83e94:	94001183 	bl	884a0 <assertion_failed>
   83e98:	f9000be5 	str	x5, [sp, #16]
   83e9c:	940001c1 	bl	845a0 <LeaveCritical>
   83ea0:	f9400be5 	ldr	x5, [sp, #16]
   83ea4:	17ffffe4 	b	83e34 <CHeapAllocator::DoAllocate(unsigned long)+0x188>
   83ea8:	f0000041 	adrp	x1, 8e000 <CExceptionHandler::Throw(unsigned int, TAbortFrame*)+0x240>
   83eac:	f0000040 	adrp	x0, 8e000 <CExceptionHandler::Throw(unsigned int, TAbortFrame*)+0x240>
   83eb0:	52800ce2 	mov	w2, #0x67                  	// #103
   83eb4:	9134a021 	add	x1, x1, #0xd28
   83eb8:	91350000 	add	x0, x0, #0xd40
   83ebc:	94001179 	bl	884a0 <assertion_failed>
   83ec0:	d2800000 	mov	x0, #0x0                   	// #0
   83ec4:	d65f03c0 	ret

0000000000083ec8 <CHeapAllocator::Allocate(unsigned long)>:
   83ec8:	17ffff79 	b	83cac <CHeapAllocator::DoAllocate(unsigned long)>

0000000000083ecc <CHeapAllocator::DoFree(void*)>:
   83ecc:	b4000781 	cbz	x1, 83fbc <CHeapAllocator::DoFree(void*)+0xf0>
   83ed0:	a9bd7bfd 	stp	x29, x30, [sp, #-48]!
   83ed4:	aa0003e5 	mov	x5, x0
   83ed8:	910003fd 	mov	x29, sp
   83edc:	d1010023 	sub	x3, x1, #0x40
   83ee0:	385c0022 	ldurb	w2, [x1, #-64]
   83ee4:	385c1020 	ldurb	w0, [x1, #-63]
   83ee8:	aa002040 	orr	x0, x2, x0, lsl #8
   83eec:	385c2022 	ldurb	w2, [x1, #-62]
   83ef0:	aa024002 	orr	x2, x0, x2, lsl #16
   83ef4:	385c3020 	ldurb	w0, [x1, #-61]
   83ef8:	aa006040 	orr	x0, x2, x0, lsl #24
   83efc:	5289a822 	mov	w2, #0x4d41                	// #19777
   83f00:	72a84982 	movk	w2, #0x424c, lsl #16
   83f04:	6b02001f 	cmp	w0, w2
   83f08:	54000901 	b.ne	84028 <CHeapAllocator::DoFree(void*)+0x15c>  // b.any
   83f0c:	528008c0 	mov	w0, #0x46                  	// #70
   83f10:	381c0020 	sturb	w0, [x1, #-64]
   83f14:	528009a0 	mov	w0, #0x4d                  	// #77
   83f18:	39000460 	strb	w0, [x3, #1]
   83f1c:	52800980 	mov	w0, #0x4c                  	// #76
   83f20:	39000860 	strb	w0, [x3, #2]
   83f24:	52800840 	mov	w0, #0x42                  	// #66
   83f28:	39000c60 	strb	w0, [x3, #3]
   83f2c:	b94020a1 	ldr	w1, [x5, #32]
   83f30:	34000421 	cbz	w1, 83fb4 <CHeapAllocator::DoFree(void*)+0xe8>
   83f34:	39401060 	ldrb	w0, [x3, #4]
   83f38:	910080a2 	add	x2, x5, #0x20
   83f3c:	39401464 	ldrb	w4, [x3, #5]
   83f40:	aa042004 	orr	x4, x0, x4, lsl #8
   83f44:	39401860 	ldrb	w0, [x3, #6]
   83f48:	aa004080 	orr	x0, x4, x0, lsl #16
   83f4c:	39401c64 	ldrb	w4, [x3, #7]
   83f50:	2a046004 	orr	w4, w0, w4, lsl #24
   83f54:	14000003 	b	83f60 <CHeapAllocator::DoFree(void*)+0x94>
   83f58:	b8410c41 	ldr	w1, [x2, #16]!
   83f5c:	340002c1 	cbz	w1, 83fb4 <CHeapAllocator::DoFree(void*)+0xe8>
   83f60:	6b04003f 	cmp	w1, w4
   83f64:	54ffffa1 	b.ne	83f58 <CHeapAllocator::DoFree(void*)+0x8c>  // b.any
   83f68:	b94170a0 	ldr	w0, [x5, #368]
   83f6c:	350002a0 	cbnz	w0, 83fc0 <CHeapAllocator::DoFree(void*)+0xf4>
   83f70:	f9400440 	ldr	x0, [x2, #8]
   83f74:	53083c01 	ubfx	w1, w0, #8, #8
   83f78:	39002060 	strb	w0, [x3, #8]
   83f7c:	39002461 	strb	w1, [x3, #9]
   83f80:	53105c01 	ubfx	w1, w0, #16, #8
   83f84:	39002861 	strb	w1, [x3, #10]
   83f88:	53187c01 	lsr	w1, w0, #24
   83f8c:	39002c61 	strb	w1, [x3, #11]
   83f90:	d3609c01 	ubfx	x1, x0, #32, #8
   83f94:	39003061 	strb	w1, [x3, #12]
   83f98:	d368bc01 	ubfx	x1, x0, #40, #8
   83f9c:	39003461 	strb	w1, [x3, #13]
   83fa0:	d370dc01 	ubfx	x1, x0, #48, #8
   83fa4:	d378fc00 	lsr	x0, x0, #56
   83fa8:	39003861 	strb	w1, [x3, #14]
   83fac:	39003c60 	strb	w0, [x3, #15]
   83fb0:	f9000443 	str	x3, [x2, #8]
   83fb4:	a8c37bfd 	ldp	x29, x30, [sp], #48
   83fb8:	d65f03c0 	ret
   83fbc:	d65f03c0 	ret
   83fc0:	a9018fe2 	stp	x2, x3, [sp, #24]
   83fc4:	f90017e5 	str	x5, [sp, #40]
   83fc8:	94000146 	bl	844e0 <EnterCritical>
   83fcc:	a9418fe2 	ldp	x2, x3, [sp, #24]
   83fd0:	f94017e5 	ldr	x5, [sp, #40]
   83fd4:	f9400440 	ldr	x0, [x2, #8]
   83fd8:	b94170a1 	ldr	w1, [x5, #368]
   83fdc:	53083c04 	ubfx	w4, w0, #8, #8
   83fe0:	39002060 	strb	w0, [x3, #8]
   83fe4:	39002464 	strb	w4, [x3, #9]
   83fe8:	53105c04 	ubfx	w4, w0, #16, #8
   83fec:	39002864 	strb	w4, [x3, #10]
   83ff0:	53187c04 	lsr	w4, w0, #24
   83ff4:	39002c64 	strb	w4, [x3, #11]
   83ff8:	d3609c04 	ubfx	x4, x0, #32, #8
   83ffc:	39003064 	strb	w4, [x3, #12]
   84000:	d368bc04 	ubfx	x4, x0, #40, #8
   84004:	39003464 	strb	w4, [x3, #13]
   84008:	d370dc04 	ubfx	x4, x0, #48, #8
   8400c:	d378fc00 	lsr	x0, x0, #56
   84010:	39003864 	strb	w4, [x3, #14]
   84014:	39003c60 	strb	w0, [x3, #15]
   84018:	f9000443 	str	x3, [x2, #8]
   8401c:	34fffcc1 	cbz	w1, 83fb4 <CHeapAllocator::DoFree(void*)+0xe8>
   84020:	a8c37bfd 	ldp	x29, x30, [sp], #48
   84024:	1400015f 	b	845a0 <LeaveCritical>
   84028:	d0000041 	adrp	x1, 8e000 <CExceptionHandler::Throw(unsigned int, TAbortFrame*)+0x240>
   8402c:	d0000040 	adrp	x0, 8e000 <CExceptionHandler::Throw(unsigned int, TAbortFrame*)+0x240>
   84030:	52801b42 	mov	w2, #0xda                  	// #218
   84034:	9134a021 	add	x1, x1, #0xd28
   84038:	9136c000 	add	x0, x0, #0xdb0
   8403c:	94001119 	bl	884a0 <assertion_failed>

0000000000084040 <CHeapAllocator::Free(void*)>:
   84040:	17ffffa3 	b	83ecc <CHeapAllocator::DoFree(void*)>

0000000000084044 <CHeapAllocator::DoReAllocate(void*, unsigned long)>:
   84044:	b4000701 	cbz	x1, 84124 <CHeapAllocator::DoReAllocate(void*, unsigned long)+0xe0>
   84048:	a9bd7bfd 	stp	x29, x30, [sp, #-48]!
   8404c:	910003fd 	mov	x29, sp
   84050:	f9000bf3 	str	x19, [sp, #16]
   84054:	aa0003f3 	mov	x19, x0
   84058:	b40006a2 	cbz	x2, 8412c <CHeapAllocator::DoReAllocate(void*, unsigned long)+0xe8>
   8405c:	385c0024 	ldurb	w4, [x1, #-64]
   84060:	aa0103e3 	mov	x3, x1
   84064:	385c1021 	ldurb	w1, [x1, #-63]
   84068:	aa012081 	orr	x1, x4, x1, lsl #8
   8406c:	385c2064 	ldurb	w4, [x3, #-62]
   84070:	aa044024 	orr	x4, x1, x4, lsl #16
   84074:	385c3061 	ldurb	w1, [x3, #-61]
   84078:	aa016081 	orr	x1, x4, x1, lsl #24
   8407c:	5289a824 	mov	w4, #0x4d41                	// #19777
   84080:	72a84984 	movk	w4, #0x424c, lsl #16
   84084:	6b04003f 	cmp	w1, w4
   84088:	54000581 	b.ne	84138 <CHeapAllocator::DoReAllocate(void*, unsigned long)+0xf4>  // b.any
   8408c:	385c4064 	ldurb	w4, [x3, #-60]
   84090:	385c5061 	ldurb	w1, [x3, #-59]
   84094:	aa012081 	orr	x1, x4, x1, lsl #8
   84098:	385c6064 	ldurb	w4, [x3, #-58]
   8409c:	aa044024 	orr	x4, x1, x4, lsl #16
   840a0:	385c7061 	ldurb	w1, [x3, #-57]
   840a4:	aa016081 	orr	x1, x4, x1, lsl #24
   840a8:	aa0303e4 	mov	x4, x3
   840ac:	eb02003f 	cmp	x1, x2
   840b0:	540000a3 	b.cc	840c4 <CHeapAllocator::DoReAllocate(void*, unsigned long)+0x80>  // b.lo, b.ul, b.last
   840b4:	f9400bf3 	ldr	x19, [sp, #16]
   840b8:	aa0403e0 	mov	x0, x4
   840bc:	a8c37bfd 	ldp	x29, x30, [sp], #48
   840c0:	d65f03c0 	ret
   840c4:	aa0203e1 	mov	x1, x2
   840c8:	f90013e3 	str	x3, [sp, #32]
   840cc:	97fffef8 	bl	83cac <CHeapAllocator::DoAllocate(unsigned long)>
   840d0:	aa0003e4 	mov	x4, x0
   840d4:	b4ffff00 	cbz	x0, 840b4 <CHeapAllocator::DoReAllocate(void*, unsigned long)+0x70>
   840d8:	f94013e3 	ldr	x3, [sp, #32]
   840dc:	f90017e0 	str	x0, [sp, #40]
   840e0:	385c4061 	ldurb	w1, [x3, #-60]
   840e4:	385c5062 	ldurb	w2, [x3, #-59]
   840e8:	aa022022 	orr	x2, x1, x2, lsl #8
   840ec:	385c6061 	ldurb	w1, [x3, #-58]
   840f0:	aa014041 	orr	x1, x2, x1, lsl #16
   840f4:	385c7062 	ldurb	w2, [x3, #-57]
   840f8:	aa026022 	orr	x2, x1, x2, lsl #24
   840fc:	aa0303e1 	mov	x1, x3
   84100:	97fffdaa 	bl	837a8 <memcpy>
   84104:	f94013e1 	ldr	x1, [sp, #32]
   84108:	aa1303e0 	mov	x0, x19
   8410c:	97ffff70 	bl	83ecc <CHeapAllocator::DoFree(void*)>
   84110:	f94017e4 	ldr	x4, [sp, #40]
   84114:	f9400bf3 	ldr	x19, [sp, #16]
   84118:	a8c37bfd 	ldp	x29, x30, [sp], #48
   8411c:	aa0403e0 	mov	x0, x4
   84120:	d65f03c0 	ret
   84124:	aa0203e1 	mov	x1, x2
   84128:	17fffee1 	b	83cac <CHeapAllocator::DoAllocate(unsigned long)>
   8412c:	97ffff68 	bl	83ecc <CHeapAllocator::DoFree(void*)>
   84130:	d2800004 	mov	x4, #0x0                   	// #0
   84134:	17ffffe0 	b	840b4 <CHeapAllocator::DoReAllocate(void*, unsigned long)+0x70>
   84138:	d0000041 	adrp	x1, 8e000 <CExceptionHandler::Throw(unsigned int, TAbortFrame*)+0x240>
   8413c:	d0000040 	adrp	x0, 8e000 <CExceptionHandler::Throw(unsigned int, TAbortFrame*)+0x240>
   84140:	528016a2 	mov	w2, #0xb5                  	// #181
   84144:	9134a021 	add	x1, x1, #0xd28
   84148:	9136c000 	add	x0, x0, #0xdb0
   8414c:	940010d5 	bl	884a0 <assertion_failed>

0000000000084150 <CHeapAllocator::ReAllocate(void*, unsigned long)>:
   84150:	17ffffbd 	b	84044 <CHeapAllocator::DoReAllocate(void*, unsigned long)>
	...

0000000000084160 <CMemorySystem::Destructor()>:
   84160:	90000062 	adrp	x2, 90000 <FromPCIeHost+0x148>
   84164:	f9417c41 	ldr	x1, [x2, #760]
   84168:	eb00003f 	cmp	x1, x0
   8416c:	54000040 	b.eq	84174 <CMemorySystem::Destructor()+0x14>  // b.none
   84170:	d65f03c0 	ret
   84174:	39400020 	ldrb	w0, [x1]
   84178:	f9017c5f 	str	xzr, [x2, #760]
   8417c:	3607ffa0 	tbz	w0, #0, 84170 <CMemorySystem::Destructor()+0x10>
   84180:	a9bf7bfd 	stp	x29, x30, [sp, #-16]!
   84184:	910003fd 	mov	x29, sp
   84188:	d5381000 	mrs	x0, sctlr_el1
   8418c:	928000a1 	mov	x1, #0xfffffffffffffffa    	// #-6
   84190:	8a010000 	and	x0, x0, x1
   84194:	d5181000 	msr	sctlr_el1, x0
   84198:	d5033f9f 	dsb	sy
   8419c:	d5033fdf 	isb
   841a0:	94000198 	bl	84800 <CleanDataCache>
   841a4:	94000117 	bl	84600 <InvalidateDataCache>
   841a8:	d508871f 	tlbi	vmalle1
   841ac:	d5033f9f 	dsb	sy
   841b0:	d5033fdf 	isb
   841b4:	a8c17bfd 	ldp	x29, x30, [sp], #16
   841b8:	d65f03c0 	ret
   841bc:	d503201f 	nop

00000000000841c0 <CMemorySystem::~CMemorySystem()>:
   841c0:	a9be7bfd 	stp	x29, x30, [sp, #-32]!
   841c4:	910003fd 	mov	x29, sp
   841c8:	f9000bf3 	str	x19, [sp, #16]
   841cc:	aa0003f3 	mov	x19, x0
   841d0:	97ffffe4 	bl	84160 <CMemorySystem::Destructor()>
   841d4:	910c2260 	add	x0, x19, #0x308
   841d8:	94001cb2 	bl	8b4a0 <CPageAllocator::~CPageAllocator()>
   841dc:	91064260 	add	x0, x19, #0x190
   841e0:	97fffea8 	bl	83c80 <CHeapAllocator::~CHeapAllocator()>
   841e4:	91006260 	add	x0, x19, #0x18
   841e8:	f9400bf3 	ldr	x19, [sp, #16]
   841ec:	a8c27bfd 	ldp	x29, x30, [sp], #32
   841f0:	17fffea4 	b	83c80 <CHeapAllocator::~CHeapAllocator()>
   841f4:	d503201f 	nop
   841f8:	d503201f 	nop
   841fc:	d503201f 	nop

0000000000084200 <CMemorySystem::SetupHighMem()>:
   84200:	a9be7bfd 	stp	x29, x30, [sp, #-32]!
   84204:	910003fd 	mov	x29, sp
   84208:	f9000bf3 	str	x19, [sp, #16]
   8420c:	aa0003f3 	mov	x19, x0
   84210:	97fff677 	bl	81bec <CMachineInfo::Get()>
   84214:	97fff235 	bl	80ae8 <CMachineInfo::GetRAMSize() const>
   84218:	7110001f 	cmp	w0, #0x400
   8421c:	54000088 	b.hi	8422c <CMemorySystem::SetupHighMem()+0x2c>  // b.pmore
   84220:	f9400bf3 	ldr	x19, [sp, #16]
   84224:	a8c27bfd 	ldp	x29, x30, [sp], #32
   84228:	d65f03c0 	ret
   8422c:	51100002 	sub	w2, w0, #0x400
   84230:	aa1303e0 	mov	x0, x19
   84234:	f9400bf3 	ldr	x19, [sp, #16]
   84238:	530c2c42 	lsl	w2, w2, #20
   8423c:	a8c27bfd 	ldp	x29, x30, [sp], #32
   84240:	d2800003 	mov	x3, #0x0                   	// #0
   84244:	d2a80001 	mov	x1, #0x40000000            	// #1073741824
   84248:	f9000802 	str	x2, [x0, #16]
   8424c:	91064000 	add	x0, x0, #0x190
   84250:	17fffe8d 	b	83c84 <CHeapAllocator::Setup(unsigned long, unsigned long, unsigned long)>
   84254:	d503201f 	nop
   84258:	d503201f 	nop
   8425c:	d503201f 	nop

0000000000084260 <CMemorySystem::GetMemSize() const>:
   84260:	90000060 	adrp	x0, 90000 <FromPCIeHost+0x148>
   84264:	f9417c00 	ldr	x0, [x0, #760]
   84268:	b4000080 	cbz	x0, 84278 <CMemorySystem::GetMemSize() const+0x18>
   8426c:	a9408001 	ldp	x1, x0, [x0, #8]
   84270:	8b000020 	add	x0, x1, x0
   84274:	d65f03c0 	ret
   84278:	f0000041 	adrp	x1, 8f000 <From+0x918>
   8427c:	a9bf7bfd 	stp	x29, x30, [sp, #-16]!
   84280:	52801522 	mov	w2, #0xa9                  	// #169
   84284:	91106021 	add	x1, x1, #0x418
   84288:	910003fd 	mov	x29, sp
   8428c:	91004020 	add	x0, x1, #0x10
   84290:	94001084 	bl	884a0 <assertion_failed>
   84294:	d503201f 	nop
   84298:	d503201f 	nop
   8429c:	d503201f 	nop

00000000000842a0 <CMemorySystem::Get()>:
   842a0:	90000060 	adrp	x0, 90000 <FromPCIeHost+0x148>
   842a4:	f9417c00 	ldr	x0, [x0, #760]
   842a8:	b4000040 	cbz	x0, 842b0 <CMemorySystem::Get()+0x10>
   842ac:	d65f03c0 	ret
   842b0:	f0000041 	adrp	x1, 8f000 <From+0x918>
   842b4:	a9bf7bfd 	stp	x29, x30, [sp, #-16]!
   842b8:	528015e2 	mov	w2, #0xaf                  	// #175
   842bc:	91106021 	add	x1, x1, #0x418
   842c0:	910003fd 	mov	x29, sp
   842c4:	91004020 	add	x0, x1, #0x10
   842c8:	94001076 	bl	884a0 <assertion_failed>

00000000000842cc <CMemorySystem::EnableMMU()>:
   842cc:	a9bf7bfd 	stp	x29, x30, [sp, #-16]!
   842d0:	910003fd 	mov	x29, sp
   842d4:	39400001 	ldrb	w1, [x0]
   842d8:	36000341 	tbz	w1, #0, 84340 <CMemorySystem::EnableMMU()+0x74>
   842dc:	d2809fe1 	mov	x1, #0x4ff                 	// #1279
   842e0:	d518a201 	msr	mair_el1, x1
   842e4:	f9419400 	ldr	x0, [x0, #808]
   842e8:	b4000360 	cbz	x0, 84354 <CMemorySystem::EnableMMU()+0x88>
   842ec:	940001f7 	bl	84ac8 <CTranslationTable::GetBaseAddress() const>
   842f0:	d5182000 	msr	ttbr0_el1, x0
   842f4:	d5382040 	mrs	x0, tcr_el1
   842f8:	929ff7e1 	mov	x1, #0xffffffffffff0040    	// #-65472
   842fc:	f2bff7e1 	movk	x1, #0xffbf, lsl #16
   84300:	f2dfff01 	movk	x1, #0xfff8, lsl #32
   84304:	8a010000 	and	x0, x0, x1
   84308:	d28ea361 	mov	x1, #0x751b                	// #29979
   8430c:	f2a01001 	movk	x1, #0x80, lsl #16
   84310:	f2c00041 	movk	x1, #0x2, lsl #32
   84314:	aa010000 	orr	x0, x0, x1
   84318:	d5182040 	msr	tcr_el1, x0
   8431c:	d5381000 	mrs	x0, sctlr_el1
   84320:	92800041 	mov	x1, #0xfffffffffffffffd    	// #-3
   84324:	f2bffee1 	movk	x1, #0xfff7, lsl #16
   84328:	8a010000 	and	x0, x0, x1
   8432c:	d28200a1 	mov	x1, #0x1005                	// #4101
   84330:	aa010000 	orr	x0, x0, x1
   84334:	d5181000 	msr	sctlr_el1, x0
   84338:	a8c17bfd 	ldp	x29, x30, [sp], #16
   8433c:	d65f03c0 	ret
   84340:	f0000041 	adrp	x1, 8f000 <From+0x918>
   84344:	528016a2 	mov	w2, #0xb5                  	// #181
   84348:	91106021 	add	x1, x1, #0x418
   8434c:	91008020 	add	x0, x1, #0x20
   84350:	94001054 	bl	884a0 <assertion_failed>
   84354:	f0000041 	adrp	x1, 8f000 <From+0x918>
   84358:	52801782 	mov	w2, #0xbc                  	// #188
   8435c:	91106021 	add	x1, x1, #0x418
   84360:	9100c020 	add	x0, x1, #0x30
   84364:	9400104f 	bl	884a0 <assertion_failed>

0000000000084368 <CMemorySystem::CMemorySystem(bool)>:
   84368:	a9bb7bfd 	stp	x29, x30, [sp, #-80]!
   8436c:	910003fd 	mov	x29, sp
   84370:	a90153f3 	stp	x19, x20, [sp, #16]
   84374:	f0000054 	adrp	x20, 8f000 <From+0x918>
   84378:	aa0003f3 	mov	x19, x0
   8437c:	91106294 	add	x20, x20, #0x418
   84380:	91006000 	add	x0, x0, #0x18
   84384:	381e8001 	sturb	w1, [x0, #-24]
   84388:	91014281 	add	x1, x20, #0x50
   8438c:	a93f7c1f 	stp	xzr, xzr, [x0, #-16]
   84390:	97fffe24 	bl	83c20 <CHeapAllocator::CHeapAllocator(char const*)>
   84394:	91016281 	add	x1, x20, #0x58
   84398:	91064260 	add	x0, x19, #0x190
   8439c:	97fffe21 	bl	83c20 <CHeapAllocator::CHeapAllocator(char const*)>
   843a0:	910c2260 	add	x0, x19, #0x308
   843a4:	94001c37 	bl	8b480 <CPageAllocator::CPageAllocator()>
   843a8:	90000060 	adrp	x0, 90000 <FromPCIeHost+0x148>
   843ac:	f901967f 	str	xzr, [x19, #808]
   843b0:	f9417c01 	ldr	x1, [x0, #760]
   843b4:	b4000081 	cbz	x1, 843c4 <CMemorySystem::CMemorySystem(bool)+0x5c>
   843b8:	a94153f3 	ldp	x19, x20, [sp, #16]
   843bc:	a8c57bfd 	ldp	x29, x30, [sp], #80
   843c0:	d65f03c0 	ret
   843c4:	52800021 	mov	w1, #0x1                   	// #1
   843c8:	f9017c13 	str	x19, [x0, #760]
   843cc:	9100c3e0 	add	x0, sp, #0x30
   843d0:	9400105c 	bl	88540 <CBcmPropertyTags::CBcmPropertyTags(bool)>
   843d4:	528000a1 	mov	w1, #0x5                   	// #5
   843d8:	52800004 	mov	w4, #0x0                   	// #0
   843dc:	52800283 	mov	w3, #0x14                  	// #20
   843e0:	9100e3e2 	add	x2, sp, #0x38
   843e4:	72a00021 	movk	w1, #0x1, lsl #16
   843e8:	9100c3e0 	add	x0, sp, #0x30
   843ec:	940010ad 	bl	886a0 <CBcmPropertyTags::GetTag(unsigned int, void*, unsigned int, unsigned int)>
   843f0:	36000300 	tbz	w0, #0, 84450 <CMemorySystem::CMemorySystem(bool)+0xe8>
   843f4:	b94047e0 	ldr	w0, [sp, #68]
   843f8:	350004c0 	cbnz	w0, 84490 <CMemorySystem::CMemorySystem(bool)+0x128>
   843fc:	b9404be0 	ldr	w0, [sp, #72]
   84400:	b2689fe2 	mov	x2, #0xffffffffff000000    	// #-16777216
   84404:	8b020014 	add	x20, x0, x2
   84408:	d1640042 	sub	x2, x2, #0x900, lsl #12
   8440c:	8b020002 	add	x2, x0, x2
   84410:	d2a00083 	mov	x3, #0x40000               	// #262144
   84414:	d2a01201 	mov	x1, #0x900000              	// #9437184
   84418:	f9000660 	str	x0, [x19, #8]
   8441c:	91006260 	add	x0, x19, #0x18
   84420:	97fffe19 	bl	83c84 <CHeapAllocator::Setup(unsigned long, unsigned long, unsigned long)>
   84424:	910c2260 	add	x0, x19, #0x308
   84428:	d2a02002 	mov	x2, #0x1000000             	// #16777216
   8442c:	aa1403e1 	mov	x1, x20
   84430:	94001c1d 	bl	8b4a4 <CPageAllocator::Setup(unsigned long, unsigned long)>
   84434:	39400260 	ldrb	w0, [x19]
   84438:	37000180 	tbnz	w0, #0, 84468 <CMemorySystem::CMemorySystem(bool)+0x100>
   8443c:	9100c3e0 	add	x0, sp, #0x30
   84440:	94001043 	bl	8854c <CBcmPropertyTags::~CBcmPropertyTags()>
   84444:	a94153f3 	ldp	x19, x20, [sp, #16]
   84448:	a8c57bfd 	ldp	x29, x30, [sp], #80
   8444c:	d65f03c0 	ret
   84450:	52a38000 	mov	w0, #0x1c000000            	// #469762048
   84454:	d2a34e02 	mov	x2, #0x1a700000            	// #443547648
   84458:	91640054 	add	x20, x2, #0x900, lsl #12
   8445c:	290883ff 	stp	wzr, w0, [sp, #68]
   84460:	d2a38000 	mov	x0, #0x1c000000            	// #469762048
   84464:	17ffffeb 	b	84410 <CMemorySystem::CMemorySystem(bool)+0xa8>
   84468:	d2800200 	mov	x0, #0x10                  	// #16
   8446c:	97fffd67 	bl	83a08 <operator new(unsigned long)>
   84470:	f9400661 	ldr	x1, [x19, #8]
   84474:	aa0003f4 	mov	x20, x0
   84478:	9400025e 	bl	84df0 <CTranslationTable::CTranslationTable(unsigned long)>
   8447c:	aa1303e0 	mov	x0, x19
   84480:	f9019674 	str	x20, [x19, #808]
   84484:	97ffff92 	bl	842cc <CMemorySystem::EnableMMU()>
   84488:	d5033fdf 	isb
   8448c:	17ffffec 	b	8443c <CMemorySystem::CMemorySystem(bool)+0xd4>
   84490:	52800742 	mov	w2, #0x3a                  	// #58
   84494:	aa1403e1 	mov	x1, x20
   84498:	a9025bf5 	stp	x21, x22, [sp, #32]
   8449c:	9101a280 	add	x0, x20, #0x68
   844a0:	94001000 	bl	884a0 <assertion_failed>

00000000000844a4 <CMemorySystem::GetCoherentPage(unsigned int)>:
   844a4:	53103c00 	lsl	w0, w0, #16
   844a8:	91540000 	add	x0, x0, #0x500, lsl #12
   844ac:	d65f03c0 	ret
	...

00000000000844c0 <CurrentExecutionLevel>:
   844c0:	d53b4221 	mrs	x1, daif
   844c4:	52800040 	mov	w0, #0x2                   	// #2
   844c8:	f27a003f 	tst	x1, #0x40
   844cc:	d3471c22 	ubfx	x2, x1, #7, #1
   844d0:	1a800040 	csel	w0, w2, w0, eq	// eq = none
   844d4:	d65f03c0 	ret
   844d8:	d503201f 	nop
   844dc:	d503201f 	nop

00000000000844e0 <EnterCritical>:
   844e0:	a9bf7bfd 	stp	x29, x30, [sp, #-16]!
   844e4:	51000401 	sub	w1, w0, #0x1
   844e8:	910003fd 	mov	x29, sp
   844ec:	7100043f 	cmp	w1, #0x1
   844f0:	540002c8 	b.hi	84548 <EnterCritical+0x68>  // b.pmore
   844f4:	d53b4224 	mrs	x4, daif
   844f8:	7100081f 	cmp	w0, #0x2
   844fc:	54000321 	b.ne	84560 <EnterCritical+0x80>  // b.any
   84500:	d50343df 	msr	daifset, #0x3
   84504:	90000061 	adrp	x1, 90000 <FromPCIeHost+0x148>
   84508:	b9430022 	ldr	w2, [x1, #768]
   8450c:	910c0023 	add	x3, x1, #0x300
   84510:	71004c5f 	cmp	w2, #0x13
   84514:	54000348 	b.hi	8457c <EnterCritical+0x9c>  // b.pmore
   84518:	b9430022 	ldr	w2, [x1, #768]
   8451c:	91004063 	add	x3, x3, #0x10
   84520:	11000445 	add	w5, w2, #0x1
   84524:	2a0203e2 	mov	w2, w2
   84528:	b9030025 	str	w5, [x1, #768]
   8452c:	f8227864 	str	x4, [x3, x2, lsl #3]
   84530:	7100041f 	cmp	w0, #0x1
   84534:	54000041 	b.ne	8453c <EnterCritical+0x5c>  // b.any
   84538:	d50341ff 	msr	daifclr, #0x1
   8453c:	d5033fbf 	dmb	sy
   84540:	a8c17bfd 	ldp	x29, x30, [sp], #16
   84544:	d65f03c0 	ret
   84548:	d0000041 	adrp	x1, 8e000 <CExceptionHandler::Throw(unsigned int, TAbortFrame*)+0x240>
   8454c:	d0000040 	adrp	x0, 8e000 <CExceptionHandler::Throw(unsigned int, TAbortFrame*)+0x240>
   84550:	52800d22 	mov	w2, #0x69                  	// #105
   84554:	91378021 	add	x1, x1, #0xde0
   84558:	9137e000 	add	x0, x0, #0xdf8
   8455c:	94000fd1 	bl	884a0 <assertion_failed>
   84560:	3637fd04 	tbz	w4, #6, 84500 <EnterCritical+0x20>
   84564:	d0000041 	adrp	x1, 8e000 <CExceptionHandler::Throw(unsigned int, TAbortFrame*)+0x240>
   84568:	d0000040 	adrp	x0, 8e000 <CExceptionHandler::Throw(unsigned int, TAbortFrame*)+0x240>
   8456c:	52800de2 	mov	w2, #0x6f                  	// #111
   84570:	91378021 	add	x1, x1, #0xde0
   84574:	9138c000 	add	x0, x0, #0xe30
   84578:	94000fca 	bl	884a0 <assertion_failed>
   8457c:	d0000041 	adrp	x1, 8e000 <CExceptionHandler::Throw(unsigned int, TAbortFrame*)+0x240>
   84580:	d0000040 	adrp	x0, 8e000 <CExceptionHandler::Throw(unsigned int, TAbortFrame*)+0x240>
   84584:	52800e62 	mov	w2, #0x73                  	// #115
   84588:	91378021 	add	x1, x1, #0xde0
   8458c:	91398000 	add	x0, x0, #0xe60
   84590:	94000fc4 	bl	884a0 <assertion_failed>
   84594:	d503201f 	nop
   84598:	d503201f 	nop
   8459c:	d503201f 	nop

00000000000845a0 <LeaveCritical>:
   845a0:	d5033fbf 	dmb	sy
   845a4:	d50341df 	msr	daifset, #0x1
   845a8:	90000061 	adrp	x1, 90000 <FromPCIeHost+0x148>
   845ac:	b9430020 	ldr	w0, [x1, #768]
   845b0:	34000120 	cbz	w0, 845d4 <LeaveCritical+0x34>
   845b4:	b9430020 	ldr	w0, [x1, #768]
   845b8:	910c0022 	add	x2, x1, #0x300
   845bc:	91004042 	add	x2, x2, #0x10
   845c0:	51000400 	sub	w0, w0, #0x1
   845c4:	b9030020 	str	w0, [x1, #768]
   845c8:	f8607840 	ldr	x0, [x2, x0, lsl #3]
   845cc:	d51b4220 	msr	daif, x0
   845d0:	d65f03c0 	ret
   845d4:	d0000041 	adrp	x1, 8e000 <CExceptionHandler::Throw(unsigned int, TAbortFrame*)+0x240>
   845d8:	d0000040 	adrp	x0, 8e000 <CExceptionHandler::Throw(unsigned int, TAbortFrame*)+0x240>
   845dc:	a9bf7bfd 	stp	x29, x30, [sp, #-16]!
   845e0:	52801082 	mov	w2, #0x84                  	// #132
   845e4:	910003fd 	mov	x29, sp
   845e8:	91378021 	add	x1, x1, #0xde0
   845ec:	913a2000 	add	x0, x0, #0xe88
   845f0:	94000fac 	bl	884a0 <assertion_failed>
   845f4:	d503201f 	nop
   845f8:	d503201f 	nop
   845fc:	d503201f 	nop

0000000000084600 <InvalidateDataCache>:
   84600:	d2800000 	mov	x0, #0x0                   	// #0
   84604:	d5087640 	dc	isw, x0
   84608:	32020001 	orr	w1, w0, #0x40000000
   8460c:	d5087641 	dc	isw, x1
   84610:	32010001 	orr	w1, w0, #0x80000000
   84614:	d5087641 	dc	isw, x1
   84618:	32020401 	orr	w1, w0, #0xc0000000
   8461c:	d5087641 	dc	isw, x1
   84620:	91010000 	add	x0, x0, #0x40
   84624:	f140101f 	cmp	x0, #0x4, lsl #12
   84628:	54fffee1 	b.ne	84604 <InvalidateDataCache+0x4>  // b.any
   8462c:	52800048 	mov	w8, #0x2                   	// #2
   84630:	52800047 	mov	w7, #0x2                   	// #2
   84634:	52800046 	mov	w6, #0x2                   	// #2
   84638:	52800045 	mov	w5, #0x2                   	// #2
   8463c:	52800044 	mov	w4, #0x2                   	// #2
   84640:	52800043 	mov	w3, #0x2                   	// #2
   84644:	52800042 	mov	w2, #0x2                   	// #2
   84648:	52800000 	mov	w0, #0x0                   	// #0
   8464c:	72a40008 	movk	w8, #0x2000, lsl #16
   84650:	72a80007 	movk	w7, #0x4000, lsl #16
   84654:	72ac0006 	movk	w6, #0x6000, lsl #16
   84658:	72b00005 	movk	w5, #0x8000, lsl #16
   8465c:	72b40004 	movk	w4, #0xa000, lsl #16
   84660:	72b80003 	movk	w3, #0xc000, lsl #16
   84664:	72bc0002 	movk	w2, #0xe000, lsl #16
   84668:	321f0001 	orr	w1, w0, #0x2
   8466c:	d5087641 	dc	isw, x1
   84670:	2a080001 	orr	w1, w0, w8
   84674:	d5087641 	dc	isw, x1
   84678:	2a070001 	orr	w1, w0, w7
   8467c:	d5087641 	dc	isw, x1
   84680:	2a060001 	orr	w1, w0, w6
   84684:	d5087641 	dc	isw, x1
   84688:	2a050001 	orr	w1, w0, w5
   8468c:	d5087641 	dc	isw, x1
   84690:	2a040001 	orr	w1, w0, w4
   84694:	d5087641 	dc	isw, x1
   84698:	2a030001 	orr	w1, w0, w3
   8469c:	d5087641 	dc	isw, x1
   846a0:	2a020001 	orr	w1, w0, w2
   846a4:	d5087641 	dc	isw, x1
   846a8:	11010000 	add	w0, w0, #0x40
   846ac:	7140401f 	cmp	w0, #0x10, lsl #12
   846b0:	54fffdc1 	b.ne	84668 <InvalidateDataCache+0x68>  // b.any
   846b4:	52800050 	mov	w16, #0x2                   	// #2
   846b8:	5280004f 	mov	w15, #0x2                   	// #2
   846bc:	5280004e 	mov	w14, #0x2                   	// #2
   846c0:	5280004d 	mov	w13, #0x2                   	// #2
   846c4:	5280004c 	mov	w12, #0x2                   	// #2
   846c8:	5280004b 	mov	w11, #0x2                   	// #2
   846cc:	5280004a 	mov	w10, #0x2                   	// #2
   846d0:	52800049 	mov	w9, #0x2                   	// #2
   846d4:	52800048 	mov	w8, #0x2                   	// #2
   846d8:	52800047 	mov	w7, #0x2                   	// #2
   846dc:	52800046 	mov	w6, #0x2                   	// #2
   846e0:	52800045 	mov	w5, #0x2                   	// #2
   846e4:	52800044 	mov	w4, #0x2                   	// #2
   846e8:	52800043 	mov	w3, #0x2                   	// #2
   846ec:	52800042 	mov	w2, #0x2                   	// #2
   846f0:	52800000 	mov	w0, #0x0                   	// #0
   846f4:	72a20010 	movk	w16, #0x1000, lsl #16
   846f8:	72a4000f 	movk	w15, #0x2000, lsl #16
   846fc:	72a6000e 	movk	w14, #0x3000, lsl #16
   84700:	72a8000d 	movk	w13, #0x4000, lsl #16
   84704:	72aa000c 	movk	w12, #0x5000, lsl #16
   84708:	72ac000b 	movk	w11, #0x6000, lsl #16
   8470c:	72ae000a 	movk	w10, #0x7000, lsl #16
   84710:	72b00009 	movk	w9, #0x8000, lsl #16
   84714:	72b20008 	movk	w8, #0x9000, lsl #16
   84718:	72b40007 	movk	w7, #0xa000, lsl #16
   8471c:	72b60006 	movk	w6, #0xb000, lsl #16
   84720:	72b80005 	movk	w5, #0xc000, lsl #16
   84724:	72ba0004 	movk	w4, #0xd000, lsl #16
   84728:	72bc0003 	movk	w3, #0xe000, lsl #16
   8472c:	72be0002 	movk	w2, #0xf000, lsl #16
   84730:	321f0001 	orr	w1, w0, #0x2
   84734:	d5087641 	dc	isw, x1
   84738:	2a100001 	orr	w1, w0, w16
   8473c:	d5087641 	dc	isw, x1
   84740:	2a0f0001 	orr	w1, w0, w15
   84744:	d5087641 	dc	isw, x1
   84748:	2a0e0001 	orr	w1, w0, w14
   8474c:	d5087641 	dc	isw, x1
   84750:	2a0d0001 	orr	w1, w0, w13
   84754:	d5087641 	dc	isw, x1
   84758:	2a0c0001 	orr	w1, w0, w12
   8475c:	d5087641 	dc	isw, x1
   84760:	2a0b0001 	orr	w1, w0, w11
   84764:	d5087641 	dc	isw, x1
   84768:	2a0a0001 	orr	w1, w0, w10
   8476c:	d5087641 	dc	isw, x1
   84770:	2a090001 	orr	w1, w0, w9
   84774:	d5087641 	dc	isw, x1
   84778:	2a080001 	orr	w1, w0, w8
   8477c:	d5087641 	dc	isw, x1
   84780:	2a070001 	orr	w1, w0, w7
   84784:	d5087641 	dc	isw, x1
   84788:	2a060001 	orr	w1, w0, w6
   8478c:	d5087641 	dc	isw, x1
   84790:	2a050001 	orr	w1, w0, w5
   84794:	d5087641 	dc	isw, x1
   84798:	2a040001 	orr	w1, w0, w4
   8479c:	d5087641 	dc	isw, x1
   847a0:	2a030001 	orr	w1, w0, w3
   847a4:	d5087641 	dc	isw, x1
   847a8:	2a020001 	orr	w1, w0, w2
   847ac:	d5087641 	dc	isw, x1
   847b0:	11010000 	add	w0, w0, #0x40
   847b4:	7140801f 	cmp	w0, #0x20, lsl #12
   847b8:	54fffbc1 	b.ne	84730 <InvalidateDataCache+0x130>  // b.any
   847bc:	d5033f9f 	dsb	sy
   847c0:	d65f03c0 	ret

00000000000847c4 <InvalidateDataCacheL1Only>:
   847c4:	d2800000 	mov	x0, #0x0                   	// #0
   847c8:	d5087640 	dc	isw, x0
   847cc:	32020001 	orr	w1, w0, #0x40000000
   847d0:	d5087641 	dc	isw, x1
   847d4:	32010001 	orr	w1, w0, #0x80000000
   847d8:	d5087641 	dc	isw, x1
   847dc:	32020401 	orr	w1, w0, #0xc0000000
   847e0:	d5087641 	dc	isw, x1
   847e4:	91010000 	add	x0, x0, #0x40
   847e8:	f140101f 	cmp	x0, #0x4, lsl #12
   847ec:	54fffee1 	b.ne	847c8 <InvalidateDataCacheL1Only+0x4>  // b.any
   847f0:	d5033f9f 	dsb	sy
   847f4:	d65f03c0 	ret
   847f8:	d503201f 	nop
   847fc:	d503201f 	nop

0000000000084800 <CleanDataCache>:
   84800:	d2800000 	mov	x0, #0x0                   	// #0
   84804:	d5087a40 	dc	csw, x0
   84808:	32020001 	orr	w1, w0, #0x40000000
   8480c:	d5087a41 	dc	csw, x1
   84810:	32010001 	orr	w1, w0, #0x80000000
   84814:	d5087a41 	dc	csw, x1
   84818:	32020401 	orr	w1, w0, #0xc0000000
   8481c:	d5087a41 	dc	csw, x1
   84820:	91010000 	add	x0, x0, #0x40
   84824:	f140101f 	cmp	x0, #0x4, lsl #12
   84828:	54fffee1 	b.ne	84804 <CleanDataCache+0x4>  // b.any
   8482c:	52800048 	mov	w8, #0x2                   	// #2
   84830:	52800047 	mov	w7, #0x2                   	// #2
   84834:	52800046 	mov	w6, #0x2                   	// #2
   84838:	52800045 	mov	w5, #0x2                   	// #2
   8483c:	52800044 	mov	w4, #0x2                   	// #2
   84840:	52800043 	mov	w3, #0x2                   	// #2
   84844:	52800042 	mov	w2, #0x2                   	// #2
   84848:	52800000 	mov	w0, #0x0                   	// #0
   8484c:	72a40008 	movk	w8, #0x2000, lsl #16
   84850:	72a80007 	movk	w7, #0x4000, lsl #16
   84854:	72ac0006 	movk	w6, #0x6000, lsl #16
   84858:	72b00005 	movk	w5, #0x8000, lsl #16
   8485c:	72b40004 	movk	w4, #0xa000, lsl #16
   84860:	72b80003 	movk	w3, #0xc000, lsl #16
   84864:	72bc0002 	movk	w2, #0xe000, lsl #16
   84868:	321f0001 	orr	w1, w0, #0x2
   8486c:	d5087a41 	dc	csw, x1
   84870:	2a080001 	orr	w1, w0, w8
   84874:	d5087a41 	dc	csw, x1
   84878:	2a070001 	orr	w1, w0, w7
   8487c:	d5087a41 	dc	csw, x1
   84880:	2a060001 	orr	w1, w0, w6
   84884:	d5087a41 	dc	csw, x1
   84888:	2a050001 	orr	w1, w0, w5
   8488c:	d5087a41 	dc	csw, x1
   84890:	2a040001 	orr	w1, w0, w4
   84894:	d5087a41 	dc	csw, x1
   84898:	2a030001 	orr	w1, w0, w3
   8489c:	d5087a41 	dc	csw, x1
   848a0:	2a020001 	orr	w1, w0, w2
   848a4:	d5087a41 	dc	csw, x1
   848a8:	11010000 	add	w0, w0, #0x40
   848ac:	7140401f 	cmp	w0, #0x10, lsl #12
   848b0:	54fffdc1 	b.ne	84868 <CleanDataCache+0x68>  // b.any
   848b4:	52800050 	mov	w16, #0x2                   	// #2
   848b8:	5280004f 	mov	w15, #0x2                   	// #2
   848bc:	5280004e 	mov	w14, #0x2                   	// #2
   848c0:	5280004d 	mov	w13, #0x2                   	// #2
   848c4:	5280004c 	mov	w12, #0x2                   	// #2
   848c8:	5280004b 	mov	w11, #0x2                   	// #2
   848cc:	5280004a 	mov	w10, #0x2                   	// #2
   848d0:	52800049 	mov	w9, #0x2                   	// #2
   848d4:	52800048 	mov	w8, #0x2                   	// #2
   848d8:	52800047 	mov	w7, #0x2                   	// #2
   848dc:	52800046 	mov	w6, #0x2                   	// #2
   848e0:	52800045 	mov	w5, #0x2                   	// #2
   848e4:	52800044 	mov	w4, #0x2                   	// #2
   848e8:	52800043 	mov	w3, #0x2                   	// #2
   848ec:	52800042 	mov	w2, #0x2                   	// #2
   848f0:	52800000 	mov	w0, #0x0                   	// #0
   848f4:	72a20010 	movk	w16, #0x1000, lsl #16
   848f8:	72a4000f 	movk	w15, #0x2000, lsl #16
   848fc:	72a6000e 	movk	w14, #0x3000, lsl #16
   84900:	72a8000d 	movk	w13, #0x4000, lsl #16
   84904:	72aa000c 	movk	w12, #0x5000, lsl #16
   84908:	72ac000b 	movk	w11, #0x6000, lsl #16
   8490c:	72ae000a 	movk	w10, #0x7000, lsl #16
   84910:	72b00009 	movk	w9, #0x8000, lsl #16
   84914:	72b20008 	movk	w8, #0x9000, lsl #16
   84918:	72b40007 	movk	w7, #0xa000, lsl #16
   8491c:	72b60006 	movk	w6, #0xb000, lsl #16
   84920:	72b80005 	movk	w5, #0xc000, lsl #16
   84924:	72ba0004 	movk	w4, #0xd000, lsl #16
   84928:	72bc0003 	movk	w3, #0xe000, lsl #16
   8492c:	72be0002 	movk	w2, #0xf000, lsl #16
   84930:	321f0001 	orr	w1, w0, #0x2
   84934:	d5087a41 	dc	csw, x1
   84938:	2a100001 	orr	w1, w0, w16
   8493c:	d5087a41 	dc	csw, x1
   84940:	2a0f0001 	orr	w1, w0, w15
   84944:	d5087a41 	dc	csw, x1
   84948:	2a0e0001 	orr	w1, w0, w14
   8494c:	d5087a41 	dc	csw, x1
   84950:	2a0d0001 	orr	w1, w0, w13
   84954:	d5087a41 	dc	csw, x1
   84958:	2a0c0001 	orr	w1, w0, w12
   8495c:	d5087a41 	dc	csw, x1
   84960:	2a0b0001 	orr	w1, w0, w11
   84964:	d5087a41 	dc	csw, x1
   84968:	2a0a0001 	orr	w1, w0, w10
   8496c:	d5087a41 	dc	csw, x1
   84970:	2a090001 	orr	w1, w0, w9
   84974:	d5087a41 	dc	csw, x1
   84978:	2a080001 	orr	w1, w0, w8
   8497c:	d5087a41 	dc	csw, x1
   84980:	2a070001 	orr	w1, w0, w7
   84984:	d5087a41 	dc	csw, x1
   84988:	2a060001 	orr	w1, w0, w6
   8498c:	d5087a41 	dc	csw, x1
   84990:	2a050001 	orr	w1, w0, w5
   84994:	d5087a41 	dc	csw, x1
   84998:	2a040001 	orr	w1, w0, w4
   8499c:	d5087a41 	dc	csw, x1
   849a0:	2a030001 	orr	w1, w0, w3
   849a4:	d5087a41 	dc	csw, x1
   849a8:	2a020001 	orr	w1, w0, w2
   849ac:	d5087a41 	dc	csw, x1
   849b0:	11010000 	add	w0, w0, #0x40
   849b4:	7140801f 	cmp	w0, #0x20, lsl #12
   849b8:	54fffbc1 	b.ne	84930 <CleanDataCache+0x130>  // b.any
   849bc:	d5033f9f 	dsb	sy
   849c0:	d65f03c0 	ret

00000000000849c4 <InvalidateDataCacheRange>:
   849c4:	8b010001 	add	x1, x0, x1
   849c8:	927ae400 	and	x0, x0, #0xffffffffffffffc0
   849cc:	cb000021 	sub	x1, x1, x0
   849d0:	d5087620 	dc	ivac, x0
   849d4:	f101003f 	cmp	x1, #0x40
   849d8:	54000149 	b.ls	84a00 <InvalidateDataCacheRange+0x3c>  // b.plast
   849dc:	d1010421 	sub	x1, x1, #0x41
   849e0:	91010000 	add	x0, x0, #0x40
   849e4:	927ae421 	and	x1, x1, #0xffffffffffffffc0
   849e8:	8b000021 	add	x1, x1, x0
   849ec:	14000002 	b	849f4 <InvalidateDataCacheRange+0x30>
   849f0:	91010000 	add	x0, x0, #0x40
   849f4:	d5087620 	dc	ivac, x0
   849f8:	eb01001f 	cmp	x0, x1
   849fc:	54ffffa1 	b.ne	849f0 <InvalidateDataCacheRange+0x2c>  // b.any
   84a00:	d5033f9f 	dsb	sy
   84a04:	d65f03c0 	ret

0000000000084a08 <CleanDataCacheRange>:
   84a08:	8b010001 	add	x1, x0, x1
   84a0c:	927ae400 	and	x0, x0, #0xffffffffffffffc0
   84a10:	cb000021 	sub	x1, x1, x0
   84a14:	d50b7a20 	dc	cvac, x0
   84a18:	f101003f 	cmp	x1, #0x40
   84a1c:	54000149 	b.ls	84a44 <CleanDataCacheRange+0x3c>  // b.plast
   84a20:	d1010421 	sub	x1, x1, #0x41
   84a24:	91010000 	add	x0, x0, #0x40
   84a28:	927ae421 	and	x1, x1, #0xffffffffffffffc0
   84a2c:	8b000021 	add	x1, x1, x0
   84a30:	14000002 	b	84a38 <CleanDataCacheRange+0x30>
   84a34:	91010000 	add	x0, x0, #0x40
   84a38:	d50b7a20 	dc	cvac, x0
   84a3c:	eb01001f 	cmp	x0, x1
   84a40:	54ffffa1 	b.ne	84a34 <CleanDataCacheRange+0x2c>  // b.any
   84a44:	d5033f9f 	dsb	sy
   84a48:	d65f03c0 	ret

0000000000084a4c <CleanAndInvalidateDataCacheRange>:
   84a4c:	8b010001 	add	x1, x0, x1
   84a50:	927ae400 	and	x0, x0, #0xffffffffffffffc0
   84a54:	cb000021 	sub	x1, x1, x0
   84a58:	d50b7e20 	dc	civac, x0
   84a5c:	f101003f 	cmp	x1, #0x40
   84a60:	54000149 	b.ls	84a88 <CleanAndInvalidateDataCacheRange+0x3c>  // b.plast
   84a64:	d1010421 	sub	x1, x1, #0x41
   84a68:	91010000 	add	x0, x0, #0x40
   84a6c:	927ae421 	and	x1, x1, #0xffffffffffffffc0
   84a70:	8b000021 	add	x1, x1, x0
   84a74:	14000002 	b	84a7c <CleanAndInvalidateDataCacheRange+0x30>
   84a78:	91010000 	add	x0, x0, #0x40
   84a7c:	d50b7e20 	dc	civac, x0
   84a80:	eb01001f 	cmp	x0, x1
   84a84:	54ffffa1 	b.ne	84a78 <CleanAndInvalidateDataCacheRange+0x2c>  // b.any
   84a88:	d5033f9f 	dsb	sy
   84a8c:	d65f03c0 	ret

0000000000084a90 <SyncDataAndInstructionCache>:
   84a90:	a9bf7bfd 	stp	x29, x30, [sp, #-16]!
   84a94:	910003fd 	mov	x29, sp
   84a98:	97ffff5a 	bl	84800 <CleanDataCache>
   84a9c:	d508751f 	ic	iallu
   84aa0:	d5033f9f 	dsb	sy
   84aa4:	d5033fdf 	isb
   84aa8:	a8c17bfd 	ldp	x29, x30, [sp], #16
   84aac:	d65f03c0 	ret
	...

0000000000084ac0 <CTranslationTable::~CTranslationTable()>:
   84ac0:	f9400400 	ldr	x0, [x0, #8]
   84ac4:	14000e6f 	b	88480 <pfree>

0000000000084ac8 <CTranslationTable::GetBaseAddress() const>:
   84ac8:	f9400400 	ldr	x0, [x0, #8]
   84acc:	b4000040 	cbz	x0, 84ad4 <CTranslationTable::GetBaseAddress() const+0xc>
   84ad0:	d65f03c0 	ret
   84ad4:	d0000041 	adrp	x1, 8e000 <CExceptionHandler::Throw(unsigned int, TAbortFrame*)+0x240>
   84ad8:	d0000040 	adrp	x0, 8e000 <CExceptionHandler::Throw(unsigned int, TAbortFrame*)+0x240>
   84adc:	a9bf7bfd 	stp	x29, x30, [sp, #-16]!
   84ae0:	52800d02 	mov	w2, #0x68                  	// #104
   84ae4:	910003fd 	mov	x29, sp
   84ae8:	913a8021 	add	x1, x1, #0xea0
   84aec:	913ae000 	add	x0, x0, #0xeb8
   84af0:	94000e6c 	bl	884a0 <assertion_failed>
   84af4:	d503201f 	nop
   84af8:	d503201f 	nop
   84afc:	d503201f 	nop

0000000000084b00 <CTranslationTable::CreateLevel3Table(unsigned long)>:
   84b00:	a9bc7bfd 	stp	x29, x30, [sp, #-64]!
   84b04:	910003fd 	mov	x29, sp
   84b08:	f9000fe0 	str	x0, [sp, #24]
   84b0c:	f9000be1 	str	x1, [sp, #16]
   84b10:	94000e57 	bl	8846c <palloc>
   84b14:	f9001be0 	str	x0, [sp, #48]
   84b18:	f9401be0 	ldr	x0, [sp, #48]
   84b1c:	f100001f 	cmp	x0, #0x0
   84b20:	1a9f07e0 	cset	w0, ne	// ne = any
   84b24:	12001c00 	and	w0, w0, #0xff
   84b28:	92401c00 	and	x0, x0, #0xff
   84b2c:	f100001f 	cmp	x0, #0x0
   84b30:	540000e1 	b.ne	84b4c <CTranslationTable::CreateLevel3Table(unsigned long)+0x4c>  // b.any
   84b34:	52800de2 	mov	w2, #0x6f                  	// #111
   84b38:	d0000040 	adrp	x0, 8e000 <CExceptionHandler::Throw(unsigned int, TAbortFrame*)+0x240>
   84b3c:	913a8001 	add	x1, x0, #0xea0
   84b40:	d0000040 	adrp	x0, 8e000 <CExceptionHandler::Throw(unsigned int, TAbortFrame*)+0x240>
   84b44:	913b2000 	add	x0, x0, #0xec8
   84b48:	94000e56 	bl	884a0 <assertion_failed>
   84b4c:	b9003fff 	str	wzr, [sp, #60]
   84b50:	140000a1 	b	84dd4 <CTranslationTable::CreateLevel3Table(unsigned long)+0x2d4>
   84b54:	b9403fe0 	ldr	w0, [sp, #60]
   84b58:	d37df000 	lsl	x0, x0, #3
   84b5c:	f9401be1 	ldr	x1, [sp, #48]
   84b60:	8b000020 	add	x0, x1, x0
   84b64:	f90017e0 	str	x0, [sp, #40]
   84b68:	f94017e0 	ldr	x0, [sp, #40]
   84b6c:	39400001 	ldrb	w1, [x0]
   84b70:	32000421 	orr	w1, w1, #0x3
   84b74:	39000001 	strb	w1, [x0]
   84b78:	f94017e0 	ldr	x0, [sp, #40]
   84b7c:	39400001 	ldrb	w1, [x0]
   84b80:	121b7021 	and	w1, w1, #0xffffffe3
   84b84:	39000001 	strb	w1, [x0]
   84b88:	f94017e0 	ldr	x0, [sp, #40]
   84b8c:	39400001 	ldrb	w1, [x0]
   84b90:	121a7821 	and	w1, w1, #0xffffffdf
   84b94:	39000001 	strb	w1, [x0]
   84b98:	f94017e0 	ldr	x0, [sp, #40]
   84b9c:	39400001 	ldrb	w1, [x0]
   84ba0:	12001421 	and	w1, w1, #0x3f
   84ba4:	39000001 	strb	w1, [x0]
   84ba8:	f94017e0 	ldr	x0, [sp, #40]
   84bac:	39400401 	ldrb	w1, [x0, #1]
   84bb0:	32000421 	orr	w1, w1, #0x3
   84bb4:	39000401 	strb	w1, [x0, #1]
   84bb8:	f94017e0 	ldr	x0, [sp, #40]
   84bbc:	39400401 	ldrb	w1, [x0, #1]
   84bc0:	321e0021 	orr	w1, w1, #0x4
   84bc4:	39000401 	strb	w1, [x0, #1]
   84bc8:	f94017e0 	ldr	x0, [sp, #40]
   84bcc:	39400401 	ldrb	w1, [x0, #1]
   84bd0:	121c7821 	and	w1, w1, #0xfffffff7
   84bd4:	39000401 	strb	w1, [x0, #1]
   84bd8:	f94017e0 	ldr	x0, [sp, #40]
   84bdc:	39400401 	ldrb	w1, [x0, #1]
   84be0:	12000c21 	and	w1, w1, #0xf
   84be4:	39000401 	strb	w1, [x0, #1]
   84be8:	f9400be0 	ldr	x0, [sp, #16]
   84bec:	d350fc00 	lsr	x0, x0, #16
   84bf0:	2a0003e1 	mov	w1, w0
   84bf4:	f94017e0 	ldr	x0, [sp, #40]
   84bf8:	2a0103e2 	mov	w2, w1
   84bfc:	92401c44 	and	x4, x2, #0xff
   84c00:	39400802 	ldrb	w2, [x0, #2]
   84c04:	52800003 	mov	w3, #0x0                   	// #0
   84c08:	0a030042 	and	w2, w2, w3
   84c0c:	2a0203e3 	mov	w3, w2
   84c10:	2a0403e2 	mov	w2, w4
   84c14:	2a020062 	orr	w2, w3, w2
   84c18:	39000802 	strb	w2, [x0, #2]
   84c1c:	53087c22 	lsr	w2, w1, #8
   84c20:	2a0203e2 	mov	w2, w2
   84c24:	92401c44 	and	x4, x2, #0xff
   84c28:	39400c02 	ldrb	w2, [x0, #3]
   84c2c:	52800003 	mov	w3, #0x0                   	// #0
   84c30:	0a030042 	and	w2, w2, w3
   84c34:	2a0203e3 	mov	w3, w2
   84c38:	2a0403e2 	mov	w2, w4
   84c3c:	2a020062 	orr	w2, w3, w2
   84c40:	39000c02 	strb	w2, [x0, #3]
   84c44:	53107c22 	lsr	w2, w1, #16
   84c48:	2a0203e2 	mov	w2, w2
   84c4c:	92401c44 	and	x4, x2, #0xff
   84c50:	39401002 	ldrb	w2, [x0, #4]
   84c54:	52800003 	mov	w3, #0x0                   	// #0
   84c58:	0a030042 	and	w2, w2, w3
   84c5c:	2a0203e3 	mov	w3, w2
   84c60:	2a0403e2 	mov	w2, w4
   84c64:	2a020062 	orr	w2, w3, w2
   84c68:	39001002 	strb	w2, [x0, #4]
   84c6c:	53187c21 	lsr	w1, w1, #24
   84c70:	2a0103e3 	mov	w3, w1
   84c74:	39401401 	ldrb	w1, [x0, #5]
   84c78:	52800002 	mov	w2, #0x0                   	// #0
   84c7c:	0a020021 	and	w1, w1, w2
   84c80:	2a0103e2 	mov	w2, w1
   84c84:	2a0303e1 	mov	w1, w3
   84c88:	2a010041 	orr	w1, w2, w1
   84c8c:	39001401 	strb	w1, [x0, #5]
   84c90:	f94017e0 	ldr	x0, [sp, #40]
   84c94:	39401801 	ldrb	w1, [x0, #6]
   84c98:	121c6c21 	and	w1, w1, #0xfffffff0
   84c9c:	39001801 	strb	w1, [x0, #6]
   84ca0:	f94017e0 	ldr	x0, [sp, #40]
   84ca4:	39401801 	ldrb	w1, [x0, #6]
   84ca8:	121b7821 	and	w1, w1, #0xffffffef
   84cac:	39001801 	strb	w1, [x0, #6]
   84cb0:	f94017e0 	ldr	x0, [sp, #40]
   84cb4:	39401801 	ldrb	w1, [x0, #6]
   84cb8:	121a7821 	and	w1, w1, #0xffffffdf
   84cbc:	39001801 	strb	w1, [x0, #6]
   84cc0:	f94017e0 	ldr	x0, [sp, #40]
   84cc4:	39401801 	ldrb	w1, [x0, #6]
   84cc8:	321a0021 	orr	w1, w1, #0x40
   84ccc:	39001801 	strb	w1, [x0, #6]
   84cd0:	f94017e0 	ldr	x0, [sp, #40]
   84cd4:	39401801 	ldrb	w1, [x0, #6]
   84cd8:	12001821 	and	w1, w1, #0x7f
   84cdc:	39001801 	strb	w1, [x0, #6]
   84ce0:	39401c01 	ldrb	w1, [x0, #7]
   84ce4:	52800002 	mov	w2, #0x0                   	// #0
   84ce8:	0a020021 	and	w1, w1, w2
   84cec:	39001c01 	strb	w1, [x0, #7]
   84cf0:	d0000040 	adrp	x0, 8e000 <CExceptionHandler::Throw(unsigned int, TAbortFrame*)+0x240>
   84cf4:	91047000 	add	x0, x0, #0x11c
   84cf8:	f9400be1 	ldr	x1, [sp, #16]
   84cfc:	eb00003f 	cmp	x1, x0
   84d00:	540005e3 	b.cc	84dbc <CTranslationTable::CreateLevel3Table(unsigned long)+0x2bc>  // b.lo, b.ul, b.last
   84d04:	f94017e0 	ldr	x0, [sp, #40]
   84d08:	39401801 	ldrb	w1, [x0, #6]
   84d0c:	321b0021 	orr	w1, w1, #0x20
   84d10:	39001801 	strb	w1, [x0, #6]
   84d14:	f9400fe0 	ldr	x0, [sp, #24]
   84d18:	f9400000 	ldr	x0, [x0]
   84d1c:	f9400be1 	ldr	x1, [sp, #16]
   84d20:	eb00003f 	cmp	x1, x0
   84d24:	540000a3 	b.cc	84d38 <CTranslationTable::CreateLevel3Table(unsigned long)+0x238>  // b.lo, b.ul, b.last
   84d28:	f9400be1 	ldr	x1, [sp, #16]
   84d2c:	b24077e0 	mov	x0, #0x3fffffff            	// #1073741823
   84d30:	eb00003f 	cmp	x1, x0
   84d34:	540000a9 	b.ls	84d48 <CTranslationTable::CreateLevel3Table(unsigned long)+0x248>  // b.plast
   84d38:	f9400be1 	ldr	x1, [sp, #16]
   84d3c:	b24083e0 	mov	x0, #0x1ffffffff           	// #8589934591
   84d40:	eb00003f 	cmp	x1, x0
   84d44:	54000189 	b.ls	84d74 <CTranslationTable::CreateLevel3Table(unsigned long)+0x274>  // b.plast
   84d48:	f94017e1 	ldr	x1, [sp, #40]
   84d4c:	39400020 	ldrb	w0, [x1]
   84d50:	52800022 	mov	w2, #0x1                   	// #1
   84d54:	331e0840 	bfi	w0, w2, #2, #3
   84d58:	39000020 	strb	w0, [x1]
   84d5c:	f94017e1 	ldr	x1, [sp, #40]
   84d60:	39400420 	ldrb	w0, [x1, #1]
   84d64:	52800042 	mov	w2, #0x2                   	// #2
   84d68:	33000440 	bfxil	w0, w2, #0, #2
   84d6c:	39000420 	strb	w0, [x1, #1]
   84d70:	14000013 	b	84dbc <CTranslationTable::CreateLevel3Table(unsigned long)+0x2bc>
   84d74:	f9400be1 	ldr	x1, [sp, #16]
   84d78:	12bff600 	mov	w0, #0x4fffff              	// #5242879
   84d7c:	eb00003f 	cmp	x1, x0
   84d80:	540001e9 	b.ls	84dbc <CTranslationTable::CreateLevel3Table(unsigned long)+0x2bc>  // b.plast
   84d84:	f9400be1 	ldr	x1, [sp, #16]
   84d88:	12bfee00 	mov	w0, #0x8fffff              	// #9437183
   84d8c:	eb00003f 	cmp	x1, x0
   84d90:	54000168 	b.hi	84dbc <CTranslationTable::CreateLevel3Table(unsigned long)+0x2bc>  // b.pmore
   84d94:	f94017e1 	ldr	x1, [sp, #40]
   84d98:	39400020 	ldrb	w0, [x1]
   84d9c:	52800042 	mov	w2, #0x2                   	// #2
   84da0:	331e0840 	bfi	w0, w2, #2, #3
   84da4:	39000020 	strb	w0, [x1]
   84da8:	f94017e1 	ldr	x1, [sp, #40]
   84dac:	39400420 	ldrb	w0, [x1, #1]
   84db0:	52800042 	mov	w2, #0x2                   	// #2
   84db4:	33000440 	bfxil	w0, w2, #0, #2
   84db8:	39000420 	strb	w0, [x1, #1]
   84dbc:	f9400be0 	ldr	x0, [sp, #16]
   84dc0:	91404000 	add	x0, x0, #0x10, lsl #12
   84dc4:	f9000be0 	str	x0, [sp, #16]
   84dc8:	b9403fe0 	ldr	w0, [sp, #60]
   84dcc:	11000400 	add	w0, w0, #0x1
   84dd0:	b9003fe0 	str	w0, [sp, #60]
   84dd4:	b9403fe1 	ldr	w1, [sp, #60]
   84dd8:	5283ffe0 	mov	w0, #0x1fff                	// #8191
   84ddc:	6b00003f 	cmp	w1, w0
   84de0:	54ffeba9 	b.ls	84b54 <CTranslationTable::CreateLevel3Table(unsigned long)+0x54>  // b.plast
   84de4:	f9401be0 	ldr	x0, [sp, #48]
   84de8:	a8c47bfd 	ldp	x29, x30, [sp], #64
   84dec:	d65f03c0 	ret

0000000000084df0 <CTranslationTable::CTranslationTable(unsigned long)>:
   84df0:	a9bc7bfd 	stp	x29, x30, [sp, #-64]!
   84df4:	910003fd 	mov	x29, sp
   84df8:	f9000fe0 	str	x0, [sp, #24]
   84dfc:	f9000be1 	str	x1, [sp, #16]
   84e00:	f9400fe0 	ldr	x0, [sp, #24]
   84e04:	f9400be1 	ldr	x1, [sp, #16]
   84e08:	f9000001 	str	x1, [x0]
   84e0c:	f9400fe0 	ldr	x0, [sp, #24]
   84e10:	f900041f 	str	xzr, [x0, #8]
   84e14:	94000d96 	bl	8846c <palloc>
   84e18:	aa0003e1 	mov	x1, x0
   84e1c:	f9400fe0 	ldr	x0, [sp, #24]
   84e20:	f9000401 	str	x1, [x0, #8]
   84e24:	f9400fe0 	ldr	x0, [sp, #24]
   84e28:	f9400400 	ldr	x0, [x0, #8]
   84e2c:	f100001f 	cmp	x0, #0x0
   84e30:	1a9f07e0 	cset	w0, ne	// ne = any
   84e34:	12001c00 	and	w0, w0, #0xff
   84e38:	92401c00 	and	x0, x0, #0xff
   84e3c:	f100001f 	cmp	x0, #0x0
   84e40:	540000e1 	b.ne	84e5c <CTranslationTable::CTranslationTable(unsigned long)+0x6c>  // b.any
   84e44:	52800662 	mov	w2, #0x33                  	// #51
   84e48:	d0000040 	adrp	x0, 8e000 <CExceptionHandler::Throw(unsigned int, TAbortFrame*)+0x240>
   84e4c:	913a8001 	add	x1, x0, #0xea0
   84e50:	d0000040 	adrp	x0, 8e000 <CExceptionHandler::Throw(unsigned int, TAbortFrame*)+0x240>
   84e54:	913ae000 	add	x0, x0, #0xeb8
   84e58:	94000d92 	bl	884a0 <assertion_failed>
   84e5c:	f9400fe0 	ldr	x0, [sp, #24]
   84e60:	f9400400 	ldr	x0, [x0, #8]
   84e64:	d2a00022 	mov	x2, #0x10000               	// #65536
   84e68:	52800001 	mov	w1, #0x0                   	// #0
   84e6c:	97fffa3b 	bl	83758 <memset>
   84e70:	b9003fff 	str	wzr, [sp, #60]
   84e74:	1400009b 	b	850e0 <CTranslationTable::CTranslationTable(unsigned long)+0x2f0>
   84e78:	b9403fe0 	ldr	w0, [sp, #60]
   84e7c:	d3638800 	lsl	x0, x0, #29
   84e80:	f9001be0 	str	x0, [sp, #48]
   84e84:	f9401be1 	ldr	x1, [sp, #48]
   84e88:	b24083e0 	mov	x0, #0x1ffffffff           	// #8589934591
   84e8c:	eb00003f 	cmp	x1, x0
   84e90:	540004e9 	b.ls	84f2c <CTranslationTable::CTranslationTable(unsigned long)+0x13c>  // b.plast
   84e94:	f9401be1 	ldr	x1, [sp, #48]
   84e98:	b2408fe0 	mov	x0, #0xfffffffff           	// #68719476735
   84e9c:	eb00003f 	cmp	x1, x0
   84ea0:	540000c9 	b.ls	84eb8 <CTranslationTable::CTranslationTable(unsigned long)+0xc8>  // b.plast
   84ea4:	f9401be1 	ldr	x1, [sp, #48]
   84ea8:	b24073e0 	mov	x0, #0x1fffffff            	// #536870911
   84eac:	f2c00200 	movk	x0, #0x10, lsl #32
   84eb0:	eb00003f 	cmp	x1, x0
   84eb4:	540003c9 	b.ls	84f2c <CTranslationTable::CTranslationTable(unsigned long)+0x13c>  // b.plast
   84eb8:	f9401be1 	ldr	x1, [sp, #48]
   84ebc:	12b40000 	mov	w0, #0x5fffffff            	// #1610612735
   84ec0:	f2c00200 	movk	x0, #0x10, lsl #32
   84ec4:	eb00003f 	cmp	x1, x0
   84ec8:	540000c9 	b.ls	84ee0 <CTranslationTable::CTranslationTable(unsigned long)+0xf0>  // b.plast
   84ecc:	f9401be1 	ldr	x1, [sp, #48]
   84ed0:	b2407be0 	mov	x0, #0x7fffffff            	// #2147483647
   84ed4:	f2c00200 	movk	x0, #0x10, lsl #32
   84ed8:	eb00003f 	cmp	x1, x0
   84edc:	54000289 	b.ls	84f2c <CTranslationTable::CTranslationTable(unsigned long)+0x13c>  // b.plast
   84ee0:	f9401be1 	ldr	x1, [sp, #48]
   84ee4:	b2407be0 	mov	x0, #0x7fffffff            	// #2147483647
   84ee8:	f2c00360 	movk	x0, #0x1b, lsl #32
   84eec:	eb00003f 	cmp	x1, x0
   84ef0:	540000c9 	b.ls	84f08 <CTranslationTable::CTranslationTable(unsigned long)+0x118>  // b.plast
   84ef4:	f9401be1 	ldr	x1, [sp, #48]
   84ef8:	12ac0000 	mov	w0, #0x9fffffff            	// #-1610612737
   84efc:	f2c00360 	movk	x0, #0x1b, lsl #32
   84f00:	eb00003f 	cmp	x1, x0
   84f04:	54000149 	b.ls	84f2c <CTranslationTable::CTranslationTable(unsigned long)+0x13c>  // b.plast
   84f08:	f9401be1 	ldr	x1, [sp, #48]
   84f0c:	d2c003e0 	mov	x0, #0x1f00000000          	// #133143986176
   84f10:	eb00003f 	cmp	x1, x0
   84f14:	54000de3 	b.cc	850d0 <CTranslationTable::CTranslationTable(unsigned long)+0x2e0>  // b.lo, b.ul, b.last
   84f18:	f9401be1 	ldr	x1, [sp, #48]
   84f1c:	b24093e0 	mov	x0, #0x1fffffffff          	// #137438953471
   84f20:	f2a3ffe0 	movk	x0, #0x1fff, lsl #16
   84f24:	eb00003f 	cmp	x1, x0
   84f28:	54000d48 	b.hi	850d0 <CTranslationTable::CTranslationTable(unsigned long)+0x2e0>  // b.pmore
   84f2c:	f9401be1 	ldr	x1, [sp, #48]
   84f30:	f9400fe0 	ldr	x0, [sp, #24]
   84f34:	97fffef3 	bl	84b00 <CTranslationTable::CreateLevel3Table(unsigned long)>
   84f38:	f90017e0 	str	x0, [sp, #40]
   84f3c:	f94017e0 	ldr	x0, [sp, #40]
   84f40:	f100001f 	cmp	x0, #0x0
   84f44:	1a9f07e0 	cset	w0, ne	// ne = any
   84f48:	12001c00 	and	w0, w0, #0xff
   84f4c:	92401c00 	and	x0, x0, #0xff
   84f50:	f100001f 	cmp	x0, #0x0
   84f54:	540000e1 	b.ne	84f70 <CTranslationTable::CTranslationTable(unsigned long)+0x180>  // b.any
   84f58:	528009c2 	mov	w2, #0x4e                  	// #78
   84f5c:	d0000040 	adrp	x0, 8e000 <CExceptionHandler::Throw(unsigned int, TAbortFrame*)+0x240>
   84f60:	913a8001 	add	x1, x0, #0xea0
   84f64:	d0000040 	adrp	x0, 8e000 <CExceptionHandler::Throw(unsigned int, TAbortFrame*)+0x240>
   84f68:	913b2000 	add	x0, x0, #0xec8
   84f6c:	94000d4d 	bl	884a0 <assertion_failed>
   84f70:	f9400fe0 	ldr	x0, [sp, #24]
   84f74:	f9400401 	ldr	x1, [x0, #8]
   84f78:	b9403fe0 	ldr	w0, [sp, #60]
   84f7c:	d37df000 	lsl	x0, x0, #3
   84f80:	8b000020 	add	x0, x1, x0
   84f84:	f90013e0 	str	x0, [sp, #32]
   84f88:	f94013e0 	ldr	x0, [sp, #32]
   84f8c:	39400001 	ldrb	w1, [x0]
   84f90:	32000421 	orr	w1, w1, #0x3
   84f94:	39000001 	strb	w1, [x0]
   84f98:	f94013e0 	ldr	x0, [sp, #32]
   84f9c:	39400001 	ldrb	w1, [x0]
   84fa0:	12000421 	and	w1, w1, #0x3
   84fa4:	39000001 	strb	w1, [x0]
   84fa8:	39400401 	ldrb	w1, [x0, #1]
   84fac:	52800002 	mov	w2, #0x0                   	// #0
   84fb0:	0a020021 	and	w1, w1, w2
   84fb4:	39000401 	strb	w1, [x0, #1]
   84fb8:	f94017e0 	ldr	x0, [sp, #40]
   84fbc:	d350fc00 	lsr	x0, x0, #16
   84fc0:	2a0003e1 	mov	w1, w0
   84fc4:	f94013e0 	ldr	x0, [sp, #32]
   84fc8:	2a0103e2 	mov	w2, w1
   84fcc:	92401c44 	and	x4, x2, #0xff
   84fd0:	39400802 	ldrb	w2, [x0, #2]
   84fd4:	52800003 	mov	w3, #0x0                   	// #0
   84fd8:	0a030042 	and	w2, w2, w3
   84fdc:	2a0203e3 	mov	w3, w2
   84fe0:	2a0403e2 	mov	w2, w4
   84fe4:	2a020062 	orr	w2, w3, w2
   84fe8:	39000802 	strb	w2, [x0, #2]
   84fec:	53087c22 	lsr	w2, w1, #8
   84ff0:	2a0203e2 	mov	w2, w2
   84ff4:	92401c44 	and	x4, x2, #0xff
   84ff8:	39400c02 	ldrb	w2, [x0, #3]
   84ffc:	52800003 	mov	w3, #0x0                   	// #0
   85000:	0a030042 	and	w2, w2, w3
   85004:	2a0203e3 	mov	w3, w2
   85008:	2a0403e2 	mov	w2, w4
   8500c:	2a020062 	orr	w2, w3, w2
   85010:	39000c02 	strb	w2, [x0, #3]
   85014:	53107c22 	lsr	w2, w1, #16
   85018:	2a0203e2 	mov	w2, w2
   8501c:	92401c44 	and	x4, x2, #0xff
   85020:	39401002 	ldrb	w2, [x0, #4]
   85024:	52800003 	mov	w3, #0x0                   	// #0
   85028:	0a030042 	and	w2, w2, w3
   8502c:	2a0203e3 	mov	w3, w2
   85030:	2a0403e2 	mov	w2, w4
   85034:	2a020062 	orr	w2, w3, w2
   85038:	39001002 	strb	w2, [x0, #4]
   8503c:	53187c21 	lsr	w1, w1, #24
   85040:	2a0103e3 	mov	w3, w1
   85044:	39401401 	ldrb	w1, [x0, #5]
   85048:	52800002 	mov	w2, #0x0                   	// #0
   8504c:	0a020021 	and	w1, w1, w2
   85050:	2a0103e2 	mov	w2, w1
   85054:	2a0303e1 	mov	w1, w3
   85058:	2a010041 	orr	w1, w2, w1
   8505c:	39001401 	strb	w1, [x0, #5]
   85060:	f94013e0 	ldr	x0, [sp, #32]
   85064:	39401801 	ldrb	w1, [x0, #6]
   85068:	121c6c21 	and	w1, w1, #0xfffffff0
   8506c:	39001801 	strb	w1, [x0, #6]
   85070:	f94013e0 	ldr	x0, [sp, #32]
   85074:	39401801 	ldrb	w1, [x0, #6]
   85078:	12000c21 	and	w1, w1, #0xf
   8507c:	39001801 	strb	w1, [x0, #6]
   85080:	39401c01 	ldrb	w1, [x0, #7]
   85084:	121d7021 	and	w1, w1, #0xfffffff8
   85088:	39001c01 	strb	w1, [x0, #7]
   8508c:	f94013e0 	ldr	x0, [sp, #32]
   85090:	39401c01 	ldrb	w1, [x0, #7]
   85094:	121c7821 	and	w1, w1, #0xfffffff7
   85098:	39001c01 	strb	w1, [x0, #7]
   8509c:	f94013e0 	ldr	x0, [sp, #32]
   850a0:	39401c01 	ldrb	w1, [x0, #7]
   850a4:	121b7821 	and	w1, w1, #0xffffffef
   850a8:	39001c01 	strb	w1, [x0, #7]
   850ac:	f94013e0 	ldr	x0, [sp, #32]
   850b0:	39401c01 	ldrb	w1, [x0, #7]
   850b4:	12197421 	and	w1, w1, #0xffffff9f
   850b8:	39001c01 	strb	w1, [x0, #7]
   850bc:	f94013e0 	ldr	x0, [sp, #32]
   850c0:	39401c01 	ldrb	w1, [x0, #7]
   850c4:	12001821 	and	w1, w1, #0x7f
   850c8:	39001c01 	strb	w1, [x0, #7]
   850cc:	14000002 	b	850d4 <CTranslationTable::CTranslationTable(unsigned long)+0x2e4>
   850d0:	d503201f 	nop
   850d4:	b9403fe0 	ldr	w0, [sp, #60]
   850d8:	11000400 	add	w0, w0, #0x1
   850dc:	b9003fe0 	str	w0, [sp, #60]
   850e0:	b9403fe0 	ldr	w0, [sp, #60]
   850e4:	7103fc1f 	cmp	w0, #0xff
   850e8:	54ffec89 	b.ls	84e78 <CTranslationTable::CTranslationTable(unsigned long)+0x88>  // b.plast
   850ec:	d5033f9f 	dsb	sy
   850f0:	d503201f 	nop
   850f4:	a8c47bfd 	ldp	x29, x30, [sp], #64
   850f8:	d65f03c0 	ret
   850fc:	00000000 	udf	#0

0000000000085100 <CInterruptSystem::CInterruptSystem()>:
   85100:	f0000041 	adrp	x1, 90000 <FromPCIeHost+0x148>
   85104:	f941d822 	ldr	x2, [x1, #944]
   85108:	b4000042 	cbz	x2, 85110 <CInterruptSystem::CInterruptSystem()+0x10>
   8510c:	d65f03c0 	ret
   85110:	f901d820 	str	x0, [x1, #944]
   85114:	91400401 	add	x1, x0, #0x1, lsl #12
   85118:	d503201f 	nop
   8511c:	d503201f 	nop
   85120:	91002000 	add	x0, x0, #0x8
   85124:	f81f801f 	stur	xzr, [x0, #-8]
   85128:	f907fc1f 	str	xzr, [x0, #4088]
   8512c:	eb01001f 	cmp	x0, x1
   85130:	54ffff81 	b.ne	85120 <CInterruptSystem::CInterruptSystem()+0x20>  // b.any
   85134:	d65f03c0 	ret
   85138:	d503201f 	nop
   8513c:	d503201f 	nop

0000000000085140 <CInterruptSystem::~CInterruptSystem()>:
   85140:	f0000041 	adrp	x1, 90000 <FromPCIeHost+0x148>
   85144:	f941d822 	ldr	x2, [x1, #944]
   85148:	eb02001f 	cmp	x0, x2
   8514c:	54000040 	b.eq	85154 <CInterruptSystem::~CInterruptSystem()+0x14>  // b.none
   85150:	d65f03c0 	ret
   85154:	d50342df 	msr	daifset, #0x2
   85158:	d2920000 	mov	x0, #0x9000                	// #36864
   8515c:	f2afffe0 	movk	x0, #0x7fff, lsl #16
   85160:	f2c00200 	movk	x0, #0x10, lsl #32
   85164:	b900001f 	str	wzr, [x0]
   85168:	f901d83f 	str	xzr, [x1, #944]
   8516c:	d65f03c0 	ret

0000000000085170 <CInterruptSystem::Destructor()>:
   85170:	f0000041 	adrp	x1, 90000 <FromPCIeHost+0x148>
   85174:	f941d822 	ldr	x2, [x1, #944]
   85178:	eb00005f 	cmp	x2, x0
   8517c:	54000040 	b.eq	85184 <CInterruptSystem::Destructor()+0x14>  // b.none
   85180:	d65f03c0 	ret
   85184:	d50342df 	msr	daifset, #0x2
   85188:	d2920000 	mov	x0, #0x9000                	// #36864
   8518c:	f2afffe0 	movk	x0, #0x7fff, lsl #16
   85190:	f2c00200 	movk	x0, #0x10, lsl #32
   85194:	b900001f 	str	wzr, [x0]
   85198:	f901d83f 	str	xzr, [x1, #944]
   8519c:	d65f03c0 	ret

00000000000851a0 <CInterruptSystem::Initialize()>:
   851a0:	f0000041 	adrp	x1, 90000 <FromPCIeHost+0x148>
   851a4:	f941d821 	ldr	x1, [x1, #944]
   851a8:	eb00003f 	cmp	x1, x0
   851ac:	54000060 	b.eq	851b8 <CInterruptSystem::Initialize()+0x18>  // b.none
   851b0:	52800020 	mov	w0, #0x1                   	// #1
   851b4:	d65f03c0 	ret
   851b8:	d0000027 	adrp	x7, 8b000 <CString::FormatV(char const*, std::__va_list)+0xae0>
   851bc:	f0000028 	adrp	x8, 8c000 <SErrorStub+0xc>
   851c0:	a9be7bfd 	stp	x29, x30, [sp, #-32]!
   851c4:	d2a000e0 	mov	x0, #0x70000               	// #458752
   851c8:	d2800001 	mov	x1, #0x0                   	// #0
   851cc:	913e10e7 	add	x7, x7, #0xf84
   851d0:	910a2108 	add	x8, x8, #0x288
   851d4:	52a28006 	mov	w6, #0x14000000            	// #335544320
   851d8:	910003fd 	mov	x29, sp
   851dc:	f9000fe0 	str	x0, [sp, #24]
   851e0:	f100203f 	cmp	x1, #0x8
   851e4:	54000840 	b.eq	852ec <CInterruptSystem::Initialize()+0x14c>  // b.none
   851e8:	f9400fe0 	ldr	x0, [sp, #24]
   851ec:	d3797c24 	ubfiz	x4, x1, #7, #32
   851f0:	91000421 	add	x1, x1, #0x1
   851f4:	f9400fe5 	ldr	x5, [sp, #24]
   851f8:	8b040000 	add	x0, x0, x4
   851fc:	cb0000e0 	sub	x0, x7, x0
   85200:	9342fc00 	asr	x0, x0, #2
   85204:	8b0400a2 	add	x2, x5, x4
   85208:	2a060003 	orr	w3, w0, w6
   8520c:	382468a0 	strb	w0, [x5, x4]
   85210:	53083c04 	ubfx	w4, w0, #8, #8
   85214:	53105c00 	ubfx	w0, w0, #16, #8
   85218:	39000840 	strb	w0, [x2, #2]
   8521c:	53187c60 	lsr	w0, w3, #24
   85220:	39000444 	strb	w4, [x2, #1]
   85224:	39000c40 	strb	w0, [x2, #3]
   85228:	f100403f 	cmp	x1, #0x10
   8522c:	54fffda1 	b.ne	851e0 <CInterruptSystem::Initialize()+0x40>  // b.any
   85230:	97fffe18 	bl	84a90 <SyncDataAndInstructionCache>
   85234:	d2920002 	mov	x2, #0x9000                	// #36864
   85238:	f2afffe2 	movk	x2, #0x7fff, lsl #16
   8523c:	f2c00202 	movk	x2, #0x10, lsl #32
   85240:	b900005f 	str	wzr, [x2]
   85244:	91060041 	add	x1, x2, #0x180
   85248:	91070042 	add	x2, x2, #0x1c0
   8524c:	12800000 	mov	w0, #0xffffffff            	// #-1
   85250:	b9000020 	str	w0, [x1]
   85254:	91040020 	add	x0, x1, #0x100
   85258:	12800003 	mov	w3, #0xffffffff            	// #-1
   8525c:	b9000003 	str	w3, [x0]
   85260:	91080020 	add	x0, x1, #0x200
   85264:	b9000003 	str	w3, [x0]
   85268:	91001021 	add	x1, x1, #0x4
   8526c:	eb02003f 	cmp	x1, x2
   85270:	54fffee1 	b.ne	8524c <CInterruptSystem::Initialize()+0xac>  // b.any
   85274:	91090020 	add	x0, x1, #0x240
   85278:	91110021 	add	x1, x1, #0x440
   8527c:	d503201f 	nop
   85280:	52941402 	mov	w2, #0xa0a0                	// #41120
   85284:	72b41402 	movk	w2, #0xa0a0, lsl #16
   85288:	b9000002 	str	w2, [x0]
   8528c:	91100002 	add	x2, x0, #0x400
   85290:	3200c3e3 	mov	w3, #0x1010101             	// #16843009
   85294:	b9000043 	str	w3, [x2]
   85298:	91001000 	add	x0, x0, #0x4
   8529c:	eb01001f 	cmp	x0, x1
   852a0:	54ffff01 	b.ne	85280 <CInterruptSystem::Initialize()+0xe0>  // b.any
   852a4:	91180001 	add	x1, x0, #0x600
   852a8:	911a0000 	add	x0, x0, #0x680
   852ac:	b900003f 	str	wzr, [x1]
   852b0:	91001021 	add	x1, x1, #0x4
   852b4:	eb00003f 	cmp	x1, x0
   852b8:	54ffffa1 	b.ne	852ac <CInterruptSystem::Initialize()+0x10c>  // b.any
   852bc:	d1320020 	sub	x0, x1, #0xc80
   852c0:	52800022 	mov	w2, #0x1                   	// #1
   852c4:	b9000002 	str	w2, [x0]
   852c8:	52801e00 	mov	w0, #0xf0                  	// #240
   852cc:	910e1021 	add	x1, x1, #0x384
   852d0:	b9000020 	str	w0, [x1]
   852d4:	d1001021 	sub	x1, x1, #0x4
   852d8:	b9000022 	str	w2, [x1]
   852dc:	d50342ff 	msr	daifclr, #0x2
   852e0:	52800020 	mov	w0, #0x1                   	// #1
   852e4:	a8c27bfd 	ldp	x29, x30, [sp], #32
   852e8:	d65f03c0 	ret
   852ec:	f9400fe0 	ldr	x0, [sp, #24]
   852f0:	f9400fe1 	ldr	x1, [sp, #24]
   852f4:	91100000 	add	x0, x0, #0x400
   852f8:	cb000100 	sub	x0, x8, x0
   852fc:	9342fc00 	asr	x0, x0, #2
   85300:	2a060002 	orr	w2, w0, w6
   85304:	53083c03 	ubfx	w3, w0, #8, #8
   85308:	39100020 	strb	w0, [x1, #1024]
   8530c:	53105c00 	ubfx	w0, w0, #16, #8
   85310:	39100423 	strb	w3, [x1, #1025]
   85314:	39100820 	strb	w0, [x1, #1026]
   85318:	53187c40 	lsr	w0, w2, #24
   8531c:	39100c20 	strb	w0, [x1, #1027]
   85320:	d2800121 	mov	x1, #0x9                   	// #9
   85324:	17ffffb1 	b	851e8 <CInterruptSystem::Initialize()+0x48>

0000000000085328 <CInterruptSystem::DisconnectFIQ()>:
   85328:	f0000043 	adrp	x3, 90000 <FromPCIeHost+0x148>
   8532c:	a9be7bfd 	stp	x29, x30, [sp, #-32]!
   85330:	910003fd 	mov	x29, sp
   85334:	9109c062 	add	x2, x3, #0x270
   85338:	3949c061 	ldrb	w1, [x3, #624]
   8533c:	39400440 	ldrb	w0, [x2, #1]
   85340:	aa002020 	orr	x0, x1, x0, lsl #8
   85344:	39400841 	ldrb	w1, [x2, #2]
   85348:	aa014001 	orr	x1, x0, x1, lsl #16
   8534c:	39400c40 	ldrb	w0, [x2, #3]
   85350:	aa006020 	orr	x0, x1, x0, lsl #24
   85354:	39401041 	ldrb	w1, [x2, #4]
   85358:	aa018001 	orr	x1, x0, x1, lsl #32
   8535c:	39401440 	ldrb	w0, [x2, #5]
   85360:	aa00a020 	orr	x0, x1, x0, lsl #40
   85364:	39401841 	ldrb	w1, [x2, #6]
   85368:	aa01c001 	orr	x1, x0, x1, lsl #48
   8536c:	39401c40 	ldrb	w0, [x2, #7]
   85370:	aa00e020 	orr	x0, x1, x0, lsl #56
   85374:	b4000560 	cbz	x0, 85420 <CInterruptSystem::DisconnectFIQ()+0xf8>
   85378:	d2801a80 	mov	x0, #0xd4                  	// #212
   8537c:	f9000fe0 	str	x0, [sp, #24]
   85380:	f9400fe0 	ldr	x0, [sp, #24]
   85384:	b9400001 	ldr	w1, [x0]
   85388:	528928c0 	mov	w0, #0x4946                	// #18758
   8538c:	72aa6a20 	movk	w0, #0x5351, lsl #16
   85390:	6b00003f 	cmp	w1, w0
   85394:	54000221 	b.ne	853d8 <CInterruptSystem::DisconnectFIQ()+0xb0>  // b.any
   85398:	39404040 	ldrb	w0, [x2, #16]
   8539c:	39404441 	ldrb	w1, [x2, #17]
   853a0:	39404c44 	ldrb	w4, [x2, #19]
   853a4:	aa012001 	orr	x1, x0, x1, lsl #8
   853a8:	39404840 	ldrb	w0, [x2, #18]
   853ac:	aa004020 	orr	x0, x1, x0, lsl #16
   853b0:	aa046004 	orr	x4, x0, x4, lsl #24
   853b4:	b4000124 	cbz	x4, 853d8 <CInterruptSystem::DisconnectFIQ()+0xb0>
   853b8:	d2800025 	mov	x5, #0x1                   	// #1
   853bc:	aa0503e0 	mov	x0, x5
   853c0:	aa0403e1 	mov	x1, x4
   853c4:	d4000003 	smc	#0x0
   853c8:	3900405f 	strb	wzr, [x2, #16]
   853cc:	3900445f 	strb	wzr, [x2, #17]
   853d0:	3900485f 	strb	wzr, [x2, #18]
   853d4:	39004c5f 	strb	wzr, [x2, #19]
   853d8:	3909c07f 	strb	wzr, [x3, #624]
   853dc:	3900045f 	strb	wzr, [x2, #1]
   853e0:	3900085f 	strb	wzr, [x2, #2]
   853e4:	39000c5f 	strb	wzr, [x2, #3]
   853e8:	3900105f 	strb	wzr, [x2, #4]
   853ec:	3900145f 	strb	wzr, [x2, #5]
   853f0:	3900185f 	strb	wzr, [x2, #6]
   853f4:	39001c5f 	strb	wzr, [x2, #7]
   853f8:	3900205f 	strb	wzr, [x2, #8]
   853fc:	3900245f 	strb	wzr, [x2, #9]
   85400:	3900285f 	strb	wzr, [x2, #10]
   85404:	39002c5f 	strb	wzr, [x2, #11]
   85408:	3900305f 	strb	wzr, [x2, #12]
   8540c:	3900345f 	strb	wzr, [x2, #13]
   85410:	3900385f 	strb	wzr, [x2, #14]
   85414:	39003c5f 	strb	wzr, [x2, #15]
   85418:	a8c27bfd 	ldp	x29, x30, [sp], #32
   8541c:	d65f03c0 	ret
   85420:	d0000041 	adrp	x1, 8f000 <From+0x918>
   85424:	528023a2 	mov	w2, #0x11d                 	// #285
   85428:	91128021 	add	x1, x1, #0x4a0
   8542c:	91006020 	add	x0, x1, #0x18
   85430:	94000c1c 	bl	884a0 <assertion_failed>
   85434:	d503201f 	nop
   85438:	d503201f 	nop
   8543c:	d503201f 	nop

0000000000085440 <CInterruptSystem::EnableIRQ(unsigned int)>:
   85440:	a9be7bfd 	stp	x29, x30, [sp, #-32]!
   85444:	2a0003e1 	mov	w1, w0
   85448:	910003fd 	mov	x29, sp
   8544c:	36580121 	tbz	w1, #11, 85470 <CInterruptSystem::EnableIRQ(unsigned int)+0x30>
   85450:	f0000040 	adrp	x0, 90000 <FromPCIeHost+0x148>
   85454:	394f0000 	ldrb	w0, [x0, #960]
   85458:	36000260 	tbz	w0, #0, 854a4 <CInterruptSystem::EnableIRQ(unsigned int)+0x64>
   8545c:	b9001fe1 	str	w1, [sp, #28]
   85460:	940005ab 	bl	86b0c <CSouthbridge::Get()>
   85464:	b9401fe0 	ldr	w0, [sp, #28]
   85468:	a8c27bfd 	ldp	x29, x30, [sp], #32
   8546c:	14000497 	b	866c8 <CSouthbridge::EnableIRQ(unsigned int)>
   85470:	37500241 	tbnz	w1, #10, 854b8 <CInterruptSystem::EnableIRQ(unsigned int)+0x78>
   85474:	7107fc1f 	cmp	w0, #0x1ff
   85478:	540002a8 	b.hi	854cc <CInterruptSystem::EnableIRQ(unsigned int)+0x8c>  // b.pmore
   8547c:	d2922002 	mov	x2, #0x9100                	// #37120
   85480:	d3455020 	ubfx	x0, x1, #5, #16
   85484:	f2afffe2 	movk	x2, #0x7fff, lsl #16
   85488:	f2c00202 	movk	x2, #0x10, lsl #32
   8548c:	8b204840 	add	x0, x2, w0, uxtw #2
   85490:	52800022 	mov	w2, #0x1                   	// #1
   85494:	1ac12041 	lsl	w1, w2, w1
   85498:	b9000001 	str	w1, [x0]
   8549c:	a8c27bfd 	ldp	x29, x30, [sp], #32
   854a0:	d65f03c0 	ret
   854a4:	d0000041 	adrp	x1, 8f000 <From+0x918>
   854a8:	52802542 	mov	w2, #0x12a                 	// #298
   854ac:	91128021 	add	x1, x1, #0x4a0
   854b0:	9100c020 	add	x0, x1, #0x30
   854b4:	94000bfb 	bl	884a0 <assertion_failed>
   854b8:	d0000041 	adrp	x1, 8f000 <From+0x918>
   854bc:	52802602 	mov	w2, #0x130                 	// #304
   854c0:	91128021 	add	x1, x1, #0x4a0
   854c4:	91014020 	add	x0, x1, #0x50
   854c8:	94000bf6 	bl	884a0 <assertion_failed>
   854cc:	d0000041 	adrp	x1, 8f000 <From+0x918>
   854d0:	52802662 	mov	w2, #0x133                 	// #307
   854d4:	91128021 	add	x1, x1, #0x4a0
   854d8:	9101c020 	add	x0, x1, #0x70
   854dc:	94000bf1 	bl	884a0 <assertion_failed>

00000000000854e0 <CInterruptSystem::ConnectIRQ(unsigned int, void (*)(void*), void*)>:
   854e0:	f0000044 	adrp	x4, 90000 <FromPCIeHost+0x148>
   854e4:	a9bd7bfd 	stp	x29, x30, [sp, #-48]!
   854e8:	910003fd 	mov	x29, sp
   854ec:	f941d884 	ldr	x4, [x4, #944]
   854f0:	14000002 	b	854f8 <CInterruptSystem::ConnectIRQ(unsigned int, void (*)(void*), void*)+0x18>
   854f4:	aa0403e0 	mov	x0, x4
   854f8:	eb00009f 	cmp	x4, x0
   854fc:	54ffffc1 	b.ne	854f4 <CInterruptSystem::ConnectIRQ(unsigned int, void (*)(void*), void*)+0x14>  // b.any
   85500:	36580161 	tbz	w1, #11, 8552c <CInterruptSystem::ConnectIRQ(unsigned int, void (*)(void*), void*)+0x4c>
   85504:	f0000040 	adrp	x0, 90000 <FromPCIeHost+0x148>
   85508:	394f0000 	ldrb	w0, [x0, #960]
   8550c:	36000280 	tbz	w0, #0, 8555c <CInterruptSystem::ConnectIRQ(unsigned int, void (*)(void*), void*)+0x7c>
   85510:	a9018fe2 	stp	x2, x3, [sp, #24]
   85514:	b9002fe1 	str	w1, [sp, #44]
   85518:	9400057d 	bl	86b0c <CSouthbridge::Get()>
   8551c:	b9402fe1 	ldr	w1, [sp, #44]
   85520:	a9418fe2 	ldp	x2, x3, [sp, #24]
   85524:	a8c37bfd 	ldp	x29, x30, [sp], #48
   85528:	1400049e 	b	867a0 <CSouthbridge::ConnectIRQ(unsigned int, void (*)(void*), void*)>
   8552c:	37500221 	tbnz	w1, #10, 85570 <CInterruptSystem::ConnectIRQ(unsigned int, void (*)(void*), void*)+0x90>
   85530:	7107fc3f 	cmp	w1, #0x1ff
   85534:	54000288 	b.hi	85584 <CInterruptSystem::ConnectIRQ(unsigned int, void (*)(void*), void*)+0xa4>  // b.pmore
   85538:	d37d7c20 	ubfiz	x0, x1, #3, #32
   8553c:	f8606885 	ldr	x5, [x4, x0]
   85540:	8b000086 	add	x6, x4, x0
   85544:	b50002a5 	cbnz	x5, 85598 <CInterruptSystem::ConnectIRQ(unsigned int, void (*)(void*), void*)+0xb8>
   85548:	f8206882 	str	x2, [x4, x0]
   8554c:	2a0103e0 	mov	w0, w1
   85550:	f90800c3 	str	x3, [x6, #4096]
   85554:	a8c37bfd 	ldp	x29, x30, [sp], #48
   85558:	17ffffba 	b	85440 <CInterruptSystem::EnableIRQ(unsigned int)>
   8555c:	d0000041 	adrp	x1, 8f000 <From+0x918>
   85560:	52801a22 	mov	w2, #0xd1                  	// #209
   85564:	91128021 	add	x1, x1, #0x4a0
   85568:	9100c020 	add	x0, x1, #0x30
   8556c:	94000bcd 	bl	884a0 <assertion_failed>
   85570:	d0000041 	adrp	x1, 8f000 <From+0x918>
   85574:	52801ae2 	mov	w2, #0xd7                  	// #215
   85578:	91128021 	add	x1, x1, #0x4a0
   8557c:	91014020 	add	x0, x1, #0x50
   85580:	94000bc8 	bl	884a0 <assertion_failed>
   85584:	d0000041 	adrp	x1, 8f000 <From+0x918>
   85588:	52801b42 	mov	w2, #0xda                  	// #218
   8558c:	91128021 	add	x1, x1, #0x4a0
   85590:	9101c020 	add	x0, x1, #0x70
   85594:	94000bc3 	bl	884a0 <assertion_failed>
   85598:	d0000041 	adrp	x1, 8f000 <From+0x918>
   8559c:	52801b62 	mov	w2, #0xdb                  	// #219
   855a0:	91128021 	add	x1, x1, #0x4a0
   855a4:	91022020 	add	x0, x1, #0x88
   855a8:	94000bbe 	bl	884a0 <assertion_failed>

00000000000855ac <CInterruptSystem::DisableIRQ(unsigned int)>:
   855ac:	a9be7bfd 	stp	x29, x30, [sp, #-32]!
   855b0:	2a0003e1 	mov	w1, w0
   855b4:	910003fd 	mov	x29, sp
   855b8:	36580121 	tbz	w1, #11, 855dc <CInterruptSystem::DisableIRQ(unsigned int)+0x30>
   855bc:	f0000040 	adrp	x0, 90000 <FromPCIeHost+0x148>
   855c0:	394f0000 	ldrb	w0, [x0, #960]
   855c4:	36000260 	tbz	w0, #0, 85610 <CInterruptSystem::DisableIRQ(unsigned int)+0x64>
   855c8:	b9001fe1 	str	w1, [sp, #28]
   855cc:	94000550 	bl	86b0c <CSouthbridge::Get()>
   855d0:	b9401fe0 	ldr	w0, [sp, #28]
   855d4:	a8c27bfd 	ldp	x29, x30, [sp], #32
   855d8:	140004a2 	b	86860 <CSouthbridge::DisableIRQ(unsigned int)>
   855dc:	37500241 	tbnz	w1, #10, 85624 <CInterruptSystem::DisableIRQ(unsigned int)+0x78>
   855e0:	7107fc1f 	cmp	w0, #0x1ff
   855e4:	540002a8 	b.hi	85638 <CInterruptSystem::DisableIRQ(unsigned int)+0x8c>  // b.pmore
   855e8:	d2923002 	mov	x2, #0x9180                	// #37248
   855ec:	d3455020 	ubfx	x0, x1, #5, #16
   855f0:	f2afffe2 	movk	x2, #0x7fff, lsl #16
   855f4:	f2c00202 	movk	x2, #0x10, lsl #32
   855f8:	8b204840 	add	x0, x2, w0, uxtw #2
   855fc:	52800022 	mov	w2, #0x1                   	// #1
   85600:	1ac12041 	lsl	w1, w2, w1
   85604:	b9000001 	str	w1, [x0]
   85608:	a8c27bfd 	ldp	x29, x30, [sp], #32
   8560c:	d65f03c0 	ret
   85610:	d0000041 	adrp	x1, 8f000 <From+0x918>
   85614:	528027a2 	mov	w2, #0x13d                 	// #317
   85618:	91128021 	add	x1, x1, #0x4a0
   8561c:	9100c020 	add	x0, x1, #0x30
   85620:	94000ba0 	bl	884a0 <assertion_failed>
   85624:	d0000041 	adrp	x1, 8f000 <From+0x918>
   85628:	52802862 	mov	w2, #0x143                 	// #323
   8562c:	91128021 	add	x1, x1, #0x4a0
   85630:	91014020 	add	x0, x1, #0x50
   85634:	94000b9b 	bl	884a0 <assertion_failed>
   85638:	d0000041 	adrp	x1, 8f000 <From+0x918>
   8563c:	528028c2 	mov	w2, #0x146                 	// #326
   85640:	91128021 	add	x1, x1, #0x4a0
   85644:	9101c020 	add	x0, x1, #0x70
   85648:	94000b96 	bl	884a0 <assertion_failed>

000000000008564c <CInterruptSystem::DisconnectIRQ(unsigned int)>:
   8564c:	f0000042 	adrp	x2, 90000 <FromPCIeHost+0x148>
   85650:	a9bd7bfd 	stp	x29, x30, [sp, #-48]!
   85654:	910003fd 	mov	x29, sp
   85658:	f941d842 	ldr	x2, [x2, #944]
   8565c:	14000002 	b	85664 <CInterruptSystem::DisconnectIRQ(unsigned int)+0x18>
   85660:	aa0203e0 	mov	x0, x2
   85664:	eb00005f 	cmp	x2, x0
   85668:	54ffffc1 	b.ne	85660 <CInterruptSystem::DisconnectIRQ(unsigned int)+0x14>  // b.any
   8566c:	36580121 	tbz	w1, #11, 85690 <CInterruptSystem::DisconnectIRQ(unsigned int)+0x44>
   85670:	f0000040 	adrp	x0, 90000 <FromPCIeHost+0x148>
   85674:	394f0000 	ldrb	w0, [x0, #960]
   85678:	360002e0 	tbz	w0, #0, 856d4 <CInterruptSystem::DisconnectIRQ(unsigned int)+0x88>
   8567c:	b9001be1 	str	w1, [sp, #24]
   85680:	94000523 	bl	86b0c <CSouthbridge::Get()>
   85684:	b9401be1 	ldr	w1, [sp, #24]
   85688:	a8c37bfd 	ldp	x29, x30, [sp], #48
   8568c:	1400049d 	b	86900 <CSouthbridge::DisconnectIRQ(unsigned int)>
   85690:	375002c1 	tbnz	w1, #10, 856e8 <CInterruptSystem::DisconnectIRQ(unsigned int)+0x9c>
   85694:	7107fc3f 	cmp	w1, #0x1ff
   85698:	54000328 	b.hi	856fc <CInterruptSystem::DisconnectIRQ(unsigned int)+0xb0>  // b.pmore
   8569c:	d37d7c23 	ubfiz	x3, x1, #3, #32
   856a0:	f8636840 	ldr	x0, [x2, x3]
   856a4:	8b030044 	add	x4, x2, x3
   856a8:	b4000340 	cbz	x0, 85710 <CInterruptSystem::DisconnectIRQ(unsigned int)+0xc4>
   856ac:	2a0103e0 	mov	w0, w1
   856b0:	a90193e2 	stp	x2, x4, [sp, #24]
   856b4:	f90017e3 	str	x3, [sp, #40]
   856b8:	97ffffbd 	bl	855ac <CInterruptSystem::DisableIRQ(unsigned int)>
   856bc:	f94017e3 	ldr	x3, [sp, #40]
   856c0:	a94193e2 	ldp	x2, x4, [sp, #24]
   856c4:	f823685f 	str	xzr, [x2, x3]
   856c8:	f908009f 	str	xzr, [x4, #4096]
   856cc:	a8c37bfd 	ldp	x29, x30, [sp], #48
   856d0:	d65f03c0 	ret
   856d4:	d0000041 	adrp	x1, 8f000 <From+0x918>
   856d8:	52801de2 	mov	w2, #0xef                  	// #239
   856dc:	91128021 	add	x1, x1, #0x4a0
   856e0:	9100c020 	add	x0, x1, #0x30
   856e4:	94000b6f 	bl	884a0 <assertion_failed>
   856e8:	d0000041 	adrp	x1, 8f000 <From+0x918>
   856ec:	52801ea2 	mov	w2, #0xf5                  	// #245
   856f0:	91128021 	add	x1, x1, #0x4a0
   856f4:	91014020 	add	x0, x1, #0x50
   856f8:	94000b6a 	bl	884a0 <assertion_failed>
   856fc:	d0000041 	adrp	x1, 8f000 <From+0x918>
   85700:	52801f02 	mov	w2, #0xf8                  	// #248
   85704:	91128021 	add	x1, x1, #0x4a0
   85708:	9101c020 	add	x0, x1, #0x70
   8570c:	94000b65 	bl	884a0 <assertion_failed>
   85710:	d0000041 	adrp	x1, 8f000 <From+0x918>
   85714:	52801f22 	mov	w2, #0xf9                  	// #249
   85718:	91128021 	add	x1, x1, #0x4a0
   8571c:	9102a020 	add	x0, x1, #0xa8
   85720:	94000b60 	bl	884a0 <assertion_failed>

0000000000085724 <CInterruptSystem::EnableFIQ(unsigned int)>:
   85724:	2a0003e4 	mov	w4, w0
   85728:	d2801a80 	mov	x0, #0xd4                  	// #212
   8572c:	a9bd7bfd 	stp	x29, x30, [sp, #-48]!
   85730:	910003fd 	mov	x29, sp
   85734:	f90017e0 	str	x0, [sp, #40]
   85738:	f94017e0 	ldr	x0, [sp, #40]
   8573c:	b9400001 	ldr	w1, [x0]
   85740:	528928c0 	mov	w0, #0x4946                	// #18758
   85744:	72aa6a20 	movk	w0, #0x5351, lsl #16
   85748:	6b00003f 	cmp	w1, w0
   8574c:	54000140 	b.eq	85774 <CInterruptSystem::EnableFIQ(unsigned int)+0x50>  // b.none
   85750:	b9001fe4 	str	w4, [sp, #28]
   85754:	94000d13 	bl	88ba0 <CLogger::Get()>
   85758:	d0000041 	adrp	x1, 8f000 <From+0x918>
   8575c:	52800002 	mov	w2, #0x0                   	// #0
   85760:	91128021 	add	x1, x1, #0x4a0
   85764:	91032023 	add	x3, x1, #0xc8
   85768:	9103c021 	add	x1, x1, #0xf0
   8576c:	94000eed 	bl	89320 <CLogger::Write(char const*, TLogSeverity, char const*, ...)>
   85770:	b9401fe4 	ldr	w4, [sp, #28]
   85774:	71003c9f 	cmp	w4, #0xf
   85778:	54000269 	b.ls	857c4 <CInterruptSystem::EnableFIQ(unsigned int)+0xa0>  // b.plast
   8577c:	7107fc9f 	cmp	w4, #0x1ff
   85780:	540002c8 	b.hi	857d8 <CInterruptSystem::EnableFIQ(unsigned int)+0xb4>  // b.pmore
   85784:	f0000040 	adrp	x0, 90000 <FromPCIeHost+0x148>
   85788:	d3483c81 	ubfx	x1, x4, #8, #8
   8578c:	9109c000 	add	x0, x0, #0x270
   85790:	2a0403e3 	mov	w3, w4
   85794:	d2800002 	mov	x2, #0x0                   	// #0
   85798:	39004004 	strb	w4, [x0, #16]
   8579c:	39004401 	strb	w1, [x0, #17]
   857a0:	d3505c81 	ubfx	x1, x4, #16, #8
   857a4:	53187c84 	lsr	w4, w4, #24
   857a8:	39004801 	strb	w1, [x0, #18]
   857ac:	39004c04 	strb	w4, [x0, #19]
   857b0:	aa0203e0 	mov	x0, x2
   857b4:	aa0303e1 	mov	x1, x3
   857b8:	d4000003 	smc	#0x0
   857bc:	a8c37bfd 	ldp	x29, x30, [sp], #48
   857c0:	d65f03c0 	ret
   857c4:	d0000041 	adrp	x1, 8f000 <From+0x918>
   857c8:	52802aa2 	mov	w2, #0x155                 	// #341
   857cc:	91128021 	add	x1, x1, #0x4a0
   857d0:	9103e020 	add	x0, x1, #0xf8
   857d4:	94000b33 	bl	884a0 <assertion_failed>
   857d8:	d0000041 	adrp	x1, 8f000 <From+0x918>
   857dc:	52802ac2 	mov	w2, #0x156                 	// #342
   857e0:	91128021 	add	x1, x1, #0x4a0
   857e4:	91042020 	add	x0, x1, #0x108
   857e8:	94000b2e 	bl	884a0 <assertion_failed>

00000000000857ec <CInterruptSystem::ConnectFIQ(unsigned int, void (*)(void*), void*)>:
   857ec:	a9bf7bfd 	stp	x29, x30, [sp, #-16]!
   857f0:	910003fd 	mov	x29, sp
   857f4:	7108003f 	cmp	w1, #0x200
   857f8:	540006a8 	b.hi	858cc <CInterruptSystem::ConnectFIQ(unsigned int, void (*)(void*), void*)+0xe0>  // b.pmore
   857fc:	b4000722 	cbz	x2, 858e0 <CInterruptSystem::ConnectFIQ(unsigned int, void (*)(void*), void*)+0xf4>
   85800:	f0000047 	adrp	x7, 90000 <FromPCIeHost+0x148>
   85804:	9109c0e4 	add	x4, x7, #0x270
   85808:	3949c0e0 	ldrb	w0, [x7, #624]
   8580c:	39400485 	ldrb	w5, [x4, #1]
   85810:	39400886 	ldrb	w6, [x4, #2]
   85814:	aa052005 	orr	x5, x0, x5, lsl #8
   85818:	aa0640a6 	orr	x6, x5, x6, lsl #16
   8581c:	39400c85 	ldrb	w5, [x4, #3]
   85820:	aa0560c5 	orr	x5, x6, x5, lsl #24
   85824:	39401086 	ldrb	w6, [x4, #4]
   85828:	aa0680a6 	orr	x6, x5, x6, lsl #32
   8582c:	39401485 	ldrb	w5, [x4, #5]
   85830:	aa05a0c5 	orr	x5, x6, x5, lsl #40
   85834:	39401886 	ldrb	w6, [x4, #6]
   85838:	aa06c0a6 	orr	x6, x5, x6, lsl #48
   8583c:	39401c85 	ldrb	w5, [x4, #7]
   85840:	aa05e0c5 	orr	x5, x6, x5, lsl #56
   85844:	b5000585 	cbnz	x5, 858f4 <CInterruptSystem::ConnectFIQ(unsigned int, void (*)(void*), void*)+0x108>
   85848:	53083c40 	ubfx	w0, w2, #8, #8
   8584c:	3909c0e2 	strb	w2, [x7, #624]
   85850:	39002083 	strb	w3, [x4, #8]
   85854:	39000480 	strb	w0, [x4, #1]
   85858:	53105c40 	ubfx	w0, w2, #16, #8
   8585c:	a8c17bfd 	ldp	x29, x30, [sp], #16
   85860:	39000880 	strb	w0, [x4, #2]
   85864:	53187c40 	lsr	w0, w2, #24
   85868:	39000c80 	strb	w0, [x4, #3]
   8586c:	d3609c40 	ubfx	x0, x2, #32, #8
   85870:	39001080 	strb	w0, [x4, #4]
   85874:	d368bc40 	ubfx	x0, x2, #40, #8
   85878:	39001480 	strb	w0, [x4, #5]
   8587c:	d370dc40 	ubfx	x0, x2, #48, #8
   85880:	d378fc42 	lsr	x2, x2, #56
   85884:	39001880 	strb	w0, [x4, #6]
   85888:	53083c60 	ubfx	w0, w3, #8, #8
   8588c:	39001c82 	strb	w2, [x4, #7]
   85890:	39002480 	strb	w0, [x4, #9]
   85894:	53105c60 	ubfx	w0, w3, #16, #8
   85898:	39002880 	strb	w0, [x4, #10]
   8589c:	53187c60 	lsr	w0, w3, #24
   858a0:	39002c80 	strb	w0, [x4, #11]
   858a4:	d3609c60 	ubfx	x0, x3, #32, #8
   858a8:	39003080 	strb	w0, [x4, #12]
   858ac:	d368bc60 	ubfx	x0, x3, #40, #8
   858b0:	39003480 	strb	w0, [x4, #13]
   858b4:	d370dc60 	ubfx	x0, x3, #48, #8
   858b8:	d378fc63 	lsr	x3, x3, #56
   858bc:	39003880 	strb	w0, [x4, #14]
   858c0:	2a0103e0 	mov	w0, w1
   858c4:	39003c83 	strb	w3, [x4, #15]
   858c8:	17ffff97 	b	85724 <CInterruptSystem::EnableFIQ(unsigned int)>
   858cc:	d0000041 	adrp	x1, 8f000 <From+0x918>
   858d0:	52802142 	mov	w2, #0x10a                 	// #266
   858d4:	91128021 	add	x1, x1, #0x4a0
   858d8:	91048020 	add	x0, x1, #0x120
   858dc:	94000af1 	bl	884a0 <assertion_failed>
   858e0:	d0000041 	adrp	x1, 8f000 <From+0x918>
   858e4:	52802162 	mov	w2, #0x10b                 	// #267
   858e8:	91128021 	add	x1, x1, #0x4a0
   858ec:	9104e020 	add	x0, x1, #0x138
   858f0:	94000aec 	bl	884a0 <assertion_failed>
   858f4:	d0000041 	adrp	x1, 8f000 <From+0x918>
   858f8:	52802182 	mov	w2, #0x10c                 	// #268
   858fc:	91128021 	add	x1, x1, #0x4a0
   85900:	91052020 	add	x0, x1, #0x148
   85904:	94000ae7 	bl	884a0 <assertion_failed>

0000000000085908 <CInterruptSystem::DisableFIQ()>:
   85908:	d10043ff 	sub	sp, sp, #0x10
   8590c:	d2801a80 	mov	x0, #0xd4                  	// #212
   85910:	f90007e0 	str	x0, [sp, #8]
   85914:	f94007e0 	ldr	x0, [sp, #8]
   85918:	b9400001 	ldr	w1, [x0]
   8591c:	528928c0 	mov	w0, #0x4946                	// #18758
   85920:	72aa6a20 	movk	w0, #0x5351, lsl #16
   85924:	6b00003f 	cmp	w1, w0
   85928:	54000261 	b.ne	85974 <CInterruptSystem::DisableFIQ()+0x6c>  // b.any
   8592c:	f0000042 	adrp	x2, 90000 <FromPCIeHost+0x148>
   85930:	9109c042 	add	x2, x2, #0x270
   85934:	39404040 	ldrb	w0, [x2, #16]
   85938:	39404441 	ldrb	w1, [x2, #17]
   8593c:	39404c43 	ldrb	w3, [x2, #19]
   85940:	aa012001 	orr	x1, x0, x1, lsl #8
   85944:	39404840 	ldrb	w0, [x2, #18]
   85948:	aa004020 	orr	x0, x1, x0, lsl #16
   8594c:	aa036003 	orr	x3, x0, x3, lsl #24
   85950:	b4000123 	cbz	x3, 85974 <CInterruptSystem::DisableFIQ()+0x6c>
   85954:	d2800024 	mov	x4, #0x1                   	// #1
   85958:	aa0403e0 	mov	x0, x4
   8595c:	aa0303e1 	mov	x1, x3
   85960:	d4000003 	smc	#0x0
   85964:	3900405f 	strb	wzr, [x2, #16]
   85968:	3900445f 	strb	wzr, [x2, #17]
   8596c:	3900485f 	strb	wzr, [x2, #18]
   85970:	39004c5f 	strb	wzr, [x2, #19]
   85974:	910043ff 	add	sp, sp, #0x10
   85978:	d65f03c0 	ret
   8597c:	d503201f 	nop

0000000000085980 <CInterruptSystem::Get()>:
   85980:	f0000040 	adrp	x0, 90000 <FromPCIeHost+0x148>
   85984:	f941d800 	ldr	x0, [x0, #944]
   85988:	b4000040 	cbz	x0, 85990 <CInterruptSystem::Get()+0x10>
   8598c:	d65f03c0 	ret
   85990:	d0000041 	adrp	x1, 8f000 <From+0x918>
   85994:	a9bf7bfd 	stp	x29, x30, [sp, #-16]!
   85998:	52802e02 	mov	w2, #0x170                 	// #368
   8599c:	91128021 	add	x1, x1, #0x4a0
   859a0:	910003fd 	mov	x29, sp
   859a4:	91058020 	add	x0, x1, #0x160
   859a8:	94000abe 	bl	884a0 <assertion_failed>

00000000000859ac <CInterruptSystem::CallIRQHandler(unsigned int)>:
   859ac:	a9bf7bfd 	stp	x29, x30, [sp, #-16]!
   859b0:	910003fd 	mov	x29, sp
   859b4:	7107fc3f 	cmp	w1, #0x1ff
   859b8:	540001c8 	b.hi	859f0 <CInterruptSystem::CallIRQHandler(unsigned int)+0x44>  // b.pmore
   859bc:	8b214c03 	add	x3, x0, w1, uxtw #3
   859c0:	f8615802 	ldr	x2, [x0, w1, uxtw #3]
   859c4:	b40000c2 	cbz	x2, 859dc <CInterruptSystem::CallIRQHandler(unsigned int)+0x30>
   859c8:	f9480060 	ldr	x0, [x3, #4096]
   859cc:	d63f0040 	blr	x2
   859d0:	a8c17bfd 	ldp	x29, x30, [sp], #16
   859d4:	52800020 	mov	w0, #0x1                   	// #1
   859d8:	d65f03c0 	ret
   859dc:	2a0103e0 	mov	w0, w1
   859e0:	97fffef3 	bl	855ac <CInterruptSystem::DisableIRQ(unsigned int)>
   859e4:	52800000 	mov	w0, #0x0                   	// #0
   859e8:	a8c17bfd 	ldp	x29, x30, [sp], #16
   859ec:	d65f03c0 	ret
   859f0:	d0000041 	adrp	x1, 8f000 <From+0x918>
   859f4:	52802ec2 	mov	w2, #0x176                 	// #374
   859f8:	91128021 	add	x1, x1, #0x4a0
   859fc:	9101c020 	add	x0, x1, #0x70
   85a00:	94000aa8 	bl	884a0 <assertion_failed>

0000000000085a04 <CInterruptSystem::InterruptHandler()>:
   85a04:	d2940180 	mov	x0, #0xa00c                	// #40972
   85a08:	a9be7bfd 	stp	x29, x30, [sp, #-32]!
   85a0c:	910003fd 	mov	x29, sp
   85a10:	f2afffe0 	movk	x0, #0x7fff, lsl #16
   85a14:	f2c00200 	movk	x0, #0x10, lsl #32
   85a18:	b9400001 	ldr	w1, [x0]
   85a1c:	12002420 	and	w0, w1, #0x3ff
   85a20:	37480281 	tbnz	w1, #9, 85a70 <CInterruptSystem::InterruptHandler()+0x6c>
   85a24:	721c143f 	tst	w1, #0x3f0
   85a28:	54000180 	b.eq	85a58 <CInterruptSystem::InterruptHandler()+0x54>  // b.none
   85a2c:	f0000042 	adrp	x2, 90000 <FromPCIeHost+0x148>
   85a30:	f941d842 	ldr	x2, [x2, #944]
   85a34:	b4000322 	cbz	x2, 85a98 <CInterruptSystem::InterruptHandler()+0x94>
   85a38:	d37d2403 	ubfiz	x3, x0, #3, #10
   85a3c:	b9001fe1 	str	w1, [sp, #28]
   85a40:	8b030044 	add	x4, x2, x3
   85a44:	f8636842 	ldr	x2, [x2, x3]
   85a48:	b4000222 	cbz	x2, 85a8c <CInterruptSystem::InterruptHandler()+0x88>
   85a4c:	f9480080 	ldr	x0, [x4, #4096]
   85a50:	d63f0040 	blr	x2
   85a54:	b9401fe1 	ldr	w1, [sp, #28]
   85a58:	d2940200 	mov	x0, #0xa010                	// #40976
   85a5c:	f2afffe0 	movk	x0, #0x7fff, lsl #16
   85a60:	f2c00200 	movk	x0, #0x10, lsl #32
   85a64:	b9000001 	str	w1, [x0]
   85a68:	a8c27bfd 	ldp	x29, x30, [sp], #32
   85a6c:	d65f03c0 	ret
   85a70:	710fec1f 	cmp	w0, #0x3fb
   85a74:	54ffffa8 	b.hi	85a68 <CInterruptSystem::InterruptHandler()+0x64>  // b.pmore
   85a78:	d0000041 	adrp	x1, 8f000 <From+0x918>
   85a7c:	52803462 	mov	w2, #0x1a3                 	// #419
   85a80:	91128021 	add	x1, x1, #0x4a0
   85a84:	9105c020 	add	x0, x1, #0x170
   85a88:	94000a86 	bl	884a0 <assertion_failed>
   85a8c:	97fffec8 	bl	855ac <CInterruptSystem::DisableIRQ(unsigned int)>
   85a90:	b9401fe1 	ldr	w1, [sp, #28]
   85a94:	17fffff1 	b	85a58 <CInterruptSystem::InterruptHandler()+0x54>
   85a98:	d0000041 	adrp	x1, 8f000 <From+0x918>
   85a9c:	52803222 	mov	w2, #0x191                 	// #401
   85aa0:	91128021 	add	x1, x1, #0x4a0
   85aa4:	91058020 	add	x0, x1, #0x160
   85aa8:	94000a7e 	bl	884a0 <assertion_failed>

0000000000085aac <InterruptHandler>:
   85aac:	17ffffd6 	b	85a04 <CInterruptSystem::InterruptHandler()>

0000000000085ab0 <CInterruptSystem::InitializeSecondary()>:
   85ab0:	d2940080 	mov	x0, #0xa004                	// #40964
   85ab4:	52801e01 	mov	w1, #0xf0                  	// #240
   85ab8:	f2afffe0 	movk	x0, #0x7fff, lsl #16
   85abc:	f2c00200 	movk	x0, #0x10, lsl #32
   85ac0:	b9000001 	str	w1, [x0]
   85ac4:	d1001000 	sub	x0, x0, #0x4
   85ac8:	52800021 	mov	w1, #0x1                   	// #1
   85acc:	b9000001 	str	w1, [x0]
   85ad0:	d65f03c0 	ret
   85ad4:	d503201f 	nop
   85ad8:	d503201f 	nop
   85adc:	d503201f 	nop

0000000000085ae0 <CInterruptSystem::SendIPI(unsigned int, unsigned int)>:
   85ae0:	a9bf7bfd 	stp	x29, x30, [sp, #-16]!
   85ae4:	910003fd 	mov	x29, sp
   85ae8:	71001c1f 	cmp	w0, #0x7
   85aec:	540001a8 	b.hi	85b20 <CInterruptSystem::SendIPI(unsigned int, unsigned int)+0x40>  // b.pmore
   85af0:	71003c3f 	cmp	w1, #0xf
   85af4:	54000208 	b.hi	85b34 <CInterruptSystem::SendIPI(unsigned int, unsigned int)+0x54>  // b.pmore
   85af8:	11004002 	add	w2, w0, #0x10
   85afc:	52800020 	mov	w0, #0x1                   	// #1
   85b00:	1ac22000 	lsl	w0, w0, w2
   85b04:	2a010000 	orr	w0, w0, w1
   85b08:	d293e001 	mov	x1, #0x9f00                	// #40704
   85b0c:	f2afffe1 	movk	x1, #0x7fff, lsl #16
   85b10:	f2c00201 	movk	x1, #0x10, lsl #32
   85b14:	b9000020 	str	w0, [x1]
   85b18:	a8c17bfd 	ldp	x29, x30, [sp], #16
   85b1c:	d65f03c0 	ret
   85b20:	d0000041 	adrp	x1, 8f000 <From+0x918>
   85b24:	528036c2 	mov	w2, #0x1b6                 	// #438
   85b28:	91128021 	add	x1, x1, #0x4a0
   85b2c:	91060020 	add	x0, x1, #0x180
   85b30:	94000a5c 	bl	884a0 <assertion_failed>
   85b34:	d0000041 	adrp	x1, 8f000 <From+0x918>
   85b38:	528036e2 	mov	w2, #0x1b7                 	// #439
   85b3c:	91128021 	add	x1, x1, #0x4a0
   85b40:	91064020 	add	x0, x1, #0x190
   85b44:	94000a57 	bl	884a0 <assertion_failed>

0000000000085b48 <CInterruptSystem::CallSecureMonitor(unsigned int, unsigned int)>:
   85b48:	2a0003e2 	mov	w2, w0
   85b4c:	2a0103e3 	mov	w3, w1
   85b50:	aa0203e0 	mov	x0, x2
   85b54:	aa0303e1 	mov	x1, x3
   85b58:	d4000003 	smc	#0x0
   85b5c:	d65f03c0 	ret

0000000000085b60 <CInterruptSystem::SecureMonitorHandler(unsigned int, unsigned int)>:
   85b60:	52800022 	mov	w2, #0x1                   	// #1
   85b64:	52928003 	mov	w3, #0x9400                	// #37888
   85b68:	1ac12045 	lsl	w5, w2, w1
   85b6c:	72afffe3 	movk	w3, #0x7fff, lsl #16
   85b70:	121e7422 	and	w2, w1, #0xfffffffc
   85b74:	53057c24 	lsr	w4, w1, #5
   85b78:	0b030042 	add	w2, w2, w3
   85b7c:	531d0421 	ubfiz	w1, w1, #3, #2
   85b80:	52801fe3 	mov	w3, #0xff                  	// #255
   85b84:	1ac12063 	lsl	w3, w3, w1
   85b88:	34000080 	cbz	w0, 85b98 <CInterruptSystem::SecureMonitorHandler(unsigned int, unsigned int)+0x38>
   85b8c:	7100041f 	cmp	w0, #0x1
   85b90:	54000340 	b.eq	85bf8 <CInterruptSystem::SecureMonitorHandler(unsigned int, unsigned int)+0x98>  // b.none
   85b94:	d65f03c0 	ret
   85b98:	d2920000 	mov	x0, #0x9000                	// #36864
   85b9c:	52800066 	mov	w6, #0x3                   	// #3
   85ba0:	f2afffe0 	movk	x0, #0x7fff, lsl #16
   85ba4:	f2c00200 	movk	x0, #0x10, lsl #32
   85ba8:	b9000006 	str	w6, [x0]
   85bac:	91400400 	add	x0, x0, #0x1, lsl #12
   85bb0:	52800166 	mov	w6, #0xb                   	// #11
   85bb4:	b9000006 	str	w6, [x0]
   85bb8:	531e7484 	lsl	w4, w4, #2
   85bbc:	d13e0006 	sub	x6, x0, #0xf80
   85bc0:	8b060086 	add	x6, x4, x6
   85bc4:	b94000c7 	ldr	w7, [x6]
   85bc8:	0a2500e7 	bic	w7, w7, w5
   85bcc:	b90000c7 	str	w7, [x6]
   85bd0:	b9400046 	ldr	w6, [x2]
   85bd4:	0a2300c3 	bic	w3, w6, w3
   85bd8:	52800806 	mov	w6, #0x40                  	// #64
   85bdc:	1ac120c1 	lsl	w1, w6, w1
   85be0:	2a010061 	orr	w1, w3, w1
   85be4:	b9000041 	str	w1, [x2]
   85be8:	8b040000 	add	x0, x0, x4
   85bec:	d13c0000 	sub	x0, x0, #0xf00
   85bf0:	b9000005 	str	w5, [x0]
   85bf4:	d65f03c0 	ret
   85bf8:	b2713fe0 	mov	x0, #0x7fff8000            	// #2147450880
   85bfc:	531e7484 	lsl	w4, w4, #2
   85c00:	f2c00200 	movk	x0, #0x10, lsl #32
   85c04:	d2823007 	mov	x7, #0x1180                	// #4480
   85c08:	8b000086 	add	x6, x4, x0
   85c0c:	8b0700c6 	add	x6, x6, x7
   85c10:	b90000c5 	str	w5, [x6]
   85c14:	b9400046 	ldr	w6, [x2]
   85c18:	0a2300c3 	bic	w3, w6, w3
   85c1c:	52801406 	mov	w6, #0xa0                  	// #160
   85c20:	1ac120c1 	lsl	w1, w6, w1
   85c24:	2a010061 	orr	w1, w3, w1
   85c28:	b9000041 	str	w1, [x2]
   85c2c:	d2821008 	mov	x8, #0x1080                	// #4224
   85c30:	8b080001 	add	x1, x0, x8
   85c34:	8b010084 	add	x4, x4, x1
   85c38:	b9400080 	ldr	w0, [x4]
   85c3c:	2a0000a0 	orr	w0, w5, w0
   85c40:	b9000080 	str	w0, [x4]
   85c44:	913e0020 	add	x0, x1, #0xf80
   85c48:	52800042 	mov	w2, #0x2                   	// #2
   85c4c:	b9000002 	str	w2, [x0]
   85c50:	d1020021 	sub	x1, x1, #0x80
   85c54:	b9000022 	str	w2, [x1]
   85c58:	d65f03c0 	ret
   85c5c:	d503201f 	nop

0000000000085c60 <SecureMonitorHandler>:
   85c60:	17ffffc0 	b	85b60 <CInterruptSystem::SecureMonitorHandler(unsigned int, unsigned int)>
	...

0000000000085c80 <CDeviceTreeBlob::CDeviceTreeBlob(void const*)>:
   85c80:	f900001f 	str	xzr, [x0]
   85c84:	b4000481 	cbz	x1, 85d14 <CDeviceTreeBlob::CDeviceTreeBlob(void const*)+0x94>
   85c88:	39400022 	ldrb	w2, [x1]
   85c8c:	aa0003e3 	mov	x3, x0
   85c90:	39400420 	ldrb	w0, [x1, #1]
   85c94:	aa002040 	orr	x0, x2, x0, lsl #8
   85c98:	39400822 	ldrb	w2, [x1, #2]
   85c9c:	aa024002 	orr	x2, x0, x2, lsl #16
   85ca0:	39400c20 	ldrb	w0, [x1, #3]
   85ca4:	aa006040 	orr	x0, x2, x0, lsl #24
   85ca8:	5281ba02 	mov	w2, #0xdd0                 	// #3536
   85cac:	72bdbfc2 	movk	w2, #0xedfe, lsl #16
   85cb0:	6b02001f 	cmp	w0, w2
   85cb4:	54000301 	b.ne	85d14 <CDeviceTreeBlob::CDeviceTreeBlob(void const*)+0x94>  // b.any
   85cb8:	39406022 	ldrb	w2, [x1, #24]
   85cbc:	39406420 	ldrb	w0, [x1, #25]
   85cc0:	aa002040 	orr	x0, x2, x0, lsl #8
   85cc4:	39406822 	ldrb	w2, [x1, #26]
   85cc8:	aa024002 	orr	x2, x0, x2, lsl #16
   85ccc:	39406c20 	ldrb	w0, [x1, #27]
   85cd0:	aa006040 	orr	x0, x2, x0, lsl #24
   85cd4:	52a20002 	mov	w2, #0x10000000            	// #268435456
   85cd8:	6b02001f 	cmp	w0, w2
   85cdc:	540001c1 	b.ne	85d14 <CDeviceTreeBlob::CDeviceTreeBlob(void const*)+0x94>  // b.any
   85ce0:	39401020 	ldrb	w0, [x1, #4]
   85ce4:	39401422 	ldrb	w2, [x1, #5]
   85ce8:	aa022002 	orr	x2, x0, x2, lsl #8
   85cec:	39401820 	ldrb	w0, [x1, #6]
   85cf0:	aa004040 	orr	x0, x2, x0, lsl #16
   85cf4:	39401c22 	ldrb	w2, [x1, #7]
   85cf8:	aa026002 	orr	x2, x0, x2, lsl #24
   85cfc:	529ffb00 	mov	w0, #0xffd8                	// #65496
   85d00:	72a001e0 	movk	w0, #0xf, lsl #16
   85d04:	5ac00842 	rev	w2, w2
   85d08:	5100a044 	sub	w4, w2, #0x28
   85d0c:	6b00009f 	cmp	w4, w0
   85d10:	54000049 	b.ls	85d18 <CDeviceTreeBlob::CDeviceTreeBlob(void const*)+0x98>  // b.plast
   85d14:	d65f03c0 	ret
   85d18:	a9bd7bfd 	stp	x29, x30, [sp, #-48]!
   85d1c:	aa0203e0 	mov	x0, x2
   85d20:	910003fd 	mov	x29, sp
   85d24:	a90187e2 	stp	x2, x1, [sp, #24]
   85d28:	f90017e3 	str	x3, [sp, #40]
   85d2c:	97fff73d 	bl	83a20 <operator new[](unsigned long)>
   85d30:	f94017e3 	ldr	x3, [sp, #40]
   85d34:	a94187e2 	ldp	x2, x1, [sp, #24]
   85d38:	f9000060 	str	x0, [x3]
   85d3c:	a8c37bfd 	ldp	x29, x30, [sp], #48
   85d40:	17fff69a 	b	837a8 <memcpy>

0000000000085d44 <CDeviceTreeBlob::~CDeviceTreeBlob()>:
   85d44:	f9400000 	ldr	x0, [x0]
   85d48:	b4000040 	cbz	x0, 85d50 <CDeviceTreeBlob::~CDeviceTreeBlob()+0xc>
   85d4c:	17fff747 	b	83a68 <operator delete[](void*)>
   85d50:	d65f03c0 	ret
   85d54:	d503201f 	nop
   85d58:	d503201f 	nop
   85d5c:	d503201f 	nop

0000000000085d60 <CDeviceTreeBlob::FindNodeInternal(char const*, TDeviceTreeNode const*, TDeviceTreeNode const**) const>:
   85d60:	a9ba7bfd 	stp	x29, x30, [sp, #-96]!
   85d64:	910003fd 	mov	x29, sp
   85d68:	a90153f3 	stp	x19, x20, [sp, #16]
   85d6c:	aa0203f3 	mov	x19, x2
   85d70:	a9025bf5 	stp	x21, x22, [sp, #32]
   85d74:	aa0103f6 	mov	x22, x1
   85d78:	aa0003f5 	mov	x21, x0
   85d7c:	f9001bf7 	str	x23, [sp, #48]
   85d80:	aa0303f7 	mov	x23, x3
   85d84:	b4000816 	cbz	x22, 85e84 <CDeviceTreeBlob::FindNodeInternal(char const*, TDeviceTreeNode const*, TDeviceTreeNode const**) const+0x124>
   85d88:	f94002a0 	ldr	x0, [x21]
   85d8c:	b4001960 	cbz	x0, 860b8 <CDeviceTreeBlob::FindNodeInternal(char const*, TDeviceTreeNode const*, TDeviceTreeNode const**) const+0x358>
   85d90:	b4000873 	cbz	x19, 85e9c <CDeviceTreeBlob::FindNodeInternal(char const*, TDeviceTreeNode const*, TDeviceTreeNode const**) const+0x13c>
   85d94:	39400260 	ldrb	w0, [x19]
   85d98:	39400661 	ldrb	w1, [x19, #1]
   85d9c:	39400e63 	ldrb	w3, [x19, #3]
   85da0:	aa012001 	orr	x1, x0, x1, lsl #8
   85da4:	39400a60 	ldrb	w0, [x19, #2]
   85da8:	aa004020 	orr	x0, x1, x0, lsl #16
   85dac:	aa036003 	orr	x3, x0, x3, lsl #24
   85db0:	52a08000 	mov	w0, #0x4000000             	// #67108864
   85db4:	2a0303e2 	mov	w2, w3
   85db8:	6b00007f 	cmp	w3, w0
   85dbc:	54000161 	b.ne	85de8 <CDeviceTreeBlob::FindNodeInternal(char const*, TDeviceTreeNode const*, TDeviceTreeNode const**) const+0x88>  // b.any
   85dc0:	38404e62 	ldrb	w2, [x19, #4]!
   85dc4:	39400660 	ldrb	w0, [x19, #1]
   85dc8:	aa002040 	orr	x0, x2, x0, lsl #8
   85dcc:	39400a62 	ldrb	w2, [x19, #2]
   85dd0:	aa024002 	orr	x2, x0, x2, lsl #16
   85dd4:	39400e60 	ldrb	w0, [x19, #3]
   85dd8:	aa006040 	orr	x0, x2, x0, lsl #24
   85ddc:	2a0003e2 	mov	w2, w0
   85de0:	6b03001f 	cmp	w0, w3
   85de4:	54fffee0 	b.eq	85dc0 <CDeviceTreeBlob::FindNodeInternal(char const*, TDeviceTreeNode const*, TDeviceTreeNode const**) const+0x60>  // b.none
   85de8:	52a02000 	mov	w0, #0x1000000             	// #16777216
   85dec:	6b00005f 	cmp	w2, w0
   85df0:	54001141 	b.ne	86018 <CDeviceTreeBlob::FindNodeInternal(char const*, TDeviceTreeNode const*, TDeviceTreeNode const**) const+0x2b8>  // b.any
   85df4:	39c002c0 	ldrsb	w0, [x22]
   85df8:	35000100 	cbnz	w0, 85e18 <CDeviceTreeBlob::FindNodeInternal(char const*, TDeviceTreeNode const*, TDeviceTreeNode const**) const+0xb8>
   85dfc:	aa1303e0 	mov	x0, x19
   85e00:	910003bf 	mov	sp, x29
   85e04:	f9401bf7 	ldr	x23, [sp, #48]
   85e08:	a94153f3 	ldp	x19, x20, [sp, #16]
   85e0c:	a9425bf5 	ldp	x21, x22, [sp, #32]
   85e10:	a8c67bfd 	ldp	x29, x30, [sp], #96
   85e14:	d65f03c0 	ret
   85e18:	528005e1 	mov	w1, #0x2f                  	// #47
   85e1c:	aa1603e0 	mov	x0, x22
   85e20:	97fff562 	bl	833a8 <strchr>
   85e24:	b40011c0 	cbz	x0, 8605c <CDeviceTreeBlob::FindNodeInternal(char const*, TDeviceTreeNode const*, TDeviceTreeNode const**) const+0x2fc>
   85e28:	cb160014 	sub	x20, x0, x22
   85e2c:	b4001214 	cbz	x20, 8606c <CDeviceTreeBlob::FindNodeInternal(char const*, TDeviceTreeNode const*, TDeviceTreeNode const**) const+0x30c>
   85e30:	91004280 	add	x0, x20, #0x10
   85e34:	aa1603e1 	mov	x1, x22
   85e38:	927cec00 	and	x0, x0, #0xfffffffffffffff0
   85e3c:	aa1403e2 	mov	x2, x20
   85e40:	cb2063ff 	sub	sp, sp, x0
   85e44:	910003e0 	mov	x0, sp
   85e48:	97fff658 	bl	837a8 <memcpy>
   85e4c:	91001263 	add	x3, x19, #0x4
   85e50:	910003e1 	mov	x1, sp
   85e54:	38346bff 	strb	wzr, [sp, x20]
   85e58:	aa0303e0 	mov	x0, x3
   85e5c:	f90027a3 	str	x3, [x29, #72]
   85e60:	97fff493 	bl	830ac <strcmp>
   85e64:	35000380 	cbnz	w0, 85ed4 <CDeviceTreeBlob::FindNodeInternal(char const*, TDeviceTreeNode const*, TDeviceTreeNode const**) const+0x174>
   85e68:	38f46ac0 	ldrsb	w0, [x22, x20]
   85e6c:	8b1402c1 	add	x1, x22, x20
   85e70:	7100bc1f 	cmp	w0, #0x2f
   85e74:	54fffc41 	b.ne	85dfc <CDeviceTreeBlob::FindNodeInternal(char const*, TDeviceTreeNode const*, TDeviceTreeNode const**) const+0x9c>  // b.any
   85e78:	91000436 	add	x22, x1, #0x1
   85e7c:	d2800017 	mov	x23, #0x0                   	// #0
   85e80:	b5fff856 	cbnz	x22, 85d88 <CDeviceTreeBlob::FindNodeInternal(char const*, TDeviceTreeNode const*, TDeviceTreeNode const**) const+0x28>
   85e84:	b0000041 	adrp	x1, 8e000 <CExceptionHandler::Throw(unsigned int, TAbortFrame*)+0x240>
   85e88:	b0000040 	adrp	x0, 8e000 <CExceptionHandler::Throw(unsigned int, TAbortFrame*)+0x240>
   85e8c:	52801082 	mov	w2, #0x84                  	// #132
   85e90:	913b6021 	add	x1, x1, #0xed8
   85e94:	913bc000 	add	x0, x0, #0xef0
   85e98:	94000982 	bl	884a0 <assertion_failed>
   85e9c:	39c002c1 	ldrsb	w1, [x22]
   85ea0:	7100bc3f 	cmp	w1, #0x2f
   85ea4:	54000f61 	b.ne	86090 <CDeviceTreeBlob::FindNodeInternal(char const*, TDeviceTreeNode const*, TDeviceTreeNode const**) const+0x330>  // b.any
   85ea8:	39402001 	ldrb	w1, [x0, #8]
   85eac:	910006d6 	add	x22, x22, #0x1
   85eb0:	39402402 	ldrb	w2, [x0, #9]
   85eb4:	39402c13 	ldrb	w19, [x0, #11]
   85eb8:	aa022022 	orr	x2, x1, x2, lsl #8
   85ebc:	39402801 	ldrb	w1, [x0, #10]
   85ec0:	aa014041 	orr	x1, x2, x1, lsl #16
   85ec4:	aa136033 	orr	x19, x1, x19, lsl #24
   85ec8:	5ac00a73 	rev	w19, w19
   85ecc:	8b130013 	add	x19, x0, x19
   85ed0:	17ffffb1 	b	85d94 <CDeviceTreeBlob::FindNodeInternal(char const*, TDeviceTreeNode const*, TDeviceTreeNode const**) const+0x34>
   85ed4:	f94027a0 	ldr	x0, [x29, #72]
   85ed8:	97fff45d 	bl	8304c <strlen>
   85edc:	f94027a3 	ldr	x3, [x29, #72]
   85ee0:	91001001 	add	x1, x0, #0x4
   85ee4:	927ef421 	and	x1, x1, #0xfffffffffffffffc
   85ee8:	38616862 	ldrb	w2, [x3, x1]
   85eec:	8b010060 	add	x0, x3, x1
   85ef0:	14000011 	b	85f34 <CDeviceTreeBlob::FindNodeInternal(char const*, TDeviceTreeNode const*, TDeviceTreeNode const**) const+0x1d4>
   85ef4:	d2800081 	mov	x1, #0x4                   	// #4
   85ef8:	7100105f 	cmp	w2, #0x4
   85efc:	54000180 	b.eq	85f2c <CDeviceTreeBlob::FindNodeInternal(char const*, TDeviceTreeNode const*, TDeviceTreeNode const**) const+0x1cc>  // b.none
   85f00:	39401002 	ldrb	w2, [x0, #4]
   85f04:	39401401 	ldrb	w1, [x0, #5]
   85f08:	aa012041 	orr	x1, x2, x1, lsl #8
   85f0c:	39401802 	ldrb	w2, [x0, #6]
   85f10:	aa024022 	orr	x2, x1, x2, lsl #16
   85f14:	39401c01 	ldrb	w1, [x0, #7]
   85f18:	aa016041 	orr	x1, x2, x1, lsl #24
   85f1c:	5ac00821 	rev	w1, w1
   85f20:	11000c21 	add	w1, w1, #0x3
   85f24:	927e7421 	and	x1, x1, #0xfffffffc
   85f28:	91003021 	add	x1, x1, #0xc
   85f2c:	8b010000 	add	x0, x0, x1
   85f30:	39400002 	ldrb	w2, [x0]
   85f34:	39400401 	ldrb	w1, [x0, #1]
   85f38:	aa012041 	orr	x1, x2, x1, lsl #8
   85f3c:	39400802 	ldrb	w2, [x0, #2]
   85f40:	aa024022 	orr	x2, x1, x2, lsl #16
   85f44:	39400c01 	ldrb	w1, [x0, #3]
   85f48:	aa016041 	orr	x1, x2, x1, lsl #24
   85f4c:	5ac00822 	rev	w2, w1
   85f50:	51000c43 	sub	w3, w2, #0x3
   85f54:	7100047f 	cmp	w3, #0x1
   85f58:	54fffce9 	b.ls	85ef4 <CDeviceTreeBlob::FindNodeInternal(char const*, TDeviceTreeNode const*, TDeviceTreeNode const**) const+0x194>  // b.plast
   85f5c:	52a02003 	mov	w3, #0x1000000             	// #16777216
   85f60:	6b03003f 	cmp	w1, w3
   85f64:	54000421 	b.ne	85fe8 <CDeviceTreeBlob::FindNodeInternal(char const*, TDeviceTreeNode const*, TDeviceTreeNode const**) const+0x288>  // b.any
   85f68:	52a02013 	mov	w19, #0x1000000             	// #16777216
   85f6c:	aa0003e2 	mov	x2, x0
   85f70:	910163a3 	add	x3, x29, #0x58
   85f74:	f9002fbf 	str	xzr, [x29, #88]
   85f78:	aa1603e1 	mov	x1, x22
   85f7c:	aa1503e0 	mov	x0, x21
   85f80:	97ffff78 	bl	85d60 <CDeviceTreeBlob::FindNodeInternal(char const*, TDeviceTreeNode const*, TDeviceTreeNode const**) const>
   85f84:	b5fff3e0 	cbnz	x0, 85e00 <CDeviceTreeBlob::FindNodeInternal(char const*, TDeviceTreeNode const*, TDeviceTreeNode const**) const+0xa0>
   85f88:	f9402fa0 	ldr	x0, [x29, #88]
   85f8c:	b4fff3a0 	cbz	x0, 85e00 <CDeviceTreeBlob::FindNodeInternal(char const*, TDeviceTreeNode const*, TDeviceTreeNode const**) const+0xa0>
   85f90:	39400002 	ldrb	w2, [x0]
   85f94:	39400401 	ldrb	w1, [x0, #1]
   85f98:	aa012041 	orr	x1, x2, x1, lsl #8
   85f9c:	39400802 	ldrb	w2, [x0, #2]
   85fa0:	aa024022 	orr	x2, x1, x2, lsl #16
   85fa4:	39400c01 	ldrb	w1, [x0, #3]
   85fa8:	aa016041 	orr	x1, x2, x1, lsl #24
   85fac:	6b13003f 	cmp	w1, w19
   85fb0:	54fffde0 	b.eq	85f6c <CDeviceTreeBlob::FindNodeInternal(char const*, TDeviceTreeNode const*, TDeviceTreeNode const**) const+0x20c>  // b.none
   85fb4:	52a08002 	mov	w2, #0x4000000             	// #67108864
   85fb8:	6b02003f 	cmp	w1, w2
   85fbc:	54000901 	b.ne	860dc <CDeviceTreeBlob::FindNodeInternal(char const*, TDeviceTreeNode const*, TDeviceTreeNode const**) const+0x37c>  // b.any
   85fc0:	38404c03 	ldrb	w3, [x0, #4]!
   85fc4:	39400402 	ldrb	w2, [x0, #1]
   85fc8:	aa022062 	orr	x2, x3, x2, lsl #8
   85fcc:	39400803 	ldrb	w3, [x0, #2]
   85fd0:	aa034043 	orr	x3, x2, x3, lsl #16
   85fd4:	39400c02 	ldrb	w2, [x0, #3]
   85fd8:	aa026062 	orr	x2, x3, x2, lsl #24
   85fdc:	6b01005f 	cmp	w2, w1
   85fe0:	54ffff00 	b.eq	85fc0 <CDeviceTreeBlob::FindNodeInternal(char const*, TDeviceTreeNode const*, TDeviceTreeNode const**) const+0x260>  // b.none
   85fe4:	5ac00842 	rev	w2, w2
   85fe8:	f10002ff 	cmp	x23, #0x0
   85fec:	7a421840 	ccmp	w2, #0x2, #0x0, ne	// ne = any
   85ff0:	54000061 	b.ne	85ffc <CDeviceTreeBlob::FindNodeInternal(char const*, TDeviceTreeNode const*, TDeviceTreeNode const**) const+0x29c>  // b.any
   85ff4:	91001000 	add	x0, x0, #0x4
   85ff8:	f90002e0 	str	x0, [x23]
   85ffc:	d2800000 	mov	x0, #0x0                   	// #0
   86000:	910003bf 	mov	sp, x29
   86004:	f9401bf7 	ldr	x23, [sp, #48]
   86008:	a94153f3 	ldp	x19, x20, [sp, #16]
   8600c:	a9425bf5 	ldp	x21, x22, [sp, #32]
   86010:	a8c67bfd 	ldp	x29, x30, [sp], #96
   86014:	d65f03c0 	ret
   86018:	94000ae2 	bl	88ba0 <CLogger::Get()>
   8601c:	39400261 	ldrb	w1, [x19]
   86020:	90000043 	adrp	x3, 8e000 <CExceptionHandler::Throw(unsigned int, TAbortFrame*)+0x240>
   86024:	913cc063 	add	x3, x3, #0xf30
   86028:	39400662 	ldrb	w2, [x19, #1]
   8602c:	39400e64 	ldrb	w4, [x19, #3]
   86030:	aa022022 	orr	x2, x1, x2, lsl #8
   86034:	39400a61 	ldrb	w1, [x19, #2]
   86038:	aa014041 	orr	x1, x2, x1, lsl #16
   8603c:	52800042 	mov	w2, #0x2                   	// #2
   86040:	aa046024 	orr	x4, x1, x4, lsl #24
   86044:	b0000041 	adrp	x1, 8f000 <From+0x918>
   86048:	91190021 	add	x1, x1, #0x640
   8604c:	5ac00884 	rev	w4, w4
   86050:	94000cb4 	bl	89320 <CLogger::Write(char const*, TLogSeverity, char const*, ...)>
   86054:	d2800000 	mov	x0, #0x0                   	// #0
   86058:	17ffffea 	b	86000 <CDeviceTreeBlob::FindNodeInternal(char const*, TDeviceTreeNode const*, TDeviceTreeNode const**) const+0x2a0>
   8605c:	aa1603e0 	mov	x0, x22
   86060:	97fff3fb 	bl	8304c <strlen>
   86064:	aa0003f4 	mov	x20, x0
   86068:	17ffff71 	b	85e2c <CDeviceTreeBlob::FindNodeInternal(char const*, TDeviceTreeNode const*, TDeviceTreeNode const**) const+0xcc>
   8606c:	94000acd 	bl	88ba0 <CLogger::Get()>
   86070:	90000043 	adrp	x3, 8e000 <CExceptionHandler::Throw(unsigned int, TAbortFrame*)+0x240>
   86074:	b0000041 	adrp	x1, 8f000 <From+0x918>
   86078:	913d4063 	add	x3, x3, #0xf50
   8607c:	52800042 	mov	w2, #0x2                   	// #2
   86080:	91190021 	add	x1, x1, #0x640
   86084:	94000ca7 	bl	89320 <CLogger::Write(char const*, TLogSeverity, char const*, ...)>
   86088:	d2800000 	mov	x0, #0x0                   	// #0
   8608c:	17ffffdd 	b	86000 <CDeviceTreeBlob::FindNodeInternal(char const*, TDeviceTreeNode const*, TDeviceTreeNode const**) const+0x2a0>
   86090:	94000ac4 	bl	88ba0 <CLogger::Get()>
   86094:	90000043 	adrp	x3, 8e000 <CExceptionHandler::Throw(unsigned int, TAbortFrame*)+0x240>
   86098:	b0000041 	adrp	x1, 8f000 <From+0x918>
   8609c:	aa1603e4 	mov	x4, x22
   860a0:	913c6063 	add	x3, x3, #0xf18
   860a4:	52800042 	mov	w2, #0x2                   	// #2
   860a8:	91190021 	add	x1, x1, #0x640
   860ac:	94000c9d 	bl	89320 <CLogger::Write(char const*, TLogSeverity, char const*, ...)>
   860b0:	d2800000 	mov	x0, #0x0                   	// #0
   860b4:	17ffffd3 	b	86000 <CDeviceTreeBlob::FindNodeInternal(char const*, TDeviceTreeNode const*, TDeviceTreeNode const**) const+0x2a0>
   860b8:	94000aba 	bl	88ba0 <CLogger::Get()>
   860bc:	90000043 	adrp	x3, 8e000 <CExceptionHandler::Throw(unsigned int, TAbortFrame*)+0x240>
   860c0:	b0000041 	adrp	x1, 8f000 <From+0x918>
   860c4:	913c0063 	add	x3, x3, #0xf00
   860c8:	52800042 	mov	w2, #0x2                   	// #2
   860cc:	91190021 	add	x1, x1, #0x640
   860d0:	94000c94 	bl	89320 <CLogger::Write(char const*, TLogSeverity, char const*, ...)>
   860d4:	d2800000 	mov	x0, #0x0                   	// #0
   860d8:	17ffffca 	b	86000 <CDeviceTreeBlob::FindNodeInternal(char const*, TDeviceTreeNode const*, TDeviceTreeNode const**) const+0x2a0>
   860dc:	5ac00822 	rev	w2, w1
   860e0:	17ffffc2 	b	85fe8 <CDeviceTreeBlob::FindNodeInternal(char const*, TDeviceTreeNode const*, TDeviceTreeNode const**) const+0x288>

00000000000860e4 <CDeviceTreeBlob::FindNode(char const*, TDeviceTreeNode const*) const>:
   860e4:	d2800003 	mov	x3, #0x0                   	// #0
   860e8:	17ffff1e 	b	85d60 <CDeviceTreeBlob::FindNodeInternal(char const*, TDeviceTreeNode const*, TDeviceTreeNode const**) const>

00000000000860ec <CDeviceTreeBlob::FindProperty(TDeviceTreeNode const*, char const*) const>:
   860ec:	a9bd7bfd 	stp	x29, x30, [sp, #-48]!
   860f0:	910003fd 	mov	x29, sp
   860f4:	a90153f3 	stp	x19, x20, [sp, #16]
   860f8:	a9025bf5 	stp	x21, x22, [sp, #32]
   860fc:	b4000d61 	cbz	x1, 862a8 <CDeviceTreeBlob::FindProperty(TDeviceTreeNode const*, char const*) const+0x1bc>
   86100:	aa0203f4 	mov	x20, x2
   86104:	b4000de2 	cbz	x2, 862c0 <CDeviceTreeBlob::FindProperty(TDeviceTreeNode const*, char const*) const+0x1d4>
   86108:	aa0003f5 	mov	x21, x0
   8610c:	f9400000 	ldr	x0, [x0]
   86110:	b4000980 	cbz	x0, 86240 <CDeviceTreeBlob::FindProperty(TDeviceTreeNode const*, char const*) const+0x154>
   86114:	aa0103f6 	mov	x22, x1
   86118:	39400021 	ldrb	w1, [x1]
   8611c:	394006c0 	ldrb	w0, [x22, #1]
   86120:	aa002020 	orr	x0, x1, x0, lsl #8
   86124:	39400ac1 	ldrb	w1, [x22, #2]
   86128:	aa014001 	orr	x1, x0, x1, lsl #16
   8612c:	39400ec0 	ldrb	w0, [x22, #3]
   86130:	aa006020 	orr	x0, x1, x0, lsl #24
   86134:	52a02001 	mov	w1, #0x1000000             	// #16777216
   86138:	6b01001f 	cmp	w0, w1
   8613c:	540008c1 	b.ne	86254 <CDeviceTreeBlob::FindProperty(TDeviceTreeNode const*, char const*) const+0x168>  // b.any
   86140:	910012c0 	add	x0, x22, #0x4
   86144:	97fff3c2 	bl	8304c <strlen>
   86148:	91001000 	add	x0, x0, #0x4
   8614c:	927ef400 	and	x0, x0, #0xfffffffffffffffc
   86150:	91001000 	add	x0, x0, #0x4
   86154:	38606ac1 	ldrb	w1, [x22, x0]
   86158:	8b0002d3 	add	x19, x22, x0
   8615c:	14000027 	b	861f8 <CDeviceTreeBlob::FindProperty(TDeviceTreeNode const*, char const*) const+0x10c>
   86160:	d2800081 	mov	x1, #0x4                   	// #4
   86164:	7100101f 	cmp	w0, #0x4
   86168:	54000440 	b.eq	861f0 <CDeviceTreeBlob::FindProperty(TDeviceTreeNode const*, char const*) const+0x104>  // b.none
   8616c:	f94002a2 	ldr	x2, [x21]
   86170:	39402263 	ldrb	w3, [x19, #8]
   86174:	39403041 	ldrb	w1, [x2, #12]
   86178:	39403440 	ldrb	w0, [x2, #13]
   8617c:	aa002020 	orr	x0, x1, x0, lsl #8
   86180:	39403841 	ldrb	w1, [x2, #14]
   86184:	aa014001 	orr	x1, x0, x1, lsl #16
   86188:	39403c40 	ldrb	w0, [x2, #15]
   8618c:	aa006020 	orr	x0, x1, x0, lsl #24
   86190:	39402661 	ldrb	w1, [x19, #9]
   86194:	5ac00800 	rev	w0, w0
   86198:	aa012061 	orr	x1, x3, x1, lsl #8
   8619c:	39402a63 	ldrb	w3, [x19, #10]
   861a0:	aa034023 	orr	x3, x1, x3, lsl #16
   861a4:	39402e61 	ldrb	w1, [x19, #11]
   861a8:	aa016061 	orr	x1, x3, x1, lsl #24
   861ac:	5ac00821 	rev	w1, w1
   861b0:	8b010000 	add	x0, x0, x1
   861b4:	aa1403e1 	mov	x1, x20
   861b8:	8b000040 	add	x0, x2, x0
   861bc:	97fff3bc 	bl	830ac <strcmp>
   861c0:	340006a0 	cbz	w0, 86294 <CDeviceTreeBlob::FindProperty(TDeviceTreeNode const*, char const*) const+0x1a8>
   861c4:	39401260 	ldrb	w0, [x19, #4]
   861c8:	39401661 	ldrb	w1, [x19, #5]
   861cc:	aa012001 	orr	x1, x0, x1, lsl #8
   861d0:	39401a60 	ldrb	w0, [x19, #6]
   861d4:	aa004020 	orr	x0, x1, x0, lsl #16
   861d8:	39401e61 	ldrb	w1, [x19, #7]
   861dc:	aa016001 	orr	x1, x0, x1, lsl #24
   861e0:	5ac00821 	rev	w1, w1
   861e4:	11000c21 	add	w1, w1, #0x3
   861e8:	927e7421 	and	x1, x1, #0xfffffffc
   861ec:	91003021 	add	x1, x1, #0xc
   861f0:	8b010273 	add	x19, x19, x1
   861f4:	39400261 	ldrb	w1, [x19]
   861f8:	39400660 	ldrb	w0, [x19, #1]
   861fc:	aa002020 	orr	x0, x1, x0, lsl #8
   86200:	39400a61 	ldrb	w1, [x19, #2]
   86204:	aa014001 	orr	x1, x0, x1, lsl #16
   86208:	39400e60 	ldrb	w0, [x19, #3]
   8620c:	aa006020 	orr	x0, x1, x0, lsl #24
   86210:	5ac00800 	rev	w0, w0
   86214:	51000c01 	sub	w1, w0, #0x3
   86218:	7100043f 	cmp	w1, #0x1
   8621c:	54fffa29 	b.ls	86160 <CDeviceTreeBlob::FindProperty(TDeviceTreeNode const*, char const*) const+0x74>  // b.plast
   86220:	94000a60 	bl	88ba0 <CLogger::Get()>
   86224:	90000043 	adrp	x3, 8e000 <CExceptionHandler::Throw(unsigned int, TAbortFrame*)+0x240>
   86228:	b0000041 	adrp	x1, 8f000 <From+0x918>
   8622c:	aa1403e4 	mov	x4, x20
   86230:	913e4063 	add	x3, x3, #0xf90
   86234:	52800042 	mov	w2, #0x2                   	// #2
   86238:	91190021 	add	x1, x1, #0x640
   8623c:	94000c39 	bl	89320 <CLogger::Write(char const*, TLogSeverity, char const*, ...)>
   86240:	a94153f3 	ldp	x19, x20, [sp, #16]
   86244:	d2800000 	mov	x0, #0x0                   	// #0
   86248:	a9425bf5 	ldp	x21, x22, [sp, #32]
   8624c:	a8c37bfd 	ldp	x29, x30, [sp], #48
   86250:	d65f03c0 	ret
   86254:	94000a53 	bl	88ba0 <CLogger::Get()>
   86258:	394002c1 	ldrb	w1, [x22]
   8625c:	90000043 	adrp	x3, 8e000 <CExceptionHandler::Throw(unsigned int, TAbortFrame*)+0x240>
   86260:	913cc063 	add	x3, x3, #0xf30
   86264:	394006c2 	ldrb	w2, [x22, #1]
   86268:	39400ec4 	ldrb	w4, [x22, #3]
   8626c:	aa022022 	orr	x2, x1, x2, lsl #8
   86270:	39400ac1 	ldrb	w1, [x22, #2]
   86274:	aa014041 	orr	x1, x2, x1, lsl #16
   86278:	52800042 	mov	w2, #0x2                   	// #2
   8627c:	aa046024 	orr	x4, x1, x4, lsl #24
   86280:	b0000041 	adrp	x1, 8f000 <From+0x918>
   86284:	91190021 	add	x1, x1, #0x640
   86288:	5ac00884 	rev	w4, w4
   8628c:	94000c25 	bl	89320 <CLogger::Write(char const*, TLogSeverity, char const*, ...)>
   86290:	17ffffec 	b	86240 <CDeviceTreeBlob::FindProperty(TDeviceTreeNode const*, char const*) const+0x154>
   86294:	aa1303e0 	mov	x0, x19
   86298:	a9425bf5 	ldp	x21, x22, [sp, #32]
   8629c:	a94153f3 	ldp	x19, x20, [sp, #16]
   862a0:	a8c37bfd 	ldp	x29, x30, [sp], #48
   862a4:	d65f03c0 	ret
   862a8:	90000041 	adrp	x1, 8e000 <CExceptionHandler::Throw(unsigned int, TAbortFrame*)+0x240>
   862ac:	90000040 	adrp	x0, 8e000 <CExceptionHandler::Throw(unsigned int, TAbortFrame*)+0x240>
   862b0:	52802162 	mov	w2, #0x10b                 	// #267
   862b4:	913b6021 	add	x1, x1, #0xed8
   862b8:	913dc000 	add	x0, x0, #0xf70
   862bc:	94000879 	bl	884a0 <assertion_failed>
   862c0:	90000041 	adrp	x1, 8e000 <CExceptionHandler::Throw(unsigned int, TAbortFrame*)+0x240>
   862c4:	90000040 	adrp	x0, 8e000 <CExceptionHandler::Throw(unsigned int, TAbortFrame*)+0x240>
   862c8:	52802182 	mov	w2, #0x10c                 	// #268
   862cc:	913b6021 	add	x1, x1, #0xed8
   862d0:	913e0000 	add	x0, x0, #0xf80
   862d4:	94000873 	bl	884a0 <assertion_failed>
   862d8:	d503201f 	nop
   862dc:	d503201f 	nop

00000000000862e0 <CDeviceTreeBlob::GetPropertyValueLength(TDeviceTreeProperty const*) const>:
   862e0:	b4000181 	cbz	x1, 86310 <CDeviceTreeBlob::GetPropertyValueLength(TDeviceTreeProperty const*) const+0x30>
   862e4:	f9400000 	ldr	x0, [x0]
   862e8:	b4000120 	cbz	x0, 8630c <CDeviceTreeBlob::GetPropertyValueLength(TDeviceTreeProperty const*) const+0x2c>
   862ec:	39401022 	ldrb	w2, [x1, #4]
   862f0:	39401420 	ldrb	w0, [x1, #5]
   862f4:	aa002040 	orr	x0, x2, x0, lsl #8
   862f8:	39401822 	ldrb	w2, [x1, #6]
   862fc:	aa024002 	orr	x2, x0, x2, lsl #16
   86300:	39401c20 	ldrb	w0, [x1, #7]
   86304:	aa006040 	orr	x0, x2, x0, lsl #24
   86308:	5ac00800 	rev	w0, w0
   8630c:	d65f03c0 	ret
   86310:	90000041 	adrp	x1, 8e000 <CExceptionHandler::Throw(unsigned int, TAbortFrame*)+0x240>
   86314:	90000040 	adrp	x0, 8e000 <CExceptionHandler::Throw(unsigned int, TAbortFrame*)+0x240>
   86318:	a9bf7bfd 	stp	x29, x30, [sp, #-16]!
   8631c:	52802802 	mov	w2, #0x140                 	// #320
   86320:	910003fd 	mov	x29, sp
   86324:	913b6021 	add	x1, x1, #0xed8
   86328:	913ea000 	add	x0, x0, #0xfa8
   8632c:	9400085d 	bl	884a0 <assertion_failed>

0000000000086330 <CDeviceTreeBlob::GetPropertyValue(TDeviceTreeProperty const*) const>:
   86330:	b40000c1 	cbz	x1, 86348 <CDeviceTreeBlob::GetPropertyValue(TDeviceTreeProperty const*) const+0x18>
   86334:	f9400000 	ldr	x0, [x0]
   86338:	91003021 	add	x1, x1, #0xc
   8633c:	f100001f 	cmp	x0, #0x0
   86340:	9a801020 	csel	x0, x1, x0, ne	// ne = any
   86344:	d65f03c0 	ret
   86348:	90000041 	adrp	x1, 8e000 <CExceptionHandler::Throw(unsigned int, TAbortFrame*)+0x240>
   8634c:	90000040 	adrp	x0, 8e000 <CExceptionHandler::Throw(unsigned int, TAbortFrame*)+0x240>
   86350:	a9bf7bfd 	stp	x29, x30, [sp, #-16]!
   86354:	52802982 	mov	w2, #0x14c                 	// #332
   86358:	910003fd 	mov	x29, sp
   8635c:	913b6021 	add	x1, x1, #0xed8
   86360:	913ea000 	add	x0, x0, #0xfa8
   86364:	9400084f 	bl	884a0 <assertion_failed>

0000000000086368 <CDeviceTreeBlob::GetPropertyValueWord(TDeviceTreeProperty const*, unsigned int) const>:
   86368:	a9be7bfd 	stp	x29, x30, [sp, #-32]!
   8636c:	910003fd 	mov	x29, sp
   86370:	b40004e1 	cbz	x1, 8640c <CDeviceTreeBlob::GetPropertyValueWord(TDeviceTreeProperty const*, unsigned int) const+0xa4>
   86374:	f9400000 	ldr	x0, [x0]
   86378:	b4000440 	cbz	x0, 86400 <CDeviceTreeBlob::GetPropertyValueWord(TDeviceTreeProperty const*, unsigned int) const+0x98>
   8637c:	39401023 	ldrb	w3, [x1, #4]
   86380:	39401420 	ldrb	w0, [x1, #5]
   86384:	aa002060 	orr	x0, x3, x0, lsl #8
   86388:	39401823 	ldrb	w3, [x1, #6]
   8638c:	aa034003 	orr	x3, x0, x3, lsl #16
   86390:	39401c20 	ldrb	w0, [x1, #7]
   86394:	aa006060 	orr	x0, x3, x0, lsl #24
   86398:	11000443 	add	w3, w2, #0x1
   8639c:	5ac00800 	rev	w0, w0
   863a0:	eb03081f 	cmp	x0, x3, lsl #2
   863a4:	540000c3 	b.cc	863bc <CDeviceTreeBlob::GetPropertyValueWord(TDeviceTreeProperty const*, unsigned int) const+0x54>  // b.lo, b.ul, b.last
   863a8:	8b224822 	add	x2, x1, w2, uxtw #2
   863ac:	b9400c40 	ldr	w0, [x2, #12]
   863b0:	a8c27bfd 	ldp	x29, x30, [sp], #32
   863b4:	5ac00800 	rev	w0, w0
   863b8:	d65f03c0 	ret
   863bc:	f9000fe1 	str	x1, [sp, #24]
   863c0:	940009f8 	bl	88ba0 <CLogger::Get()>
   863c4:	f9400fe1 	ldr	x1, [sp, #24]
   863c8:	39401022 	ldrb	w2, [x1, #4]
   863cc:	39401423 	ldrb	w3, [x1, #5]
   863d0:	39401c24 	ldrb	w4, [x1, #7]
   863d4:	aa032043 	orr	x3, x2, x3, lsl #8
   863d8:	39401822 	ldrb	w2, [x1, #6]
   863dc:	b0000041 	adrp	x1, 8f000 <From+0x918>
   863e0:	91190021 	add	x1, x1, #0x640
   863e4:	aa024062 	orr	x2, x3, x2, lsl #16
   863e8:	90000043 	adrp	x3, 8e000 <CExceptionHandler::Throw(unsigned int, TAbortFrame*)+0x240>
   863ec:	913ee063 	add	x3, x3, #0xfb8
   863f0:	aa046044 	orr	x4, x2, x4, lsl #24
   863f4:	52800042 	mov	w2, #0x2                   	// #2
   863f8:	5ac00884 	rev	w4, w4
   863fc:	94000bc9 	bl	89320 <CLogger::Write(char const*, TLogSeverity, char const*, ...)>
   86400:	52800000 	mov	w0, #0x0                   	// #0
   86404:	a8c27bfd 	ldp	x29, x30, [sp], #32
   86408:	d65f03c0 	ret
   8640c:	90000041 	adrp	x1, 8e000 <CExceptionHandler::Throw(unsigned int, TAbortFrame*)+0x240>
   86410:	90000040 	adrp	x0, 8e000 <CExceptionHandler::Throw(unsigned int, TAbortFrame*)+0x240>
   86414:	52802b22 	mov	w2, #0x159                 	// #345
   86418:	913b6021 	add	x1, x1, #0xed8
   8641c:	913ea000 	add	x0, x0, #0xfa8
   86420:	94000820 	bl	884a0 <assertion_failed>
	...

0000000000086440 <CSouthbridge::CSouthbridge(CInterruptSystem*)>:
   86440:	aa0003e7 	mov	x7, x0
   86444:	a9007c01 	stp	x1, xzr, [x0]
   86448:	f900081f 	str	xzr, [x0, #16]
   8644c:	d0000040 	adrp	x0, 90000 <FromPCIeHost+0x148>
   86450:	f941dc02 	ldr	x2, [x0, #952]
   86454:	b4000042 	cbz	x2, 8645c <CSouthbridge::CSouthbridge(CInterruptSystem*)+0x1c>
   86458:	d65f03c0 	ret
   8645c:	a9bd7bfd 	stp	x29, x30, [sp, #-48]!
   86460:	cb070ce4 	sub	x4, x7, x7, lsl #3
   86464:	910003fd 	mov	x29, sp
   86468:	9283a7e2 	mov	x2, #0xffffffffffffe2c0    	// #-7488
   8646c:	910fa0e3 	add	x3, x7, #0x3e8
   86470:	911094e6 	add	x6, x7, #0x425
   86474:	f901dc07 	str	x7, [x0, #952]
   86478:	9283e4e0 	mov	x0, #0xffffffffffffe0d8    	// #-7976
   8647c:	8b000085 	add	x5, x4, x0
   86480:	8b020084 	add	x4, x4, x2
   86484:	f82378bf 	str	xzr, [x5, x3, lsl #3]
   86488:	f823789f 	str	xzr, [x4, x3, lsl #3]
   8648c:	3800147f 	strb	wzr, [x3], #1
   86490:	eb06007f 	cmp	x3, x6
   86494:	54ffff81 	b.ne	86484 <CSouthbridge::CSouthbridge(CInterruptSystem*)+0x44>  // b.any
   86498:	b4000181 	cbz	x1, 864c8 <CSouthbridge::CSouthbridge(CInterruptSystem*)+0x88>
   8649c:	d2801000 	mov	x0, #0x80                  	// #128
   864a0:	a90207e7 	stp	x7, x1, [sp, #32]
   864a4:	97fff559 	bl	83a08 <operator new(unsigned long)>
   864a8:	f94017e2 	ldr	x2, [sp, #40]
   864ac:	52800001 	mov	w1, #0x0                   	// #0
   864b0:	f9000fe0 	str	x0, [sp, #24]
   864b4:	940017bf 	bl	8c3b0 <CBcmPCIeHostBridge::CBcmPCIeHostBridge(unsigned int, CInterruptSystem*)>
   864b8:	a9419fe3 	ldp	x3, x7, [sp, #24]
   864bc:	f90004e3 	str	x3, [x7, #8]
   864c0:	a8c37bfd 	ldp	x29, x30, [sp], #48
   864c4:	d65f03c0 	ret
   864c8:	b0000041 	adrp	x1, 8f000 <From+0x918>
   864cc:	528008a2 	mov	w2, #0x45                  	// #69
   864d0:	91192021 	add	x1, x1, #0x648
   864d4:	91004020 	add	x0, x1, #0x10
   864d8:	940007f2 	bl	884a0 <assertion_failed>
   864dc:	d503201f 	nop

00000000000864e0 <CSouthbridge::~CSouthbridge()>:
   864e0:	d0000042 	adrp	x2, 90000 <FromPCIeHost+0x148>
   864e4:	f941dc41 	ldr	x1, [x2, #952]
   864e8:	eb00003f 	cmp	x1, x0
   864ec:	54000040 	b.eq	864f4 <CSouthbridge::~CSouthbridge()+0x14>  // b.none
   864f0:	d65f03c0 	ret
   864f4:	910ee044 	add	x4, x2, #0x3b8
   864f8:	a9be7bfd 	stp	x29, x30, [sp, #-32]!
   864fc:	aa0003e3 	mov	x3, x0
   86500:	910003fd 	mov	x29, sp
   86504:	39402080 	ldrb	w0, [x4, #8]
   86508:	36000160 	tbz	w0, #0, 86534 <CSouthbridge::~CSouthbridge()+0x54>
   8650c:	f9400020 	ldr	x0, [x1]
   86510:	b4000280 	cbz	x0, 86560 <CSouthbridge::~CSouthbridge()+0x80>
   86514:	528020a1 	mov	w1, #0x105                 	// #261
   86518:	f9000fe3 	str	x3, [sp, #24]
   8651c:	97fffc4c 	bl	8564c <CInterruptSystem::DisconnectIRQ(unsigned int)>
   86520:	f9400fe3 	ldr	x3, [sp, #24]
   86524:	d0000040 	adrp	x0, 90000 <FromPCIeHost+0x148>
   86528:	910ee004 	add	x4, x0, #0x3b8
   8652c:	aa0003e2 	mov	x2, x0
   86530:	3900209f 	strb	wzr, [x4, #8]
   86534:	f9400460 	ldr	x0, [x3, #8]
   86538:	b40000e0 	cbz	x0, 86554 <CSouthbridge::~CSouthbridge()+0x74>
   8653c:	f9000fe0 	str	x0, [sp, #24]
   86540:	940017a8 	bl	8c3e0 <CBcmPCIeHostBridge::~CBcmPCIeHostBridge()>
   86544:	f9400fe0 	ldr	x0, [sp, #24]
   86548:	d2801001 	mov	x1, #0x80                  	// #128
   8654c:	97fff551 	bl	83a90 <operator delete(void*, unsigned long)>
   86550:	d0000042 	adrp	x2, 90000 <FromPCIeHost+0x148>
   86554:	f901dc5f 	str	xzr, [x2, #952]
   86558:	a8c27bfd 	ldp	x29, x30, [sp], #32
   8655c:	d65f03c0 	ret
   86560:	b0000041 	adrp	x1, 8f000 <From+0x918>
   86564:	52800a42 	mov	w2, #0x52                  	// #82
   86568:	91192021 	add	x1, x1, #0x648
   8656c:	91004020 	add	x0, x1, #0x10
   86570:	940007cc 	bl	884a0 <assertion_failed>
   86574:	d503201f 	nop
   86578:	d503201f 	nop
   8657c:	d503201f 	nop

0000000000086580 <CSouthbridge::Initialize()>:
   86580:	d0000041 	adrp	x1, 90000 <FromPCIeHost+0x148>
   86584:	910ee025 	add	x5, x1, #0x3b8
   86588:	f941dc21 	ldr	x1, [x1, #952]
   8658c:	394020a4 	ldrb	w4, [x5, #8]
   86590:	eb00003f 	cmp	x1, x0
   86594:	54000060 	b.eq	865a0 <CSouthbridge::Initialize()+0x20>  // b.none
   86598:	2a0403e0 	mov	w0, w4
   8659c:	d65f03c0 	ret
   865a0:	a9bd7bfd 	stp	x29, x30, [sp, #-48]!
   865a4:	910003fd 	mov	x29, sp
   865a8:	f9000bf3 	str	x19, [sp, #16]
   865ac:	aa0003f3 	mov	x19, x0
   865b0:	370006e4 	tbnz	w4, #0, 8668c <CSouthbridge::Initialize()+0x10c>
   865b4:	f9400420 	ldr	x0, [x1, #8]
   865b8:	b4000740 	cbz	x0, 866a0 <CSouthbridge::Initialize()+0x120>
   865bc:	94001c59 	bl	8d720 <CBcmPCIeHostBridge::Initialize()>
   865c0:	12001c04 	and	w4, w0, #0xff
   865c4:	b9002fe4 	str	w4, [sp, #44]
   865c8:	360004a0 	tbz	w0, #0, 8665c <CSouthbridge::Initialize()+0xdc>
   865cc:	f9400660 	ldr	x0, [x19, #8]
   865d0:	52a00041 	mov	w1, #0x20000               	// #131072
   865d4:	52800003 	mov	w3, #0x0                   	// #0
   865d8:	52800002 	mov	w2, #0x0                   	// #0
   865dc:	94001862 	bl	8c764 <CBcmPCIeHostBridge::EnableDevice(unsigned int, unsigned int, unsigned int)>
   865e0:	d0000041 	adrp	x1, 90000 <FromPCIeHost+0x148>
   865e4:	b9402fe4 	ldr	w4, [sp, #44]
   865e8:	910ee025 	add	x5, x1, #0x3b8
   865ec:	36000200 	tbz	w0, #0, 8662c <CSouthbridge::Initialize()+0xac>
   865f0:	52800020 	mov	w0, #0x1                   	// #1
   865f4:	390020a0 	strb	w0, [x5, #8]
   865f8:	f9400260 	ldr	x0, [x19]
   865fc:	b40005c0 	cbz	x0, 866b4 <CSouthbridge::Initialize()+0x134>
   86600:	90000002 	adrp	x2, 86000 <CDeviceTreeBlob::FindNodeInternal(char const*, TDeviceTreeNode const*, TDeviceTreeNode const**) const+0x2a0>
   86604:	aa1303e3 	mov	x3, x19
   86608:	b9002fe4 	str	w4, [sp, #44]
   8660c:	91270042 	add	x2, x2, #0x9c0
   86610:	528020a1 	mov	w1, #0x105                 	// #261
   86614:	97fffbb3 	bl	854e0 <CInterruptSystem::ConnectIRQ(unsigned int, void (*)(void*), void*)>
   86618:	b9402fe4 	ldr	w4, [sp, #44]
   8661c:	f9400bf3 	ldr	x19, [sp, #16]
   86620:	a8c37bfd 	ldp	x29, x30, [sp], #48
   86624:	2a0403e0 	mov	w0, w4
   86628:	d65f03c0 	ret
   8662c:	b9002fe4 	str	w4, [sp, #44]
   86630:	9400095c 	bl	88ba0 <CLogger::Get()>
   86634:	b0000041 	adrp	x1, 8f000 <From+0x918>
   86638:	52800022 	mov	w2, #0x1                   	// #1
   8663c:	91192021 	add	x1, x1, #0x648
   86640:	9101c023 	add	x3, x1, #0x70
   86644:	9101a021 	add	x1, x1, #0x68
   86648:	94000b36 	bl	89320 <CLogger::Write(char const*, TLogSeverity, char const*, ...)>
   8664c:	d0000040 	adrp	x0, 90000 <FromPCIeHost+0x148>
   86650:	b9402fe4 	ldr	w4, [sp, #44]
   86654:	910ee005 	add	x5, x0, #0x3b8
   86658:	17ffffe6 	b	865f0 <CSouthbridge::Initialize()+0x70>
   8665c:	94000951 	bl	88ba0 <CLogger::Get()>
   86660:	b0000041 	adrp	x1, 8f000 <From+0x918>
   86664:	52800022 	mov	w2, #0x1                   	// #1
   86668:	91192021 	add	x1, x1, #0x648
   8666c:	91010023 	add	x3, x1, #0x40
   86670:	9101a021 	add	x1, x1, #0x68
   86674:	94000b2b 	bl	89320 <CLogger::Write(char const*, TLogSeverity, char const*, ...)>
   86678:	b9402fe4 	ldr	w4, [sp, #44]
   8667c:	f9400bf3 	ldr	x19, [sp, #16]
   86680:	a8c37bfd 	ldp	x29, x30, [sp], #48
   86684:	2a0403e0 	mov	w0, w4
   86688:	d65f03c0 	ret
   8668c:	b0000041 	adrp	x1, 8f000 <From+0x918>
   86690:	52800ce2 	mov	w2, #0x67                  	// #103
   86694:	91192021 	add	x1, x1, #0x648
   86698:	91008020 	add	x0, x1, #0x20
   8669c:	94000781 	bl	884a0 <assertion_failed>
   866a0:	b0000041 	adrp	x1, 8f000 <From+0x918>
   866a4:	52800d22 	mov	w2, #0x69                  	// #105
   866a8:	91192021 	add	x1, x1, #0x648
   866ac:	9100e020 	add	x0, x1, #0x38
   866b0:	9400077c 	bl	884a0 <assertion_failed>
   866b4:	b0000041 	adrp	x1, 8f000 <From+0x918>
   866b8:	52800f02 	mov	w2, #0x78                  	// #120
   866bc:	91192021 	add	x1, x1, #0x648
   866c0:	91004020 	add	x0, x1, #0x10
   866c4:	94000777 	bl	884a0 <assertion_failed>

00000000000866c8 <CSouthbridge::EnableIRQ(unsigned int)>:
   866c8:	a9bf7bfd 	stp	x29, x30, [sp, #-16]!
   866cc:	910003fd 	mov	x29, sp
   866d0:	36580480 	tbz	w0, #11, 86760 <CSouthbridge::EnableIRQ(unsigned int)+0x98>
   866d4:	12002401 	and	w1, w0, #0x3ff
   866d8:	7100f03f 	cmp	w1, #0x3c
   866dc:	540004c8 	b.hi	86774 <CSouthbridge::EnableIRQ(unsigned int)+0xac>  // b.pmore
   866e0:	d0000042 	adrp	x2, 90000 <FromPCIeHost+0x148>
   866e4:	f941dc43 	ldr	x3, [x2, #952]
   866e8:	b4000503 	cbz	x3, 86788 <CSouthbridge::EnableIRQ(unsigned int)+0xc0>
   866ec:	f9400862 	ldr	x2, [x3, #16]
   866f0:	d2800026 	mov	x6, #0x1                   	// #1
   866f4:	d2910005 	mov	x5, #0x8800                	// #34816
   866f8:	9ac120c4 	lsl	x4, x6, x1
   866fc:	f2a00205 	movk	x5, #0x10, lsl #16
   86700:	f2c003e5 	movk	x5, #0x1f, lsl #32
   86704:	aa040042 	orr	x2, x2, x4
   86708:	f9000862 	str	x2, [x3, #16]
   8670c:	11000822 	add	w2, w1, #0x2
   86710:	8b214061 	add	x1, x3, w1, uxtw
   86714:	d37e2844 	ubfiz	x4, x2, #2, #11
   86718:	8b2228a2 	add	x2, x5, w2, uxth #2
   8671c:	37500100 	tbnz	w0, #10, 8673c <CSouthbridge::EnableIRQ(unsigned int)+0x74>
   86720:	390fa03f 	strb	wzr, [x1, #1000]
   86724:	52800100 	mov	w0, #0x8                   	// #8
   86728:	b9000040 	str	w0, [x2]
   8672c:	52800020 	mov	w0, #0x1                   	// #1
   86730:	b9000040 	str	w0, [x2]
   86734:	a8c17bfd 	ldp	x29, x30, [sp], #16
   86738:	d65f03c0 	ret
   8673c:	8b050084 	add	x4, x4, x5
   86740:	390fa026 	strb	w6, [x1, #1000]
   86744:	52800100 	mov	w0, #0x8                   	// #8
   86748:	91100084 	add	x4, x4, #0x400
   8674c:	b9000080 	str	w0, [x4]
   86750:	52800020 	mov	w0, #0x1                   	// #1
   86754:	b9000040 	str	w0, [x2]
   86758:	a8c17bfd 	ldp	x29, x30, [sp], #16
   8675c:	d65f03c0 	ret
   86760:	b0000041 	adrp	x1, 8f000 <From+0x918>
   86764:	528015c2 	mov	w2, #0xae                  	// #174
   86768:	91192021 	add	x1, x1, #0x648
   8676c:	91024020 	add	x0, x1, #0x90
   86770:	9400074c 	bl	884a0 <assertion_failed>
   86774:	b0000041 	adrp	x1, 8f000 <From+0x918>
   86778:	52801602 	mov	w2, #0xb0                  	// #176
   8677c:	91192021 	add	x1, x1, #0x648
   86780:	9102c020 	add	x0, x1, #0xb0
   86784:	94000747 	bl	884a0 <assertion_failed>
   86788:	b0000041 	adrp	x1, 8f000 <From+0x918>
   8678c:	52801642 	mov	w2, #0xb2                  	// #178
   86790:	91192021 	add	x1, x1, #0x648
   86794:	91034020 	add	x0, x1, #0xd0
   86798:	94000742 	bl	884a0 <assertion_failed>
   8679c:	d503201f 	nop

00000000000867a0 <CSouthbridge::ConnectIRQ(unsigned int, void (*)(void*), void*)>:
   867a0:	d0000046 	adrp	x6, 90000 <FromPCIeHost+0x148>
   867a4:	a9bf7bfd 	stp	x29, x30, [sp, #-16]!
   867a8:	aa0003e5 	mov	x5, x0
   867ac:	910003fd 	mov	x29, sp
   867b0:	f941dcc4 	ldr	x4, [x6, #952]
   867b4:	14000002 	b	867bc <CSouthbridge::ConnectIRQ(unsigned int, void (*)(void*), void*)+0x1c>
   867b8:	aa0403e5 	mov	x5, x4
   867bc:	eb05009f 	cmp	x4, x5
   867c0:	54ffffc1 	b.ne	867b8 <CSouthbridge::ConnectIRQ(unsigned int, void (*)(void*), void*)+0x18>  // b.any
   867c4:	910ee0c6 	add	x6, x6, #0x3b8
   867c8:	394020c0 	ldrb	w0, [x6, #8]
   867cc:	360001c0 	tbz	w0, #0, 86804 <CSouthbridge::ConnectIRQ(unsigned int, void (*)(void*), void*)+0x64>
   867d0:	36580241 	tbz	w1, #11, 86818 <CSouthbridge::ConnectIRQ(unsigned int, void (*)(void*), void*)+0x78>
   867d4:	12002425 	and	w5, w1, #0x3ff
   867d8:	7100f0bf 	cmp	w5, #0x3c
   867dc:	54000288 	b.hi	8682c <CSouthbridge::ConnectIRQ(unsigned int, void (*)(void*), void*)+0x8c>  // b.pmore
   867e0:	d37d24a5 	ubfiz	x5, x5, #3, #10
   867e4:	8b050084 	add	x4, x4, x5
   867e8:	f9400c80 	ldr	x0, [x4, #24]
   867ec:	b50002a0 	cbnz	x0, 86840 <CSouthbridge::ConnectIRQ(unsigned int, void (*)(void*), void*)+0xa0>
   867f0:	a8c17bfd 	ldp	x29, x30, [sp], #16
   867f4:	2a0103e0 	mov	w0, w1
   867f8:	f9000c82 	str	x2, [x4, #24]
   867fc:	f9010083 	str	x3, [x4, #512]
   86800:	17ffffb2 	b	866c8 <CSouthbridge::EnableIRQ(unsigned int)>
   86804:	b0000041 	adrp	x1, 8f000 <From+0x918>
   86808:	528010e2 	mov	w2, #0x87                  	// #135
   8680c:	91192021 	add	x1, x1, #0x648
   86810:	91036020 	add	x0, x1, #0xd8
   86814:	94000723 	bl	884a0 <assertion_failed>
   86818:	b0000041 	adrp	x1, 8f000 <From+0x918>
   8681c:	52801122 	mov	w2, #0x89                  	// #137
   86820:	91192021 	add	x1, x1, #0x648
   86824:	91024020 	add	x0, x1, #0x90
   86828:	9400071e 	bl	884a0 <assertion_failed>
   8682c:	b0000041 	adrp	x1, 8f000 <From+0x918>
   86830:	52801182 	mov	w2, #0x8c                  	// #140
   86834:	91192021 	add	x1, x1, #0x648
   86838:	9102c020 	add	x0, x1, #0xb0
   8683c:	94000719 	bl	884a0 <assertion_failed>
   86840:	b0000041 	adrp	x1, 8f000 <From+0x918>
   86844:	528011a2 	mov	w2, #0x8d                  	// #141
   86848:	91192021 	add	x1, x1, #0x648
   8684c:	9103c020 	add	x0, x1, #0xf0
   86850:	94000714 	bl	884a0 <assertion_failed>
   86854:	d503201f 	nop
   86858:	d503201f 	nop
   8685c:	d503201f 	nop

0000000000086860 <CSouthbridge::DisableIRQ(unsigned int)>:
   86860:	a9bf7bfd 	stp	x29, x30, [sp, #-16]!
   86864:	910003fd 	mov	x29, sp
   86868:	365802a0 	tbz	w0, #11, 868bc <CSouthbridge::DisableIRQ(unsigned int)+0x5c>
   8686c:	12002400 	and	w0, w0, #0x3ff
   86870:	7100f01f 	cmp	w0, #0x3c
   86874:	540002e8 	b.hi	868d0 <CSouthbridge::DisableIRQ(unsigned int)+0x70>  // b.pmore
   86878:	d2918002 	mov	x2, #0x8c00                	// #35840
   8687c:	11000801 	add	w1, w0, #0x2
   86880:	f2a00202 	movk	x2, #0x10, lsl #16
   86884:	f2c003e2 	movk	x2, #0x1f, lsl #32
   86888:	8b214841 	add	x1, x2, w1, uxtw #2
   8688c:	52800022 	mov	w2, #0x1                   	// #1
   86890:	b9000022 	str	w2, [x1]
   86894:	d0000041 	adrp	x1, 90000 <FromPCIeHost+0x148>
   86898:	f941dc21 	ldr	x1, [x1, #952]
   8689c:	b4000241 	cbz	x1, 868e4 <CSouthbridge::DisableIRQ(unsigned int)+0x84>
   868a0:	d2800022 	mov	x2, #0x1                   	// #1
   868a4:	a8c17bfd 	ldp	x29, x30, [sp], #16
   868a8:	9ac02042 	lsl	x2, x2, x0
   868ac:	f9400820 	ldr	x0, [x1, #16]
   868b0:	8a220000 	bic	x0, x0, x2
   868b4:	f9000820 	str	x0, [x1, #16]
   868b8:	d65f03c0 	ret
   868bc:	b0000041 	adrp	x1, 8f000 <From+0x918>
   868c0:	528018e2 	mov	w2, #0xc7                  	// #199
   868c4:	91192021 	add	x1, x1, #0x648
   868c8:	91024020 	add	x0, x1, #0x90
   868cc:	940006f5 	bl	884a0 <assertion_failed>
   868d0:	b0000041 	adrp	x1, 8f000 <From+0x918>
   868d4:	52801922 	mov	w2, #0xc9                  	// #201
   868d8:	91192021 	add	x1, x1, #0x648
   868dc:	9102c020 	add	x0, x1, #0xb0
   868e0:	940006f0 	bl	884a0 <assertion_failed>
   868e4:	b0000041 	adrp	x1, 8f000 <From+0x918>
   868e8:	528019a2 	mov	w2, #0xcd                  	// #205
   868ec:	91192021 	add	x1, x1, #0x648
   868f0:	91034020 	add	x0, x1, #0xd0
   868f4:	940006eb 	bl	884a0 <assertion_failed>
   868f8:	d503201f 	nop
   868fc:	d503201f 	nop

0000000000086900 <CSouthbridge::DisconnectIRQ(unsigned int)>:
   86900:	a9be7bfd 	stp	x29, x30, [sp, #-32]!
   86904:	d0000044 	adrp	x4, 90000 <FromPCIeHost+0x148>
   86908:	910003fd 	mov	x29, sp
   8690c:	aa0003e3 	mov	x3, x0
   86910:	f941dc82 	ldr	x2, [x4, #952]
   86914:	f9000bf3 	str	x19, [sp, #16]
   86918:	14000002 	b	86920 <CSouthbridge::DisconnectIRQ(unsigned int)+0x20>
   8691c:	aa0203e3 	mov	x3, x2
   86920:	eb03005f 	cmp	x2, x3
   86924:	54ffffc1 	b.ne	8691c <CSouthbridge::DisconnectIRQ(unsigned int)+0x1c>  // b.any
   86928:	910ee084 	add	x4, x4, #0x3b8
   8692c:	39402080 	ldrb	w0, [x4, #8]
   86930:	36000200 	tbz	w0, #0, 86970 <CSouthbridge::DisconnectIRQ(unsigned int)+0x70>
   86934:	36580281 	tbz	w1, #11, 86984 <CSouthbridge::DisconnectIRQ(unsigned int)+0x84>
   86938:	12002423 	and	w3, w1, #0x3ff
   8693c:	7100f07f 	cmp	w3, #0x3c
   86940:	540002c8 	b.hi	86998 <CSouthbridge::DisconnectIRQ(unsigned int)+0x98>  // b.pmore
   86944:	d37d2463 	ubfiz	x3, x3, #3, #10
   86948:	8b030053 	add	x19, x2, x3
   8694c:	f9400e60 	ldr	x0, [x19, #24]
   86950:	b40002e0 	cbz	x0, 869ac <CSouthbridge::DisconnectIRQ(unsigned int)+0xac>
   86954:	2a0103e0 	mov	w0, w1
   86958:	97ffffc2 	bl	86860 <CSouthbridge::DisableIRQ(unsigned int)>
   8695c:	f9000e7f 	str	xzr, [x19, #24]
   86960:	f901027f 	str	xzr, [x19, #512]
   86964:	f9400bf3 	ldr	x19, [sp, #16]
   86968:	a8c27bfd 	ldp	x29, x30, [sp], #32
   8696c:	d65f03c0 	ret
   86970:	b0000041 	adrp	x1, 8f000 <From+0x918>
   86974:	528013c2 	mov	w2, #0x9e                  	// #158
   86978:	91192021 	add	x1, x1, #0x648
   8697c:	91036020 	add	x0, x1, #0xd8
   86980:	940006c8 	bl	884a0 <assertion_failed>
   86984:	b0000041 	adrp	x1, 8f000 <From+0x918>
   86988:	52801402 	mov	w2, #0xa0                  	// #160
   8698c:	91192021 	add	x1, x1, #0x648
   86990:	91024020 	add	x0, x1, #0x90
   86994:	940006c3 	bl	884a0 <assertion_failed>
   86998:	b0000041 	adrp	x1, 8f000 <From+0x918>
   8699c:	52801462 	mov	w2, #0xa3                  	// #163
   869a0:	91192021 	add	x1, x1, #0x648
   869a4:	9102c020 	add	x0, x1, #0xb0
   869a8:	940006be 	bl	884a0 <assertion_failed>
   869ac:	b0000041 	adrp	x1, 8f000 <From+0x918>
   869b0:	52801482 	mov	w2, #0xa4                  	// #164
   869b4:	91192021 	add	x1, x1, #0x648
   869b8:	91044020 	add	x0, x1, #0x110
   869bc:	940006b9 	bl	884a0 <assertion_failed>

00000000000869c0 <CSouthbridge::InterruptHandler(void*)>:
   869c0:	d0000040 	adrp	x0, 90000 <FromPCIeHost+0x148>
   869c4:	a9bc7bfd 	stp	x29, x30, [sp, #-64]!
   869c8:	910003fd 	mov	x29, sp
   869cc:	f941dc01 	ldr	x1, [x0, #952]
   869d0:	b4000821 	cbz	x1, 86ad4 <CSouthbridge::InterruptHandler(void*)+0x114>
   869d4:	a9025bf5 	stp	x21, x22, [sp, #32]
   869d8:	910ee016 	add	x22, x0, #0x3b8
   869dc:	394022c0 	ldrb	w0, [x22, #8]
   869e0:	a90153f3 	stp	x19, x20, [sp, #16]
   869e4:	36000880 	tbz	w0, #0, 86af4 <CSouthbridge::InterruptHandler(void*)+0x134>
   869e8:	d2902195 	mov	x21, #0x810c                	// #33036
   869ec:	f2a00215 	movk	x21, #0x10, lsl #16
   869f0:	f2c003f5 	movk	x21, #0x1f, lsl #32
   869f4:	b94002b3 	ldr	w19, [x21]
   869f8:	d10012b5 	sub	x21, x21, #0x4
   869fc:	b94002a0 	ldr	w0, [x21]
   86a00:	aa138013 	orr	x19, x0, x19, lsl #32
   86a04:	f9400820 	ldr	x0, [x1, #16]
   86a08:	ea000273 	ands	x19, x19, x0
   86a0c:	540003e0 	b.eq	86a88 <CSouthbridge::InterruptHandler(void*)+0xc8>  // b.none
   86a10:	f9001bf7 	str	x23, [sp, #48]
   86a14:	911c02b5 	add	x21, x21, #0x700
   86a18:	52800014 	mov	w20, #0x0                   	// #0
   86a1c:	36000553 	tbz	w19, #0, 86ac4 <CSouthbridge::InterruptHandler(void*)+0x104>
   86a20:	f94002c0 	ldr	x0, [x22]
   86a24:	8b344c00 	add	x0, x0, w20, uxtw #3
   86a28:	2a1403f7 	mov	w23, w20
   86a2c:	f9400c01 	ldr	x1, [x0, #24]
   86a30:	b4000341 	cbz	x1, 86a98 <CSouthbridge::InterruptHandler(void*)+0xd8>
   86a34:	f9410000 	ldr	x0, [x0, #512]
   86a38:	d63f0020 	blr	x1
   86a3c:	f94002c0 	ldr	x0, [x22]
   86a40:	8b170000 	add	x0, x0, x23
   86a44:	394fa000 	ldrb	w0, [x0, #1000]
   86a48:	36000160 	tbz	w0, #0, 86a74 <CSouthbridge::InterruptHandler(void*)+0xb4>
   86a4c:	d341fe73 	lsr	x19, x19, #1
   86a50:	b40001b3 	cbz	x19, 86a84 <CSouthbridge::InterruptHandler(void*)+0xc4>
   86a54:	11000694 	add	w20, w20, #0x1
   86a58:	910012b5 	add	x21, x21, #0x4
   86a5c:	3707fe33 	tbnz	w19, #0, 86a20 <CSouthbridge::InterruptHandler(void*)+0x60>
   86a60:	d341fe73 	lsr	x19, x19, #1
   86a64:	11000694 	add	w20, w20, #0x1
   86a68:	910012b5 	add	x21, x21, #0x4
   86a6c:	3707fdb3 	tbnz	w19, #0, 86a20 <CSouthbridge::InterruptHandler(void*)+0x60>
   86a70:	14000015 	b	86ac4 <CSouthbridge::InterruptHandler(void*)+0x104>
   86a74:	52800080 	mov	w0, #0x4                   	// #4
   86a78:	b90002a0 	str	w0, [x21]
   86a7c:	d341fe73 	lsr	x19, x19, #1
   86a80:	b5fffeb3 	cbnz	x19, 86a54 <CSouthbridge::InterruptHandler(void*)+0x94>
   86a84:	f9401bf7 	ldr	x23, [sp, #48]
   86a88:	a94153f3 	ldp	x19, x20, [sp, #16]
   86a8c:	a9425bf5 	ldp	x21, x22, [sp, #32]
   86a90:	a8c47bfd 	ldp	x29, x30, [sp], #64
   86a94:	d65f03c0 	ret
   86a98:	32150280 	orr	w0, w20, #0x800
   86a9c:	97ffff71 	bl	86860 <CSouthbridge::DisableIRQ(unsigned int)>
   86aa0:	94000840 	bl	88ba0 <CLogger::Get()>
   86aa4:	b0000041 	adrp	x1, 8f000 <From+0x918>
   86aa8:	2a1403e4 	mov	w4, w20
   86aac:	91192021 	add	x1, x1, #0x648
   86ab0:	52800042 	mov	w2, #0x2                   	// #2
   86ab4:	9104c023 	add	x3, x1, #0x130
   86ab8:	9101a021 	add	x1, x1, #0x68
   86abc:	94000a19 	bl	89320 <CLogger::Write(char const*, TLogSeverity, char const*, ...)>
   86ac0:	17ffffdf 	b	86a3c <CSouthbridge::InterruptHandler(void*)+0x7c>
   86ac4:	11000694 	add	w20, w20, #0x1
   86ac8:	d341fe73 	lsr	x19, x19, #1
   86acc:	910012b5 	add	x21, x21, #0x4
   86ad0:	17ffffe3 	b	86a5c <CSouthbridge::InterruptHandler(void*)+0x9c>
   86ad4:	b0000041 	adrp	x1, 8f000 <From+0x918>
   86ad8:	52801fa2 	mov	w2, #0xfd                  	// #253
   86adc:	a90153f3 	stp	x19, x20, [sp, #16]
   86ae0:	91192021 	add	x1, x1, #0x648
   86ae4:	91034020 	add	x0, x1, #0xd0
   86ae8:	a9025bf5 	stp	x21, x22, [sp, #32]
   86aec:	f9001bf7 	str	x23, [sp, #48]
   86af0:	9400066c 	bl	884a0 <assertion_failed>
   86af4:	b0000041 	adrp	x1, 8f000 <From+0x918>
   86af8:	52801fc2 	mov	w2, #0xfe                  	// #254
   86afc:	f9001bf7 	str	x23, [sp, #48]
   86b00:	91192021 	add	x1, x1, #0x648
   86b04:	91036020 	add	x0, x1, #0xd8
   86b08:	94000666 	bl	884a0 <assertion_failed>

0000000000086b0c <CSouthbridge::Get()>:
   86b0c:	d0000040 	adrp	x0, 90000 <FromPCIeHost+0x148>
   86b10:	f941dc00 	ldr	x0, [x0, #952]
   86b14:	b4000040 	cbz	x0, 86b1c <CSouthbridge::Get()+0x10>
   86b18:	d65f03c0 	ret
   86b1c:	b0000041 	adrp	x1, 8f000 <From+0x918>
   86b20:	a9bf7bfd 	stp	x29, x30, [sp, #-16]!
   86b24:	52801a62 	mov	w2, #0xd3                  	// #211
   86b28:	91192021 	add	x1, x1, #0x648
   86b2c:	910003fd 	mov	x29, sp
   86b30:	91034020 	add	x0, x1, #0xd0
   86b34:	9400065b 	bl	884a0 <assertion_failed>
   86b38:	d503201f 	nop
   86b3c:	d503201f 	nop

0000000000086b40 <CSouthbridge::DumpStatus()>:
   86b40:	a9bb7bfd 	stp	x29, x30, [sp, #-80]!
   86b44:	d0000041 	adrp	x1, 90000 <FromPCIeHost+0x148>
   86b48:	910003fd 	mov	x29, sp
   86b4c:	a9025bf5 	stp	x21, x22, [sp, #32]
   86b50:	f941dc35 	ldr	x21, [x1, #952]
   86b54:	14000002 	b	86b5c <CSouthbridge::DumpStatus()+0x1c>
   86b58:	aa1503e0 	mov	x0, x21
   86b5c:	eb0002bf 	cmp	x21, x0
   86b60:	54ffffc1 	b.ne	86b58 <CSouthbridge::DumpStatus()+0x18>  // b.any
   86b64:	910ee021 	add	x1, x1, #0x3b8
   86b68:	39402020 	ldrb	w0, [x1, #8]
   86b6c:	360005a0 	tbz	w0, #0, 86c20 <CSouthbridge::DumpStatus()+0xe0>
   86b70:	a90153f3 	stp	x19, x20, [sp, #16]
   86b74:	a90363f7 	stp	x23, x24, [sp, #48]
   86b78:	a9046bf9 	stp	x25, x26, [sp, #64]
   86b7c:	f94006a0 	ldr	x0, [x21, #8]
   86b80:	b4000620 	cbz	x0, 86c44 <CSouthbridge::DumpStatus()+0x104>
   86b84:	52800002 	mov	w2, #0x0                   	// #0
   86b88:	52800001 	mov	w1, #0x0                   	// #0
   86b8c:	94001616 	bl	8c3e4 <CBcmPCIeHostBridge::DumpStatus(unsigned int, unsigned int)>
   86b90:	b0000056 	adrp	x22, 8f000 <From+0x918>
   86b94:	910062b4 	add	x20, x21, #0x18
   86b98:	94000802 	bl	88ba0 <CLogger::Get()>
   86b9c:	911922d6 	add	x22, x22, #0x648
   86ba0:	52800082 	mov	w2, #0x4                   	// #4
   86ba4:	9105a2c3 	add	x3, x22, #0x168
   86ba8:	9101a2c1 	add	x1, x22, #0x68
   86bac:	910802b9 	add	x25, x21, #0x200
   86bb0:	d2800013 	mov	x19, #0x0                   	// #0
   86bb4:	910fa2b5 	add	x21, x21, #0x3e8
   86bb8:	52800d9a 	mov	w26, #0x6c                  	// #108
   86bbc:	52800cb8 	mov	w24, #0x65                  	// #101
   86bc0:	910622d7 	add	x23, x22, #0x188
   86bc4:	940009d7 	bl	89320 <CLogger::Write(char const*, TLogSeverity, char const*, ...)>
   86bc8:	f8737a80 	ldr	x0, [x20, x19, lsl #3]
   86bcc:	b4000180 	cbz	x0, 86bfc <CSouthbridge::DumpStatus()+0xbc>
   86bd0:	940007f4 	bl	88ba0 <CLogger::Get()>
   86bd4:	38736aa1 	ldrb	w1, [x21, x19]
   86bd8:	2a1303e4 	mov	w4, w19
   86bdc:	aa1703e3 	mov	x3, x23
   86be0:	52800082 	mov	w2, #0x4                   	// #4
   86be4:	f8737b26 	ldr	x6, [x25, x19, lsl #3]
   86be8:	f8737a85 	ldr	x5, [x20, x19, lsl #3]
   86bec:	f240003f 	tst	x1, #0x1
   86bf0:	9101a2c1 	add	x1, x22, #0x68
   86bf4:	1a980347 	csel	w7, w26, w24, eq	// eq = none
   86bf8:	940009ca 	bl	89320 <CLogger::Write(char const*, TLogSeverity, char const*, ...)>
   86bfc:	91000673 	add	x19, x19, #0x1
   86c00:	f100f67f 	cmp	x19, #0x3d
   86c04:	54fffe21 	b.ne	86bc8 <CSouthbridge::DumpStatus()+0x88>  // b.any
   86c08:	a94153f3 	ldp	x19, x20, [sp, #16]
   86c0c:	a94363f7 	ldp	x23, x24, [sp, #48]
   86c10:	a9446bf9 	ldp	x25, x26, [sp, #64]
   86c14:	a9425bf5 	ldp	x21, x22, [sp, #32]
   86c18:	a8c57bfd 	ldp	x29, x30, [sp], #80
   86c1c:	d65f03c0 	ret
   86c20:	940007e0 	bl	88ba0 <CLogger::Get()>
   86c24:	b0000041 	adrp	x1, 8f000 <From+0x918>
   86c28:	a9425bf5 	ldp	x21, x22, [sp, #32]
   86c2c:	52800082 	mov	w2, #0x4                   	// #4
   86c30:	91192021 	add	x1, x1, #0x648
   86c34:	91052023 	add	x3, x1, #0x148
   86c38:	9101a021 	add	x1, x1, #0x68
   86c3c:	a8c57bfd 	ldp	x29, x30, [sp], #80
   86c40:	140009b8 	b	89320 <CLogger::Write(char const*, TLogSeverity, char const*, ...)>
   86c44:	b0000041 	adrp	x1, 8f000 <From+0x918>
   86c48:	52801d22 	mov	w2, #0xe9                  	// #233
   86c4c:	91192021 	add	x1, x1, #0x648
   86c50:	9100e020 	add	x0, x1, #0x38
   86c54:	94000613 	bl	884a0 <assertion_failed>
	...

0000000000086c60 <CGPIOPin::CGPIOPin()>:
   86c60:	d28006c1 	mov	x1, #0x36                  	// #54
   86c64:	d2800402 	mov	x2, #0x20                  	// #32
   86c68:	a9017c1f 	stp	xzr, xzr, [x0, #16]
   86c6c:	f2c00061 	movk	x1, #0x3, lsl #32
   86c70:	f2c001c2 	movk	x2, #0xe, lsl #32
   86c74:	a9000801 	stp	x1, x2, [x0]
   86c78:	d2800102 	mov	x2, #0x8                   	// #8
   86c7c:	d2c00101 	mov	x1, #0x800000000           	// #34359738368
   86c80:	f2c00022 	movk	x2, #0x1, lsl #32
   86c84:	a9028801 	stp	x1, x2, [x0, #40]
   86c88:	d65f03c0 	ret

0000000000086c8c <CGPIOPin::~CGPIOPin()>:
   86c8c:	d65f03c0 	ret

0000000000086c90 <CGPIOPin::AssignPin(unsigned int)>:
   86c90:	a9be7bfd 	stp	x29, x30, [sp, #-32]!
   86c94:	aa0003e2 	mov	x2, x0
   86c98:	910003fd 	mov	x29, sp
   86c9c:	b9400000 	ldr	w0, [x0]
   86ca0:	7100d81f 	cmp	w0, #0x36
   86ca4:	54000561 	b.ne	86d50 <CGPIOPin::AssignPin(unsigned int)+0xc0>  // b.any
   86ca8:	b9400440 	ldr	w0, [x2, #4]
   86cac:	71000c1f 	cmp	w0, #0x3
   86cb0:	540005a1 	b.ne	86d64 <CGPIOPin::AssignPin(unsigned int)+0xd4>  // b.any
   86cb4:	b9400840 	ldr	w0, [x2, #8]
   86cb8:	7100801f 	cmp	w0, #0x20
   86cbc:	540005e1 	b.ne	86d78 <CGPIOPin::AssignPin(unsigned int)+0xe8>  // b.any
   86cc0:	b9000041 	str	w1, [x2]
   86cc4:	7100d43f 	cmp	w1, #0x35
   86cc8:	540001c8 	b.hi	86d00 <CGPIOPin::AssignPin(unsigned int)+0x70>  // b.pmore
   86ccc:	52800000 	mov	w0, #0x0                   	// #0
   86cd0:	71006c3f 	cmp	w1, #0x1b
   86cd4:	54000088 	b.hi	86ce4 <CGPIOPin::AssignPin(unsigned int)+0x54>  // b.pmore
   86cd8:	29008440 	stp	w0, w1, [x2, #4]
   86cdc:	a8c27bfd 	ldp	x29, x30, [sp], #32
   86ce0:	d65f03c0 	ret
   86ce4:	7100843f 	cmp	w1, #0x21
   86ce8:	540002a8 	b.hi	86d3c <CGPIOPin::AssignPin(unsigned int)+0xac>  // b.pmore
   86cec:	51007021 	sub	w1, w1, #0x1c
   86cf0:	52800020 	mov	w0, #0x1                   	// #1
   86cf4:	29008440 	stp	w0, w1, [x2, #4]
   86cf8:	a8c27bfd 	ldp	x29, x30, [sp], #32
   86cfc:	d65f03c0 	ret
   86d00:	f9000be2 	str	x2, [sp, #16]
   86d04:	b9001fe1 	str	w1, [sp, #28]
   86d08:	97ffebb9 	bl	81bec <CMachineInfo::Get()>
   86d0c:	b9401fe1 	ldr	w1, [sp, #28]
   86d10:	97ffe7f5 	bl	80ce4 <CMachineInfo::GetGPIOPin(TGPIOVirtualPin) const>
   86d14:	f9400be2 	ldr	x2, [sp, #16]
   86d18:	2a0003e1 	mov	w1, w0
   86d1c:	b9000040 	str	w0, [x2]
   86d20:	7100d41f 	cmp	w0, #0x35
   86d24:	54fffd49 	b.ls	86ccc <CGPIOPin::AssignPin(unsigned int)+0x3c>  // b.plast
   86d28:	b0000041 	adrp	x1, 8f000 <From+0x918>
   86d2c:	528015e2 	mov	w2, #0xaf                  	// #175
   86d30:	911fa021 	add	x1, x1, #0x7e8
   86d34:	91018020 	add	x0, x1, #0x60
   86d38:	940005da 	bl	884a0 <assertion_failed>
   86d3c:	51008821 	sub	w1, w1, #0x22
   86d40:	52800040 	mov	w0, #0x2                   	// #2
   86d44:	29008440 	stp	w0, w1, [x2, #4]
   86d48:	a8c27bfd 	ldp	x29, x30, [sp], #32
   86d4c:	d65f03c0 	ret
   86d50:	b0000041 	adrp	x1, 8f000 <From+0x918>
   86d54:	52801482 	mov	w2, #0xa4                  	// #164
   86d58:	911fa021 	add	x1, x1, #0x7e8
   86d5c:	91004020 	add	x0, x1, #0x10
   86d60:	940005d0 	bl	884a0 <assertion_failed>
   86d64:	b0000041 	adrp	x1, 8f000 <From+0x918>
   86d68:	528014a2 	mov	w2, #0xa5                  	// #165
   86d6c:	911fa021 	add	x1, x1, #0x7e8
   86d70:	9100a020 	add	x0, x1, #0x28
   86d74:	940005cb 	bl	884a0 <assertion_failed>
   86d78:	b0000041 	adrp	x1, 8f000 <From+0x918>
   86d7c:	528014c2 	mov	w2, #0xa6                  	// #166
   86d80:	911fa021 	add	x1, x1, #0x7e8
   86d84:	91010020 	add	x0, x1, #0x40
   86d88:	940005c6 	bl	884a0 <assertion_failed>

0000000000086d8c <CGPIOPin::SetPullMode(TGPIOPullMode)>:
   86d8c:	a9bf7bfd 	stp	x29, x30, [sp, #-16]!
   86d90:	910003fd 	mov	x29, sp
   86d94:	b9400402 	ldr	w2, [x0, #4]
   86d98:	7100085f 	cmp	w2, #0x2
   86d9c:	54000468 	b.hi	86e28 <CGPIOPin::SetPullMode(TGPIOPullMode)+0x9c>  // b.pmore
   86da0:	b9400803 	ldr	w3, [x0, #8]
   86da4:	71007c7f 	cmp	w3, #0x1f
   86da8:	540004a8 	b.hi	86e3c <CGPIOPin::SetPullMode(TGPIOPullMode)+0xb0>  // b.pmore
   86dac:	d0000040 	adrp	x0, 90000 <FromPCIeHost+0x148>
   86db0:	394f0000 	ldrb	w0, [x0, #960]
   86db4:	360004e0 	tbz	w0, #0, 86e50 <CGPIOPin::SetPullMode(TGPIOPullMode)+0xc4>
   86db8:	531e7464 	lsl	w4, w3, #2
   86dbc:	53124440 	lsl	w0, w2, #14
   86dc0:	8b040000 	add	x0, x0, x4
   86dc4:	d2800084 	mov	x4, #0x4                   	// #4
   86dc8:	f2a001e4 	movk	x4, #0xf, lsl #16
   86dcc:	f2c003e4 	movk	x4, #0x1f, lsl #32
   86dd0:	8b040000 	add	x0, x0, x4
   86dd4:	b9400000 	ldr	w0, [x0]
   86dd8:	121c7400 	and	w0, w0, #0xfffffff3
   86ddc:	7100043f 	cmp	w1, #0x1
   86de0:	540001c0 	b.eq	86e18 <CGPIOPin::SetPullMode(TGPIOPullMode)+0x8c>  // b.none
   86de4:	7100083f 	cmp	w1, #0x2
   86de8:	540001c0 	b.eq	86e20 <CGPIOPin::SetPullMode(TGPIOPullMode)+0x94>  // b.none
   86dec:	350003c1 	cbnz	w1, 86e64 <CGPIOPin::SetPullMode(TGPIOPullMode)+0xd8>
   86df0:	d2800081 	mov	x1, #0x4                   	// #4
   86df4:	531e7463 	lsl	w3, w3, #2
   86df8:	53124442 	lsl	w2, w2, #14
   86dfc:	f2a001e1 	movk	x1, #0xf, lsl #16
   86e00:	8b030042 	add	x2, x2, x3
   86e04:	f2c003e1 	movk	x1, #0x1f, lsl #32
   86e08:	8b010042 	add	x2, x2, x1
   86e0c:	b9000040 	str	w0, [x2]
   86e10:	a8c17bfd 	ldp	x29, x30, [sp], #16
   86e14:	d65f03c0 	ret
   86e18:	321e0000 	orr	w0, w0, #0x4
   86e1c:	17fffff5 	b	86df0 <CGPIOPin::SetPullMode(TGPIOPullMode)+0x64>
   86e20:	321d0000 	orr	w0, w0, #0x8
   86e24:	17fffff3 	b	86df0 <CGPIOPin::SetPullMode(TGPIOPullMode)+0x64>
   86e28:	b0000041 	adrp	x1, 8f000 <From+0x918>
   86e2c:	52802222 	mov	w2, #0x111                 	// #273
   86e30:	911fa021 	add	x1, x1, #0x7e8
   86e34:	9101e020 	add	x0, x1, #0x78
   86e38:	9400059a 	bl	884a0 <assertion_failed>
   86e3c:	b0000041 	adrp	x1, 8f000 <From+0x918>
   86e40:	52802242 	mov	w2, #0x112                 	// #274
   86e44:	911fa021 	add	x1, x1, #0x7e8
   86e48:	91024020 	add	x0, x1, #0x90
   86e4c:	94000595 	bl	884a0 <assertion_failed>
   86e50:	b0000041 	adrp	x1, 8f000 <From+0x918>
   86e54:	52802262 	mov	w2, #0x113                 	// #275
   86e58:	911fa021 	add	x1, x1, #0x7e8
   86e5c:	9102c020 	add	x0, x1, #0xb0
   86e60:	94000590 	bl	884a0 <assertion_failed>
   86e64:	b0000041 	adrp	x1, 8f000 <From+0x918>
   86e68:	528024c2 	mov	w2, #0x126                 	// #294
   86e6c:	911fa021 	add	x1, x1, #0x7e8
   86e70:	91034020 	add	x0, x1, #0xd0
   86e74:	9400058b 	bl	884a0 <assertion_failed>
   86e78:	d503201f 	nop
   86e7c:	d503201f 	nop

0000000000086e80 <CGPIOPin::SetSchmittTrigger(bool)>:
   86e80:	a9bf7bfd 	stp	x29, x30, [sp, #-16]!
   86e84:	910003fd 	mov	x29, sp
   86e88:	b9400402 	ldr	w2, [x0, #4]
   86e8c:	7100085f 	cmp	w2, #0x2
   86e90:	54000288 	b.hi	86ee0 <CGPIOPin::SetSchmittTrigger(bool)+0x60>  // b.pmore
   86e94:	b9400800 	ldr	w0, [x0, #8]
   86e98:	71007c1f 	cmp	w0, #0x1f
   86e9c:	540002c8 	b.hi	86ef4 <CGPIOPin::SetSchmittTrigger(bool)+0x74>  // b.pmore
   86ea0:	531e7400 	lsl	w0, w0, #2
   86ea4:	53124442 	lsl	w2, w2, #14
   86ea8:	8b000042 	add	x2, x2, x0
   86eac:	d2800080 	mov	x0, #0x4                   	// #4
   86eb0:	f2a001e0 	movk	x0, #0xf, lsl #16
   86eb4:	12001c21 	and	w1, w1, #0xff
   86eb8:	f2c003e0 	movk	x0, #0x1f, lsl #32
   86ebc:	8b000042 	add	x2, x2, x0
   86ec0:	b9400040 	ldr	w0, [x2]
   86ec4:	321f0003 	orr	w3, w0, #0x2
   86ec8:	f240003f 	tst	x1, #0x1
   86ecc:	121e7800 	and	w0, w0, #0xfffffffd
   86ed0:	1a830000 	csel	w0, w0, w3, eq	// eq = none
   86ed4:	b9000040 	str	w0, [x2]
   86ed8:	a8c17bfd 	ldp	x29, x30, [sp], #16
   86edc:	d65f03c0 	ret
   86ee0:	b0000041 	adrp	x1, 8f000 <From+0x918>
   86ee4:	528025e2 	mov	w2, #0x12f                 	// #303
   86ee8:	911fa021 	add	x1, x1, #0x7e8
   86eec:	9101e020 	add	x0, x1, #0x78
   86ef0:	9400056c 	bl	884a0 <assertion_failed>
   86ef4:	b0000041 	adrp	x1, 8f000 <From+0x918>
   86ef8:	52802602 	mov	w2, #0x130                 	// #304
   86efc:	911fa021 	add	x1, x1, #0x7e8
   86f00:	91024020 	add	x0, x1, #0x90
   86f04:	94000567 	bl	884a0 <assertion_failed>

0000000000086f08 <CGPIOPin::SetFilterConstant(unsigned int)>:
   86f08:	a9bf7bfd 	stp	x29, x30, [sp, #-16]!
   86f0c:	910003fd 	mov	x29, sp
   86f10:	b9400402 	ldr	w2, [x0, #4]
   86f14:	7100085f 	cmp	w2, #0x2
   86f18:	54000268 	b.hi	86f64 <CGPIOPin::SetFilterConstant(unsigned int)+0x5c>  // b.pmore
   86f1c:	b9400800 	ldr	w0, [x0, #8]
   86f20:	71007c1f 	cmp	w0, #0x1f
   86f24:	540002a8 	b.hi	86f78 <CGPIOPin::SetFilterConstant(unsigned int)+0x70>  // b.pmore
   86f28:	7101fc3f 	cmp	w1, #0x7f
   86f2c:	54000308 	b.hi	86f8c <CGPIOPin::SetFilterConstant(unsigned int)+0x84>  // b.pmore
   86f30:	531d7000 	lsl	w0, w0, #3
   86f34:	53124442 	lsl	w2, w2, #14
   86f38:	8b000042 	add	x2, x2, x0
   86f3c:	d2800080 	mov	x0, #0x4                   	// #4
   86f40:	f2a001a0 	movk	x0, #0xd, lsl #16
   86f44:	f2c003e0 	movk	x0, #0x1f, lsl #32
   86f48:	8b000042 	add	x2, x2, x0
   86f4c:	b9400040 	ldr	w0, [x2]
   86f50:	12146000 	and	w0, w0, #0xfffff01f
   86f54:	2a011401 	orr	w1, w0, w1, lsl #5
   86f58:	b9000041 	str	w1, [x2]
   86f5c:	a8c17bfd 	ldp	x29, x30, [sp], #16
   86f60:	d65f03c0 	ret
   86f64:	b0000041 	adrp	x1, 8f000 <From+0x918>
   86f68:	52802862 	mov	w2, #0x143                 	// #323
   86f6c:	911fa021 	add	x1, x1, #0x7e8
   86f70:	9101e020 	add	x0, x1, #0x78
   86f74:	9400054b 	bl	884a0 <assertion_failed>
   86f78:	b0000041 	adrp	x1, 8f000 <From+0x918>
   86f7c:	52802882 	mov	w2, #0x144                 	// #324
   86f80:	911fa021 	add	x1, x1, #0x7e8
   86f84:	91024020 	add	x0, x1, #0x90
   86f88:	94000546 	bl	884a0 <assertion_failed>
   86f8c:	b0000041 	adrp	x1, 8f000 <From+0x918>
   86f90:	528028a2 	mov	w2, #0x145                 	// #325
   86f94:	911fa021 	add	x1, x1, #0x7e8
   86f98:	91036020 	add	x0, x1, #0xd8
   86f9c:	94000541 	bl	884a0 <assertion_failed>

0000000000086fa0 <CGPIOPin::SetDriveStrength(TGPIODriveStrength)>:
   86fa0:	a9bf7bfd 	stp	x29, x30, [sp, #-16]!
   86fa4:	910003fd 	mov	x29, sp
   86fa8:	b9400402 	ldr	w2, [x0, #4]
   86fac:	7100085f 	cmp	w2, #0x2
   86fb0:	54000268 	b.hi	86ffc <CGPIOPin::SetDriveStrength(TGPIODriveStrength)+0x5c>  // b.pmore
   86fb4:	b9400800 	ldr	w0, [x0, #8]
   86fb8:	71007c1f 	cmp	w0, #0x1f
   86fbc:	540002a8 	b.hi	87010 <CGPIOPin::SetDriveStrength(TGPIODriveStrength)+0x70>  // b.pmore
   86fc0:	71000c3f 	cmp	w1, #0x3
   86fc4:	5400030c 	b.gt	87024 <CGPIOPin::SetDriveStrength(TGPIODriveStrength)+0x84>
   86fc8:	531e7400 	lsl	w0, w0, #2
   86fcc:	53124442 	lsl	w2, w2, #14
   86fd0:	8b000042 	add	x2, x2, x0
   86fd4:	d2800080 	mov	x0, #0x4                   	// #4
   86fd8:	f2a001e0 	movk	x0, #0xf, lsl #16
   86fdc:	f2c003e0 	movk	x0, #0x1f, lsl #32
   86fe0:	8b000042 	add	x2, x2, x0
   86fe4:	b9400040 	ldr	w0, [x2]
   86fe8:	121a7400 	and	w0, w0, #0xffffffcf
   86fec:	2a011001 	orr	w1, w0, w1, lsl #4
   86ff0:	b9000041 	str	w1, [x2]
   86ff4:	a8c17bfd 	ldp	x29, x30, [sp], #16
   86ff8:	d65f03c0 	ret
   86ffc:	b0000041 	adrp	x1, 8f000 <From+0x918>
   87000:	52802a42 	mov	w2, #0x152                 	// #338
   87004:	911fa021 	add	x1, x1, #0x7e8
   87008:	9101e020 	add	x0, x1, #0x78
   8700c:	94000525 	bl	884a0 <assertion_failed>
   87010:	90000041 	adrp	x1, 8f000 <From+0x918>
   87014:	52802a62 	mov	w2, #0x153                 	// #339
   87018:	911fa021 	add	x1, x1, #0x7e8
   8701c:	91024020 	add	x0, x1, #0x90
   87020:	94000520 	bl	884a0 <assertion_failed>
   87024:	90000041 	adrp	x1, 8f000 <From+0x918>
   87028:	52802a82 	mov	w2, #0x154                 	// #340
   8702c:	911fa021 	add	x1, x1, #0x7e8
   87030:	91040020 	add	x0, x1, #0x100
   87034:	9400051b 	bl	884a0 <assertion_failed>
   87038:	d503201f 	nop
   8703c:	d503201f 	nop

0000000000087040 <CGPIOPin::SetSlewRate(TGPIOSlewRate)>:
   87040:	a9bf7bfd 	stp	x29, x30, [sp, #-16]!
   87044:	910003fd 	mov	x29, sp
   87048:	b9400402 	ldr	w2, [x0, #4]
   8704c:	7100085f 	cmp	w2, #0x2
   87050:	540002a8 	b.hi	870a4 <CGPIOPin::SetSlewRate(TGPIOSlewRate)+0x64>  // b.pmore
   87054:	b9400800 	ldr	w0, [x0, #8]
   87058:	71007c1f 	cmp	w0, #0x1f
   8705c:	540002e8 	b.hi	870b8 <CGPIOPin::SetSlewRate(TGPIOSlewRate)+0x78>  // b.pmore
   87060:	7100043f 	cmp	w1, #0x1
   87064:	5400034c 	b.gt	870cc <CGPIOPin::SetSlewRate(TGPIOSlewRate)+0x8c>
   87068:	531e7400 	lsl	w0, w0, #2
   8706c:	53124442 	lsl	w2, w2, #14
   87070:	8b000042 	add	x2, x2, x0
   87074:	d2800080 	mov	x0, #0x4                   	// #4
   87078:	f2a001e0 	movk	x0, #0xf, lsl #16
   8707c:	f2c003e0 	movk	x0, #0x1f, lsl #32
   87080:	8b000042 	add	x2, x2, x0
   87084:	b9400040 	ldr	w0, [x2]
   87088:	121f7803 	and	w3, w0, #0xfffffffe
   8708c:	7100003f 	cmp	w1, #0x0
   87090:	32000000 	orr	w0, w0, #0x1
   87094:	1a831000 	csel	w0, w0, w3, ne	// ne = any
   87098:	b9000040 	str	w0, [x2]
   8709c:	a8c17bfd 	ldp	x29, x30, [sp], #16
   870a0:	d65f03c0 	ret
   870a4:	90000041 	adrp	x1, 8f000 <From+0x918>
   870a8:	52802c22 	mov	w2, #0x161                 	// #353
   870ac:	911fa021 	add	x1, x1, #0x7e8
   870b0:	9101e020 	add	x0, x1, #0x78
   870b4:	940004fb 	bl	884a0 <assertion_failed>
   870b8:	90000041 	adrp	x1, 8f000 <From+0x918>
   870bc:	52802c42 	mov	w2, #0x162                 	// #354
   870c0:	911fa021 	add	x1, x1, #0x7e8
   870c4:	91024020 	add	x0, x1, #0x90
   870c8:	940004f6 	bl	884a0 <assertion_failed>
   870cc:	90000041 	adrp	x1, 8f000 <From+0x918>
   870d0:	52802c62 	mov	w2, #0x163                 	// #355
   870d4:	911fa021 	add	x1, x1, #0x7e8
   870d8:	9104c020 	add	x0, x1, #0x130
   870dc:	940004f1 	bl	884a0 <assertion_failed>

00000000000870e0 <CGPIOPin::Write(unsigned int)>:
   870e0:	a9bf7bfd 	stp	x29, x30, [sp, #-16]!
   870e4:	910003fd 	mov	x29, sp
   870e8:	b9400402 	ldr	w2, [x0, #4]
   870ec:	7100085f 	cmp	w2, #0x2
   870f0:	540002a8 	b.hi	87144 <CGPIOPin::Write(unsigned int)+0x64>  // b.pmore
   870f4:	b9400803 	ldr	w3, [x0, #8]
   870f8:	71007c7f 	cmp	w3, #0x1f
   870fc:	540002e8 	b.hi	87158 <CGPIOPin::Write(unsigned int)+0x78>  // b.pmore
   87100:	7100043f 	cmp	w1, #0x1
   87104:	54000348 	b.hi	8716c <CGPIOPin::Write(unsigned int)+0x8c>  // b.pmore
   87108:	7100003f 	cmp	w1, #0x0
   8710c:	53124442 	lsl	w2, w2, #14
   87110:	d2840001 	mov	x1, #0x2000                	// #8192
   87114:	d2860000 	mov	x0, #0x3000                	// #12288
   87118:	9a810000 	csel	x0, x0, x1, eq	// eq = none
   8711c:	8b000042 	add	x2, x2, x0
   87120:	d2a001c0 	mov	x0, #0xe0000               	// #917504
   87124:	f2c003e0 	movk	x0, #0x1f, lsl #32
   87128:	8b000042 	add	x2, x2, x0
   8712c:	d2800020 	mov	x0, #0x1                   	// #1
   87130:	9ac32000 	lsl	x0, x0, x3
   87134:	b9000040 	str	w0, [x2]
   87138:	d5033f9f 	dsb	sy
   8713c:	a8c17bfd 	ldp	x29, x30, [sp], #16
   87140:	d65f03c0 	ret
   87144:	90000041 	adrp	x1, 8f000 <From+0x918>
   87148:	52802ec2 	mov	w2, #0x176                 	// #374
   8714c:	911fa021 	add	x1, x1, #0x7e8
   87150:	9101e020 	add	x0, x1, #0x78
   87154:	940004d3 	bl	884a0 <assertion_failed>
   87158:	90000041 	adrp	x1, 8f000 <From+0x918>
   8715c:	52802ee2 	mov	w2, #0x177                 	// #375
   87160:	911fa021 	add	x1, x1, #0x7e8
   87164:	91024020 	add	x0, x1, #0x90
   87168:	940004ce 	bl	884a0 <assertion_failed>
   8716c:	90000041 	adrp	x1, 8f000 <From+0x918>
   87170:	52802f02 	mov	w2, #0x178                 	// #376
   87174:	911fa021 	add	x1, x1, #0x7e8
   87178:	91054020 	add	x0, x1, #0x150
   8717c:	940004c9 	bl	884a0 <assertion_failed>

0000000000087180 <CGPIOPin::Read() const>:
   87180:	a9bf7bfd 	stp	x29, x30, [sp, #-16]!
   87184:	910003fd 	mov	x29, sp
   87188:	b9400401 	ldr	w1, [x0, #4]
   8718c:	7100083f 	cmp	w1, #0x2
   87190:	54000268 	b.hi	871dc <CGPIOPin::Read() const+0x5c>  // b.pmore
   87194:	b9400802 	ldr	w2, [x0, #8]
   87198:	71007c5f 	cmp	w2, #0x1f
   8719c:	540002a8 	b.hi	871f0 <CGPIOPin::Read() const+0x70>  // b.pmore
   871a0:	b9400c00 	ldr	w0, [x0, #12]
   871a4:	51000c03 	sub	w3, w0, #0x3
   871a8:	7100047f 	cmp	w3, #0x1
   871ac:	7a418804 	ccmp	w0, #0x1, #0x4, hi	// hi = pmore
   871b0:	540002a1 	b.ne	87204 <CGPIOPin::Read() const+0x84>  // b.any
   871b4:	d2800100 	mov	x0, #0x8                   	// #8
   871b8:	53124421 	lsl	w1, w1, #14
   871bc:	f2a001c0 	movk	x0, #0xe, lsl #16
   871c0:	f2c003e0 	movk	x0, #0x1f, lsl #32
   871c4:	8b000021 	add	x1, x1, x0
   871c8:	b9400020 	ldr	w0, [x1]
   871cc:	9ac22400 	lsr	x0, x0, x2
   871d0:	a8c17bfd 	ldp	x29, x30, [sp], #16
   871d4:	12000000 	and	w0, w0, #0x1
   871d8:	d65f03c0 	ret
   871dc:	90000041 	adrp	x1, 8f000 <From+0x918>
   871e0:	52803022 	mov	w2, #0x181                 	// #385
   871e4:	911fa021 	add	x1, x1, #0x7e8
   871e8:	9101e020 	add	x0, x1, #0x78
   871ec:	940004ad 	bl	884a0 <assertion_failed>
   871f0:	90000041 	adrp	x1, 8f000 <From+0x918>
   871f4:	52803042 	mov	w2, #0x182                 	// #386
   871f8:	911fa021 	add	x1, x1, #0x7e8
   871fc:	91024020 	add	x0, x1, #0x90
   87200:	940004a8 	bl	884a0 <assertion_failed>
   87204:	90000041 	adrp	x1, 8f000 <From+0x918>
   87208:	52803062 	mov	w2, #0x183                 	// #387
   8720c:	911fa021 	add	x1, x1, #0x7e8
   87210:	91058020 	add	x0, x1, #0x160
   87214:	940004a3 	bl	884a0 <assertion_failed>
   87218:	d503201f 	nop
   8721c:	d503201f 	nop

0000000000087220 <CGPIOPin::Invert()>:
   87220:	a9bf7bfd 	stp	x29, x30, [sp, #-16]!
   87224:	910003fd 	mov	x29, sp
   87228:	b9400401 	ldr	w1, [x0, #4]
   8722c:	7100083f 	cmp	w1, #0x2
   87230:	540001e8 	b.hi	8726c <CGPIOPin::Invert()+0x4c>  // b.pmore
   87234:	b9400802 	ldr	w2, [x0, #8]
   87238:	71007c5f 	cmp	w2, #0x1f
   8723c:	54000228 	b.hi	87280 <CGPIOPin::Invert()+0x60>  // b.pmore
   87240:	d2800020 	mov	x0, #0x1                   	// #1
   87244:	53124421 	lsl	w1, w1, #14
   87248:	9ac22000 	lsl	x0, x0, x2
   8724c:	d2820002 	mov	x2, #0x1000                	// #4096
   87250:	f2a001c2 	movk	x2, #0xe, lsl #16
   87254:	f2c003e2 	movk	x2, #0x1f, lsl #32
   87258:	8b020021 	add	x1, x1, x2
   8725c:	b9000020 	str	w0, [x1]
   87260:	d5033f9f 	dsb	sy
   87264:	a8c17bfd 	ldp	x29, x30, [sp], #16
   87268:	d65f03c0 	ret
   8726c:	90000041 	adrp	x1, 8f000 <From+0x918>
   87270:	52803182 	mov	w2, #0x18c                 	// #396
   87274:	911fa021 	add	x1, x1, #0x7e8
   87278:	9101e020 	add	x0, x1, #0x78
   8727c:	94000489 	bl	884a0 <assertion_failed>
   87280:	90000041 	adrp	x1, 8f000 <From+0x918>
   87284:	528031a2 	mov	w2, #0x18d                 	// #397
   87288:	911fa021 	add	x1, x1, #0x7e8
   8728c:	91024020 	add	x0, x1, #0x90
   87290:	94000484 	bl	884a0 <assertion_failed>
   87294:	d503201f 	nop
   87298:	d503201f 	nop
   8729c:	d503201f 	nop

00000000000872a0 <CGPIOPin::ConnectInterrupt(void (*)(void*), void*, bool)>:
   872a0:	a9be7bfd 	stp	x29, x30, [sp, #-32]!
   872a4:	910003fd 	mov	x29, sp
   872a8:	f9000bf3 	str	x19, [sp, #16]
   872ac:	aa0003f3 	mov	x19, x0
   872b0:	b9400c00 	ldr	w0, [x0, #12]
   872b4:	51000c04 	sub	w4, w0, #0x3
   872b8:	7100049f 	cmp	w4, #0x1
   872bc:	7a418804 	ccmp	w0, #0x1, #0x4, hi	// hi = pmore
   872c0:	54000a41 	b.ne	87408 <CGPIOPin::ConnectInterrupt(void (*)(void*), void*, bool)+0x168>  // b.any
   872c4:	b9402e60 	ldr	w0, [x19, #44]
   872c8:	7100201f 	cmp	w0, #0x8
   872cc:	54000621 	b.ne	87390 <CGPIOPin::ConnectInterrupt(void (*)(void*), void*, bool)+0xf0>  // b.any
   872d0:	b9403260 	ldr	w0, [x19, #48]
   872d4:	7100201f 	cmp	w0, #0x8
   872d8:	54000661 	b.ne	873a4 <CGPIOPin::ConnectInterrupt(void (*)(void*), void*, bool)+0x104>  // b.any
   872dc:	b40006e1 	cbz	x1, 873b8 <CGPIOPin::ConnectInterrupt(void (*)(void*), void*, bool)+0x118>
   872e0:	f9400e60 	ldr	x0, [x19, #24]
   872e4:	b5000740 	cbnz	x0, 873cc <CGPIOPin::ConnectInterrupt(void (*)(void*), void*, bool)+0x12c>
   872e8:	f9400a60 	ldr	x0, [x19, #16]
   872ec:	a9018a61 	stp	x1, x2, [x19, #24]
   872f0:	3900a263 	strb	w3, [x19, #40]
   872f4:	b4000760 	cbz	x0, 873e0 <CGPIOPin::ConnectInterrupt(void (*)(void*), void*, bool)+0x140>
   872f8:	aa1303e1 	mov	x1, x19
   872fc:	94001992 	bl	8d944 <CGPIOManager::ConnectInterrupt(CGPIOPin*)>
   87300:	b9400661 	ldr	w1, [x19, #4]
   87304:	7100083f 	cmp	w1, #0x2
   87308:	54000768 	b.hi	873f4 <CGPIOPin::ConnectInterrupt(void (*)(void*), void*, bool)+0x154>  // b.pmore
   8730c:	b9400a63 	ldr	w3, [x19, #8]
   87310:	71007c7f 	cmp	w3, #0x1f
   87314:	54000268 	b.hi	87360 <CGPIOPin::ConnectInterrupt(void (*)(void*), void*, bool)+0xc0>  // b.pmore
   87318:	b0000044 	adrp	x4, 90000 <FromPCIeHost+0x148>
   8731c:	b943c880 	ldr	w0, [x4, #968]
   87320:	35000300 	cbnz	w0, 87380 <CGPIOPin::ConnectInterrupt(void (*)(void*), void*, bool)+0xe0>
   87324:	d2802380 	mov	x0, #0x11c                 	// #284
   87328:	53124421 	lsl	w1, w1, #14
   8732c:	f2a001a0 	movk	x0, #0xd, lsl #16
   87330:	f2c003e0 	movk	x0, #0x1f, lsl #32
   87334:	8b000021 	add	x1, x1, x0
   87338:	b9400020 	ldr	w0, [x1]
   8733c:	d2800022 	mov	x2, #0x1                   	// #1
   87340:	9ac32042 	lsl	x2, x2, x3
   87344:	2a020000 	orr	w0, w0, w2
   87348:	b9000020 	str	w0, [x1]
   8734c:	b943c880 	ldr	w0, [x4, #968]
   87350:	35000120 	cbnz	w0, 87374 <CGPIOPin::ConnectInterrupt(void (*)(void*), void*, bool)+0xd4>
   87354:	f9400bf3 	ldr	x19, [sp, #16]
   87358:	a8c27bfd 	ldp	x29, x30, [sp], #32
   8735c:	d65f03c0 	ret
   87360:	90000041 	adrp	x1, 8f000 <From+0x918>
   87364:	52803522 	mov	w2, #0x1a9                 	// #425
   87368:	911fa021 	add	x1, x1, #0x7e8
   8736c:	91024020 	add	x0, x1, #0x90
   87370:	9400044c 	bl	884a0 <assertion_failed>
   87374:	f9400bf3 	ldr	x19, [sp, #16]
   87378:	a8c27bfd 	ldp	x29, x30, [sp], #32
   8737c:	17fff489 	b	845a0 <LeaveCritical>
   87380:	97fff458 	bl	844e0 <EnterCritical>
   87384:	29408e61 	ldp	w1, w3, [x19, #4]
   87388:	b0000044 	adrp	x4, 90000 <FromPCIeHost+0x148>
   8738c:	17ffffe6 	b	87324 <CGPIOPin::ConnectInterrupt(void (*)(void*), void*, bool)+0x84>
   87390:	90000041 	adrp	x1, 8f000 <From+0x918>
   87394:	52803342 	mov	w2, #0x19a                 	// #410
   87398:	911fa021 	add	x1, x1, #0x7e8
   8739c:	91070020 	add	x0, x1, #0x1c0
   873a0:	94000440 	bl	884a0 <assertion_failed>
   873a4:	90000041 	adrp	x1, 8f000 <From+0x918>
   873a8:	52803362 	mov	w2, #0x19b                 	// #411
   873ac:	911fa021 	add	x1, x1, #0x7e8
   873b0:	9107a020 	add	x0, x1, #0x1e8
   873b4:	9400043b 	bl	884a0 <assertion_failed>
   873b8:	90000041 	adrp	x1, 8f000 <From+0x918>
   873bc:	528033a2 	mov	w2, #0x19d                 	// #413
   873c0:	911fa021 	add	x1, x1, #0x7e8
   873c4:	91084020 	add	x0, x1, #0x210
   873c8:	94000436 	bl	884a0 <assertion_failed>
   873cc:	90000041 	adrp	x1, 8f000 <From+0x918>
   873d0:	528033c2 	mov	w2, #0x19e                 	// #414
   873d4:	911fa021 	add	x1, x1, #0x7e8
   873d8:	91088020 	add	x0, x1, #0x220
   873dc:	94000431 	bl	884a0 <assertion_failed>
   873e0:	90000041 	adrp	x1, 8f000 <From+0x918>
   873e4:	528034a2 	mov	w2, #0x1a5                 	// #421
   873e8:	911fa021 	add	x1, x1, #0x7e8
   873ec:	9108c020 	add	x0, x1, #0x230
   873f0:	9400042c 	bl	884a0 <assertion_failed>
   873f4:	90000041 	adrp	x1, 8f000 <From+0x918>
   873f8:	52803502 	mov	w2, #0x1a8                 	// #424
   873fc:	911fa021 	add	x1, x1, #0x7e8
   87400:	9101e020 	add	x0, x1, #0x78
   87404:	94000427 	bl	884a0 <assertion_failed>
   87408:	90000041 	adrp	x1, 8f000 <From+0x918>
   8740c:	528032c2 	mov	w2, #0x196                 	// #406
   87410:	911fa021 	add	x1, x1, #0x7e8
   87414:	91058020 	add	x0, x1, #0x160
   87418:	94000422 	bl	884a0 <assertion_failed>
   8741c:	d503201f 	nop

0000000000087420 <CGPIOPin::DisconnectInterrupt()>:
   87420:	a9be7bfd 	stp	x29, x30, [sp, #-32]!
   87424:	aa0003e1 	mov	x1, x0
   87428:	910003fd 	mov	x29, sp
   8742c:	b9400c00 	ldr	w0, [x0, #12]
   87430:	51000c02 	sub	w2, w0, #0x3
   87434:	7100045f 	cmp	w2, #0x1
   87438:	7a418804 	ccmp	w0, #0x1, #0x4, hi	// hi = pmore
   8743c:	54000961 	b.ne	87568 <CGPIOPin::DisconnectInterrupt()+0x148>  // b.any
   87440:	b9402c20 	ldr	w0, [x1, #44]
   87444:	7100201f 	cmp	w0, #0x8
   87448:	54000541 	b.ne	874f0 <CGPIOPin::DisconnectInterrupt()+0xd0>  // b.any
   8744c:	b9403020 	ldr	w0, [x1, #48]
   87450:	7100201f 	cmp	w0, #0x8
   87454:	54000581 	b.ne	87504 <CGPIOPin::DisconnectInterrupt()+0xe4>  // b.any
   87458:	f9400c20 	ldr	x0, [x1, #24]
   8745c:	b40005e0 	cbz	x0, 87518 <CGPIOPin::DisconnectInterrupt()+0xf8>
   87460:	b9400422 	ldr	w2, [x1, #4]
   87464:	f9000c3f 	str	xzr, [x1, #24]
   87468:	7100085f 	cmp	w2, #0x2
   8746c:	54000608 	b.hi	8752c <CGPIOPin::DisconnectInterrupt()+0x10c>  // b.pmore
   87470:	b9400824 	ldr	w4, [x1, #8]
   87474:	71007c9f 	cmp	w4, #0x1f
   87478:	54000648 	b.hi	87540 <CGPIOPin::DisconnectInterrupt()+0x120>  // b.pmore
   8747c:	b0000045 	adrp	x5, 90000 <FromPCIeHost+0x148>
   87480:	b943c8a0 	ldr	w0, [x5, #968]
   87484:	350002a0 	cbnz	w0, 874d8 <CGPIOPin::DisconnectInterrupt()+0xb8>
   87488:	d2802380 	mov	x0, #0x11c                 	// #284
   8748c:	53124442 	lsl	w2, w2, #14
   87490:	f2a001a0 	movk	x0, #0xd, lsl #16
   87494:	f2c003e0 	movk	x0, #0x1f, lsl #32
   87498:	8b000042 	add	x2, x2, x0
   8749c:	b9400040 	ldr	w0, [x2]
   874a0:	d2800023 	mov	x3, #0x1                   	// #1
   874a4:	9ac42063 	lsl	x3, x3, x4
   874a8:	0a230000 	bic	w0, w0, w3
   874ac:	b9000040 	str	w0, [x2]
   874b0:	b943c8a0 	ldr	w0, [x5, #968]
   874b4:	350000a0 	cbnz	w0, 874c8 <CGPIOPin::DisconnectInterrupt()+0xa8>
   874b8:	f9400820 	ldr	x0, [x1, #16]
   874bc:	b40004c0 	cbz	x0, 87554 <CGPIOPin::DisconnectInterrupt()+0x134>
   874c0:	a8c27bfd 	ldp	x29, x30, [sp], #32
   874c4:	14001947 	b	8d9e0 <CGPIOManager::DisconnectInterrupt(CGPIOPin*)>
   874c8:	f9000fe1 	str	x1, [sp, #24]
   874cc:	97fff435 	bl	845a0 <LeaveCritical>
   874d0:	f9400fe1 	ldr	x1, [sp, #24]
   874d4:	17fffff9 	b	874b8 <CGPIOPin::DisconnectInterrupt()+0x98>
   874d8:	f9000fe1 	str	x1, [sp, #24]
   874dc:	97fff401 	bl	844e0 <EnterCritical>
   874e0:	f9400fe1 	ldr	x1, [sp, #24]
   874e4:	b0000045 	adrp	x5, 90000 <FromPCIeHost+0x148>
   874e8:	29409022 	ldp	w2, w4, [x1, #4]
   874ec:	17ffffe7 	b	87488 <CGPIOPin::DisconnectInterrupt()+0x68>
   874f0:	90000041 	adrp	x1, 8f000 <From+0x918>
   874f4:	528036a2 	mov	w2, #0x1b5                 	// #437
   874f8:	911fa021 	add	x1, x1, #0x7e8
   874fc:	91070020 	add	x0, x1, #0x1c0
   87500:	940003e8 	bl	884a0 <assertion_failed>
   87504:	90000041 	adrp	x1, 8f000 <From+0x918>
   87508:	528036c2 	mov	w2, #0x1b6                 	// #438
   8750c:	911fa021 	add	x1, x1, #0x7e8
   87510:	9107a020 	add	x0, x1, #0x1e8
   87514:	940003e3 	bl	884a0 <assertion_failed>
   87518:	90000041 	adrp	x1, 8f000 <From+0x918>
   8751c:	52803702 	mov	w2, #0x1b8                 	// #440
   87520:	911fa021 	add	x1, x1, #0x7e8
   87524:	91090020 	add	x0, x1, #0x240
   87528:	940003de 	bl	884a0 <assertion_failed>
   8752c:	90000041 	adrp	x1, 8f000 <From+0x918>
   87530:	52803762 	mov	w2, #0x1bb                 	// #443
   87534:	911fa021 	add	x1, x1, #0x7e8
   87538:	9101e020 	add	x0, x1, #0x78
   8753c:	940003d9 	bl	884a0 <assertion_failed>
   87540:	90000041 	adrp	x1, 8f000 <From+0x918>
   87544:	52803782 	mov	w2, #0x1bc                 	// #444
   87548:	911fa021 	add	x1, x1, #0x7e8
   8754c:	91024020 	add	x0, x1, #0x90
   87550:	940003d4 	bl	884a0 <assertion_failed>
   87554:	90000041 	adrp	x1, 8f000 <From+0x918>
   87558:	52803822 	mov	w2, #0x1c1                 	// #449
   8755c:	911fa021 	add	x1, x1, #0x7e8
   87560:	9108c020 	add	x0, x1, #0x230
   87564:	940003cf 	bl	884a0 <assertion_failed>
   87568:	90000041 	adrp	x1, 8f000 <From+0x918>
   8756c:	52803622 	mov	w2, #0x1b1                 	// #433
   87570:	911fa021 	add	x1, x1, #0x7e8
   87574:	91058020 	add	x0, x1, #0x160
   87578:	940003ca 	bl	884a0 <assertion_failed>
   8757c:	d503201f 	nop

0000000000087580 <CGPIOPin::EnableInterrupt(TGPIOInterrupt)>:
   87580:	a9bd7bfd 	stp	x29, x30, [sp, #-48]!
   87584:	aa0003e2 	mov	x2, x0
   87588:	910003fd 	mov	x29, sp
   8758c:	b9400c00 	ldr	w0, [x0, #12]
   87590:	51000c03 	sub	w3, w0, #0x3
   87594:	7100047f 	cmp	w3, #0x1
   87598:	7a418804 	ccmp	w0, #0x1, #0x4, hi	// hi = pmore
   8759c:	54000a61 	b.ne	876e8 <CGPIOPin::EnableInterrupt(TGPIOInterrupt)+0x168>  // b.any
   875a0:	f9400c40 	ldr	x0, [x2, #24]
   875a4:	b4000660 	cbz	x0, 87670 <CGPIOPin::EnableInterrupt(TGPIOInterrupt)+0xf0>
   875a8:	b9402c40 	ldr	w0, [x2, #44]
   875ac:	7100201f 	cmp	w0, #0x8
   875b0:	540006a1 	b.ne	87684 <CGPIOPin::EnableInterrupt(TGPIOInterrupt)+0x104>  // b.any
   875b4:	71001c3f 	cmp	w1, #0x7
   875b8:	5400070c 	b.gt	87698 <CGPIOPin::EnableInterrupt(TGPIOInterrupt)+0x118>
   875bc:	b9403040 	ldr	w0, [x2, #48]
   875c0:	6b01001f 	cmp	w0, w1
   875c4:	54000740 	b.eq	876ac <CGPIOPin::EnableInterrupt(TGPIOInterrupt)+0x12c>  // b.none
   875c8:	b9400440 	ldr	w0, [x2, #4]
   875cc:	b9002c41 	str	w1, [x2, #44]
   875d0:	7100081f 	cmp	w0, #0x2
   875d4:	54000768 	b.hi	876c0 <CGPIOPin::EnableInterrupt(TGPIOInterrupt)+0x140>  // b.pmore
   875d8:	b9400844 	ldr	w4, [x2, #8]
   875dc:	71007c9f 	cmp	w4, #0x1f
   875e0:	540007a8 	b.hi	876d4 <CGPIOPin::EnableInterrupt(TGPIOInterrupt)+0x154>  // b.pmore
   875e4:	53124403 	lsl	w3, w0, #14
   875e8:	d2800080 	mov	x0, #0x4                   	// #4
   875ec:	531d7084 	lsl	w4, w4, #3
   875f0:	f2a001a0 	movk	x0, #0xd, lsl #16
   875f4:	f2c003e0 	movk	x0, #0x1f, lsl #32
   875f8:	8b040063 	add	x3, x3, x4
   875fc:	8b000063 	add	x3, x3, x0
   87600:	b9403440 	ldr	w0, [x2, #52]
   87604:	350001a0 	cbnz	w0, 87638 <CGPIOPin::EnableInterrupt(TGPIOInterrupt)+0xb8>
   87608:	b9400060 	ldr	w0, [x3]
   8760c:	b0000044 	adrp	x4, 90000 <FromPCIeHost+0x148>
   87610:	91094084 	add	x4, x4, #0x250
   87614:	b861d881 	ldr	w1, [x4, w1, sxtw #2]
   87618:	2a010000 	orr	w0, w0, w1
   8761c:	b9000060 	str	w0, [x3]
   87620:	b9403440 	ldr	w0, [x2, #52]
   87624:	35000060 	cbnz	w0, 87630 <CGPIOPin::EnableInterrupt(TGPIOInterrupt)+0xb0>
   87628:	a8c37bfd 	ldp	x29, x30, [sp], #48
   8762c:	d65f03c0 	ret
   87630:	a8c37bfd 	ldp	x29, x30, [sp], #48
   87634:	17fff3db 	b	845a0 <LeaveCritical>
   87638:	a9018be3 	stp	x3, x2, [sp, #24]
   8763c:	b9002fe1 	str	w1, [sp, #44]
   87640:	97fff3a8 	bl	844e0 <EnterCritical>
   87644:	b9402fe1 	ldr	w1, [sp, #44]
   87648:	a9418be3 	ldp	x3, x2, [sp, #24]
   8764c:	b9400060 	ldr	w0, [x3]
   87650:	b0000044 	adrp	x4, 90000 <FromPCIeHost+0x148>
   87654:	91094084 	add	x4, x4, #0x250
   87658:	b861d881 	ldr	w1, [x4, w1, sxtw #2]
   8765c:	2a010000 	orr	w0, w0, w1
   87660:	b9000060 	str	w0, [x3]
   87664:	b9403440 	ldr	w0, [x2, #52]
   87668:	34fffe00 	cbz	w0, 87628 <CGPIOPin::EnableInterrupt(TGPIOInterrupt)+0xa8>
   8766c:	17fffff1 	b	87630 <CGPIOPin::EnableInterrupt(TGPIOInterrupt)+0xb0>
   87670:	90000041 	adrp	x1, 8f000 <From+0x918>
   87674:	52803942 	mov	w2, #0x1ca                 	// #458
   87678:	911fa021 	add	x1, x1, #0x7e8
   8767c:	91090020 	add	x0, x1, #0x240
   87680:	94000388 	bl	884a0 <assertion_failed>
   87684:	90000041 	adrp	x1, 8f000 <From+0x918>
   87688:	52803982 	mov	w2, #0x1cc                 	// #460
   8768c:	911fa021 	add	x1, x1, #0x7e8
   87690:	91070020 	add	x0, x1, #0x1c0
   87694:	94000383 	bl	884a0 <assertion_failed>
   87698:	90000041 	adrp	x1, 8f000 <From+0x918>
   8769c:	528039a2 	mov	w2, #0x1cd                 	// #461
   876a0:	911fa021 	add	x1, x1, #0x7e8
   876a4:	91094020 	add	x0, x1, #0x250
   876a8:	9400037e 	bl	884a0 <assertion_failed>
   876ac:	90000041 	adrp	x1, 8f000 <From+0x918>
   876b0:	528039c2 	mov	w2, #0x1ce                 	// #462
   876b4:	911fa021 	add	x1, x1, #0x7e8
   876b8:	9109e020 	add	x0, x1, #0x278
   876bc:	94000379 	bl	884a0 <assertion_failed>
   876c0:	90000041 	adrp	x1, 8f000 <From+0x918>
   876c4:	52803a22 	mov	w2, #0x1d1                 	// #465
   876c8:	911fa021 	add	x1, x1, #0x7e8
   876cc:	9101e020 	add	x0, x1, #0x78
   876d0:	94000374 	bl	884a0 <assertion_failed>
   876d4:	90000041 	adrp	x1, 8f000 <From+0x918>
   876d8:	52803a42 	mov	w2, #0x1d2                 	// #466
   876dc:	911fa021 	add	x1, x1, #0x7e8
   876e0:	91024020 	add	x0, x1, #0x90
   876e4:	9400036f 	bl	884a0 <assertion_failed>
   876e8:	90000041 	adrp	x1, 8f000 <From+0x918>
   876ec:	528038e2 	mov	w2, #0x1c7                 	// #455
   876f0:	911fa021 	add	x1, x1, #0x7e8
   876f4:	91058020 	add	x0, x1, #0x160
   876f8:	9400036a 	bl	884a0 <assertion_failed>
   876fc:	d503201f 	nop

0000000000087700 <CGPIOPin::DisableInterrupt()>:
   87700:	a9be7bfd 	stp	x29, x30, [sp, #-32]!
   87704:	aa0003e1 	mov	x1, x0
   87708:	910003fd 	mov	x29, sp
   8770c:	b9400c00 	ldr	w0, [x0, #12]
   87710:	51000c02 	sub	w2, w0, #0x3
   87714:	7100045f 	cmp	w2, #0x1
   87718:	7a418804 	ccmp	w0, #0x1, #0x4, hi	// hi = pmore
   8771c:	54000741 	b.ne	87804 <CGPIOPin::DisableInterrupt()+0x104>  // b.any
   87720:	b9402c20 	ldr	w0, [x1, #44]
   87724:	71001c1f 	cmp	w0, #0x7
   87728:	5400050c 	b.gt	877c8 <CGPIOPin::DisableInterrupt()+0xc8>
   8772c:	b9400420 	ldr	w0, [x1, #4]
   87730:	7100081f 	cmp	w0, #0x2
   87734:	54000548 	b.hi	877dc <CGPIOPin::DisableInterrupt()+0xdc>  // b.pmore
   87738:	b9400823 	ldr	w3, [x1, #8]
   8773c:	71007c7f 	cmp	w3, #0x1f
   87740:	54000588 	b.hi	877f0 <CGPIOPin::DisableInterrupt()+0xf0>  // b.pmore
   87744:	53124402 	lsl	w2, w0, #14
   87748:	d2800080 	mov	x0, #0x4                   	// #4
   8774c:	531d7063 	lsl	w3, w3, #3
   87750:	f2a001a0 	movk	x0, #0xd, lsl #16
   87754:	f2c003e0 	movk	x0, #0x1f, lsl #32
   87758:	8b030042 	add	x2, x2, x3
   8775c:	8b000042 	add	x2, x2, x0
   87760:	b9403420 	ldr	w0, [x1, #52]
   87764:	350002a0 	cbnz	w0, 877b8 <CGPIOPin::DisableInterrupt()+0xb8>
   87768:	b9400040 	ldr	w0, [x2]
   8776c:	b9802c24 	ldrsw	x4, [x1, #44]
   87770:	b0000043 	adrp	x3, 90000 <FromPCIeHost+0x148>
   87774:	91094063 	add	x3, x3, #0x250
   87778:	b8647863 	ldr	w3, [x3, x4, lsl #2]
   8777c:	0a230000 	bic	w0, w0, w3
   87780:	b9000040 	str	w0, [x2]
   87784:	b9403420 	ldr	w0, [x1, #52]
   87788:	350000a0 	cbnz	w0, 8779c <CGPIOPin::DisableInterrupt()+0x9c>
   8778c:	52800100 	mov	w0, #0x8                   	// #8
   87790:	b9002c20 	str	w0, [x1, #44]
   87794:	a8c27bfd 	ldp	x29, x30, [sp], #32
   87798:	d65f03c0 	ret
   8779c:	f9000be1 	str	x1, [sp, #16]
   877a0:	97fff380 	bl	845a0 <LeaveCritical>
   877a4:	f9400be1 	ldr	x1, [sp, #16]
   877a8:	52800100 	mov	w0, #0x8                   	// #8
   877ac:	b9002c20 	str	w0, [x1, #44]
   877b0:	a8c27bfd 	ldp	x29, x30, [sp], #32
   877b4:	d65f03c0 	ret
   877b8:	a90107e2 	stp	x2, x1, [sp, #16]
   877bc:	97fff349 	bl	844e0 <EnterCritical>
   877c0:	a94107e2 	ldp	x2, x1, [sp, #16]
   877c4:	17ffffe9 	b	87768 <CGPIOPin::DisableInterrupt()+0x68>
   877c8:	90000041 	adrp	x1, 8f000 <From+0x918>
   877cc:	52803c22 	mov	w2, #0x1e1                 	// #481
   877d0:	911fa021 	add	x1, x1, #0x7e8
   877d4:	910a6020 	add	x0, x1, #0x298
   877d8:	94000332 	bl	884a0 <assertion_failed>
   877dc:	90000041 	adrp	x1, 8f000 <From+0x918>
   877e0:	52803c62 	mov	w2, #0x1e3                 	// #483
   877e4:	911fa021 	add	x1, x1, #0x7e8
   877e8:	9101e020 	add	x0, x1, #0x78
   877ec:	9400032d 	bl	884a0 <assertion_failed>
   877f0:	90000041 	adrp	x1, 8f000 <From+0x918>
   877f4:	52803c82 	mov	w2, #0x1e4                 	// #484
   877f8:	911fa021 	add	x1, x1, #0x7e8
   877fc:	91024020 	add	x0, x1, #0x90
   87800:	94000328 	bl	884a0 <assertion_failed>
   87804:	90000041 	adrp	x1, 8f000 <From+0x918>
   87808:	52803ba2 	mov	w2, #0x1dd                 	// #477
   8780c:	911fa021 	add	x1, x1, #0x7e8
   87810:	91058020 	add	x0, x1, #0x160
   87814:	94000323 	bl	884a0 <assertion_failed>
   87818:	d503201f 	nop
   8781c:	d503201f 	nop

0000000000087820 <CGPIOPin::EnableInterrupt2(TGPIOInterrupt)>:
   87820:	a9bd7bfd 	stp	x29, x30, [sp, #-48]!
   87824:	aa0003e2 	mov	x2, x0
   87828:	910003fd 	mov	x29, sp
   8782c:	b9400c00 	ldr	w0, [x0, #12]
   87830:	51000c03 	sub	w3, w0, #0x3
   87834:	7100047f 	cmp	w3, #0x1
   87838:	7a418804 	ccmp	w0, #0x1, #0x4, hi	// hi = pmore
   8783c:	54000a61 	b.ne	87988 <CGPIOPin::EnableInterrupt2(TGPIOInterrupt)+0x168>  // b.any
   87840:	f9400c40 	ldr	x0, [x2, #24]
   87844:	b4000660 	cbz	x0, 87910 <CGPIOPin::EnableInterrupt2(TGPIOInterrupt)+0xf0>
   87848:	b9403040 	ldr	w0, [x2, #48]
   8784c:	7100201f 	cmp	w0, #0x8
   87850:	540006a1 	b.ne	87924 <CGPIOPin::EnableInterrupt2(TGPIOInterrupt)+0x104>  // b.any
   87854:	71001c3f 	cmp	w1, #0x7
   87858:	5400070c 	b.gt	87938 <CGPIOPin::EnableInterrupt2(TGPIOInterrupt)+0x118>
   8785c:	b9402c40 	ldr	w0, [x2, #44]
   87860:	6b01001f 	cmp	w0, w1
   87864:	54000740 	b.eq	8794c <CGPIOPin::EnableInterrupt2(TGPIOInterrupt)+0x12c>  // b.none
   87868:	b9400440 	ldr	w0, [x2, #4]
   8786c:	b9003041 	str	w1, [x2, #48]
   87870:	7100081f 	cmp	w0, #0x2
   87874:	54000768 	b.hi	87960 <CGPIOPin::EnableInterrupt2(TGPIOInterrupt)+0x140>  // b.pmore
   87878:	b9400844 	ldr	w4, [x2, #8]
   8787c:	71007c9f 	cmp	w4, #0x1f
   87880:	540007a8 	b.hi	87974 <CGPIOPin::EnableInterrupt2(TGPIOInterrupt)+0x154>  // b.pmore
   87884:	53124403 	lsl	w3, w0, #14
   87888:	d2800080 	mov	x0, #0x4                   	// #4
   8788c:	531d7084 	lsl	w4, w4, #3
   87890:	f2a001a0 	movk	x0, #0xd, lsl #16
   87894:	f2c003e0 	movk	x0, #0x1f, lsl #32
   87898:	8b040063 	add	x3, x3, x4
   8789c:	8b000063 	add	x3, x3, x0
   878a0:	b9403440 	ldr	w0, [x2, #52]
   878a4:	350001a0 	cbnz	w0, 878d8 <CGPIOPin::EnableInterrupt2(TGPIOInterrupt)+0xb8>
   878a8:	b9400060 	ldr	w0, [x3]
   878ac:	b0000044 	adrp	x4, 90000 <FromPCIeHost+0x148>
   878b0:	91094084 	add	x4, x4, #0x250
   878b4:	b861d881 	ldr	w1, [x4, w1, sxtw #2]
   878b8:	2a010000 	orr	w0, w0, w1
   878bc:	b9000060 	str	w0, [x3]
   878c0:	b9403440 	ldr	w0, [x2, #52]
   878c4:	35000060 	cbnz	w0, 878d0 <CGPIOPin::EnableInterrupt2(TGPIOInterrupt)+0xb0>
   878c8:	a8c37bfd 	ldp	x29, x30, [sp], #48
   878cc:	d65f03c0 	ret
   878d0:	a8c37bfd 	ldp	x29, x30, [sp], #48
   878d4:	17fff333 	b	845a0 <LeaveCritical>
   878d8:	a9018be3 	stp	x3, x2, [sp, #24]
   878dc:	b9002fe1 	str	w1, [sp, #44]
   878e0:	97fff300 	bl	844e0 <EnterCritical>
   878e4:	b9402fe1 	ldr	w1, [sp, #44]
   878e8:	a9418be3 	ldp	x3, x2, [sp, #24]
   878ec:	b9400060 	ldr	w0, [x3]
   878f0:	b0000044 	adrp	x4, 90000 <FromPCIeHost+0x148>
   878f4:	91094084 	add	x4, x4, #0x250
   878f8:	b861d881 	ldr	w1, [x4, w1, sxtw #2]
   878fc:	2a010000 	orr	w0, w0, w1
   87900:	b9000060 	str	w0, [x3]
   87904:	b9403440 	ldr	w0, [x2, #52]
   87908:	34fffe00 	cbz	w0, 878c8 <CGPIOPin::EnableInterrupt2(TGPIOInterrupt)+0xa8>
   8790c:	17fffff1 	b	878d0 <CGPIOPin::EnableInterrupt2(TGPIOInterrupt)+0xb0>
   87910:	90000041 	adrp	x1, 8f000 <From+0x918>
   87914:	52803e62 	mov	w2, #0x1f3                 	// #499
   87918:	911fa021 	add	x1, x1, #0x7e8
   8791c:	910b0020 	add	x0, x1, #0x2c0
   87920:	940002e0 	bl	884a0 <assertion_failed>
   87924:	90000041 	adrp	x1, 8f000 <From+0x918>
   87928:	52803ea2 	mov	w2, #0x1f5                 	// #501
   8792c:	911fa021 	add	x1, x1, #0x7e8
   87930:	9107a020 	add	x0, x1, #0x1e8
   87934:	940002db 	bl	884a0 <assertion_failed>
   87938:	90000041 	adrp	x1, 8f000 <From+0x918>
   8793c:	52803ec2 	mov	w2, #0x1f6                 	// #502
   87940:	911fa021 	add	x1, x1, #0x7e8
   87944:	91094020 	add	x0, x1, #0x250
   87948:	940002d6 	bl	884a0 <assertion_failed>
   8794c:	90000041 	adrp	x1, 8f000 <From+0x918>
   87950:	52803ee2 	mov	w2, #0x1f7                 	// #503
   87954:	911fa021 	add	x1, x1, #0x7e8
   87958:	910b4020 	add	x0, x1, #0x2d0
   8795c:	940002d1 	bl	884a0 <assertion_failed>
   87960:	90000041 	adrp	x1, 8f000 <From+0x918>
   87964:	52803f42 	mov	w2, #0x1fa                 	// #506
   87968:	911fa021 	add	x1, x1, #0x7e8
   8796c:	9101e020 	add	x0, x1, #0x78
   87970:	940002cc 	bl	884a0 <assertion_failed>
   87974:	90000041 	adrp	x1, 8f000 <From+0x918>
   87978:	52803f62 	mov	w2, #0x1fb                 	// #507
   8797c:	911fa021 	add	x1, x1, #0x7e8
   87980:	91024020 	add	x0, x1, #0x90
   87984:	940002c7 	bl	884a0 <assertion_failed>
   87988:	90000041 	adrp	x1, 8f000 <From+0x918>
   8798c:	52803e02 	mov	w2, #0x1f0                 	// #496
   87990:	911fa021 	add	x1, x1, #0x7e8
   87994:	91058020 	add	x0, x1, #0x160
   87998:	940002c2 	bl	884a0 <assertion_failed>
   8799c:	d503201f 	nop

00000000000879a0 <CGPIOPin::DisableInterrupt2()>:
   879a0:	a9be7bfd 	stp	x29, x30, [sp, #-32]!
   879a4:	aa0003e1 	mov	x1, x0
   879a8:	910003fd 	mov	x29, sp
   879ac:	b9400c00 	ldr	w0, [x0, #12]
   879b0:	51000c02 	sub	w2, w0, #0x3
   879b4:	7100045f 	cmp	w2, #0x1
   879b8:	7a418804 	ccmp	w0, #0x1, #0x4, hi	// hi = pmore
   879bc:	54000741 	b.ne	87aa4 <CGPIOPin::DisableInterrupt2()+0x104>  // b.any
   879c0:	b9403020 	ldr	w0, [x1, #48]
   879c4:	71001c1f 	cmp	w0, #0x7
   879c8:	5400050c 	b.gt	87a68 <CGPIOPin::DisableInterrupt2()+0xc8>
   879cc:	b9400420 	ldr	w0, [x1, #4]
   879d0:	7100081f 	cmp	w0, #0x2
   879d4:	54000548 	b.hi	87a7c <CGPIOPin::DisableInterrupt2()+0xdc>  // b.pmore
   879d8:	b9400823 	ldr	w3, [x1, #8]
   879dc:	71007c7f 	cmp	w3, #0x1f
   879e0:	54000588 	b.hi	87a90 <CGPIOPin::DisableInterrupt2()+0xf0>  // b.pmore
   879e4:	53124402 	lsl	w2, w0, #14
   879e8:	d2800080 	mov	x0, #0x4                   	// #4
   879ec:	531d7063 	lsl	w3, w3, #3
   879f0:	f2a001a0 	movk	x0, #0xd, lsl #16
   879f4:	f2c003e0 	movk	x0, #0x1f, lsl #32
   879f8:	8b030042 	add	x2, x2, x3
   879fc:	8b000042 	add	x2, x2, x0
   87a00:	b9403420 	ldr	w0, [x1, #52]
   87a04:	350002a0 	cbnz	w0, 87a58 <CGPIOPin::DisableInterrupt2()+0xb8>
   87a08:	b9400040 	ldr	w0, [x2]
   87a0c:	b9803024 	ldrsw	x4, [x1, #48]
   87a10:	b0000043 	adrp	x3, 90000 <FromPCIeHost+0x148>
   87a14:	91094063 	add	x3, x3, #0x250
   87a18:	b8647863 	ldr	w3, [x3, x4, lsl #2]
   87a1c:	0a230000 	bic	w0, w0, w3
   87a20:	b9000040 	str	w0, [x2]
   87a24:	b9403420 	ldr	w0, [x1, #52]
   87a28:	350000a0 	cbnz	w0, 87a3c <CGPIOPin::DisableInterrupt2()+0x9c>
   87a2c:	52800100 	mov	w0, #0x8                   	// #8
   87a30:	b9003020 	str	w0, [x1, #48]
   87a34:	a8c27bfd 	ldp	x29, x30, [sp], #32
   87a38:	d65f03c0 	ret
   87a3c:	f9000be1 	str	x1, [sp, #16]
   87a40:	97fff2d8 	bl	845a0 <LeaveCritical>
   87a44:	f9400be1 	ldr	x1, [sp, #16]
   87a48:	52800100 	mov	w0, #0x8                   	// #8
   87a4c:	b9003020 	str	w0, [x1, #48]
   87a50:	a8c27bfd 	ldp	x29, x30, [sp], #32
   87a54:	d65f03c0 	ret
   87a58:	a90107e2 	stp	x2, x1, [sp, #16]
   87a5c:	97fff2a1 	bl	844e0 <EnterCritical>
   87a60:	a94107e2 	ldp	x2, x1, [sp, #16]
   87a64:	17ffffe9 	b	87a08 <CGPIOPin::DisableInterrupt2()+0x68>
   87a68:	90000041 	adrp	x1, 8f000 <From+0x918>
   87a6c:	52804142 	mov	w2, #0x20a                 	// #522
   87a70:	911fa021 	add	x1, x1, #0x7e8
   87a74:	910bc020 	add	x0, x1, #0x2f0
   87a78:	9400028a 	bl	884a0 <assertion_failed>
   87a7c:	90000041 	adrp	x1, 8f000 <From+0x918>
   87a80:	52804182 	mov	w2, #0x20c                 	// #524
   87a84:	911fa021 	add	x1, x1, #0x7e8
   87a88:	9101e020 	add	x0, x1, #0x78
   87a8c:	94000285 	bl	884a0 <assertion_failed>
   87a90:	90000041 	adrp	x1, 8f000 <From+0x918>
   87a94:	528041a2 	mov	w2, #0x20d                 	// #525
   87a98:	911fa021 	add	x1, x1, #0x7e8
   87a9c:	91024020 	add	x0, x1, #0x90
   87aa0:	94000280 	bl	884a0 <assertion_failed>
   87aa4:	90000041 	adrp	x1, 8f000 <From+0x918>
   87aa8:	528040c2 	mov	w2, #0x206                 	// #518
   87aac:	911fa021 	add	x1, x1, #0x7e8
   87ab0:	91058020 	add	x0, x1, #0x160
   87ab4:	9400027b 	bl	884a0 <assertion_failed>
   87ab8:	d503201f 	nop
   87abc:	d503201f 	nop

0000000000087ac0 <CGPIOPin::AcknowledgeInterrupt()>:
   87ac0:	a9be7bfd 	stp	x29, x30, [sp, #-32]!
   87ac4:	aa0003e2 	mov	x2, x0
   87ac8:	910003fd 	mov	x29, sp
   87acc:	f9400c00 	ldr	x0, [x0, #24]
   87ad0:	b40005c0 	cbz	x0, 87b88 <CGPIOPin::AcknowledgeInterrupt()+0xc8>
   87ad4:	b9402c40 	ldr	w0, [x2, #44]
   87ad8:	51000801 	sub	w1, w0, #0x2
   87adc:	7100043f 	cmp	w1, #0x1
   87ae0:	7a488804 	ccmp	w0, #0x8, #0x4, hi	// hi = pmore
   87ae4:	540002e0 	b.eq	87b40 <CGPIOPin::AcknowledgeInterrupt()+0x80>  // b.none
   87ae8:	b9400440 	ldr	w0, [x2, #4]
   87aec:	7100081f 	cmp	w0, #0x2
   87af0:	54000568 	b.hi	87b9c <CGPIOPin::AcknowledgeInterrupt()+0xdc>  // b.pmore
   87af4:	b9400843 	ldr	w3, [x2, #8]
   87af8:	71007c7f 	cmp	w3, #0x1f
   87afc:	540005a8 	b.hi	87bb0 <CGPIOPin::AcknowledgeInterrupt()+0xf0>  // b.pmore
   87b00:	53124401 	lsl	w1, w0, #14
   87b04:	d2800080 	mov	x0, #0x4                   	// #4
   87b08:	531d7063 	lsl	w3, w3, #3
   87b0c:	f2a001a0 	movk	x0, #0xd, lsl #16
   87b10:	f2c003e0 	movk	x0, #0x1f, lsl #32
   87b14:	8b030021 	add	x1, x1, x3
   87b18:	8b000021 	add	x1, x1, x0
   87b1c:	b9403440 	ldr	w0, [x2, #52]
   87b20:	35000220 	cbnz	w0, 87b64 <CGPIOPin::AcknowledgeInterrupt()+0xa4>
   87b24:	b9400020 	ldr	w0, [x1]
   87b28:	32040000 	orr	w0, w0, #0x10000000
   87b2c:	b9000020 	str	w0, [x1]
   87b30:	b9403440 	ldr	w0, [x2, #52]
   87b34:	35000140 	cbnz	w0, 87b5c <CGPIOPin::AcknowledgeInterrupt()+0x9c>
   87b38:	a8c27bfd 	ldp	x29, x30, [sp], #32
   87b3c:	d65f03c0 	ret
   87b40:	b9403040 	ldr	w0, [x2, #48]
   87b44:	51000801 	sub	w1, w0, #0x2
   87b48:	7100043f 	cmp	w1, #0x1
   87b4c:	7a488804 	ccmp	w0, #0x8, #0x4, hi	// hi = pmore
   87b50:	54fffcc1 	b.ne	87ae8 <CGPIOPin::AcknowledgeInterrupt()+0x28>  // b.any
   87b54:	a8c27bfd 	ldp	x29, x30, [sp], #32
   87b58:	d65f03c0 	ret
   87b5c:	a8c27bfd 	ldp	x29, x30, [sp], #32
   87b60:	17fff290 	b	845a0 <LeaveCritical>
   87b64:	a9010be1 	stp	x1, x2, [sp, #16]
   87b68:	97fff25e 	bl	844e0 <EnterCritical>
   87b6c:	a9410be1 	ldp	x1, x2, [sp, #16]
   87b70:	b9400020 	ldr	w0, [x1]
   87b74:	32040000 	orr	w0, w0, #0x10000000
   87b78:	b9000020 	str	w0, [x1]
   87b7c:	b9403440 	ldr	w0, [x2, #52]
   87b80:	34fffdc0 	cbz	w0, 87b38 <CGPIOPin::AcknowledgeInterrupt()+0x78>
   87b84:	17fffff6 	b	87b5c <CGPIOPin::AcknowledgeInterrupt()+0x9c>
   87b88:	90000041 	adrp	x1, 8f000 <From+0x918>
   87b8c:	52804322 	mov	w2, #0x219                 	// #537
   87b90:	911fa021 	add	x1, x1, #0x7e8
   87b94:	91090020 	add	x0, x1, #0x240
   87b98:	94000242 	bl	884a0 <assertion_failed>
   87b9c:	90000041 	adrp	x1, 8f000 <From+0x918>
   87ba0:	528044c2 	mov	w2, #0x226                 	// #550
   87ba4:	911fa021 	add	x1, x1, #0x7e8
   87ba8:	9101e020 	add	x0, x1, #0x78
   87bac:	9400023d 	bl	884a0 <assertion_failed>
   87bb0:	90000041 	adrp	x1, 8f000 <From+0x918>
   87bb4:	528044e2 	mov	w2, #0x227                 	// #551
   87bb8:	911fa021 	add	x1, x1, #0x7e8
   87bbc:	91024020 	add	x0, x1, #0x90
   87bc0:	94000238 	bl	884a0 <assertion_failed>

0000000000087bc4 <CGPIOPin::SetModeAll(unsigned int, unsigned int)>:
   87bc4:	6a01001f 	tst	w0, w1
   87bc8:	54000201 	b.ne	87c08 <CGPIOPin::SetModeAll(unsigned int, unsigned int)+0x44>  // b.any
   87bcc:	35000080 	cbnz	w0, 87bdc <CGPIOPin::SetModeAll(unsigned int, unsigned int)+0x18>
   87bd0:	35000101 	cbnz	w1, 87bf0 <CGPIOPin::SetModeAll(unsigned int, unsigned int)+0x2c>
   87bd4:	d5033f9f 	dsb	sy
   87bd8:	d65f03c0 	ret
   87bdc:	d2860082 	mov	x2, #0x3004                	// #12292
   87be0:	f2a001c2 	movk	x2, #0xe, lsl #16
   87be4:	f2c003e2 	movk	x2, #0x1f, lsl #32
   87be8:	b9000040 	str	w0, [x2]
   87bec:	34ffff41 	cbz	w1, 87bd4 <CGPIOPin::SetModeAll(unsigned int, unsigned int)+0x10>
   87bf0:	d2840080 	mov	x0, #0x2004                	// #8196
   87bf4:	f2a001c0 	movk	x0, #0xe, lsl #16
   87bf8:	f2c003e0 	movk	x0, #0x1f, lsl #32
   87bfc:	b9000001 	str	w1, [x0]
   87c00:	d5033f9f 	dsb	sy
   87c04:	d65f03c0 	ret
   87c08:	90000041 	adrp	x1, 8f000 <From+0x918>
   87c0c:	a9bf7bfd 	stp	x29, x30, [sp, #-16]!
   87c10:	52804642 	mov	w2, #0x232                 	// #562
   87c14:	911fa021 	add	x1, x1, #0x7e8
   87c18:	910003fd 	mov	x29, sp
   87c1c:	910c6020 	add	x0, x1, #0x318
   87c20:	94000220 	bl	884a0 <assertion_failed>

0000000000087c24 <CGPIOPin::WriteAll(unsigned int, unsigned int)>:
   87c24:	6a200022 	bics	w2, w1, w0
   87c28:	540000a1 	b.ne	87c3c <CGPIOPin::WriteAll(unsigned int, unsigned int)+0x18>  // b.any
   87c2c:	6a010000 	ands	w0, w0, w1
   87c30:	54000121 	b.ne	87c54 <CGPIOPin::WriteAll(unsigned int, unsigned int)+0x30>  // b.any
   87c34:	d5033f9f 	dsb	sy
   87c38:	d65f03c0 	ret
   87c3c:	d2860003 	mov	x3, #0x3000                	// #12288
   87c40:	f2a001c3 	movk	x3, #0xe, lsl #16
   87c44:	f2c003e3 	movk	x3, #0x1f, lsl #32
   87c48:	b9000062 	str	w2, [x3]
   87c4c:	6a010000 	ands	w0, w0, w1
   87c50:	54ffff20 	b.eq	87c34 <CGPIOPin::WriteAll(unsigned int, unsigned int)+0x10>  // b.none
   87c54:	d2840001 	mov	x1, #0x2000                	// #8192
   87c58:	f2a001c1 	movk	x1, #0xe, lsl #16
   87c5c:	f2c003e1 	movk	x1, #0x1f, lsl #32
   87c60:	b9000020 	str	w0, [x1]
   87c64:	d5033f9f 	dsb	sy
   87c68:	d65f03c0 	ret

0000000000087c6c <CGPIOPin::ReadAll()>:
   87c6c:	d2800100 	mov	x0, #0x8                   	// #8
   87c70:	f2a001c0 	movk	x0, #0xe, lsl #16
   87c74:	f2c003e0 	movk	x0, #0x1f, lsl #32
   87c78:	b9400000 	ldr	w0, [x0]
   87c7c:	d65f03c0 	ret

0000000000087c80 <CGPIOPin::DumpStatus()>:
   87c80:	b0000040 	adrp	x0, 90000 <FromPCIeHost+0x148>
   87c84:	a9bb7bfd 	stp	x29, x30, [sp, #-80]!
   87c88:	910003fd 	mov	x29, sp
   87c8c:	394f0000 	ldrb	w0, [x0, #960]
   87c90:	36000780 	tbz	w0, #0, 87d80 <CGPIOPin::DumpStatus()+0x100>
   87c94:	a9025bf5 	stp	x21, x22, [sp, #32]
   87c98:	90000055 	adrp	x21, 8f000 <From+0x918>
   87c9c:	d2a001b6 	mov	x22, #0xd0000               	// #851968
   87ca0:	911fa2b5 	add	x21, x21, #0x7e8
   87ca4:	f2c003f6 	movk	x22, #0x1f, lsl #32
   87ca8:	a90153f3 	stp	x19, x20, [sp, #16]
   87cac:	d2800014 	mov	x20, #0x0                   	// #0
   87cb0:	52800013 	mov	w19, #0x0                   	// #0
   87cb4:	a90363f7 	stp	x23, x24, [sp, #48]
   87cb8:	910d62b7 	add	x23, x21, #0x358
   87cbc:	914082d8 	add	x24, x22, #0x20, lsl #12
   87cc0:	91001318 	add	x24, x24, #0x4
   87cc4:	f90023f9 	str	x25, [sp, #64]
   87cc8:	52800019 	mov	w25, #0x0                   	// #0
   87ccc:	940003b5 	bl	88ba0 <CLogger::Get()>
   87cd0:	910ce2a3 	add	x3, x21, #0x338
   87cd4:	52800082 	mov	w2, #0x4                   	// #4
   87cd8:	aa1703e1 	mov	x1, x23
   87cdc:	910da2b5 	add	x21, x21, #0x368
   87ce0:	94000590 	bl	89320 <CLogger::Write(char const*, TLogSeverity, char const*, ...)>
   87ce4:	940003af 	bl	88ba0 <CLogger::Get()>
   87ce8:	8b332e81 	add	x1, x20, w19, uxth #3
   87cec:	8b160021 	add	x1, x1, x22
   87cf0:	b9400025 	ldr	w5, [x1]
   87cf4:	91001021 	add	x1, x1, #0x4
   87cf8:	b9400026 	ldr	w6, [x1]
   87cfc:	8b180294 	add	x20, x20, x24
   87d00:	8b332a93 	add	x19, x20, w19, uxth #2
   87d04:	b9400267 	ldr	w7, [x19]
   87d08:	2a1903e4 	mov	w4, w25
   87d0c:	aa1503e3 	mov	x3, x21
   87d10:	52800082 	mov	w2, #0x4                   	// #4
   87d14:	aa1703e1 	mov	x1, x23
   87d18:	94000582 	bl	89320 <CLogger::Write(char const*, TLogSeverity, char const*, ...)>
   87d1c:	11000720 	add	w0, w25, #0x1
   87d20:	7100d73f 	cmp	w25, #0x35
   87d24:	54000220 	b.eq	87d68 <CGPIOPin::DumpStatus()+0xe8>  // b.none
   87d28:	71006c1f 	cmp	w0, #0x1b
   87d2c:	540000e9 	b.ls	87d48 <CGPIOPin::DumpStatus()+0xc8>  // b.plast
   87d30:	7100841f 	cmp	w0, #0x21
   87d34:	54000128 	b.hi	87d58 <CGPIOPin::DumpStatus()+0xd8>  // b.pmore
   87d38:	51006f33 	sub	w19, w25, #0x1b
   87d3c:	d2880014 	mov	x20, #0x4000                	// #16384
   87d40:	2a0003f9 	mov	w25, w0
   87d44:	17ffffe8 	b	87ce4 <CGPIOPin::DumpStatus()+0x64>
   87d48:	2a0003f3 	mov	w19, w0
   87d4c:	d2800014 	mov	x20, #0x0                   	// #0
   87d50:	2a0003f9 	mov	w25, w0
   87d54:	17ffffe4 	b	87ce4 <CGPIOPin::DumpStatus()+0x64>
   87d58:	51008733 	sub	w19, w25, #0x21
   87d5c:	d2900014 	mov	x20, #0x8000                	// #32768
   87d60:	2a0003f9 	mov	w25, w0
   87d64:	17ffffe0 	b	87ce4 <CGPIOPin::DumpStatus()+0x64>
   87d68:	f94023f9 	ldr	x25, [sp, #64]
   87d6c:	a94153f3 	ldp	x19, x20, [sp, #16]
   87d70:	a9425bf5 	ldp	x21, x22, [sp, #32]
   87d74:	a94363f7 	ldp	x23, x24, [sp, #48]
   87d78:	a8c57bfd 	ldp	x29, x30, [sp], #80
   87d7c:	d65f03c0 	ret
   87d80:	94000388 	bl	88ba0 <CLogger::Get()>
   87d84:	90000041 	adrp	x1, 8f000 <From+0x918>
   87d88:	a8c57bfd 	ldp	x29, x30, [sp], #80
   87d8c:	52800082 	mov	w2, #0x4                   	// #4
   87d90:	911fa021 	add	x1, x1, #0x7e8
   87d94:	910e0023 	add	x3, x1, #0x380
   87d98:	910d6021 	add	x1, x1, #0x358
   87d9c:	14000561 	b	89320 <CLogger::Write(char const*, TLogSeverity, char const*, ...)>

0000000000087da0 <CGPIOPin::SetAlternateFunction(unsigned int)>:
   87da0:	a9bf7bfd 	stp	x29, x30, [sp, #-16]!
   87da4:	910003fd 	mov	x29, sp
   87da8:	7100203f 	cmp	w1, #0x8
   87dac:	540003e8 	b.hi	87e28 <CGPIOPin::SetAlternateFunction(unsigned int)+0x88>  // b.pmore
   87db0:	b9400402 	ldr	w2, [x0, #4]
   87db4:	7100085f 	cmp	w2, #0x2
   87db8:	54000428 	b.hi	87e3c <CGPIOPin::SetAlternateFunction(unsigned int)+0x9c>  // b.pmore
   87dbc:	b9400803 	ldr	w3, [x0, #8]
   87dc0:	71007c7f 	cmp	w3, #0x1f
   87dc4:	54000468 	b.hi	87e50 <CGPIOPin::SetAlternateFunction(unsigned int)+0xb0>  // b.pmore
   87dc8:	d2800084 	mov	x4, #0x4                   	// #4
   87dcc:	531e7463 	lsl	w3, w3, #2
   87dd0:	53124442 	lsl	w2, w2, #14
   87dd4:	f2a001e4 	movk	x4, #0xf, lsl #16
   87dd8:	8b030042 	add	x2, x2, x3
   87ddc:	f2c003e4 	movk	x4, #0x1f, lsl #32
   87de0:	8b040042 	add	x2, x2, x4
   87de4:	b9400043 	ldr	w3, [x2]
   87de8:	12187863 	and	w3, w3, #0xffffff7f
   87dec:	321a0063 	orr	w3, w3, #0x40
   87df0:	b9000043 	str	w3, [x2]
   87df4:	29408800 	ldp	w0, w2, [x0, #4]
   87df8:	d1408084 	sub	x4, x4, #0x20, lsl #12
   87dfc:	531d7042 	lsl	w2, w2, #3
   87e00:	53124400 	lsl	w0, w0, #14
   87e04:	8b020000 	add	x0, x0, x2
   87e08:	8b040000 	add	x0, x0, x4
   87e0c:	b9400002 	ldr	w2, [x0]
   87e10:	121b6842 	and	w2, w2, #0xffffffe0
   87e14:	120e6442 	and	w2, w2, #0xfffc0fff
   87e18:	2a020021 	orr	w1, w1, w2
   87e1c:	b9000001 	str	w1, [x0]
   87e20:	a8c17bfd 	ldp	x29, x30, [sp], #16
   87e24:	d65f03c0 	ret
   87e28:	90000041 	adrp	x1, 8f000 <From+0x918>
   87e2c:	52804ec2 	mov	w2, #0x276                 	// #630
   87e30:	911fa021 	add	x1, x1, #0x7e8
   87e34:	910e6020 	add	x0, x1, #0x398
   87e38:	9400019a 	bl	884a0 <assertion_failed>
   87e3c:	90000041 	adrp	x1, 8f000 <From+0x918>
   87e40:	52804ee2 	mov	w2, #0x277                 	// #631
   87e44:	911fa021 	add	x1, x1, #0x7e8
   87e48:	9101e020 	add	x0, x1, #0x78
   87e4c:	94000195 	bl	884a0 <assertion_failed>
   87e50:	90000041 	adrp	x1, 8f000 <From+0x918>
   87e54:	52804f02 	mov	w2, #0x278                 	// #632
   87e58:	911fa021 	add	x1, x1, #0x7e8
   87e5c:	91024020 	add	x0, x1, #0x90
   87e60:	94000190 	bl	884a0 <assertion_failed>

0000000000087e64 <CGPIOPin::SetMode(TGPIOMode, bool)>:
   87e64:	a9bd7bfd 	stp	x29, x30, [sp, #-48]!
   87e68:	910003fd 	mov	x29, sp
   87e6c:	7100343f 	cmp	w1, #0xd
   87e70:	54000bac 	b.gt	87fe4 <CGPIOPin::SetMode(TGPIOMode, bool)+0x180>
   87e74:	aa0003e3 	mov	x3, x0
   87e78:	b9400404 	ldr	w4, [x0, #4]
   87e7c:	7100089f 	cmp	w4, #0x2
   87e80:	54000bc8 	b.hi	87ff8 <CGPIOPin::SetMode(TGPIOMode, bool)+0x194>  // b.pmore
   87e84:	b9400805 	ldr	w5, [x0, #8]
   87e88:	71007cbf 	cmp	w5, #0x1f
   87e8c:	54000c08 	b.hi	8800c <CGPIOPin::SetMode(TGPIOMode, bool)+0x1a8>  // b.pmore
   87e90:	b0000047 	adrp	x7, 90000 <FromPCIeHost+0x148>
   87e94:	394f00e7 	ldrb	w7, [x7, #960]
   87e98:	36000c47 	tbz	w7, #0, 88020 <CGPIOPin::SetMode(TGPIOMode, bool)+0x1bc>
   87e9c:	b9400c07 	ldr	w7, [x0, #12]
   87ea0:	b9000c01 	str	w1, [x0, #12]
   87ea4:	34000521 	cbz	w1, 87f48 <CGPIOPin::SetMode(TGPIOMode, bool)+0xe4>
   87ea8:	51001424 	sub	w4, w1, #0x5
   87eac:	12001c42 	and	w2, w2, #0xff
   87eb0:	2a0103e6 	mov	w6, w1
   87eb4:	7100209f 	cmp	w4, #0x8
   87eb8:	540007c9 	b.ls	87fb0 <CGPIOPin::SetMode(TGPIOMode, bool)+0x14c>  // b.plast
   87ebc:	7100005f 	cmp	w2, #0x0
   87ec0:	7a421820 	ccmp	w1, #0x2, #0x0, ne	// ne = any
   87ec4:	54000ce0 	b.eq	88060 <CGPIOPin::SetMode(TGPIOMode, bool)+0x1fc>  // b.none
   87ec8:	710000ff 	cmp	w7, #0x0
   87ecc:	7a4418e0 	ccmp	w7, #0x4, #0x0, ne	// ne = any
   87ed0:	540007ac 	b.gt	87fc4 <CGPIOPin::SetMode(TGPIOMode, bool)+0x160>
   87ed4:	b9400c61 	ldr	w1, [x3, #12]
   87ed8:	d2840005 	mov	x5, #0x2000                	// #8192
   87edc:	29409060 	ldp	w0, w4, [x3, #4]
   87ee0:	7100083f 	cmp	w1, #0x2
   87ee4:	d2860001 	mov	x1, #0x3000                	// #12288
   87ee8:	9a851021 	csel	x1, x1, x5, ne	// ne = any
   87eec:	d2800085 	mov	x5, #0x4                   	// #4
   87ef0:	53124400 	lsl	w0, w0, #14
   87ef4:	f2a001c5 	movk	x5, #0xe, lsl #16
   87ef8:	8b010000 	add	x0, x0, x1
   87efc:	f2c003e5 	movk	x5, #0x1f, lsl #32
   87f00:	d2800021 	mov	x1, #0x1                   	// #1
   87f04:	8b050000 	add	x0, x0, x5
   87f08:	9ac42024 	lsl	x4, x1, x4
   87f0c:	b9000004 	str	w4, [x0]
   87f10:	d5033f9f 	dsb	sy
   87f14:	360004a2 	tbz	w2, #0, 87fa8 <CGPIOPin::SetMode(TGPIOMode, bool)+0x144>
   87f18:	b9400c60 	ldr	w0, [x3, #12]
   87f1c:	71000c1f 	cmp	w0, #0x3
   87f20:	54000ba0 	b.eq	88094 <CGPIOPin::SetMode(TGPIOMode, bool)+0x230>  // b.none
   87f24:	54000948 	b.hi	8804c <CGPIOPin::SetMode(TGPIOMode, bool)+0x1e8>  // b.pmore
   87f28:	7100041f 	cmp	w0, #0x1
   87f2c:	54000ac0 	b.eq	88084 <CGPIOPin::SetMode(TGPIOMode, bool)+0x220>  // b.none
   87f30:	7100081f 	cmp	w0, #0x2
   87f34:	540003a1 	b.ne	87fa8 <CGPIOPin::SetMode(TGPIOMode, bool)+0x144>  // b.any
   87f38:	52800001 	mov	w1, #0x0                   	// #0
   87f3c:	a8c37bfd 	ldp	x29, x30, [sp], #48
   87f40:	aa0303e0 	mov	x0, x3
   87f44:	17fffc67 	b	870e0 <CGPIOPin::Write(unsigned int)>
   87f48:	d2800081 	mov	x1, #0x4                   	// #4
   87f4c:	531e74a5 	lsl	w5, w5, #2
   87f50:	53124484 	lsl	w4, w4, #14
   87f54:	f2a001e1 	movk	x1, #0xf, lsl #16
   87f58:	8b050084 	add	x4, x4, x5
   87f5c:	f2c003e1 	movk	x1, #0x1f, lsl #32
   87f60:	8b010084 	add	x4, x4, x1
   87f64:	b9400080 	ldr	w0, [x4]
   87f68:	12800902 	mov	w2, #0xffffffb7            	// #-73
   87f6c:	0a020000 	and	w0, w0, w2
   87f70:	52801082 	mov	w2, #0x84                  	// #132
   87f74:	2a020000 	orr	w0, w0, w2
   87f78:	b9000080 	str	w0, [x4]
   87f7c:	29408860 	ldp	w0, w2, [x3, #4]
   87f80:	d1408021 	sub	x1, x1, #0x20, lsl #12
   87f84:	531d7042 	lsl	w2, w2, #3
   87f88:	53124400 	lsl	w0, w0, #14
   87f8c:	8b020000 	add	x0, x0, x2
   87f90:	8b010000 	add	x0, x0, x1
   87f94:	b9400001 	ldr	w1, [x0]
   87f98:	129e03e2 	mov	w2, #0xffff0fe0            	// #-61472
   87f9c:	0a020021 	and	w1, w1, w2
   87fa0:	32001021 	orr	w1, w1, #0x1f
   87fa4:	b9000001 	str	w1, [x0]
   87fa8:	a8c37bfd 	ldp	x29, x30, [sp], #48
   87fac:	d65f03c0 	ret
   87fb0:	37000422 	tbnz	w2, #0, 88034 <CGPIOPin::SetMode(TGPIOMode, bool)+0x1d0>
   87fb4:	510014c1 	sub	w1, w6, #0x5
   87fb8:	a8c37bfd 	ldp	x29, x30, [sp], #48
   87fbc:	aa0303e0 	mov	x0, x3
   87fc0:	17ffff78 	b	87da0 <CGPIOPin::SetAlternateFunction(unsigned int)>
   87fc4:	aa0303e0 	mov	x0, x3
   87fc8:	528000a1 	mov	w1, #0x5                   	// #5
   87fcc:	f9000fe3 	str	x3, [sp, #24]
   87fd0:	b90023e2 	str	w2, [sp, #32]
   87fd4:	97ffff73 	bl	87da0 <CGPIOPin::SetAlternateFunction(unsigned int)>
   87fd8:	f9400fe3 	ldr	x3, [sp, #24]
   87fdc:	b94023e2 	ldr	w2, [sp, #32]
   87fe0:	17ffffbd 	b	87ed4 <CGPIOPin::SetMode(TGPIOMode, bool)+0x70>
   87fe4:	90000041 	adrp	x1, 8f000 <From+0x918>
   87fe8:	528016c2 	mov	w2, #0xb6                  	// #182
   87fec:	911fa021 	add	x1, x1, #0x7e8
   87ff0:	910ee020 	add	x0, x1, #0x3b8
   87ff4:	9400012b 	bl	884a0 <assertion_failed>
   87ff8:	90000041 	adrp	x1, 8f000 <From+0x918>
   87ffc:	528016e2 	mov	w2, #0xb7                  	// #183
   88000:	911fa021 	add	x1, x1, #0x7e8
   88004:	9101e020 	add	x0, x1, #0x78
   88008:	94000126 	bl	884a0 <assertion_failed>
   8800c:	f0000021 	adrp	x1, 8f000 <From+0x918>
   88010:	52801702 	mov	w2, #0xb8                  	// #184
   88014:	911fa021 	add	x1, x1, #0x7e8
   88018:	91024020 	add	x0, x1, #0x90
   8801c:	94000121 	bl	884a0 <assertion_failed>
   88020:	f0000021 	adrp	x1, 8f000 <From+0x918>
   88024:	52801722 	mov	w2, #0xb9                  	// #185
   88028:	911fa021 	add	x1, x1, #0x7e8
   8802c:	9102c020 	add	x0, x1, #0xb0
   88030:	9400011c 	bl	884a0 <assertion_failed>
   88034:	52800001 	mov	w1, #0x0                   	// #0
   88038:	f9000fe0 	str	x0, [sp, #24]
   8803c:	97fffb54 	bl	86d8c <CGPIOPin::SetPullMode(TGPIOPullMode)>
   88040:	f9400fe3 	ldr	x3, [sp, #24]
   88044:	b9400c66 	ldr	w6, [x3, #12]
   88048:	17ffffdb 	b	87fb4 <CGPIOPin::SetMode(TGPIOMode, bool)+0x150>
   8804c:	7100101f 	cmp	w0, #0x4
   88050:	54fffac1 	b.ne	87fa8 <CGPIOPin::SetMode(TGPIOMode, bool)+0x144>  // b.any
   88054:	aa0303e0 	mov	x0, x3
   88058:	a8c37bfd 	ldp	x29, x30, [sp], #48
   8805c:	17fffb4c 	b	86d8c <CGPIOPin::SetPullMode(TGPIOPullMode)>
   88060:	52800001 	mov	w1, #0x0                   	// #0
   88064:	b9001be7 	str	w7, [sp, #24]
   88068:	f90013e0 	str	x0, [sp, #32]
   8806c:	b9002fe2 	str	w2, [sp, #44]
   88070:	97fffb47 	bl	86d8c <CGPIOPin::SetPullMode(TGPIOPullMode)>
   88074:	f94013e3 	ldr	x3, [sp, #32]
   88078:	b9401be7 	ldr	w7, [sp, #24]
   8807c:	b9402fe2 	ldr	w2, [sp, #44]
   88080:	17ffff92 	b	87ec8 <CGPIOPin::SetMode(TGPIOMode, bool)+0x64>
   88084:	52800001 	mov	w1, #0x0                   	// #0
   88088:	a8c37bfd 	ldp	x29, x30, [sp], #48
   8808c:	aa0303e0 	mov	x0, x3
   88090:	17fffb3f 	b	86d8c <CGPIOPin::SetPullMode(TGPIOPullMode)>
   88094:	52800041 	mov	w1, #0x2                   	// #2
   88098:	a8c37bfd 	ldp	x29, x30, [sp], #48
   8809c:	aa0303e0 	mov	x0, x3
   880a0:	17fffb3b 	b	86d8c <CGPIOPin::SetPullMode(TGPIOPullMode)>

00000000000880a4 <CGPIOPin::CGPIOPin(unsigned int, TGPIOMode, CGPIOManager*)>:
   880a4:	a9be7bfd 	stp	x29, x30, [sp, #-32]!
   880a8:	910003fd 	mov	x29, sp
   880ac:	d2800404 	mov	x4, #0x20                  	// #32
   880b0:	f2c001c4 	movk	x4, #0xe, lsl #32
   880b4:	a90153f3 	stp	x19, x20, [sp, #16]
   880b8:	2a0203f4 	mov	w20, w2
   880bc:	d28006c2 	mov	x2, #0x36                  	// #54
   880c0:	f2c00062 	movk	x2, #0x3, lsl #32
   880c4:	aa0003f3 	mov	x19, x0
   880c8:	a9001002 	stp	x2, x4, [x0]
   880cc:	52800102 	mov	w2, #0x8                   	// #8
   880d0:	b9002c02 	str	w2, [x0, #44]
   880d4:	d2800102 	mov	x2, #0x8                   	// #8
   880d8:	f2c00022 	movk	x2, #0x1, lsl #32
   880dc:	a9017c03 	stp	x3, xzr, [x0, #16]
   880e0:	f9001802 	str	x2, [x0, #48]
   880e4:	97fffaeb 	bl	86c90 <CGPIOPin::AssignPin(unsigned int)>
   880e8:	2a1403e1 	mov	w1, w20
   880ec:	aa1303e0 	mov	x0, x19
   880f0:	a94153f3 	ldp	x19, x20, [sp, #16]
   880f4:	52800022 	mov	w2, #0x1                   	// #1
   880f8:	a8c27bfd 	ldp	x29, x30, [sp], #32
   880fc:	17ffff5a 	b	87e64 <CGPIOPin::SetMode(TGPIOMode, bool)>

0000000000088100 <CGPIOPin::InterruptHandler()>:
   88100:	a9bf7bfd 	stp	x29, x30, [sp, #-16]!
   88104:	910003fd 	mov	x29, sp
   88108:	b9400c01 	ldr	w1, [x0, #12]
   8810c:	51000c22 	sub	w2, w1, #0x3
   88110:	7100045f 	cmp	w2, #0x1
   88114:	7a418824 	ccmp	w1, #0x1, #0x4, hi	// hi = pmore
   88118:	540002e1 	b.ne	88174 <CGPIOPin::InterruptHandler()+0x74>  // b.any
   8811c:	b9402c01 	ldr	w1, [x0, #44]
   88120:	71001c3f 	cmp	w1, #0x7
   88124:	540000ec 	b.gt	88140 <CGPIOPin::InterruptHandler()+0x40>
   88128:	f9400c01 	ldr	x1, [x0, #24]
   8812c:	b40001a1 	cbz	x1, 88160 <CGPIOPin::InterruptHandler()+0x60>
   88130:	f9401000 	ldr	x0, [x0, #32]
   88134:	aa0103f0 	mov	x16, x1
   88138:	a8c17bfd 	ldp	x29, x30, [sp], #16
   8813c:	d61f0200 	br	x16
   88140:	b9403001 	ldr	w1, [x0, #48]
   88144:	71001c3f 	cmp	w1, #0x7
   88148:	54ffff0d 	b.le	88128 <CGPIOPin::InterruptHandler()+0x28>
   8814c:	f0000021 	adrp	x1, 8f000 <From+0x918>
   88150:	52805242 	mov	w2, #0x292                 	// #658
   88154:	911fa021 	add	x1, x1, #0x7e8
   88158:	910f4020 	add	x0, x1, #0x3d0
   8815c:	940000d1 	bl	884a0 <assertion_failed>
   88160:	f0000021 	adrp	x1, 8f000 <From+0x918>
   88164:	528052a2 	mov	w2, #0x295                 	// #661
   88168:	911fa021 	add	x1, x1, #0x7e8
   8816c:	91090020 	add	x0, x1, #0x240
   88170:	940000cc 	bl	884a0 <assertion_failed>
   88174:	f0000021 	adrp	x1, 8f000 <From+0x918>
   88178:	528051e2 	mov	w2, #0x28f                 	// #655
   8817c:	911fa021 	add	x1, x1, #0x7e8
   88180:	91058020 	add	x0, x1, #0x160
   88184:	940000c7 	bl	884a0 <assertion_failed>

0000000000088188 <CGPIOPin::DisableAllInterrupts(unsigned int)>:
   88188:	a9be7bfd 	stp	x29, x30, [sp, #-32]!
   8818c:	910003fd 	mov	x29, sp
   88190:	7100d41f 	cmp	w0, #0x35
   88194:	54000608 	b.hi	88254 <CGPIOPin::DisableAllInterrupts(unsigned int)+0xcc>  // b.pmore
   88198:	2a0003e1 	mov	w1, w0
   8819c:	71006c1f 	cmp	w0, #0x1b
   881a0:	54000269 	b.ls	881ec <CGPIOPin::DisableAllInterrupts(unsigned int)+0x64>  // b.plast
   881a4:	7100841f 	cmp	w0, #0x21
   881a8:	540004c8 	b.hi	88240 <CGPIOPin::DisableAllInterrupts(unsigned int)+0xb8>  // b.pmore
   881ac:	d2882384 	mov	x4, #0x411c                	// #16668
   881b0:	51007001 	sub	w1, w0, #0x1c
   881b4:	f2a001a4 	movk	x4, #0xd, lsl #16
   881b8:	f2c003e4 	movk	x4, #0x1f, lsl #32
   881bc:	90000043 	adrp	x3, 90000 <FromPCIeHost+0x148>
   881c0:	b943c860 	ldr	w0, [x3, #968]
   881c4:	35000200 	cbnz	w0, 88204 <CGPIOPin::DisableAllInterrupts(unsigned int)+0x7c>
   881c8:	b9400080 	ldr	w0, [x4]
   881cc:	d2800022 	mov	x2, #0x1                   	// #1
   881d0:	9ac12041 	lsl	x1, x2, x1
   881d4:	0a210000 	bic	w0, w0, w1
   881d8:	b9000080 	str	w0, [x4]
   881dc:	b943c860 	ldr	w0, [x3, #968]
   881e0:	350002c0 	cbnz	w0, 88238 <CGPIOPin::DisableAllInterrupts(unsigned int)+0xb0>
   881e4:	a8c27bfd 	ldp	x29, x30, [sp], #32
   881e8:	d65f03c0 	ret
   881ec:	d2802384 	mov	x4, #0x11c                 	// #284
   881f0:	90000043 	adrp	x3, 90000 <FromPCIeHost+0x148>
   881f4:	f2a001a4 	movk	x4, #0xd, lsl #16
   881f8:	b943c860 	ldr	w0, [x3, #968]
   881fc:	f2c003e4 	movk	x4, #0x1f, lsl #32
   88200:	34fffe40 	cbz	w0, 881c8 <CGPIOPin::DisableAllInterrupts(unsigned int)+0x40>
   88204:	f9000be4 	str	x4, [sp, #16]
   88208:	b9001fe1 	str	w1, [sp, #28]
   8820c:	97fff0b5 	bl	844e0 <EnterCritical>
   88210:	f9400be4 	ldr	x4, [sp, #16]
   88214:	90000043 	adrp	x3, 90000 <FromPCIeHost+0x148>
   88218:	b9401fe1 	ldr	w1, [sp, #28]
   8821c:	b9400080 	ldr	w0, [x4]
   88220:	d2800022 	mov	x2, #0x1                   	// #1
   88224:	9ac12041 	lsl	x1, x2, x1
   88228:	0a210000 	bic	w0, w0, w1
   8822c:	b9000080 	str	w0, [x4]
   88230:	b943c860 	ldr	w0, [x3, #968]
   88234:	34fffd80 	cbz	w0, 881e4 <CGPIOPin::DisableAllInterrupts(unsigned int)+0x5c>
   88238:	a8c27bfd 	ldp	x29, x30, [sp], #32
   8823c:	17fff0d9 	b	845a0 <LeaveCritical>
   88240:	d2902384 	mov	x4, #0x811c                	// #33052
   88244:	51008801 	sub	w1, w0, #0x22
   88248:	f2a001a4 	movk	x4, #0xd, lsl #16
   8824c:	f2c003e4 	movk	x4, #0x1f, lsl #32
   88250:	17ffffdb 	b	881bc <CGPIOPin::DisableAllInterrupts(unsigned int)+0x34>
   88254:	f0000021 	adrp	x1, 8f000 <From+0x918>
   88258:	52805362 	mov	w2, #0x29b                 	// #667
   8825c:	911fa021 	add	x1, x1, #0x7e8
   88260:	91108020 	add	x0, x1, #0x420
   88264:	9400008f 	bl	884a0 <assertion_failed>

0000000000088268 <CGPIOPin::Pin2Bank(unsigned int, unsigned int*, unsigned int*)>:
   88268:	a9bf7bfd 	stp	x29, x30, [sp, #-16]!
   8826c:	910003fd 	mov	x29, sp
   88270:	b4000321 	cbz	x1, 882d4 <CGPIOPin::Pin2Bank(unsigned int, unsigned int*, unsigned int*)+0x6c>
   88274:	b40003a2 	cbz	x2, 882e8 <CGPIOPin::Pin2Bank(unsigned int, unsigned int*, unsigned int*)+0x80>
   88278:	71006c1f 	cmp	w0, #0x1b
   8827c:	54000129 	b.ls	882a0 <CGPIOPin::Pin2Bank(unsigned int, unsigned int*, unsigned int*)+0x38>  // b.plast
   88280:	7100841f 	cmp	w0, #0x21
   88284:	54000188 	b.hi	882b4 <CGPIOPin::Pin2Bank(unsigned int, unsigned int*, unsigned int*)+0x4c>  // b.pmore
   88288:	52800023 	mov	w3, #0x1                   	// #1
   8828c:	51007000 	sub	w0, w0, #0x1c
   88290:	a8c17bfd 	ldp	x29, x30, [sp], #16
   88294:	b9000023 	str	w3, [x1]
   88298:	b9000040 	str	w0, [x2]
   8829c:	d65f03c0 	ret
   882a0:	52800003 	mov	w3, #0x0                   	// #0
   882a4:	a8c17bfd 	ldp	x29, x30, [sp], #16
   882a8:	b9000023 	str	w3, [x1]
   882ac:	b9000040 	str	w0, [x2]
   882b0:	d65f03c0 	ret
   882b4:	7100d41f 	cmp	w0, #0x35
   882b8:	54000228 	b.hi	882fc <CGPIOPin::Pin2Bank(unsigned int, unsigned int*, unsigned int*)+0x94>  // b.pmore
   882bc:	52800043 	mov	w3, #0x2                   	// #2
   882c0:	51008800 	sub	w0, w0, #0x22
   882c4:	a8c17bfd 	ldp	x29, x30, [sp], #16
   882c8:	b9000023 	str	w3, [x1]
   882cc:	b9000040 	str	w0, [x2]
   882d0:	d65f03c0 	ret
   882d4:	f0000021 	adrp	x1, 8f000 <From+0x918>
   882d8:	52805502 	mov	w2, #0x2a8                 	// #680
   882dc:	911fa021 	add	x1, x1, #0x7e8
   882e0:	9110e020 	add	x0, x1, #0x438
   882e4:	9400006f 	bl	884a0 <assertion_failed>
   882e8:	f0000021 	adrp	x1, 8f000 <From+0x918>
   882ec:	52805522 	mov	w2, #0x2a9                 	// #681
   882f0:	911fa021 	add	x1, x1, #0x7e8
   882f4:	91110020 	add	x0, x1, #0x440
   882f8:	9400006a 	bl	884a0 <assertion_failed>
   882fc:	f0000021 	adrp	x1, 8f000 <From+0x918>
   88300:	528056e2 	mov	w2, #0x2b7                 	// #695
   88304:	911fa021 	add	x1, x1, #0x7e8
   88308:	91114020 	add	x0, x1, #0x450
   8830c:	94000065 	bl	884a0 <assertion_failed>
	...

0000000000088320 <_GLOBAL__sub_I__ZN8CGPIOPin10s_SpinLockE>:
   88320:	90000040 	adrp	x0, 90000 <FromPCIeHost+0x148>
   88324:	52800021 	mov	w1, #0x1                   	// #1
   88328:	b903c801 	str	w1, [x0, #968]
   8832c:	d65f03c0 	ret
	...

0000000000088340 <malloc>:
   88340:	90000041 	adrp	x1, 90000 <FromPCIeHost+0x148>
   88344:	f9417c22 	ldr	x2, [x1, #760]
   88348:	aa0003e1 	mov	x1, x0
   8834c:	91006040 	add	x0, x2, #0x18
   88350:	17ffeede 	b	83ec8 <CHeapAllocator::Allocate(unsigned long)>
   88354:	d503201f 	nop
   88358:	d503201f 	nop
   8835c:	d503201f 	nop

0000000000088360 <memalign>:
   88360:	f101001f 	cmp	x0, #0x40
   88364:	540000a8 	b.hi	88378 <memalign+0x18>  // b.pmore
   88368:	90000040 	adrp	x0, 90000 <FromPCIeHost+0x148>
   8836c:	f9417c00 	ldr	x0, [x0, #760]
   88370:	91006000 	add	x0, x0, #0x18
   88374:	17ffeed5 	b	83ec8 <CHeapAllocator::Allocate(unsigned long)>
   88378:	f0000021 	adrp	x1, 8f000 <From+0x918>
   8837c:	a9bf7bfd 	stp	x29, x30, [sp, #-16]!
   88380:	52800422 	mov	w2, #0x21                  	// #33
   88384:	91312021 	add	x1, x1, #0xc48
   88388:	910003fd 	mov	x29, sp
   8838c:	91004020 	add	x0, x1, #0x10
   88390:	94000044 	bl	884a0 <assertion_failed>
   88394:	d503201f 	nop
   88398:	d503201f 	nop
   8839c:	d503201f 	nop

00000000000883a0 <free>:
   883a0:	aa0003e1 	mov	x1, x0
   883a4:	b24077e2 	mov	x2, #0x3fffffff            	// #1073741823
   883a8:	90000040 	adrp	x0, 90000 <FromPCIeHost+0x148>
   883ac:	f9417c00 	ldr	x0, [x0, #760]
   883b0:	eb02003f 	cmp	x1, x2
   883b4:	54000068 	b.hi	883c0 <free+0x20>  // b.pmore
   883b8:	91006000 	add	x0, x0, #0x18
   883bc:	17ffef21 	b	84040 <CHeapAllocator::Free(void*)>
   883c0:	91064000 	add	x0, x0, #0x190
   883c4:	17ffef1f 	b	84040 <CHeapAllocator::Free(void*)>

00000000000883c8 <calloc>:
   883c8:	9b007c21 	mul	x1, x1, x0
   883cc:	a9be7bfd 	stp	x29, x30, [sp, #-32]!
   883d0:	910003fd 	mov	x29, sp
   883d4:	f100003f 	cmp	x1, #0x0
   883d8:	9a9f1421 	csinc	x1, x1, xzr, ne	// ne = any
   883dc:	eb01001f 	cmp	x0, x1
   883e0:	54000208 	b.hi	88420 <calloc+0x58>  // b.pmore
   883e4:	90000040 	adrp	x0, 90000 <FromPCIeHost+0x148>
   883e8:	f9000be1 	str	x1, [sp, #16]
   883ec:	f9417c00 	ldr	x0, [x0, #760]
   883f0:	91006000 	add	x0, x0, #0x18
   883f4:	97ffeeb5 	bl	83ec8 <CHeapAllocator::Allocate(unsigned long)>
   883f8:	aa0003e3 	mov	x3, x0
   883fc:	b40000c0 	cbz	x0, 88414 <calloc+0x4c>
   88400:	f9400be2 	ldr	x2, [sp, #16]
   88404:	52800001 	mov	w1, #0x0                   	// #0
   88408:	f9000fe0 	str	x0, [sp, #24]
   8840c:	97ffecd3 	bl	83758 <memset>
   88410:	f9400fe3 	ldr	x3, [sp, #24]
   88414:	aa0303e0 	mov	x0, x3
   88418:	a8c27bfd 	ldp	x29, x30, [sp], #32
   8841c:	d65f03c0 	ret
   88420:	f0000021 	adrp	x1, 8f000 <From+0x918>
   88424:	52800622 	mov	w2, #0x31                  	// #49
   88428:	91312021 	add	x1, x1, #0xc48
   8842c:	9100c020 	add	x0, x1, #0x30
   88430:	9400001c 	bl	884a0 <assertion_failed>
   88434:	d503201f 	nop
   88438:	d503201f 	nop
   8843c:	d503201f 	nop

0000000000088440 <realloc>:
   88440:	90000042 	adrp	x2, 90000 <FromPCIeHost+0x148>
   88444:	f9417c43 	ldr	x3, [x2, #760]
   88448:	b24077e2 	mov	x2, #0x3fffffff            	// #1073741823
   8844c:	eb02001f 	cmp	x0, x2
   88450:	aa0103e2 	mov	x2, x1
   88454:	aa0003e1 	mov	x1, x0
   88458:	54000068 	b.hi	88464 <realloc+0x24>  // b.pmore
   8845c:	91006060 	add	x0, x3, #0x18
   88460:	17ffef3c 	b	84150 <CHeapAllocator::ReAllocate(void*, unsigned long)>
   88464:	91064060 	add	x0, x3, #0x190
   88468:	17ffef3a 	b	84150 <CHeapAllocator::ReAllocate(void*, unsigned long)>

000000000008846c <palloc>:
   8846c:	90000040 	adrp	x0, 90000 <FromPCIeHost+0x148>
   88470:	f9417c00 	ldr	x0, [x0, #760]
   88474:	910c2000 	add	x0, x0, #0x308
   88478:	14000c25 	b	8b50c <CPageAllocator::Allocate()>
   8847c:	d503201f 	nop

0000000000088480 <pfree>:
   88480:	90000041 	adrp	x1, 90000 <FromPCIeHost+0x148>
   88484:	f9417c22 	ldr	x2, [x1, #760]
   88488:	aa0003e1 	mov	x1, x0
   8848c:	910c2040 	add	x0, x2, #0x308
   88490:	14000c50 	b	8b5d0 <CPageAllocator::Free(void*)>
	...

00000000000884a0 <assertion_failed>:
   884a0:	a9bb7bfd 	stp	x29, x30, [sp, #-80]!
   884a4:	910003fd 	mov	x29, sp
   884a8:	a90153f3 	stp	x19, x20, [sp, #16]
   884ac:	aa0003f4 	mov	x20, x0
   884b0:	a9025bf5 	stp	x21, x22, [sp, #32]
   884b4:	aa0103f5 	mov	x21, x1
   884b8:	2a0203f6 	mov	w22, w2
   884bc:	910003f3 	mov	x19, sp
   884c0:	97fff512 	bl	85908 <CInterruptSystem::DisableFIQ()>
   884c4:	d50341ff 	msr	daifclr, #0x1
   884c8:	9100c3e0 	add	x0, sp, #0x30
   884cc:	9400054f 	bl	89a08 <CString::CString()>
   884d0:	d0000021 	adrp	x1, 8e000 <CExceptionHandler::Throw(unsigned int, TAbortFrame*)+0x240>
   884d4:	2a1603e3 	mov	w3, w22
   884d8:	aa1503e2 	mov	x2, x21
   884dc:	913f6021 	add	x1, x1, #0xfd8
   884e0:	9100c3e0 	add	x0, sp, #0x30
   884e4:	94000bc9 	bl	8b408 <CString::Format(char const*, ...)>
   884e8:	9100c3e0 	add	x0, sp, #0x30
   884ec:	94000581 	bl	89af0 <CString::operator char const*() const>
   884f0:	aa0003e1 	mov	x1, x0
   884f4:	aa1303e0 	mov	x0, x19
   884f8:	940000aa 	bl	887a0 <DebugStackTrace(unsigned long const*, char const*)>
   884fc:	940001a9 	bl	88ba0 <CLogger::Get()>
   88500:	aa0003f3 	mov	x19, x0
   88504:	9100c3e0 	add	x0, sp, #0x30
   88508:	9400057a 	bl	89af0 <CString::operator char const*() const>
   8850c:	d0000023 	adrp	x3, 8e000 <CExceptionHandler::Throw(unsigned int, TAbortFrame*)+0x240>
   88510:	aa0003e1 	mov	x1, x0
   88514:	aa1403e4 	mov	x4, x20
   88518:	913f8063 	add	x3, x3, #0xfe0
   8851c:	52800002 	mov	w2, #0x0                   	// #0
   88520:	aa1303e0 	mov	x0, x19
   88524:	9400037f 	bl	89320 <CLogger::Write(char const*, TLogSeverity, char const*, ...)>
   88528:	14000000 	b	88528 <assertion_failed+0x88>
	...

0000000000088540 <CBcmPropertyTags::CBcmPropertyTags(bool)>:
   88540:	2a0103e2 	mov	w2, w1
   88544:	52800101 	mov	w1, #0x8                   	// #8
   88548:	14001596 	b	8dba0 <CBcmMailBox::CBcmMailBox(unsigned int, bool)>

000000000008854c <CBcmPropertyTags::~CBcmPropertyTags()>:
   8854c:	14001598 	b	8dbac <CBcmMailBox::~CBcmMailBox()>

0000000000088550 <CBcmPropertyTags::GetTags(void*, unsigned int)>:
   88550:	a9bb7bfd 	stp	x29, x30, [sp, #-80]!
   88554:	910003fd 	mov	x29, sp
   88558:	a90153f3 	stp	x19, x20, [sp, #16]
   8855c:	a9025bf5 	stp	x21, x22, [sp, #32]
   88560:	f9001bf7 	str	x23, [sp, #48]
   88564:	b4000801 	cbz	x1, 88664 <CBcmPropertyTags::GetTags(void*, unsigned int)+0x114>
   88568:	2a0203f4 	mov	w20, w2
   8856c:	71003c5f 	cmp	w2, #0xf
   88570:	54000849 	b.ls	88678 <CBcmPropertyTags::GetTags(void*, unsigned int)+0x128>  // b.plast
   88574:	11003055 	add	w21, w2, #0xc
   88578:	f240069f 	tst	x20, #0x3
   8857c:	54000881 	b.ne	8868c <CBcmPropertyTags::GetTags(void*, unsigned int)+0x13c>  // b.any
   88580:	aa0003f7 	mov	x23, x0
   88584:	52800000 	mov	w0, #0x0                   	// #0
   88588:	aa0103f6 	mov	x22, x1
   8858c:	97ffefc6 	bl	844a4 <CMemorySystem::GetCoherentPage(unsigned int)>
   88590:	aa0003f3 	mov	x19, x0
   88594:	39000015 	strb	w21, [x0]
   88598:	d3483ea0 	ubfx	x0, x21, #8, #8
   8859c:	2a1403e2 	mov	w2, w20
   885a0:	aa1603e1 	mov	x1, x22
   885a4:	39000660 	strb	w0, [x19, #1]
   885a8:	d3505ea0 	ubfx	x0, x21, #16, #8
   885ac:	53187eb5 	lsr	w21, w21, #24
   885b0:	3900127f 	strb	wzr, [x19, #4]
   885b4:	39000e75 	strb	w21, [x19, #3]
   885b8:	91002275 	add	x21, x19, #0x8
   885bc:	39000a60 	strb	w0, [x19, #2]
   885c0:	aa1503e0 	mov	x0, x21
   885c4:	3900167f 	strb	wzr, [x19, #5]
   885c8:	39001a7f 	strb	wzr, [x19, #6]
   885cc:	39001e7f 	strb	wzr, [x19, #7]
   885d0:	f90027e2 	str	x2, [sp, #72]
   885d4:	97ffec75 	bl	837a8 <memcpy>
   885d8:	b8344abf 	str	wzr, [x21, w20, uxtw]
   885dc:	d5033f9f 	dsb	sy
   885e0:	32020674 	orr	w20, w19, #0xc0000000
   885e4:	aa1703e0 	mov	x0, x23
   885e8:	2a1403e1 	mov	w1, w20
   885ec:	940015a5 	bl	8dc80 <CBcmMailBox::WriteRead(unsigned int)>
   885f0:	6b14001f 	cmp	w0, w20
   885f4:	f94027e2 	ldr	x2, [sp, #72]
   885f8:	540000e0 	b.eq	88614 <CBcmPropertyTags::GetTags(void*, unsigned int)+0xc4>  // b.none
   885fc:	f9401bf7 	ldr	x23, [sp, #48]
   88600:	52800000 	mov	w0, #0x0                   	// #0
   88604:	a94153f3 	ldp	x19, x20, [sp, #16]
   88608:	a9425bf5 	ldp	x21, x22, [sp, #32]
   8860c:	a8c57bfd 	ldp	x29, x30, [sp], #80
   88610:	d65f03c0 	ret
   88614:	d5033fbf 	dmb	sy
   88618:	39401261 	ldrb	w1, [x19, #4]
   8861c:	39401660 	ldrb	w0, [x19, #5]
   88620:	aa002020 	orr	x0, x1, x0, lsl #8
   88624:	39401a61 	ldrb	w1, [x19, #6]
   88628:	aa014001 	orr	x1, x0, x1, lsl #16
   8862c:	39401e60 	ldrb	w0, [x19, #7]
   88630:	aa006020 	orr	x0, x1, x0, lsl #24
   88634:	52b00001 	mov	w1, #0x80000000            	// #-2147483648
   88638:	6b01001f 	cmp	w0, w1
   8863c:	54fffe01 	b.ne	885fc <CBcmPropertyTags::GetTags(void*, unsigned int)+0xac>  // b.any
   88640:	aa1503e1 	mov	x1, x21
   88644:	aa1603e0 	mov	x0, x22
   88648:	97ffec58 	bl	837a8 <memcpy>
   8864c:	f9401bf7 	ldr	x23, [sp, #48]
   88650:	52800020 	mov	w0, #0x1                   	// #1
   88654:	a94153f3 	ldp	x19, x20, [sp, #16]
   88658:	a9425bf5 	ldp	x21, x22, [sp, #32]
   8865c:	a8c57bfd 	ldp	x29, x30, [sp], #80
   88660:	d65f03c0 	ret
   88664:	f0000021 	adrp	x1, 8f000 <From+0x918>
   88668:	52800962 	mov	w2, #0x4b                  	// #75
   8866c:	91324021 	add	x1, x1, #0xc90
   88670:	91006020 	add	x0, x1, #0x18
   88674:	97ffff8b 	bl	884a0 <assertion_failed>
   88678:	f0000021 	adrp	x1, 8f000 <From+0x918>
   8867c:	52800982 	mov	w2, #0x4c                  	// #76
   88680:	91324021 	add	x1, x1, #0xc90
   88684:	9100a020 	add	x0, x1, #0x28
   88688:	97ffff86 	bl	884a0 <assertion_failed>
   8868c:	f0000021 	adrp	x1, 8f000 <From+0x918>
   88690:	528009c2 	mov	w2, #0x4e                  	// #78
   88694:	91324021 	add	x1, x1, #0xc90
   88698:	91016020 	add	x0, x1, #0x58
   8869c:	97ffff81 	bl	884a0 <assertion_failed>

00000000000886a0 <CBcmPropertyTags::GetTag(unsigned int, void*, unsigned int, unsigned int)>:
   886a0:	a9be7bfd 	stp	x29, x30, [sp, #-32]!
   886a4:	910003fd 	mov	x29, sp
   886a8:	f9000bf3 	str	x19, [sp, #16]
   886ac:	b4000662 	cbz	x2, 88778 <CBcmPropertyTags::GetTag(unsigned int, void*, unsigned int, unsigned int)+0xd8>
   886b0:	71003c7f 	cmp	w3, #0xf
   886b4:	540006c9 	b.ls	8878c <CBcmPropertyTags::GetTag(unsigned int, void*, unsigned int, unsigned int)+0xec>  // b.plast
   886b8:	aa0203f3 	mov	x19, x2
   886bc:	39000041 	strb	w1, [x2]
   886c0:	d3483c22 	ubfx	x2, x1, #8, #8
   886c4:	39000662 	strb	w2, [x19, #1]
   886c8:	d3505c22 	ubfx	x2, x1, #16, #8
   886cc:	53187c21 	lsr	w1, w1, #24
   886d0:	39002264 	strb	w4, [x19, #8]
   886d4:	39000e61 	strb	w1, [x19, #3]
   886d8:	51003061 	sub	w1, w3, #0xc
   886dc:	39000a62 	strb	w2, [x19, #2]
   886e0:	d3483c22 	ubfx	x2, x1, #8, #8
   886e4:	39001261 	strb	w1, [x19, #4]
   886e8:	39001662 	strb	w2, [x19, #5]
   886ec:	d3505c22 	ubfx	x2, x1, #16, #8
   886f0:	53187c21 	lsr	w1, w1, #24
   886f4:	39001e61 	strb	w1, [x19, #7]
   886f8:	d3483c81 	ubfx	x1, x4, #8, #8
   886fc:	39001a62 	strb	w2, [x19, #6]
   88700:	2a0303e2 	mov	w2, w3
   88704:	39002661 	strb	w1, [x19, #9]
   88708:	d3505c81 	ubfx	x1, x4, #16, #8
   8870c:	d3587884 	ubfx	x4, x4, #24, #7
   88710:	39002a61 	strb	w1, [x19, #10]
   88714:	aa1303e1 	mov	x1, x19
   88718:	39002e64 	strb	w4, [x19, #11]
   8871c:	97ffff8d 	bl	88550 <CBcmPropertyTags::GetTags(void*, unsigned int)>
   88720:	12001c01 	and	w1, w0, #0xff
   88724:	36000220 	tbz	w0, #0, 88768 <CBcmPropertyTags::GetTag(unsigned int, void*, unsigned int, unsigned int)+0xc8>
   88728:	39402261 	ldrb	w1, [x19, #8]
   8872c:	39402660 	ldrb	w0, [x19, #9]
   88730:	aa002020 	orr	x0, x1, x0, lsl #8
   88734:	39402a61 	ldrb	w1, [x19, #10]
   88738:	aa014001 	orr	x1, x0, x1, lsl #16
   8873c:	39402e60 	ldrb	w0, [x19, #11]
   88740:	aa006020 	orr	x0, x1, x0, lsl #24
   88744:	53083c01 	ubfx	w1, w0, #8, #8
   88748:	f240781f 	tst	x0, #0x7fffffff
   8874c:	39002260 	strb	w0, [x19, #8]
   88750:	39002661 	strb	w1, [x19, #9]
   88754:	53105c01 	ubfx	w1, w0, #16, #8
   88758:	39002a61 	strb	w1, [x19, #10]
   8875c:	53187801 	ubfx	w1, w0, #24, #7
   88760:	39002e61 	strb	w1, [x19, #11]
   88764:	1a9f07e1 	cset	w1, ne	// ne = any
   88768:	f9400bf3 	ldr	x19, [sp, #16]
   8876c:	2a0103e0 	mov	w0, w1
   88770:	a8c27bfd 	ldp	x29, x30, [sp], #32
   88774:	d65f03c0 	ret
   88778:	f0000021 	adrp	x1, 8f000 <From+0x918>
   8877c:	52800662 	mov	w2, #0x33                  	// #51
   88780:	91324021 	add	x1, x1, #0xc90
   88784:	9101c020 	add	x0, x1, #0x70
   88788:	97ffff46 	bl	884a0 <assertion_failed>
   8878c:	f0000021 	adrp	x1, 8f000 <From+0x918>
   88790:	52800682 	mov	w2, #0x34                  	// #52
   88794:	91324021 	add	x1, x1, #0xc90
   88798:	91020020 	add	x0, x1, #0x80
   8879c:	97ffff41 	bl	884a0 <assertion_failed>

00000000000887a0 <DebugStackTrace(unsigned long const*, char const*)>:
   887a0:	a9bc7bfd 	stp	x29, x30, [sp, #-64]!
   887a4:	910003fd 	mov	x29, sp
   887a8:	f100003f 	cmp	x1, #0x0
   887ac:	a9025bf5 	stp	x21, x22, [sp, #32]
   887b0:	d0000035 	adrp	x21, 8e000 <CExceptionHandler::Throw(unsigned int, TAbortFrame*)+0x240>
   887b4:	b2404bf6 	mov	x22, #0x7ffff               	// #524287
   887b8:	910472b5 	add	x21, x21, #0x11c
   887bc:	a90363f7 	stp	x23, x24, [sp, #48]
   887c0:	f0000037 	adrp	x23, 8f000 <From+0x918>
   887c4:	d0000038 	adrp	x24, 8e000 <CExceptionHandler::Throw(unsigned int, TAbortFrame*)+0x240>
   887c8:	9134e2f7 	add	x23, x23, #0xd38
   887cc:	913fe318 	add	x24, x24, #0xff8
   887d0:	9a8102f7 	csel	x23, x23, x1, eq	// eq = none
   887d4:	a90153f3 	stp	x19, x20, [sp, #16]
   887d8:	aa0003f4 	mov	x20, x0
   887dc:	d2800013 	mov	x19, #0x0                   	// #0
   887e0:	14000004 	b	887f0 <DebugStackTrace(unsigned long const*, char const*)+0x50>
   887e4:	91000673 	add	x19, x19, #0x1
   887e8:	f101027f 	cmp	x19, #0x40
   887ec:	54000220 	b.eq	88830 <DebugStackTrace(unsigned long const*, char const*)+0x90>  // b.none
   887f0:	f8737a80 	ldr	x0, [x20, x19, lsl #3]
   887f4:	eb15001f 	cmp	x0, x21
   887f8:	fa563000 	ccmp	x0, x22, #0x0, cc	// cc = lo, ul, last
   887fc:	54ffff49 	b.ls	887e4 <DebugStackTrace(unsigned long const*, char const*)+0x44>  // b.plast
   88800:	f240041f 	tst	x0, #0x3
   88804:	54ffff01 	b.ne	887e4 <DebugStackTrace(unsigned long const*, char const*)+0x44>  // b.any
   88808:	940000e6 	bl	88ba0 <CLogger::Get()>
   8880c:	f8737a85 	ldr	x5, [x20, x19, lsl #3]
   88810:	2a1303e4 	mov	w4, w19
   88814:	aa1803e3 	mov	x3, x24
   88818:	52800082 	mov	w2, #0x4                   	// #4
   8881c:	aa1703e1 	mov	x1, x23
   88820:	91000673 	add	x19, x19, #0x1
   88824:	940002bf 	bl	89320 <CLogger::Write(char const*, TLogSeverity, char const*, ...)>
   88828:	f101027f 	cmp	x19, #0x40
   8882c:	54fffe21 	b.ne	887f0 <DebugStackTrace(unsigned long const*, char const*)+0x50>  // b.any
   88830:	a94153f3 	ldp	x19, x20, [sp, #16]
   88834:	a9425bf5 	ldp	x21, x22, [sp, #32]
   88838:	a94363f7 	ldp	x23, x24, [sp, #48]
   8883c:	a8c47bfd 	ldp	x29, x30, [sp], #64
   88840:	d65f03c0 	ret

0000000000088844 <DebugHexDump(void const*, unsigned int, char const*, unsigned int)>:
   88844:	a9b17bfd 	stp	x29, x30, [sp, #-240]!
   88848:	910003fd 	mov	x29, sp
   8884c:	f100005f 	cmp	x2, #0x0
   88850:	a90573fb 	stp	x27, x28, [sp, #80]
   88854:	aa0003fb 	mov	x27, x0
   88858:	f0000020 	adrp	x0, 8f000 <From+0x918>
   8885c:	9134e000 	add	x0, x0, #0xd38
   88860:	9a820000 	csel	x0, x0, x2, eq	// eq = none
   88864:	a90153f3 	stp	x19, x20, [sp, #16]
   88868:	2a0303f3 	mov	w19, w3
   8886c:	a9025bf5 	stp	x21, x22, [sp, #32]
   88870:	2a0103f5 	mov	w21, w1
   88874:	f9003be0 	str	x0, [sp, #112]
   88878:	37000d93 	tbnz	w19, #0, 88a28 <DebugHexDump(void const*, unsigned int, char const*, unsigned int)+0x1e4>
   8887c:	34000b35 	cbz	w21, 889e0 <DebugHexDump(void const*, unsigned int, char const*, unsigned int)+0x19c>
   88880:	d3420a60 	ubfx	x0, x19, #2, #1
   88884:	a90363f7 	stp	x23, x24, [sp, #48]
   88888:	f0000037 	adrp	x23, 8f000 <From+0x918>
   8888c:	aa1b03f4 	mov	x20, x27
   88890:	9100e2f7 	add	x23, x23, #0x38
   88894:	52800418 	mov	w24, #0x20                  	// #32
   88898:	f9003fe0 	str	x0, [sp, #120]
   8889c:	121f0260 	and	w0, w19, #0x2
   888a0:	a9046bf9 	stp	x25, x26, [sp, #64]
   888a4:	121e0279 	and	w25, w19, #0x4
   888a8:	528005da 	mov	w26, #0x2e                  	// #46
   888ac:	b90087e0 	str	w0, [sp, #132]
   888b0:	f0000020 	adrp	x0, 8f000 <From+0x918>
   888b4:	91012000 	add	x0, x0, #0x48
   888b8:	f90047e0 	str	x0, [sp, #136]
   888bc:	f0000020 	adrp	x0, 8f000 <From+0x918>
   888c0:	91010000 	add	x0, x0, #0x40
   888c4:	f90037e0 	str	x0, [sp, #104]
   888c8:	910243e0 	add	x0, sp, #0x90
   888cc:	d280001c 	mov	x28, #0x0                   	// #0
   888d0:	9400044e 	bl	89a08 <CString::CString()>
   888d4:	9102c3e0 	add	x0, sp, #0xb0
   888d8:	528005b6 	mov	w22, #0x2d                  	// #45
   888dc:	9400044b 	bl	89a08 <CString::CString()>
   888e0:	910343e0 	add	x0, sp, #0xd0
   888e4:	2a1c03f3 	mov	w19, w28
   888e8:	94000448 	bl	89a08 <CString::CString()>
   888ec:	387c6a83 	ldrb	w3, [x20, x28]
   888f0:	f100239f 	cmp	x28, #0x8
   888f4:	aa1703e1 	mov	x1, x23
   888f8:	910343e0 	add	x0, sp, #0xd0
   888fc:	1a961302 	csel	w2, w24, w22, ne	// ne = any
   88900:	94000ac2 	bl	8b408 <CString::Format(char const*, ...)>
   88904:	910343e0 	add	x0, sp, #0xd0
   88908:	9400047a 	bl	89af0 <CString::operator char const*() const>
   8890c:	aa0003e1 	mov	x1, x0
   88910:	910243e0 	add	x0, sp, #0x90
   88914:	940004d7 	bl	89c70 <CString::Append(char const*)>
   88918:	34000119 	cbz	w25, 88938 <DebugHexDump(void const*, unsigned int, char const*, unsigned int)+0xf4>
   8891c:	387c6a81 	ldrb	w1, [x20, x28]
   88920:	51008020 	sub	w0, w1, #0x20
   88924:	12001c00 	and	w0, w0, #0xff
   88928:	71017c1f 	cmp	w0, #0x5f
   8892c:	9102c3e0 	add	x0, sp, #0xb0
   88930:	1a9a3021 	csel	w1, w1, w26, cc	// cc = lo, ul, last
   88934:	9400050f 	bl	89d70 <CString::Append(char)>
   88938:	11000673 	add	w19, w19, #0x1
   8893c:	910343e0 	add	x0, sp, #0xd0
   88940:	6b15027f 	cmp	w19, w21
   88944:	54000582 	b.cs	889f4 <DebugHexDump(void const*, unsigned int, char const*, unsigned int)+0x1b0>  // b.hs, b.nlast
   88948:	9100079c 	add	x28, x28, #0x1
   8894c:	940003f5 	bl	89920 <CString::~CString()>
   88950:	f100439f 	cmp	x28, #0x10
   88954:	54fffc61 	b.ne	888e0 <DebugHexDump(void const*, unsigned int, char const*, unsigned int)+0x9c>  // b.any
   88958:	b9407be0 	ldr	w0, [sp, #120]
   8895c:	7100001f 	cmp	w0, #0x0
   88960:	7a4f1aa2 	ccmp	w21, #0xf, #0x2, ne	// ne = any
   88964:	54000529 	b.ls	88a08 <DebugHexDump(void const*, unsigned int, char const*, unsigned int)+0x1c4>  // b.plast
   88968:	b94087e0 	ldr	w0, [sp, #132]
   8896c:	cb1b0293 	sub	x19, x20, x27
   88970:	7100001f 	cmp	w0, #0x0
   88974:	9a940273 	csel	x19, x19, x20, eq	// eq = none
   88978:	91004294 	add	x20, x20, #0x10
   8897c:	94000089 	bl	88ba0 <CLogger::Get()>
   88980:	aa0003f6 	mov	x22, x0
   88984:	910243e0 	add	x0, sp, #0x90
   88988:	940004ae 	bl	89c40 <CString::c_str() const>
   8898c:	aa0003e5 	mov	x5, x0
   88990:	9102c3e0 	add	x0, sp, #0xb0
   88994:	f90033e5 	str	x5, [sp, #96]
   88998:	940004aa 	bl	89c40 <CString::c_str() const>
   8899c:	f94033e5 	ldr	x5, [sp, #96]
   889a0:	aa0003e6 	mov	x6, x0
   889a4:	92403e64 	and	x4, x19, #0xffff
   889a8:	52800082 	mov	w2, #0x4                   	// #4
   889ac:	aa1603e0 	mov	x0, x22
   889b0:	f9403be1 	ldr	x1, [sp, #112]
   889b4:	f94047e3 	ldr	x3, [sp, #136]
   889b8:	9400025a 	bl	89320 <CLogger::Write(char const*, TLogSeverity, char const*, ...)>
   889bc:	710042b5 	subs	w21, w21, #0x10
   889c0:	9102c3e0 	add	x0, sp, #0xb0
   889c4:	1a9f22b5 	csel	w21, w21, wzr, cs	// cs = hs, nlast
   889c8:	940003d6 	bl	89920 <CString::~CString()>
   889cc:	910243e0 	add	x0, sp, #0x90
   889d0:	940003d4 	bl	89920 <CString::~CString()>
   889d4:	35fff7b5 	cbnz	w21, 888c8 <DebugHexDump(void const*, unsigned int, char const*, unsigned int)+0x84>
   889d8:	a94363f7 	ldp	x23, x24, [sp, #48]
   889dc:	a9446bf9 	ldp	x25, x26, [sp, #64]
   889e0:	a94153f3 	ldp	x19, x20, [sp, #16]
   889e4:	a9425bf5 	ldp	x21, x22, [sp, #32]
   889e8:	a94573fb 	ldp	x27, x28, [sp, #80]
   889ec:	a8cf7bfd 	ldp	x29, x30, [sp], #240
   889f0:	d65f03c0 	ret
   889f4:	940003cb 	bl	89920 <CString::~CString()>
   889f8:	b9407be0 	ldr	w0, [sp, #120]
   889fc:	7100001f 	cmp	w0, #0x0
   88a00:	7a4f1aa2 	ccmp	w21, #0xf, #0x2, ne	// ne = any
   88a04:	54fffb28 	b.hi	88968 <DebugHexDump(void const*, unsigned int, char const*, unsigned int)+0x124>  // b.pmore
   88a08:	52800213 	mov	w19, #0x10                  	// #16
   88a0c:	4b150273 	sub	w19, w19, w21
   88a10:	f94037e1 	ldr	x1, [sp, #104]
   88a14:	910243e0 	add	x0, sp, #0x90
   88a18:	94000496 	bl	89c70 <CString::Append(char const*)>
   88a1c:	71000673 	subs	w19, w19, #0x1
   88a20:	54ffff81 	b.ne	88a10 <DebugHexDump(void const*, unsigned int, char const*, unsigned int)+0x1cc>  // b.any
   88a24:	17ffffd1 	b	88968 <DebugHexDump(void const*, unsigned int, char const*, unsigned int)+0x124>
   88a28:	9400005e 	bl	88ba0 <CLogger::Get()>
   88a2c:	f0000023 	adrp	x3, 8f000 <From+0x918>
   88a30:	f9403be1 	ldr	x1, [sp, #112]
   88a34:	aa1b03e5 	mov	x5, x27
   88a38:	2a1503e4 	mov	w4, w21
   88a3c:	91004063 	add	x3, x3, #0x10
   88a40:	52800082 	mov	w2, #0x4                   	// #4
   88a44:	94000237 	bl	89320 <CLogger::Write(char const*, TLogSeverity, char const*, ...)>
   88a48:	17ffff8d 	b	8887c <DebugHexDump(void const*, unsigned int, char const*, unsigned int)+0x38>
	...

0000000000088a80 <DelayLoop>:
   88a80:	2a0103e1 	mov	w1, w1
   88a84:	2a0203e2 	mov	w2, w2
   88a88:	71000400 	subs	w0, w0, #0x1
   88a8c:	54ffffa1 	b.ne	88a80 <DelayLoop>  // b.any
   88a90:	d65f03c0 	ret
	...

0000000000088aa0 <CLogger::CLogger(unsigned int, CTimer*, bool)>:
   88aa0:	a9be7bfd 	stp	x29, x30, [sp, #-32]!
   88aa4:	910003fd 	mov	x29, sp
   88aa8:	f9000bf3 	str	x19, [sp, #16]
   88aac:	aa0003f3 	mov	x19, x0
   88ab0:	39004003 	strb	w3, [x0, #16]
   88ab4:	52800020 	mov	w0, #0x1                   	// #1
   88ab8:	b9000261 	str	w1, [x19]
   88abc:	f9000662 	str	x2, [x19, #8]
   88ac0:	f9000e7f 	str	xzr, [x19, #24]
   88ac4:	f900167f 	str	xzr, [x19, #40]
   88ac8:	b9003260 	str	w0, [x19, #48]
   88acc:	f900e67f 	str	xzr, [x19, #456]
   88ad0:	b901d260 	str	w0, [x19, #464]
   88ad4:	d2880000 	mov	x0, #0x4000                	// #16384
   88ad8:	a91dfe7f 	stp	xzr, xzr, [x19, #472]
   88adc:	97ffebd1 	bl	83a20 <operator new[](unsigned long)>
   88ae0:	f9001260 	str	x0, [x19, #32]
   88ae4:	90000040 	adrp	x0, 90000 <FromPCIeHost+0x148>
   88ae8:	f901e813 	str	x19, [x0, #976]
   88aec:	f9400bf3 	ldr	x19, [sp, #16]
   88af0:	a8c27bfd 	ldp	x29, x30, [sp], #32
   88af4:	d65f03c0 	ret
   88af8:	d503201f 	nop
   88afc:	d503201f 	nop

0000000000088b00 <CLogger::~CLogger()>:
   88b00:	a9be7bfd 	stp	x29, x30, [sp, #-32]!
   88b04:	910003fd 	mov	x29, sp
   88b08:	f9000bf3 	str	x19, [sp, #16]
   88b0c:	aa0003f3 	mov	x19, x0
   88b10:	90000040 	adrp	x0, 90000 <FromPCIeHost+0x148>
   88b14:	b941ca62 	ldr	w2, [x19, #456]
   88b18:	f901e81f 	str	xzr, [x0, #976]
   88b1c:	b941ce61 	ldr	w1, [x19, #460]
   88b20:	1400000c 	b	88b50 <CLogger::~CLogger()+0x50>
   88b24:	8b214e60 	add	x0, x19, w1, uxtw #3
   88b28:	f9401c00 	ldr	x0, [x0, #56]
   88b2c:	b40000a0 	cbz	x0, 88b40 <CLogger::~CLogger()+0x40>
   88b30:	d2802201 	mov	x1, #0x110                 	// #272
   88b34:	97ffebd7 	bl	83a90 <operator delete(void*, unsigned long)>
   88b38:	b941ca62 	ldr	w2, [x19, #456]
   88b3c:	b941ce61 	ldr	w1, [x19, #460]
   88b40:	11000421 	add	w1, w1, #0x1
   88b44:	b901ce61 	str	w1, [x19, #460]
   88b48:	7100c83f 	cmp	w1, #0x32
   88b4c:	54000100 	b.eq	88b6c <CLogger::~CLogger()+0x6c>  // b.none
   88b50:	6b02003f 	cmp	w1, w2
   88b54:	54fffe81 	b.ne	88b24 <CLogger::~CLogger()+0x24>  // b.any
   88b58:	f9401260 	ldr	x0, [x19, #32]
   88b5c:	b40000e0 	cbz	x0, 88b78 <CLogger::~CLogger()+0x78>
   88b60:	f9400bf3 	ldr	x19, [sp, #16]
   88b64:	a8c27bfd 	ldp	x29, x30, [sp], #32
   88b68:	17ffebc0 	b	83a68 <operator delete[](void*)>
   88b6c:	52800001 	mov	w1, #0x0                   	// #0
   88b70:	b901ce7f 	str	wzr, [x19, #460]
   88b74:	17fffff7 	b	88b50 <CLogger::~CLogger()+0x50>
   88b78:	f9400bf3 	ldr	x19, [sp, #16]
   88b7c:	a8c27bfd 	ldp	x29, x30, [sp], #32
   88b80:	d65f03c0 	ret

0000000000088b84 <CLogger::SetNewTarget(CDevice*)>:
   88b84:	f9000c01 	str	x1, [x0, #24]
   88b88:	d65f03c0 	ret

0000000000088b8c <CLogger::GetTarget() const>:
   88b8c:	f9400c00 	ldr	x0, [x0, #24]
   88b90:	d65f03c0 	ret
   88b94:	d503201f 	nop
   88b98:	d503201f 	nop
   88b9c:	d503201f 	nop

0000000000088ba0 <CLogger::Get()>:
   88ba0:	90000042 	adrp	x2, 90000 <FromPCIeHost+0x148>
   88ba4:	f941e841 	ldr	x1, [x2, #976]
   88ba8:	b4000061 	cbz	x1, 88bb4 <CLogger::Get()+0x14>
   88bac:	aa0103e0 	mov	x0, x1
   88bb0:	d65f03c0 	ret
   88bb4:	a9be7bfd 	stp	x29, x30, [sp, #-32]!
   88bb8:	d2803d00 	mov	x0, #0x1e8                 	// #488
   88bbc:	910003fd 	mov	x29, sp
   88bc0:	97ffeb92 	bl	83a08 <operator new(unsigned long)>
   88bc4:	aa0003e1 	mov	x1, x0
   88bc8:	a9007c1f 	stp	xzr, xzr, [x0]
   88bcc:	d2800020 	mov	x0, #0x1                   	// #1
   88bd0:	a9017c20 	stp	x0, xzr, [x1, #16]
   88bd4:	a902803f 	stp	xzr, x0, [x1, #40]
   88bd8:	a91c803f 	stp	xzr, x0, [x1, #456]
   88bdc:	d2880000 	mov	x0, #0x4000                	// #16384
   88be0:	a91dfc3f 	stp	xzr, xzr, [x1, #472]
   88be4:	f9000fe1 	str	x1, [sp, #24]
   88be8:	97ffeb8e 	bl	83a20 <operator new[](unsigned long)>
   88bec:	f9400fe1 	ldr	x1, [sp, #24]
   88bf0:	90000042 	adrp	x2, 90000 <FromPCIeHost+0x148>
   88bf4:	f901e841 	str	x1, [x2, #976]
   88bf8:	f9001020 	str	x0, [x1, #32]
   88bfc:	aa0103e0 	mov	x0, x1
   88c00:	a8c27bfd 	ldp	x29, x30, [sp], #32
   88c04:	d65f03c0 	ret

0000000000088c08 <CLogger::Write(char const*)>:
   88c08:	a9bd7bfd 	stp	x29, x30, [sp, #-48]!
   88c0c:	910003fd 	mov	x29, sp
   88c10:	a90153f3 	stp	x19, x20, [sp, #16]
   88c14:	aa0003f3 	mov	x19, x0
   88c18:	aa0103e0 	mov	x0, x1
   88c1c:	aa0103f4 	mov	x20, x1
   88c20:	f90013f5 	str	x21, [sp, #32]
   88c24:	97ffe90a 	bl	8304c <strlen>
   88c28:	aa0003f5 	mov	x21, x0
   88c2c:	f9400e60 	ldr	x0, [x19, #24]
   88c30:	b40000c0 	cbz	x0, 88c48 <CLogger::Write(char const*)+0x40>
   88c34:	f9400001 	ldr	x1, [x0]
   88c38:	aa1503e2 	mov	x2, x21
   88c3c:	f9400c23 	ldr	x3, [x1, #24]
   88c40:	aa1403e1 	mov	x1, x20
   88c44:	d63f0060 	blr	x3
   88c48:	b9403260 	ldr	w0, [x19, #48]
   88c4c:	35000440 	cbnz	w0, 88cd4 <CLogger::Write(char const*)+0xcc>
   88c50:	b40003b5 	cbz	x21, 88cc4 <CLogger::Write(char const*)+0xbc>
   88c54:	aa1403e1 	mov	x1, x20
   88c58:	8b150282 	add	x2, x20, x21
   88c5c:	14000004 	b	88c6c <CLogger::Write(char const*)+0x64>
   88c60:	91000421 	add	x1, x1, #0x1
   88c64:	eb02003f 	cmp	x1, x2
   88c68:	540002a0 	b.eq	88cbc <CLogger::Write(char const*)+0xb4>  // b.none
   88c6c:	39c00023 	ldrsb	w3, [x1]
   88c70:	7100347f 	cmp	w3, #0xd
   88c74:	54ffff60 	b.eq	88c60 <CLogger::Write(char const*)+0x58>  // b.none
   88c78:	f9401265 	ldr	x5, [x19, #32]
   88c7c:	b9402a64 	ldr	w4, [x19, #40]
   88c80:	382468a3 	strb	w3, [x5, x4]
   88c84:	29451263 	ldp	w3, w4, [x19, #40]
   88c88:	11000463 	add	w3, w3, #0x1
   88c8c:	12003463 	and	w3, w3, #0x3fff
   88c90:	b9002a63 	str	w3, [x19, #40]
   88c94:	6b04007f 	cmp	w3, w4
   88c98:	54fffe41 	b.ne	88c60 <CLogger::Write(char const*)+0x58>  // b.any
   88c9c:	39404260 	ldrb	w0, [x19, #16]
   88ca0:	36000280 	tbz	w0, #0, 88cf0 <CLogger::Write(char const*)+0xe8>
   88ca4:	11000463 	add	w3, w3, #0x1
   88ca8:	91000421 	add	x1, x1, #0x1
   88cac:	12003463 	and	w3, w3, #0x3fff
   88cb0:	b9002e63 	str	w3, [x19, #44]
   88cb4:	eb02003f 	cmp	x1, x2
   88cb8:	54fffda1 	b.ne	88c6c <CLogger::Write(char const*)+0x64>  // b.any
   88cbc:	b9403260 	ldr	w0, [x19, #48]
   88cc0:	35000100 	cbnz	w0, 88ce0 <CLogger::Write(char const*)+0xd8>
   88cc4:	f94013f5 	ldr	x21, [sp, #32]
   88cc8:	a94153f3 	ldp	x19, x20, [sp, #16]
   88ccc:	a8c37bfd 	ldp	x29, x30, [sp], #48
   88cd0:	d65f03c0 	ret
   88cd4:	97ffee03 	bl	844e0 <EnterCritical>
   88cd8:	b5fffbf5 	cbnz	x21, 88c54 <CLogger::Write(char const*)+0x4c>
   88cdc:	17fffff8 	b	88cbc <CLogger::Write(char const*)+0xb4>
   88ce0:	f94013f5 	ldr	x21, [sp, #32]
   88ce4:	a94153f3 	ldp	x19, x20, [sp, #16]
   88ce8:	a8c37bfd 	ldp	x29, x30, [sp], #48
   88cec:	17ffee2d 	b	845a0 <LeaveCritical>
   88cf0:	51000461 	sub	w1, w3, #0x1
   88cf4:	12003421 	and	w1, w1, #0x3fff
   88cf8:	b9002a61 	str	w1, [x19, #40]
   88cfc:	17fffff0 	b	88cbc <CLogger::Write(char const*)+0xb4>

0000000000088d00 <CLogger::WriteNoAlloc(char const*, TLogSeverity, char const*)>:
   88d00:	b9400005 	ldr	w5, [x0]
   88d04:	6b0200bf 	cmp	w5, w2
   88d08:	54000763 	b.cc	88df4 <CLogger::WriteNoAlloc(char const*, TLogSeverity, char const*)+0xf4>  // b.lo, b.ul, b.last
   88d0c:	a9af7bfd 	stp	x29, x30, [sp, #-272]!
   88d10:	910003fd 	mov	x29, sp
   88d14:	a90153f3 	stp	x19, x20, [sp, #16]
   88d18:	aa0003f4 	mov	x20, x0
   88d1c:	f90013f5 	str	x21, [sp, #32]
   88d20:	aa0303f5 	mov	x21, x3
   88d24:	390123ff 	strb	wzr, [sp, #72]
   88d28:	340002e2 	cbz	w2, 88d84 <CLogger::WriteNoAlloc(char const*, TLogSeverity, char const*)+0x84>
   88d2c:	910123e0 	add	x0, sp, #0x48
   88d30:	97ffe977 	bl	8330c <strcat>
   88d34:	f0000022 	adrp	x2, 8f000 <From+0x918>
   88d38:	910123e0 	add	x0, sp, #0x48
   88d3c:	91350042 	add	x2, x2, #0xd40
   88d40:	91002041 	add	x1, x2, #0x8
   88d44:	97ffe972 	bl	8330c <strcat>
   88d48:	aa1503e1 	mov	x1, x21
   88d4c:	910123e0 	add	x0, sp, #0x48
   88d50:	97ffe96f 	bl	8330c <strcat>
   88d54:	f0000020 	adrp	x0, 8f000 <From+0x918>
   88d58:	91350002 	add	x2, x0, #0xd40
   88d5c:	910123e0 	add	x0, sp, #0x48
   88d60:	91006041 	add	x1, x2, #0x18
   88d64:	97ffe96a 	bl	8330c <strcat>
   88d68:	910123e1 	add	x1, sp, #0x48
   88d6c:	aa1403e0 	mov	x0, x20
   88d70:	97ffffa6 	bl	88c08 <CLogger::Write(char const*)>
   88d74:	f94013f5 	ldr	x21, [sp, #32]
   88d78:	a94153f3 	ldp	x19, x20, [sp, #16]
   88d7c:	a8d17bfd 	ldp	x29, x30, [sp], #272
   88d80:	d65f03c0 	ret
   88d84:	f0000020 	adrp	x0, 8f000 <From+0x918>
   88d88:	aa0103e4 	mov	x4, x1
   88d8c:	91350013 	add	x19, x0, #0xd40
   88d90:	910123e0 	add	x0, sp, #0x48
   88d94:	aa1303e1 	mov	x1, x19
   88d98:	f9001fe4 	str	x4, [sp, #56]
   88d9c:	97ffe943 	bl	832a8 <strcpy>
   88da0:	f9401fe1 	ldr	x1, [sp, #56]
   88da4:	910123e0 	add	x0, sp, #0x48
   88da8:	97ffe959 	bl	8330c <strcat>
   88dac:	910123e0 	add	x0, sp, #0x48
   88db0:	91002261 	add	x1, x19, #0x8
   88db4:	97ffe956 	bl	8330c <strcat>
   88db8:	aa1503e1 	mov	x1, x21
   88dbc:	910123e0 	add	x0, sp, #0x48
   88dc0:	97ffe953 	bl	8330c <strcat>
   88dc4:	91004261 	add	x1, x19, #0x10
   88dc8:	910123e0 	add	x0, sp, #0x48
   88dcc:	97ffe950 	bl	8330c <strcat>
   88dd0:	91006261 	add	x1, x19, #0x18
   88dd4:	910123e0 	add	x0, sp, #0x48
   88dd8:	97ffe94d 	bl	8330c <strcat>
   88ddc:	910123e1 	add	x1, sp, #0x48
   88de0:	aa1403e0 	mov	x0, x20
   88de4:	97ffff89 	bl	88c08 <CLogger::Write(char const*)>
   88de8:	52801fe0 	mov	w0, #0xff                  	// #255
   88dec:	97ffe395 	bl	81c40 <set_qemu_exit_status>
   88df0:	97ffe3b0 	bl	81cb0 <halt>
   88df4:	d65f03c0 	ret
   88df8:	d503201f 	nop
   88dfc:	d503201f 	nop

0000000000088e00 <CLogger::Read(void*, unsigned int, bool)>:
   88e00:	a9bd7bfd 	stp	x29, x30, [sp, #-48]!
   88e04:	aa0003e6 	mov	x6, x0
   88e08:	910003fd 	mov	x29, sp
   88e0c:	12001c63 	and	w3, w3, #0xff
   88e10:	b9403000 	ldr	w0, [x0, #48]
   88e14:	35000360 	cbnz	w0, 88e80 <CLogger::Read(void*, unsigned int, bool)+0x80>
   88e18:	294510c0 	ldp	w0, w4, [x6, #40]
   88e1c:	6b04001f 	cmp	w0, w4
   88e20:	54000460 	b.eq	88eac <CLogger::Read(void*, unsigned int, bool)+0xac>  // b.none
   88e24:	2a0203e2 	mov	w2, w2
   88e28:	d2800005 	mov	x5, #0x0                   	// #0
   88e2c:	1400000a 	b	88e54 <CLogger::Read(void*, unsigned int, bool)+0x54>
   88e30:	f94010c0 	ldr	x0, [x6, #32]
   88e34:	38e44800 	ldrsb	w0, [x0, w4, uxtw]
   88e38:	11000484 	add	w4, w4, #0x1
   88e3c:	12003484 	and	w4, w4, #0x3fff
   88e40:	38256820 	strb	w0, [x1, x5]
   88e44:	b94028c0 	ldr	w0, [x6, #40]
   88e48:	6b04001f 	cmp	w0, w4
   88e4c:	54000160 	b.eq	88e78 <CLogger::Read(void*, unsigned int, bool)+0x78>  // b.none
   88e50:	910004a5 	add	x5, x5, #0x1
   88e54:	eb0200bf 	cmp	x5, x2
   88e58:	54fffec1 	b.ne	88e30 <CLogger::Read(void*, unsigned int, bool)+0x30>  // b.any
   88e5c:	2a0503e0 	mov	w0, w5
   88e60:	36000043 	tbz	w3, #0, 88e68 <CLogger::Read(void*, unsigned int, bool)+0x68>
   88e64:	b9002cc4 	str	w4, [x6, #44]
   88e68:	b94030c1 	ldr	w1, [x6, #48]
   88e6c:	35000261 	cbnz	w1, 88eb8 <CLogger::Read(void*, unsigned int, bool)+0xb8>
   88e70:	a8c37bfd 	ldp	x29, x30, [sp], #48
   88e74:	d65f03c0 	ret
   88e78:	110004a0 	add	w0, w5, #0x1
   88e7c:	17fffff9 	b	88e60 <CLogger::Read(void*, unsigned int, bool)+0x60>
   88e80:	a90187e6 	stp	x6, x1, [sp, #24]
   88e84:	29050be3 	stp	w3, w2, [sp, #40]
   88e88:	97ffed96 	bl	844e0 <EnterCritical>
   88e8c:	a94187e6 	ldp	x6, x1, [sp, #24]
   88e90:	29450be3 	ldp	w3, w2, [sp, #40]
   88e94:	294510c0 	ldp	w0, w4, [x6, #40]
   88e98:	6b04001f 	cmp	w0, w4
   88e9c:	54fffc41 	b.ne	88e24 <CLogger::Read(void*, unsigned int, bool)+0x24>  // b.any
   88ea0:	b94030c0 	ldr	w0, [x6, #48]
   88ea4:	34000040 	cbz	w0, 88eac <CLogger::Read(void*, unsigned int, bool)+0xac>
   88ea8:	97ffedbe 	bl	845a0 <LeaveCritical>
   88eac:	52800000 	mov	w0, #0x0                   	// #0
   88eb0:	a8c37bfd 	ldp	x29, x30, [sp], #48
   88eb4:	d65f03c0 	ret
   88eb8:	b9001be0 	str	w0, [sp, #24]
   88ebc:	97ffedb9 	bl	845a0 <LeaveCritical>
   88ec0:	b9401be0 	ldr	w0, [sp, #24]
   88ec4:	a8c37bfd 	ldp	x29, x30, [sp], #48
   88ec8:	d65f03c0 	ret

0000000000088ecc <CLogger::WriteEvent(char const*, TLogSeverity, char const*)>:
   88ecc:	a9bb7bfd 	stp	x29, x30, [sp, #-80]!
   88ed0:	910003fd 	mov	x29, sp
   88ed4:	a90153f3 	stp	x19, x20, [sp, #16]
   88ed8:	aa0003f3 	mov	x19, x0
   88edc:	d2802200 	mov	x0, #0x110                 	// #272
   88ee0:	a9025bf5 	stp	x21, x22, [sp, #32]
   88ee4:	aa0303f6 	mov	x22, x3
   88ee8:	2a0203f5 	mov	w21, w2
   88eec:	f9001fe1 	str	x1, [sp, #56]
   88ef0:	97ffeac6 	bl	83a08 <operator new(unsigned long)>
   88ef4:	f9401fe1 	ldr	x1, [sp, #56]
   88ef8:	aa0003f4 	mov	x20, x0
   88efc:	d2800642 	mov	x2, #0x32                  	// #50
   88f00:	b8004415 	str	w21, [x0], #4
   88f04:	97ffe8f7 	bl	832e0 <strncpy>
   88f08:	d2801902 	mov	x2, #0xc8                  	// #200
   88f0c:	aa1603e1 	mov	x1, x22
   88f10:	3900d69f 	strb	wzr, [x20, #53]
   88f14:	9100da80 	add	x0, x20, #0x36
   88f18:	97ffe8f2 	bl	832e0 <strncpy>
   88f1c:	f9400660 	ldr	x0, [x19, #8]
   88f20:	3903f69f 	strb	wzr, [x20, #253]
   88f24:	b40000a0 	cbz	x0, 88f38 <CLogger::WriteEvent(char const*, TLogSeverity, char const*)+0x6c>
   88f28:	910133e2 	add	x2, sp, #0x4c
   88f2c:	910123e1 	add	x1, sp, #0x48
   88f30:	97ffe4e6 	bl	822c8 <CTimer::GetLocalTime(unsigned int*, unsigned int*)>
   88f34:	37000680 	tbnz	w0, #0, 89004 <CLogger::WriteEvent(char const*, TLogSeverity, char const*)+0x138>
   88f38:	52800000 	mov	w0, #0x0                   	// #0
   88f3c:	f900829f 	str	xzr, [x20, #256]
   88f40:	b9010a9f 	str	wzr, [x20, #264]
   88f44:	b941d262 	ldr	w2, [x19, #464]
   88f48:	b9010e80 	str	w0, [x20, #268]
   88f4c:	35000542 	cbnz	w2, 88ff4 <CLogger::WriteEvent(char const*, TLogSeverity, char const*)+0x128>
   88f50:	b941ca61 	ldr	w1, [x19, #456]
   88f54:	8b214e60 	add	x0, x19, w1, uxtw #3
   88f58:	b941ce63 	ldr	w3, [x19, #460]
   88f5c:	f9001c14 	str	x20, [x0, #56]
   88f60:	11000420 	add	w0, w1, #0x1
   88f64:	7100c43f 	cmp	w1, #0x31
   88f68:	54000320 	b.eq	88fcc <CLogger::WriteEvent(char const*, TLogSeverity, char const*)+0x100>  // b.none
   88f6c:	b901ca60 	str	w0, [x19, #456]
   88f70:	6b03001f 	cmp	w0, w3
   88f74:	54000120 	b.eq	88f98 <CLogger::WriteEvent(char const*, TLogSeverity, char const*)+0xcc>  // b.none
   88f78:	35000262 	cbnz	w2, 88fc4 <CLogger::WriteEvent(char const*, TLogSeverity, char const*)+0xf8>
   88f7c:	f940ee60 	ldr	x0, [x19, #472]
   88f80:	b4000040 	cbz	x0, 88f88 <CLogger::WriteEvent(char const*, TLogSeverity, char const*)+0xbc>
   88f84:	d63f0000 	blr	x0
   88f88:	a94153f3 	ldp	x19, x20, [sp, #16]
   88f8c:	a9425bf5 	ldp	x21, x22, [sp, #32]
   88f90:	a8c57bfd 	ldp	x29, x30, [sp], #80
   88f94:	d65f03c0 	ret
   88f98:	11000823 	add	w3, w1, #0x2
   88f9c:	7100c03f 	cmp	w1, #0x30
   88fa0:	8b204e60 	add	x0, x19, w0, uxtw #3
   88fa4:	f9401c00 	ldr	x0, [x0, #56]
   88fa8:	1a9f1063 	csel	w3, w3, wzr, ne	// ne = any
   88fac:	b901ce63 	str	w3, [x19, #460]
   88fb0:	350001a2 	cbnz	w2, 88fe4 <CLogger::WriteEvent(char const*, TLogSeverity, char const*)+0x118>
   88fb4:	b4fffe40 	cbz	x0, 88f7c <CLogger::WriteEvent(char const*, TLogSeverity, char const*)+0xb0>
   88fb8:	d2802201 	mov	x1, #0x110                 	// #272
   88fbc:	97ffeab5 	bl	83a90 <operator delete(void*, unsigned long)>
   88fc0:	17ffffef 	b	88f7c <CLogger::WriteEvent(char const*, TLogSeverity, char const*)+0xb0>
   88fc4:	97ffed77 	bl	845a0 <LeaveCritical>
   88fc8:	17ffffed 	b	88f7c <CLogger::WriteEvent(char const*, TLogSeverity, char const*)+0xb0>
   88fcc:	b901ca7f 	str	wzr, [x19, #456]
   88fd0:	35fffd43 	cbnz	w3, 88f78 <CLogger::WriteEvent(char const*, TLogSeverity, char const*)+0xac>
   88fd4:	52800023 	mov	w3, #0x1                   	// #1
   88fd8:	f9401e60 	ldr	x0, [x19, #56]
   88fdc:	b901ce63 	str	w3, [x19, #460]
   88fe0:	34fffea2 	cbz	w2, 88fb4 <CLogger::WriteEvent(char const*, TLogSeverity, char const*)+0xe8>
   88fe4:	f9001fe0 	str	x0, [sp, #56]
   88fe8:	97ffed6e 	bl	845a0 <LeaveCritical>
   88fec:	f9401fe0 	ldr	x0, [sp, #56]
   88ff0:	17fffff1 	b	88fb4 <CLogger::WriteEvent(char const*, TLogSeverity, char const*)+0xe8>
   88ff4:	2a0203e0 	mov	w0, w2
   88ff8:	97ffed3a 	bl	844e0 <EnterCritical>
   88ffc:	b941d262 	ldr	w2, [x19, #464]
   89000:	17ffffd4 	b	88f50 <CLogger::WriteEvent(char const*, TLogSeverity, char const*)+0x84>
   89004:	b9404be0 	ldr	w0, [sp, #72]
   89008:	5282eb21 	mov	w1, #0x1759                	// #5977
   8900c:	72ba36e1 	movk	w1, #0xd1b7, lsl #16
   89010:	f9008280 	str	x0, [x20, #256]
   89014:	b9404fe0 	ldr	w0, [sp, #76]
   89018:	9ba17c00 	umull	x0, w0, w1
   8901c:	d36dfc00 	lsr	x0, x0, #45
   89020:	b9010a80 	str	w0, [x20, #264]
   89024:	f9400660 	ldr	x0, [x19, #8]
   89028:	97ffe432 	bl	820f0 <CTimer::GetTimeZone() const>
   8902c:	17ffffc6 	b	88f44 <CLogger::WriteEvent(char const*, TLogSeverity, char const*)+0x78>

0000000000089030 <CLogger::ReadEvent(TLogSeverity*, char*, char*, long*, unsigned int*, int*)>:
   89030:	a9ba7bfd 	stp	x29, x30, [sp, #-96]!
   89034:	910003fd 	mov	x29, sp
   89038:	aa0003e7 	mov	x7, x0
   8903c:	aa0103e8 	mov	x8, x1
   89040:	a90153f3 	stp	x19, x20, [sp, #16]
   89044:	aa0403f4 	mov	x20, x4
   89048:	a9025bf5 	stp	x21, x22, [sp, #32]
   8904c:	aa0503f5 	mov	x21, x5
   89050:	aa0603f6 	mov	x22, x6
   89054:	b941d000 	ldr	w0, [x0, #464]
   89058:	f9001bf7 	str	x23, [sp, #48]
   8905c:	aa0303f7 	mov	x23, x3
   89060:	35000420 	cbnz	w0, 890e4 <CLogger::ReadEvent(TLogSeverity*, char*, char*, long*, unsigned int*, int*)+0xb4>
   89064:	b941c8e1 	ldr	w1, [x7, #456]
   89068:	b941cce0 	ldr	w0, [x7, #460]
   8906c:	6b00003f 	cmp	w1, w0
   89070:	54000660 	b.eq	8913c <CLogger::ReadEvent(TLogSeverity*, char*, char*, long*, unsigned int*, int*)+0x10c>  // b.none
   89074:	8b204ce1 	add	x1, x7, w0, uxtw #3
   89078:	f9401c33 	ldr	x19, [x1, #56]
   8907c:	7100c41f 	cmp	w0, #0x31
   89080:	1a8007e0 	csinc	w0, wzr, w0, eq	// eq = none
   89084:	b901cce0 	str	w0, [x7, #460]
   89088:	aa1303e1 	mov	x1, x19
   8908c:	b8404420 	ldr	w0, [x1], #4
   89090:	b9000100 	str	w0, [x8]
   89094:	aa0203e0 	mov	x0, x2
   89098:	97ffe884 	bl	832a8 <strcpy>
   8909c:	9100da61 	add	x1, x19, #0x36
   890a0:	aa1703e0 	mov	x0, x23
   890a4:	97ffe881 	bl	832a8 <strcpy>
   890a8:	f9408260 	ldr	x0, [x19, #256]
   890ac:	d2802201 	mov	x1, #0x110                 	// #272
   890b0:	f9000280 	str	x0, [x20]
   890b4:	b9410a60 	ldr	w0, [x19, #264]
   890b8:	b90002a0 	str	w0, [x21]
   890bc:	b9410e60 	ldr	w0, [x19, #268]
   890c0:	b90002c0 	str	w0, [x22]
   890c4:	aa1303e0 	mov	x0, x19
   890c8:	97ffea72 	bl	83a90 <operator delete(void*, unsigned long)>
   890cc:	f9401bf7 	ldr	x23, [sp, #48]
   890d0:	52800020 	mov	w0, #0x1                   	// #1
   890d4:	a94153f3 	ldp	x19, x20, [sp, #16]
   890d8:	a9425bf5 	ldp	x21, x22, [sp, #32]
   890dc:	a8c67bfd 	ldp	x29, x30, [sp], #96
   890e0:	d65f03c0 	ret
   890e4:	a90487e7 	stp	x7, x1, [sp, #72]
   890e8:	f9002fe2 	str	x2, [sp, #88]
   890ec:	97ffecfd 	bl	844e0 <EnterCritical>
   890f0:	a944a3e7 	ldp	x7, x8, [sp, #72]
   890f4:	f9402fe2 	ldr	x2, [sp, #88]
   890f8:	b941c8e1 	ldr	w1, [x7, #456]
   890fc:	b941cce0 	ldr	w0, [x7, #460]
   89100:	b941d0e3 	ldr	w3, [x7, #464]
   89104:	6b00003f 	cmp	w1, w0
   89108:	54000160 	b.eq	89134 <CLogger::ReadEvent(TLogSeverity*, char*, char*, long*, unsigned int*, int*)+0x104>  // b.none
   8910c:	8b204ce1 	add	x1, x7, w0, uxtw #3
   89110:	f9401c33 	ldr	x19, [x1, #56]
   89114:	7100c41f 	cmp	w0, #0x31
   89118:	1a8007e0 	csinc	w0, wzr, w0, eq	// eq = none
   8911c:	b901cce0 	str	w0, [x7, #460]
   89120:	34fffb43 	cbz	w3, 89088 <CLogger::ReadEvent(TLogSeverity*, char*, char*, long*, unsigned int*, int*)+0x58>
   89124:	a9048be8 	stp	x8, x2, [sp, #72]
   89128:	97ffed1e 	bl	845a0 <LeaveCritical>
   8912c:	a9448be8 	ldp	x8, x2, [sp, #72]
   89130:	17ffffd6 	b	89088 <CLogger::ReadEvent(TLogSeverity*, char*, char*, long*, unsigned int*, int*)+0x58>
   89134:	34000043 	cbz	w3, 8913c <CLogger::ReadEvent(TLogSeverity*, char*, char*, long*, unsigned int*, int*)+0x10c>
   89138:	97ffed1a 	bl	845a0 <LeaveCritical>
   8913c:	f9401bf7 	ldr	x23, [sp, #48]
   89140:	52800000 	mov	w0, #0x0                   	// #0
   89144:	a94153f3 	ldp	x19, x20, [sp, #16]
   89148:	a9425bf5 	ldp	x21, x22, [sp, #32]
   8914c:	a8c67bfd 	ldp	x29, x30, [sp], #96
   89150:	d65f03c0 	ret
   89154:	d503201f 	nop
   89158:	d503201f 	nop
   8915c:	d503201f 	nop

0000000000089160 <CLogger::RegisterEventNotificationHandler(void (*)())>:
   89160:	f900ec01 	str	x1, [x0, #472]
   89164:	d65f03c0 	ret

0000000000089168 <CLogger::RegisterPanicHandler(void (*)())>:
   89168:	f900f001 	str	x1, [x0, #480]
   8916c:	d65f03c0 	ret

0000000000089170 <CLogger::WriteV(char const*, TLogSeverity, char const*, std::__va_list)>:
   89170:	a9b67bfd 	stp	x29, x30, [sp, #-160]!
   89174:	910003fd 	mov	x29, sp
   89178:	a90153f3 	stp	x19, x20, [sp, #16]
   8917c:	aa0003f3 	mov	x19, x0
   89180:	910183e0 	add	x0, sp, #0x60
   89184:	2a0203f4 	mov	w20, w2
   89188:	a9025bf5 	stp	x21, x22, [sp, #32]
   8918c:	aa0303f5 	mov	x21, x3
   89190:	aa0103f6 	mov	x22, x1
   89194:	f9001fe4 	str	x4, [sp, #56]
   89198:	9400021c 	bl	89a08 <CString::CString()>
   8919c:	f9401fe4 	ldr	x4, [sp, #56]
   891a0:	910103e2 	add	x2, sp, #0x40
   891a4:	aa1503e1 	mov	x1, x21
   891a8:	f9400080 	ldr	x0, [x4]
   891ac:	f90023e0 	str	x0, [sp, #64]
   891b0:	f9400480 	ldr	x0, [x4, #8]
   891b4:	f90027e0 	str	x0, [sp, #72]
   891b8:	f9400880 	ldr	x0, [x4, #16]
   891bc:	f9002be0 	str	x0, [sp, #80]
   891c0:	f9400c80 	ldr	x0, [x4, #24]
   891c4:	f9002fe0 	str	x0, [sp, #88]
   891c8:	910183e0 	add	x0, sp, #0x60
   891cc:	940004d5 	bl	8a520 <CString::FormatV(char const*, std::__va_list)>
   891d0:	910183e0 	add	x0, sp, #0x60
   891d4:	94000247 	bl	89af0 <CString::operator char const*() const>
   891d8:	aa0003e3 	mov	x3, x0
   891dc:	2a1403e2 	mov	w2, w20
   891e0:	aa1303e0 	mov	x0, x19
   891e4:	aa1603e1 	mov	x1, x22
   891e8:	97ffff39 	bl	88ecc <CLogger::WriteEvent(char const*, TLogSeverity, char const*)>
   891ec:	b9400260 	ldr	w0, [x19]
   891f0:	6b14001f 	cmp	w0, w20
   891f4:	540005a3 	b.cc	892a8 <CLogger::WriteV(char const*, TLogSeverity, char const*, std::__va_list)+0x138>  // b.lo, b.ul, b.last
   891f8:	910203e0 	add	x0, sp, #0x80
   891fc:	d0000035 	adrp	x21, 8f000 <From+0x918>
   89200:	913502b5 	add	x21, x21, #0xd40
   89204:	94000201 	bl	89a08 <CString::CString()>
   89208:	340005d4 	cbz	w20, 892c0 <CLogger::WriteV(char const*, TLogSeverity, char const*, std::__va_list)+0x150>
   8920c:	f9400660 	ldr	x0, [x19, #8]
   89210:	b4000200 	cbz	x0, 89250 <CLogger::WriteV(char const*, TLogSeverity, char const*, std::__va_list)+0xe0>
   89214:	97ffe4ab 	bl	824c0 <CTimer::GetTimeString()>
   89218:	b40001c0 	cbz	x0, 89250 <CLogger::WriteV(char const*, TLogSeverity, char const*, std::__va_list)+0xe0>
   8921c:	f9001fe0 	str	x0, [sp, #56]
   89220:	94000234 	bl	89af0 <CString::operator char const*() const>
   89224:	aa0003e1 	mov	x1, x0
   89228:	910203e0 	add	x0, sp, #0x80
   8922c:	94000291 	bl	89c70 <CString::Append(char const*)>
   89230:	910082a1 	add	x1, x21, #0x20
   89234:	910203e0 	add	x0, sp, #0x80
   89238:	9400028e 	bl	89c70 <CString::Append(char const*)>
   8923c:	f9401fe2 	ldr	x2, [sp, #56]
   89240:	f9400040 	ldr	x0, [x2]
   89244:	f9400401 	ldr	x1, [x0, #8]
   89248:	aa0203e0 	mov	x0, x2
   8924c:	d63f0020 	blr	x1
   89250:	aa1603e1 	mov	x1, x22
   89254:	910203e0 	add	x0, sp, #0x80
   89258:	94000286 	bl	89c70 <CString::Append(char const*)>
   8925c:	910022a1 	add	x1, x21, #0x8
   89260:	910203e0 	add	x0, sp, #0x80
   89264:	94000283 	bl	89c70 <CString::Append(char const*)>
   89268:	910183e0 	add	x0, sp, #0x60
   8926c:	94000221 	bl	89af0 <CString::operator char const*() const>
   89270:	aa0003e1 	mov	x1, x0
   89274:	910203e0 	add	x0, sp, #0x80
   89278:	9400027e 	bl	89c70 <CString::Append(char const*)>
   8927c:	340002f4 	cbz	w20, 892d8 <CLogger::WriteV(char const*, TLogSeverity, char const*, std::__va_list)+0x168>
   89280:	910062a1 	add	x1, x21, #0x18
   89284:	910203e0 	add	x0, sp, #0x80
   89288:	9400027a 	bl	89c70 <CString::Append(char const*)>
   8928c:	910203e0 	add	x0, sp, #0x80
   89290:	94000218 	bl	89af0 <CString::operator char const*() const>
   89294:	aa0003e1 	mov	x1, x0
   89298:	aa1303e0 	mov	x0, x19
   8929c:	97fffe5b 	bl	88c08 <CLogger::Write(char const*)>
   892a0:	910203e0 	add	x0, sp, #0x80
   892a4:	9400019f 	bl	89920 <CString::~CString()>
   892a8:	910183e0 	add	x0, sp, #0x60
   892ac:	9400019d 	bl	89920 <CString::~CString()>
   892b0:	a94153f3 	ldp	x19, x20, [sp, #16]
   892b4:	a9425bf5 	ldp	x21, x22, [sp, #32]
   892b8:	a8ca7bfd 	ldp	x29, x30, [sp], #160
   892bc:	d65f03c0 	ret
   892c0:	aa1503e1 	mov	x1, x21
   892c4:	910203e0 	add	x0, sp, #0x80
   892c8:	94000210 	bl	89b08 <CString::operator=(char const*)>
   892cc:	f9400660 	ldr	x0, [x19, #8]
   892d0:	b5fffa20 	cbnz	x0, 89214 <CLogger::WriteV(char const*, TLogSeverity, char const*, std::__va_list)+0xa4>
   892d4:	17ffffdf 	b	89250 <CLogger::WriteV(char const*, TLogSeverity, char const*, std::__va_list)+0xe0>
   892d8:	910042a1 	add	x1, x21, #0x10
   892dc:	910203e0 	add	x0, sp, #0x80
   892e0:	94000264 	bl	89c70 <CString::Append(char const*)>
   892e4:	910062a1 	add	x1, x21, #0x18
   892e8:	910203e0 	add	x0, sp, #0x80
   892ec:	94000261 	bl	89c70 <CString::Append(char const*)>
   892f0:	910203e0 	add	x0, sp, #0x80
   892f4:	940001ff 	bl	89af0 <CString::operator char const*() const>
   892f8:	aa0003e1 	mov	x1, x0
   892fc:	aa1303e0 	mov	x0, x19
   89300:	97fffe42 	bl	88c08 <CLogger::Write(char const*)>
   89304:	f940f260 	ldr	x0, [x19, #480]
   89308:	b4000040 	cbz	x0, 89310 <CLogger::WriteV(char const*, TLogSeverity, char const*, std::__va_list)+0x1a0>
   8930c:	d63f0000 	blr	x0
   89310:	52801fe0 	mov	w0, #0xff                  	// #255
   89314:	97ffe24b 	bl	81c40 <set_qemu_exit_status>
   89318:	97ffe266 	bl	81cb0 <halt>
   8931c:	d503201f 	nop

0000000000089320 <CLogger::Write(char const*, TLogSeverity, char const*, ...)>:
   89320:	a9b17bfd 	stp	x29, x30, [sp, #-240]!
   89324:	910003fd 	mov	x29, sp
   89328:	a90d17e4 	stp	x4, x5, [sp, #208]
   8932c:	9103c3e4 	add	x4, sp, #0xf0
   89330:	a90313e4 	stp	x4, x4, [sp, #48]
   89334:	910343e4 	add	x4, sp, #0xd0
   89338:	f90023e4 	str	x4, [sp, #64]
   8933c:	128003e4 	mov	w4, #0xffffffe0            	// #-32
   89340:	ad0287e0 	stp	q0, q1, [sp, #80]
   89344:	b9004be4 	str	w4, [sp, #72]
   89348:	12800fe4 	mov	w4, #0xffffff80            	// #-128
   8934c:	ad038fe2 	stp	q2, q3, [sp, #112]
   89350:	b9004fe4 	str	w4, [sp, #76]
   89354:	a94317e4 	ldp	x4, x5, [sp, #48]
   89358:	ad0497e4 	stp	q4, q5, [sp, #144]
   8935c:	a90117e4 	stp	x4, x5, [sp, #16]
   89360:	a94417e4 	ldp	x4, x5, [sp, #64]
   89364:	ad059fe6 	stp	q6, q7, [sp, #176]
   89368:	a90217e4 	stp	x4, x5, [sp, #32]
   8936c:	910043e4 	add	x4, sp, #0x10
   89370:	a90e1fe6 	stp	x6, x7, [sp, #224]
   89374:	97ffff7f 	bl	89170 <CLogger::WriteV(char const*, TLogSeverity, char const*, std::__va_list)>
   89378:	a8cf7bfd 	ldp	x29, x30, [sp], #240
   8937c:	d65f03c0 	ret

0000000000089380 <CLogger::Initialize(CDevice*)>:
   89380:	a9b97bfd 	stp	x29, x30, [sp, #-112]!
   89384:	910003fd 	mov	x29, sp
   89388:	a90153f3 	stp	x19, x20, [sp, #16]
   8938c:	aa0003f4 	mov	x20, x0
   89390:	d0000033 	adrp	x19, 8f000 <From+0x918>
   89394:	91350273 	add	x19, x19, #0xd40
   89398:	f9000c01 	str	x1, [x0, #24]
   8939c:	97ffe214 	bl	81bec <CMachineInfo::Get()>
   893a0:	97ffddd2 	bl	80ae8 <CMachineInfo::GetRAMSize() const>
   893a4:	b90023e0 	str	w0, [sp, #32]
   893a8:	9100c3e0 	add	x0, sp, #0x30
   893ac:	94000197 	bl	89a08 <CString::CString()>
   893b0:	b94023e2 	ldr	w2, [sp, #32]
   893b4:	710ffc5f 	cmp	w2, #0x3ff
   893b8:	54000648 	b.hi	89480 <CLogger::Initialize(CDevice*)+0x100>  // b.pmore
   893bc:	9100a261 	add	x1, x19, #0x28
   893c0:	9100c3e0 	add	x0, sp, #0x30
   893c4:	94000811 	bl	8b408 <CString::Format(char const*, ...)>
   893c8:	9100e261 	add	x1, x19, #0x38
   893cc:	910143e0 	add	x0, sp, #0x50
   893d0:	94000194 	bl	89a20 <CString::CString(char const*)>
   893d4:	91010261 	add	x1, x19, #0x40
   893d8:	52800024 	mov	w4, #0x1                   	// #1
   893dc:	52800043 	mov	w3, #0x2                   	// #2
   893e0:	528001e2 	mov	w2, #0xf                   	// #15
   893e4:	910143e0 	add	x0, sp, #0x50
   893e8:	94000808 	bl	8b408 <CString::Format(char const*, ...)>
   893ec:	97ffe200 	bl	81bec <CMachineInfo::Get()>
   893f0:	97ffddae 	bl	80aa8 <CMachineInfo::GetMachineName() const>
   893f4:	aa0003e5 	mov	x5, x0
   893f8:	9100c3e0 	add	x0, sp, #0x30
   893fc:	f90013e5 	str	x5, [sp, #32]
   89400:	940001bc 	bl	89af0 <CString::operator char const*() const>
   89404:	f94013e5 	ldr	x5, [sp, #32]
   89408:	9101e261 	add	x1, x19, #0x78
   8940c:	f0000024 	adrp	x4, 90000 <FromPCIeHost+0x148>
   89410:	aa0003e6 	mov	x6, x0
   89414:	91014263 	add	x3, x19, #0x50
   89418:	52800062 	mov	w2, #0x3                   	// #3
   8941c:	910b2084 	add	x4, x4, #0x2c8
   89420:	f90017e1 	str	x1, [sp, #40]
   89424:	aa1403e0 	mov	x0, x20
   89428:	97ffffbe 	bl	89320 <CLogger::Write(char const*, TLogSeverity, char const*, ...)>
   8942c:	97ffe1f0 	bl	81bec <CMachineInfo::Get()>
   89430:	97ffddbc 	bl	80b20 <CMachineInfo::GetRevisionRaw() const>
   89434:	2a0003e4 	mov	w4, w0
   89438:	910143e0 	add	x0, sp, #0x50
   8943c:	b90023e4 	str	w4, [sp, #32]
   89440:	940001ac 	bl	89af0 <CString::operator char const*() const>
   89444:	f94017e1 	ldr	x1, [sp, #40]
   89448:	aa0003e5 	mov	x5, x0
   8944c:	91020263 	add	x3, x19, #0x80
   89450:	52800082 	mov	w2, #0x4                   	// #4
   89454:	aa1403e0 	mov	x0, x20
   89458:	b94023e4 	ldr	w4, [sp, #32]
   8945c:	97ffffb1 	bl	89320 <CLogger::Write(char const*, TLogSeverity, char const*, ...)>
   89460:	910143e0 	add	x0, sp, #0x50
   89464:	9400012f 	bl	89920 <CString::~CString()>
   89468:	9100c3e0 	add	x0, sp, #0x30
   8946c:	9400012d 	bl	89920 <CString::~CString()>
   89470:	52800020 	mov	w0, #0x1                   	// #1
   89474:	a94153f3 	ldp	x19, x20, [sp, #16]
   89478:	a8c77bfd 	ldp	x29, x30, [sp], #112
   8947c:	d65f03c0 	ret
   89480:	530a7c42 	lsr	w2, w2, #10
   89484:	9100c261 	add	x1, x19, #0x30
   89488:	9100c3e0 	add	x0, sp, #0x30
   8948c:	940007df 	bl	8b408 <CString::Format(char const*, ...)>
   89490:	17ffffce 	b	893c8 <CLogger::Initialize(CDevice*)+0x48>
	...

00000000000894a0 <CPtrList::CPtrList()>:
   894a0:	f900001f 	str	xzr, [x0]
   894a4:	d65f03c0 	ret

00000000000894a8 <CPtrList::~CPtrList()>:
   894a8:	f9400000 	ldr	x0, [x0]
   894ac:	b5000040 	cbnz	x0, 894b4 <CPtrList::~CPtrList()+0xc>
   894b0:	d65f03c0 	ret
   894b4:	d0000021 	adrp	x1, 8f000 <From+0x918>
   894b8:	d0000020 	adrp	x0, 8f000 <From+0x918>
   894bc:	a9bf7bfd 	stp	x29, x30, [sp, #-16]!
   894c0:	52800542 	mov	w2, #0x2a                  	// #42
   894c4:	910003fd 	mov	x29, sp
   894c8:	91016021 	add	x1, x1, #0x58
   894cc:	9101a000 	add	x0, x0, #0x68
   894d0:	97fffbf4 	bl	884a0 <assertion_failed>
   894d4:	d503201f 	nop
   894d8:	d503201f 	nop
   894dc:	d503201f 	nop

00000000000894e0 <CPtrList::GetFirst() const>:
   894e0:	f9400000 	ldr	x0, [x0]
   894e4:	d65f03c0 	ret

00000000000894e8 <CPtrList::GetNext(TPtrListElement*) const>:
   894e8:	a9bf7bfd 	stp	x29, x30, [sp, #-16]!
   894ec:	910003fd 	mov	x29, sp
   894f0:	b4000121 	cbz	x1, 89514 <CPtrList::GetNext(TPtrListElement*) const+0x2c>
   894f4:	5289a860 	mov	w0, #0x4d43                	// #19779
   894f8:	b9400022 	ldr	w2, [x1]
   894fc:	72aa0980 	movk	w0, #0x504c, lsl #16
   89500:	6b00005f 	cmp	w2, w0
   89504:	54000141 	b.ne	8952c <CPtrList::GetNext(TPtrListElement*) const+0x44>  // b.any
   89508:	f9400820 	ldr	x0, [x1, #16]
   8950c:	a8c17bfd 	ldp	x29, x30, [sp], #16
   89510:	d65f03c0 	ret
   89514:	d0000021 	adrp	x1, 8f000 <From+0x918>
   89518:	d0000020 	adrp	x0, 8f000 <From+0x918>
   8951c:	52800682 	mov	w2, #0x34                  	// #52
   89520:	91016021 	add	x1, x1, #0x58
   89524:	9101e000 	add	x0, x0, #0x78
   89528:	97fffbde 	bl	884a0 <assertion_failed>
   8952c:	d0000021 	adrp	x1, 8f000 <From+0x918>
   89530:	d0000020 	adrp	x0, 8f000 <From+0x918>
   89534:	528006a2 	mov	w2, #0x35                  	// #53
   89538:	91016021 	add	x1, x1, #0x58
   8953c:	91022000 	add	x0, x0, #0x88
   89540:	97fffbd8 	bl	884a0 <assertion_failed>

0000000000089544 <CPtrList::GetPtr(TPtrListElement*)>:
   89544:	a9bf7bfd 	stp	x29, x30, [sp, #-16]!
   89548:	910003fd 	mov	x29, sp
   8954c:	b4000120 	cbz	x0, 89570 <CPtrList::GetPtr(TPtrListElement*)+0x2c>
   89550:	5289a861 	mov	w1, #0x4d43                	// #19779
   89554:	b9400002 	ldr	w2, [x0]
   89558:	72aa0981 	movk	w1, #0x504c, lsl #16
   8955c:	6b01005f 	cmp	w2, w1
   89560:	54000141 	b.ne	89588 <CPtrList::GetPtr(TPtrListElement*)+0x44>  // b.any
   89564:	f9400c00 	ldr	x0, [x0, #24]
   89568:	a8c17bfd 	ldp	x29, x30, [sp], #16
   8956c:	d65f03c0 	ret
   89570:	d0000021 	adrp	x1, 8f000 <From+0x918>
   89574:	d0000020 	adrp	x0, 8f000 <From+0x918>
   89578:	52800782 	mov	w2, #0x3c                  	// #60
   8957c:	91016021 	add	x1, x1, #0x58
   89580:	9101e000 	add	x0, x0, #0x78
   89584:	97fffbc7 	bl	884a0 <assertion_failed>
   89588:	d0000021 	adrp	x1, 8f000 <From+0x918>
   8958c:	d0000020 	adrp	x0, 8f000 <From+0x918>
   89590:	528007a2 	mov	w2, #0x3d                  	// #61
   89594:	91016021 	add	x1, x1, #0x58
   89598:	91022000 	add	x0, x0, #0x88
   8959c:	97fffbc1 	bl	884a0 <assertion_failed>

00000000000895a0 <CPtrList::InsertBefore(TPtrListElement*, void*)>:
   895a0:	a9bd7bfd 	stp	x29, x30, [sp, #-48]!
   895a4:	910003fd 	mov	x29, sp
   895a8:	a90153f3 	stp	x19, x20, [sp, #16]
   895ac:	aa0003f4 	mov	x20, x0
   895b0:	d2800400 	mov	x0, #0x20                  	// #32
   895b4:	aa0103f3 	mov	x19, x1
   895b8:	f90013f5 	str	x21, [sp, #32]
   895bc:	aa0203f5 	mov	x21, x2
   895c0:	97ffe912 	bl	83a08 <operator new(unsigned long)>
   895c4:	5289a862 	mov	w2, #0x4d43                	// #19779
   895c8:	f9400281 	ldr	x1, [x20]
   895cc:	72aa0982 	movk	w2, #0x504c, lsl #16
   895d0:	f9000c15 	str	x21, [x0, #24]
   895d4:	b9000002 	str	w2, [x0]
   895d8:	b4000341 	cbz	x1, 89640 <CPtrList::InsertBefore(TPtrListElement*, void*)+0xa0>
   895dc:	b40003f3 	cbz	x19, 89658 <CPtrList::InsertBefore(TPtrListElement*, void*)+0xb8>
   895e0:	b9400263 	ldr	w3, [x19]
   895e4:	6b02007f 	cmp	w3, w2
   895e8:	54000441 	b.ne	89670 <CPtrList::InsertBefore(TPtrListElement*, void*)+0xd0>  // b.any
   895ec:	eb13003f 	cmp	x1, x19
   895f0:	540001a0 	b.eq	89624 <CPtrList::InsertBefore(TPtrListElement*, void*)+0x84>  // b.none
   895f4:	f9400661 	ldr	x1, [x19, #8]
   895f8:	a900cc01 	stp	x1, x19, [x0, #8]
   895fc:	b40000a1 	cbz	x1, 89610 <CPtrList::InsertBefore(TPtrListElement*, void*)+0x70>
   89600:	b9400022 	ldr	w2, [x1]
   89604:	6b03005f 	cmp	w2, w3
   89608:	54000401 	b.ne	89688 <CPtrList::InsertBefore(TPtrListElement*, void*)+0xe8>  // b.any
   8960c:	f9000820 	str	x0, [x1, #16]
   89610:	f94013f5 	ldr	x21, [sp, #32]
   89614:	f9000660 	str	x0, [x19, #8]
   89618:	a94153f3 	ldp	x19, x20, [sp, #16]
   8961c:	a8c37bfd 	ldp	x29, x30, [sp], #48
   89620:	d65f03c0 	ret
   89624:	a900841f 	stp	xzr, x1, [x0, #8]
   89628:	f9000420 	str	x0, [x1, #8]
   8962c:	f94013f5 	ldr	x21, [sp, #32]
   89630:	f9000280 	str	x0, [x20]
   89634:	a94153f3 	ldp	x19, x20, [sp, #16]
   89638:	a8c37bfd 	ldp	x29, x30, [sp], #48
   8963c:	d65f03c0 	ret
   89640:	d0000021 	adrp	x1, 8f000 <From+0x918>
   89644:	d0000020 	adrp	x0, 8f000 <From+0x918>
   89648:	52800982 	mov	w2, #0x4c                  	// #76
   8964c:	91016021 	add	x1, x1, #0x58
   89650:	9102c000 	add	x0, x0, #0xb0
   89654:	97fffb93 	bl	884a0 <assertion_failed>
   89658:	d0000021 	adrp	x1, 8f000 <From+0x918>
   8965c:	d0000020 	adrp	x0, 8f000 <From+0x918>
   89660:	528009a2 	mov	w2, #0x4d                  	// #77
   89664:	91016021 	add	x1, x1, #0x58
   89668:	91030000 	add	x0, x0, #0xc0
   8966c:	97fffb8d 	bl	884a0 <assertion_failed>
   89670:	d0000021 	adrp	x1, 8f000 <From+0x918>
   89674:	d0000020 	adrp	x0, 8f000 <From+0x918>
   89678:	528009c2 	mov	w2, #0x4e                  	// #78
   8967c:	91016021 	add	x1, x1, #0x58
   89680:	91034000 	add	x0, x0, #0xd0
   89684:	97fffb87 	bl	884a0 <assertion_failed>
   89688:	d0000021 	adrp	x1, 8f000 <From+0x918>
   8968c:	d0000020 	adrp	x0, 8f000 <From+0x918>
   89690:	52800c02 	mov	w2, #0x60                  	// #96
   89694:	91016021 	add	x1, x1, #0x58
   89698:	9103e000 	add	x0, x0, #0xf8
   8969c:	97fffb81 	bl	884a0 <assertion_failed>

00000000000896a0 <CPtrList::InsertAfter(TPtrListElement*, void*)>:
   896a0:	a9bd7bfd 	stp	x29, x30, [sp, #-48]!
   896a4:	910003fd 	mov	x29, sp
   896a8:	a90153f3 	stp	x19, x20, [sp, #16]
   896ac:	aa0003f4 	mov	x20, x0
   896b0:	d2800400 	mov	x0, #0x20                  	// #32
   896b4:	aa0103f3 	mov	x19, x1
   896b8:	f90013f5 	str	x21, [sp, #32]
   896bc:	aa0203f5 	mov	x21, x2
   896c0:	97ffe8d2 	bl	83a08 <operator new(unsigned long)>
   896c4:	5289a861 	mov	w1, #0x4d43                	// #19779
   896c8:	f9000c15 	str	x21, [x0, #24]
   896cc:	72aa0981 	movk	w1, #0x504c, lsl #16
   896d0:	f9400282 	ldr	x2, [x20]
   896d4:	b9000001 	str	w1, [x0]
   896d8:	b4000233 	cbz	x19, 8971c <CPtrList::InsertAfter(TPtrListElement*, void*)+0x7c>
   896dc:	b40002e2 	cbz	x2, 89738 <CPtrList::InsertAfter(TPtrListElement*, void*)+0x98>
   896e0:	b9400262 	ldr	w2, [x19]
   896e4:	6b01005f 	cmp	w2, w1
   896e8:	54000341 	b.ne	89750 <CPtrList::InsertAfter(TPtrListElement*, void*)+0xb0>  // b.any
   896ec:	f9400a61 	ldr	x1, [x19, #16]
   896f0:	a9008413 	stp	x19, x1, [x0, #8]
   896f4:	b40000a1 	cbz	x1, 89708 <CPtrList::InsertAfter(TPtrListElement*, void*)+0x68>
   896f8:	b9400023 	ldr	w3, [x1]
   896fc:	6b02007f 	cmp	w3, w2
   89700:	54000341 	b.ne	89768 <CPtrList::InsertAfter(TPtrListElement*, void*)+0xc8>  // b.any
   89704:	f9000420 	str	x0, [x1, #8]
   89708:	f94013f5 	ldr	x21, [sp, #32]
   8970c:	f9000a60 	str	x0, [x19, #16]
   89710:	a94153f3 	ldp	x19, x20, [sp, #16]
   89714:	a8c37bfd 	ldp	x29, x30, [sp], #48
   89718:	d65f03c0 	ret
   8971c:	b5000322 	cbnz	x2, 89780 <CPtrList::InsertAfter(TPtrListElement*, void*)+0xe0>
   89720:	a900fc1f 	stp	xzr, xzr, [x0, #8]
   89724:	f94013f5 	ldr	x21, [sp, #32]
   89728:	f9000280 	str	x0, [x20]
   8972c:	a94153f3 	ldp	x19, x20, [sp, #16]
   89730:	a8c37bfd 	ldp	x29, x30, [sp], #48
   89734:	d65f03c0 	ret
   89738:	d0000021 	adrp	x1, 8f000 <From+0x918>
   8973c:	d0000020 	adrp	x0, 8f000 <From+0x918>
   89740:	52800fa2 	mov	w2, #0x7d                  	// #125
   89744:	91016021 	add	x1, x1, #0x58
   89748:	9102c000 	add	x0, x0, #0xb0
   8974c:	97fffb55 	bl	884a0 <assertion_failed>
   89750:	d0000021 	adrp	x1, 8f000 <From+0x918>
   89754:	d0000020 	adrp	x0, 8f000 <From+0x918>
   89758:	52800fc2 	mov	w2, #0x7e                  	// #126
   8975c:	91016021 	add	x1, x1, #0x58
   89760:	91048000 	add	x0, x0, #0x120
   89764:	97fffb4f 	bl	884a0 <assertion_failed>
   89768:	d0000021 	adrp	x1, 8f000 <From+0x918>
   8976c:	d0000020 	adrp	x0, 8f000 <From+0x918>
   89770:	528010a2 	mov	w2, #0x85                  	// #133
   89774:	91016021 	add	x1, x1, #0x58
   89778:	91052000 	add	x0, x0, #0x148
   8977c:	97fffb49 	bl	884a0 <assertion_failed>
   89780:	d0000021 	adrp	x1, 8f000 <From+0x918>
   89784:	d0000020 	adrp	x0, 8f000 <From+0x918>
   89788:	52800e82 	mov	w2, #0x74                  	// #116
   8978c:	91016021 	add	x1, x1, #0x58
   89790:	9101a000 	add	x0, x0, #0x68
   89794:	97fffb43 	bl	884a0 <assertion_failed>
   89798:	d503201f 	nop
   8979c:	d503201f 	nop

00000000000897a0 <CPtrList::Remove(TPtrListElement*)>:
   897a0:	a9bf7bfd 	stp	x29, x30, [sp, #-16]!
   897a4:	910003fd 	mov	x29, sp
   897a8:	b4000541 	cbz	x1, 89850 <CPtrList::Remove(TPtrListElement*)+0xb0>
   897ac:	aa0003e2 	mov	x2, x0
   897b0:	aa0103e0 	mov	x0, x1
   897b4:	b9400021 	ldr	w1, [x1]
   897b8:	5289a863 	mov	w3, #0x4d43                	// #19779
   897bc:	72aa0983 	movk	w3, #0x504c, lsl #16
   897c0:	6b03003f 	cmp	w1, w3
   897c4:	54000521 	b.ne	89868 <CPtrList::Remove(TPtrListElement*)+0xc8>  // b.any
   897c8:	f9400043 	ldr	x3, [x2]
   897cc:	eb00007f 	cmp	x3, x0
   897d0:	54000200 	b.eq	89810 <CPtrList::Remove(TPtrListElement*)+0x70>  // b.none
   897d4:	f9400402 	ldr	x2, [x0, #8]
   897d8:	b4000542 	cbz	x2, 89880 <CPtrList::Remove(TPtrListElement*)+0xe0>
   897dc:	b9400043 	ldr	w3, [x2]
   897e0:	6b01007f 	cmp	w3, w1
   897e4:	540002a1 	b.ne	89838 <CPtrList::Remove(TPtrListElement*)+0x98>  // b.any
   897e8:	f9400801 	ldr	x1, [x0, #16]
   897ec:	f9000841 	str	x1, [x2, #16]
   897f0:	b40000a1 	cbz	x1, 89804 <CPtrList::Remove(TPtrListElement*)+0x64>
   897f4:	b9400024 	ldr	w4, [x1]
   897f8:	6b03009f 	cmp	w4, w3
   897fc:	540004e1 	b.ne	89898 <CPtrList::Remove(TPtrListElement*)+0xf8>  // b.any
   89800:	f9000422 	str	x2, [x1, #8]
   89804:	a8c17bfd 	ldp	x29, x30, [sp], #16
   89808:	d2800401 	mov	x1, #0x20                  	// #32
   8980c:	17ffe8a1 	b	83a90 <operator delete(void*, unsigned long)>
   89810:	f9400863 	ldr	x3, [x3, #16]
   89814:	f9000043 	str	x3, [x2]
   89818:	b4ffff63 	cbz	x3, 89804 <CPtrList::Remove(TPtrListElement*)+0x64>
   8981c:	b9400062 	ldr	w2, [x3]
   89820:	6b01005f 	cmp	w2, w1
   89824:	54000461 	b.ne	898b0 <CPtrList::Remove(TPtrListElement*)+0x110>  // b.any
   89828:	a8c17bfd 	ldp	x29, x30, [sp], #16
   8982c:	d2800401 	mov	x1, #0x20                  	// #32
   89830:	f900047f 	str	xzr, [x3, #8]
   89834:	17ffe897 	b	83a90 <operator delete(void*, unsigned long)>
   89838:	d0000021 	adrp	x1, 8f000 <From+0x918>
   8983c:	d0000020 	adrp	x0, 8f000 <From+0x918>
   89840:	528013e2 	mov	w2, #0x9f                  	// #159
   89844:	91016021 	add	x1, x1, #0x58
   89848:	91070000 	add	x0, x0, #0x1c0
   8984c:	97fffb15 	bl	884a0 <assertion_failed>
   89850:	d0000021 	adrp	x1, 8f000 <From+0x918>
   89854:	d0000020 	adrp	x0, 8f000 <From+0x918>
   89858:	528011e2 	mov	w2, #0x8f                  	// #143
   8985c:	91016021 	add	x1, x1, #0x58
   89860:	9101e000 	add	x0, x0, #0x78
   89864:	97fffb0f 	bl	884a0 <assertion_failed>
   89868:	d0000021 	adrp	x1, 8f000 <From+0x918>
   8986c:	d0000020 	adrp	x0, 8f000 <From+0x918>
   89870:	52801202 	mov	w2, #0x90                  	// #144
   89874:	91016021 	add	x1, x1, #0x58
   89878:	91022000 	add	x0, x0, #0x88
   8987c:	97fffb09 	bl	884a0 <assertion_failed>
   89880:	d0000021 	adrp	x1, 8f000 <From+0x918>
   89884:	d0000020 	adrp	x0, 8f000 <From+0x918>
   89888:	528013c2 	mov	w2, #0x9e                  	// #158
   8988c:	91016021 	add	x1, x1, #0x58
   89890:	9106a000 	add	x0, x0, #0x1a8
   89894:	97fffb03 	bl	884a0 <assertion_failed>
   89898:	52801482 	mov	w2, #0xa4                  	// #164
   8989c:	d0000021 	adrp	x1, 8f000 <From+0x918>
   898a0:	d0000020 	adrp	x0, 8f000 <From+0x918>
   898a4:	91016021 	add	x1, x1, #0x58
   898a8:	9105e000 	add	x0, x0, #0x178
   898ac:	97fffafd 	bl	884a0 <assertion_failed>
   898b0:	52801302 	mov	w2, #0x98                  	// #152
   898b4:	17fffffa 	b	8989c <CPtrList::Remove(TPtrListElement*)+0xfc>
   898b8:	d503201f 	nop
   898bc:	d503201f 	nop

00000000000898c0 <CPtrList::Find(void*) const>:
   898c0:	f9400000 	ldr	x0, [x0]
   898c4:	b4000280 	cbz	x0, 89914 <CPtrList::Find(void*) const+0x54>
   898c8:	5289a863 	mov	w3, #0x4d43                	// #19779
   898cc:	72aa0983 	movk	w3, #0x504c, lsl #16
   898d0:	14000006 	b	898e8 <CPtrList::Find(void*) const+0x28>
   898d4:	f9400c02 	ldr	x2, [x0, #24]
   898d8:	eb01005f 	cmp	x2, x1
   898dc:	540001c0 	b.eq	89914 <CPtrList::Find(void*) const+0x54>  // b.none
   898e0:	f9400800 	ldr	x0, [x0, #16]
   898e4:	b4000180 	cbz	x0, 89914 <CPtrList::Find(void*) const+0x54>
   898e8:	b9400002 	ldr	w2, [x0]
   898ec:	6b03005f 	cmp	w2, w3
   898f0:	54ffff20 	b.eq	898d4 <CPtrList::Find(void*) const+0x14>  // b.none
   898f4:	d0000021 	adrp	x1, 8f000 <From+0x918>
   898f8:	d0000020 	adrp	x0, 8f000 <From+0x918>
   898fc:	a9bf7bfd 	stp	x29, x30, [sp, #-16]!
   89900:	52801662 	mov	w2, #0xb3                  	// #179
   89904:	910003fd 	mov	x29, sp
   89908:	91016021 	add	x1, x1, #0x58
   8990c:	91022000 	add	x0, x0, #0x88
   89910:	97fffae4 	bl	884a0 <assertion_failed>
   89914:	d65f03c0 	ret
	...

0000000000089920 <CString::~CString()>:
   89920:	f9400400 	ldr	x0, [x0, #8]
   89924:	b4000040 	cbz	x0, 8992c <CString::~CString()+0xc>
   89928:	17ffe850 	b	83a68 <operator delete[](void*)>
   8992c:	d65f03c0 	ret

0000000000089930 <CString::~CString()>:
   89930:	aa0003e2 	mov	x2, x0
   89934:	f9400400 	ldr	x0, [x0, #8]
   89938:	b4000140 	cbz	x0, 89960 <CString::~CString()+0x30>
   8993c:	a9be7bfd 	stp	x29, x30, [sp, #-32]!
   89940:	910003fd 	mov	x29, sp
   89944:	f9000fe2 	str	x2, [sp, #24]
   89948:	97ffe848 	bl	83a68 <operator delete[](void*)>
   8994c:	f9400fe2 	ldr	x2, [sp, #24]
   89950:	d2800401 	mov	x1, #0x20                  	// #32
   89954:	a8c27bfd 	ldp	x29, x30, [sp], #32
   89958:	aa0203e0 	mov	x0, x2
   8995c:	17ffe84d 	b	83a90 <operator delete(void*, unsigned long)>
   89960:	d2800401 	mov	x1, #0x20                  	// #32
   89964:	aa0203e0 	mov	x0, x2
   89968:	17ffe84a 	b	83a90 <operator delete(void*, unsigned long)>

000000000008996c <CString::ReserveSpace(unsigned long) [clone .part.0]>:
   8996c:	a9bc7bfd 	stp	x29, x30, [sp, #-64]!
   89970:	910003fd 	mov	x29, sp
   89974:	a90153f3 	stp	x19, x20, [sp, #16]
   89978:	aa0003f3 	mov	x19, x0
   8997c:	f9400402 	ldr	x2, [x0, #8]
   89980:	f9400c04 	ldr	x4, [x0, #24]
   89984:	b9401000 	ldr	w0, [x0, #16]
   89988:	cb020082 	sub	x2, x4, x2
   8998c:	8b010041 	add	x1, x2, x1
   89990:	91000423 	add	x3, x1, #0x1
   89994:	eb00007f 	cmp	x3, x0
   89998:	54000088 	b.hi	899a8 <CString::ReserveSpace(unsigned long) [clone .part.0]+0x3c>  // b.pmore
   8999c:	a94153f3 	ldp	x19, x20, [sp, #16]
   899a0:	a8c47bfd 	ldp	x29, x30, [sp], #64
   899a4:	d65f03c0 	ret
   899a8:	91010420 	add	x0, x1, #0x41
   899ac:	f90013f5 	str	x21, [sp, #32]
   899b0:	aa0003f5 	mov	x21, x0
   899b4:	a90313e2 	stp	x2, x4, [sp, #48]
   899b8:	97ffe81a 	bl	83a20 <operator new[](unsigned long)>
   899bc:	f9401fe4 	ldr	x4, [sp, #56]
   899c0:	aa0003f4 	mov	x20, x0
   899c4:	3900009f 	strb	wzr, [x4]
   899c8:	f9400661 	ldr	x1, [x19, #8]
   899cc:	97ffe637 	bl	832a8 <strcpy>
   899d0:	f9400660 	ldr	x0, [x19, #8]
   899d4:	f9401be2 	ldr	x2, [sp, #48]
   899d8:	b4000060 	cbz	x0, 899e4 <CString::ReserveSpace(unsigned long) [clone .part.0]+0x78>
   899dc:	97ffe823 	bl	83a68 <operator delete[](void*)>
   899e0:	f9401be2 	ldr	x2, [sp, #48]
   899e4:	2a1503e0 	mov	w0, w21
   899e8:	8b020283 	add	x3, x20, x2
   899ec:	f94013f5 	ldr	x21, [sp, #32]
   899f0:	f9000674 	str	x20, [x19, #8]
   899f4:	b9001260 	str	w0, [x19, #16]
   899f8:	f9000e63 	str	x3, [x19, #24]
   899fc:	a94153f3 	ldp	x19, x20, [sp, #16]
   89a00:	a8c47bfd 	ldp	x29, x30, [sp], #64
   89a04:	d65f03c0 	ret

0000000000089a08 <CString::CString()>:
   89a08:	d0000021 	adrp	x1, 8f000 <From+0x918>
   89a0c:	b900101f 	str	wzr, [x0, #16]
   89a10:	91380021 	add	x1, x1, #0xe00
   89a14:	a9007c01 	stp	x1, xzr, [x0]
   89a18:	d65f03c0 	ret
   89a1c:	d503201f 	nop

0000000000089a20 <CString::CString(char const*)>:
   89a20:	a9bd7bfd 	stp	x29, x30, [sp, #-48]!
   89a24:	910003fd 	mov	x29, sp
   89a28:	f9000bf3 	str	x19, [sp, #16]
   89a2c:	aa0003f3 	mov	x19, x0
   89a30:	d0000020 	adrp	x0, 8f000 <From+0x918>
   89a34:	91380000 	add	x0, x0, #0xe00
   89a38:	f90017e1 	str	x1, [sp, #40]
   89a3c:	f9000260 	str	x0, [x19]
   89a40:	aa0103e0 	mov	x0, x1
   89a44:	97ffe582 	bl	8304c <strlen>
   89a48:	11000400 	add	w0, w0, #0x1
   89a4c:	b9001260 	str	w0, [x19, #16]
   89a50:	97ffe7f4 	bl	83a20 <operator new[](unsigned long)>
   89a54:	f9000660 	str	x0, [x19, #8]
   89a58:	f9400bf3 	ldr	x19, [sp, #16]
   89a5c:	f94017e1 	ldr	x1, [sp, #40]
   89a60:	a8c37bfd 	ldp	x29, x30, [sp], #48
   89a64:	17ffe611 	b	832a8 <strcpy>

0000000000089a68 <CString::CString(CString const&)>:
   89a68:	a9bd7bfd 	stp	x29, x30, [sp, #-48]!
   89a6c:	910003fd 	mov	x29, sp
   89a70:	a90153f3 	stp	x19, x20, [sp, #16]
   89a74:	aa0003f3 	mov	x19, x0
   89a78:	d0000020 	adrp	x0, 8f000 <From+0x918>
   89a7c:	91380000 	add	x0, x0, #0xe00
   89a80:	b0000034 	adrp	x20, 8e000 <CExceptionHandler::Throw(unsigned int, TAbortFrame*)+0x240>
   89a84:	913f4294 	add	x20, x20, #0xfd0
   89a88:	f9000260 	str	x0, [x19]
   89a8c:	f9400420 	ldr	x0, [x1, #8]
   89a90:	f90017e1 	str	x1, [sp, #40]
   89a94:	f100001f 	cmp	x0, #0x0
   89a98:	9a800280 	csel	x0, x20, x0, eq	// eq = none
   89a9c:	97ffe56c 	bl	8304c <strlen>
   89aa0:	11000400 	add	w0, w0, #0x1
   89aa4:	b9001260 	str	w0, [x19, #16]
   89aa8:	97ffe7de 	bl	83a20 <operator new[](unsigned long)>
   89aac:	f94017e1 	ldr	x1, [sp, #40]
   89ab0:	f9000660 	str	x0, [x19, #8]
   89ab4:	f9400421 	ldr	x1, [x1, #8]
   89ab8:	f100003f 	cmp	x1, #0x0
   89abc:	9a810281 	csel	x1, x20, x1, eq	// eq = none
   89ac0:	a94153f3 	ldp	x19, x20, [sp, #16]
   89ac4:	a8c37bfd 	ldp	x29, x30, [sp], #48
   89ac8:	17ffe5f8 	b	832a8 <strcpy>

0000000000089acc <CString::CString(CString&&)>:
   89acc:	b9401022 	ldr	w2, [x1, #16]
   89ad0:	f9400423 	ldr	x3, [x1, #8]
   89ad4:	b9001002 	str	w2, [x0, #16]
   89ad8:	d0000022 	adrp	x2, 8f000 <From+0x918>
   89adc:	91380042 	add	x2, x2, #0xe00
   89ae0:	a9000c02 	stp	x2, x3, [x0]
   89ae4:	f900043f 	str	xzr, [x1, #8]
   89ae8:	b900103f 	str	wzr, [x1, #16]
   89aec:	d65f03c0 	ret

0000000000089af0 <CString::operator char const*() const>:
   89af0:	f9400401 	ldr	x1, [x0, #8]
   89af4:	b0000020 	adrp	x0, 8e000 <CExceptionHandler::Throw(unsigned int, TAbortFrame*)+0x240>
   89af8:	913f4000 	add	x0, x0, #0xfd0
   89afc:	f100003f 	cmp	x1, #0x0
   89b00:	9a810000 	csel	x0, x0, x1, eq	// eq = none
   89b04:	d65f03c0 	ret

0000000000089b08 <CString::operator=(char const*)>:
   89b08:	a9be7bfd 	stp	x29, x30, [sp, #-32]!
   89b0c:	910003fd 	mov	x29, sp
   89b10:	a90153f3 	stp	x19, x20, [sp, #16]
   89b14:	aa0003f3 	mov	x19, x0
   89b18:	aa0103f4 	mov	x20, x1
   89b1c:	f9400400 	ldr	x0, [x0, #8]
   89b20:	b4000040 	cbz	x0, 89b28 <CString::operator=(char const*)+0x20>
   89b24:	97ffe7d1 	bl	83a68 <operator delete[](void*)>
   89b28:	aa1403e0 	mov	x0, x20
   89b2c:	97ffe548 	bl	8304c <strlen>
   89b30:	11000400 	add	w0, w0, #0x1
   89b34:	b9001260 	str	w0, [x19, #16]
   89b38:	97ffe7ba 	bl	83a20 <operator new[](unsigned long)>
   89b3c:	aa1403e1 	mov	x1, x20
   89b40:	f9000660 	str	x0, [x19, #8]
   89b44:	97ffe5d9 	bl	832a8 <strcpy>
   89b48:	f9400660 	ldr	x0, [x19, #8]
   89b4c:	a94153f3 	ldp	x19, x20, [sp, #16]
   89b50:	a8c27bfd 	ldp	x29, x30, [sp], #32
   89b54:	d65f03c0 	ret
   89b58:	d503201f 	nop
   89b5c:	d503201f 	nop

0000000000089b60 <CString::operator=(CString const&)>:
   89b60:	a9bd7bfd 	stp	x29, x30, [sp, #-48]!
   89b64:	910003fd 	mov	x29, sp
   89b68:	a90153f3 	stp	x19, x20, [sp, #16]
   89b6c:	aa0003f3 	mov	x19, x0
   89b70:	f9400400 	ldr	x0, [x0, #8]
   89b74:	f90013f5 	str	x21, [sp, #32]
   89b78:	aa0103f5 	mov	x21, x1
   89b7c:	b4000040 	cbz	x0, 89b84 <CString::operator=(CString const&)+0x24>
   89b80:	97ffe7ba 	bl	83a68 <operator delete[](void*)>
   89b84:	f94006a0 	ldr	x0, [x21, #8]
   89b88:	b0000034 	adrp	x20, 8e000 <CExceptionHandler::Throw(unsigned int, TAbortFrame*)+0x240>
   89b8c:	913f4294 	add	x20, x20, #0xfd0
   89b90:	f100001f 	cmp	x0, #0x0
   89b94:	9a800280 	csel	x0, x20, x0, eq	// eq = none
   89b98:	97ffe52d 	bl	8304c <strlen>
   89b9c:	11000400 	add	w0, w0, #0x1
   89ba0:	b9001260 	str	w0, [x19, #16]
   89ba4:	97ffe79f 	bl	83a20 <operator new[](unsigned long)>
   89ba8:	f9000660 	str	x0, [x19, #8]
   89bac:	f94006a1 	ldr	x1, [x21, #8]
   89bb0:	f100003f 	cmp	x1, #0x0
   89bb4:	9a810281 	csel	x1, x20, x1, eq	// eq = none
   89bb8:	97ffe5bc 	bl	832a8 <strcpy>
   89bbc:	f94013f5 	ldr	x21, [sp, #32]
   89bc0:	aa1303e0 	mov	x0, x19
   89bc4:	a94153f3 	ldp	x19, x20, [sp, #16]
   89bc8:	a8c37bfd 	ldp	x29, x30, [sp], #48
   89bcc:	d65f03c0 	ret

0000000000089bd0 <CString::operator=(CString&&)>:
   89bd0:	aa0003e2 	mov	x2, x0
   89bd4:	f9400400 	ldr	x0, [x0, #8]
   89bd8:	b40001e0 	cbz	x0, 89c14 <CString::operator=(CString&&)+0x44>
   89bdc:	a9be7bfd 	stp	x29, x30, [sp, #-32]!
   89be0:	910003fd 	mov	x29, sp
   89be4:	a90107e2 	stp	x2, x1, [sp, #16]
   89be8:	97ffe7a0 	bl	83a68 <operator delete[](void*)>
   89bec:	a94107e2 	ldp	x2, x1, [sp, #16]
   89bf0:	b9401020 	ldr	w0, [x1, #16]
   89bf4:	b9001040 	str	w0, [x2, #16]
   89bf8:	f9400420 	ldr	x0, [x1, #8]
   89bfc:	f9000440 	str	x0, [x2, #8]
   89c00:	aa0203e0 	mov	x0, x2
   89c04:	f900043f 	str	xzr, [x1, #8]
   89c08:	b900103f 	str	wzr, [x1, #16]
   89c0c:	a8c27bfd 	ldp	x29, x30, [sp], #32
   89c10:	d65f03c0 	ret
   89c14:	b9401020 	ldr	w0, [x1, #16]
   89c18:	b9001040 	str	w0, [x2, #16]
   89c1c:	f9400420 	ldr	x0, [x1, #8]
   89c20:	f9000440 	str	x0, [x2, #8]
   89c24:	aa0203e0 	mov	x0, x2
   89c28:	f900043f 	str	xzr, [x1, #8]
   89c2c:	b900103f 	str	wzr, [x1, #16]
   89c30:	d65f03c0 	ret
   89c34:	d503201f 	nop
   89c38:	d503201f 	nop
   89c3c:	d503201f 	nop

0000000000089c40 <CString::c_str() const>:
   89c40:	f9400401 	ldr	x1, [x0, #8]
   89c44:	b0000020 	adrp	x0, 8e000 <CExceptionHandler::Throw(unsigned int, TAbortFrame*)+0x240>
   89c48:	913f4000 	add	x0, x0, #0xfd0
   89c4c:	f100003f 	cmp	x1, #0x0
   89c50:	9a810000 	csel	x0, x0, x1, eq	// eq = none
   89c54:	d65f03c0 	ret
   89c58:	d503201f 	nop
   89c5c:	d503201f 	nop

0000000000089c60 <CString::GetLength() const>:
   89c60:	f9400400 	ldr	x0, [x0, #8]
   89c64:	b4000040 	cbz	x0, 89c6c <CString::GetLength() const+0xc>
   89c68:	17ffe4f9 	b	8304c <strlen>
   89c6c:	d65f03c0 	ret

0000000000089c70 <CString::Append(char const*)>:
   89c70:	a9bd7bfd 	stp	x29, x30, [sp, #-48]!
   89c74:	910003fd 	mov	x29, sp
   89c78:	a90153f3 	stp	x19, x20, [sp, #16]
   89c7c:	aa0003f3 	mov	x19, x0
   89c80:	52800020 	mov	w0, #0x1                   	// #1
   89c84:	f90013f5 	str	x21, [sp, #32]
   89c88:	aa0103f5 	mov	x21, x1
   89c8c:	b9001260 	str	w0, [x19, #16]
   89c90:	f9400660 	ldr	x0, [x19, #8]
   89c94:	b40000a0 	cbz	x0, 89ca8 <CString::Append(char const*)+0x38>
   89c98:	97ffe4ed 	bl	8304c <strlen>
   89c9c:	b9401261 	ldr	w1, [x19, #16]
   89ca0:	0b000021 	add	w1, w1, w0
   89ca4:	b9001261 	str	w1, [x19, #16]
   89ca8:	aa1503e0 	mov	x0, x21
   89cac:	97ffe4e8 	bl	8304c <strlen>
   89cb0:	b9401261 	ldr	w1, [x19, #16]
   89cb4:	0b000020 	add	w0, w1, w0
   89cb8:	b9001260 	str	w0, [x19, #16]
   89cbc:	97ffe759 	bl	83a20 <operator new[](unsigned long)>
   89cc0:	f9400661 	ldr	x1, [x19, #8]
   89cc4:	aa0003f4 	mov	x20, x0
   89cc8:	b40001a1 	cbz	x1, 89cfc <CString::Append(char const*)+0x8c>
   89ccc:	97ffe577 	bl	832a8 <strcpy>
   89cd0:	f9400660 	ldr	x0, [x19, #8]
   89cd4:	b4000040 	cbz	x0, 89cdc <CString::Append(char const*)+0x6c>
   89cd8:	97ffe764 	bl	83a68 <operator delete[](void*)>
   89cdc:	aa1503e1 	mov	x1, x21
   89ce0:	aa1403e0 	mov	x0, x20
   89ce4:	97ffe58a 	bl	8330c <strcat>
   89ce8:	f94013f5 	ldr	x21, [sp, #32]
   89cec:	f9000674 	str	x20, [x19, #8]
   89cf0:	a94153f3 	ldp	x19, x20, [sp, #16]
   89cf4:	a8c37bfd 	ldp	x29, x30, [sp], #48
   89cf8:	d65f03c0 	ret
   89cfc:	aa1503e1 	mov	x1, x21
   89d00:	3900001f 	strb	wzr, [x0]
   89d04:	aa1403e0 	mov	x0, x20
   89d08:	97ffe581 	bl	8330c <strcat>
   89d0c:	f94013f5 	ldr	x21, [sp, #32]
   89d10:	f9000674 	str	x20, [x19, #8]
   89d14:	a94153f3 	ldp	x19, x20, [sp, #16]
   89d18:	a8c37bfd 	ldp	x29, x30, [sp], #48
   89d1c:	d65f03c0 	ret

0000000000089d20 <CString::operator+=(char const*)>:
   89d20:	a9be7bfd 	stp	x29, x30, [sp, #-32]!
   89d24:	910003fd 	mov	x29, sp
   89d28:	f9000fe0 	str	x0, [sp, #24]
   89d2c:	97ffffd1 	bl	89c70 <CString::Append(char const*)>
   89d30:	f9400fe0 	ldr	x0, [sp, #24]
   89d34:	a8c27bfd 	ldp	x29, x30, [sp], #32
   89d38:	d65f03c0 	ret
   89d3c:	d503201f 	nop

0000000000089d40 <CString::operator+=(CString const&)>:
   89d40:	a9be7bfd 	stp	x29, x30, [sp, #-32]!
   89d44:	910003fd 	mov	x29, sp
   89d48:	f9400422 	ldr	x2, [x1, #8]
   89d4c:	b0000021 	adrp	x1, 8e000 <CExceptionHandler::Throw(unsigned int, TAbortFrame*)+0x240>
   89d50:	913f4021 	add	x1, x1, #0xfd0
   89d54:	f9000fe0 	str	x0, [sp, #24]
   89d58:	f100005f 	cmp	x2, #0x0
   89d5c:	9a820021 	csel	x1, x1, x2, eq	// eq = none
   89d60:	97ffffc4 	bl	89c70 <CString::Append(char const*)>
   89d64:	f9400fe0 	ldr	x0, [sp, #24]
   89d68:	a8c27bfd 	ldp	x29, x30, [sp], #32
   89d6c:	d65f03c0 	ret

0000000000089d70 <CString::Append(char)>:
   89d70:	a9be7bfd 	stp	x29, x30, [sp, #-32]!
   89d74:	910003fd 	mov	x29, sp
   89d78:	390063e1 	strb	w1, [sp, #24]
   89d7c:	910063e1 	add	x1, sp, #0x18
   89d80:	390067ff 	strb	wzr, [sp, #25]
   89d84:	97ffffbb 	bl	89c70 <CString::Append(char const*)>
   89d88:	a8c27bfd 	ldp	x29, x30, [sp], #32
   89d8c:	d65f03c0 	ret

0000000000089d90 <CString::operator+=(char)>:
   89d90:	a9bd7bfd 	stp	x29, x30, [sp, #-48]!
   89d94:	910003fd 	mov	x29, sp
   89d98:	3900a3e1 	strb	w1, [sp, #40]
   89d9c:	9100a3e1 	add	x1, sp, #0x28
   89da0:	f9000fe0 	str	x0, [sp, #24]
   89da4:	3900a7ff 	strb	wzr, [sp, #41]
   89da8:	97ffffb2 	bl	89c70 <CString::Append(char const*)>
   89dac:	f9400fe0 	ldr	x0, [sp, #24]
   89db0:	a8c37bfd 	ldp	x29, x30, [sp], #48
   89db4:	d65f03c0 	ret
   89db8:	d503201f 	nop
   89dbc:	d503201f 	nop

0000000000089dc0 <CString::Compare(char const*) const>:
   89dc0:	f9400400 	ldr	x0, [x0, #8]
   89dc4:	b4000040 	cbz	x0, 89dcc <CString::Compare(char const*) const+0xc>
   89dc8:	17ffe4b9 	b	830ac <strcmp>
   89dcc:	39c00020 	ldrsb	w0, [x1]
   89dd0:	7100001f 	cmp	w0, #0x0
   89dd4:	1a9f17e0 	cset	w0, eq	// eq = none
   89dd8:	d65f03c0 	ret
   89ddc:	d503201f 	nop

0000000000089de0 <CString::Find(char) const>:
   89de0:	f9400403 	ldr	x3, [x0, #8]
   89de4:	13001c21 	sxtb	w1, w1
   89de8:	b4000163 	cbz	x3, 89e14 <CString::Find(char) const+0x34>
   89dec:	39c00062 	ldrsb	w2, [x3]
   89df0:	34000122 	cbz	w2, 89e14 <CString::Find(char) const+0x34>
   89df4:	d2800000 	mov	x0, #0x0                   	// #0
   89df8:	14000004 	b	89e08 <CString::Find(char) const+0x28>
   89dfc:	91000400 	add	x0, x0, #0x1
   89e00:	38e06862 	ldrsb	w2, [x3, x0]
   89e04:	34000082 	cbz	w2, 89e14 <CString::Find(char) const+0x34>
   89e08:	6b02003f 	cmp	w1, w2
   89e0c:	54ffff81 	b.ne	89dfc <CString::Find(char) const+0x1c>  // b.any
   89e10:	d65f03c0 	ret
   89e14:	12800000 	mov	w0, #0xffffffff            	// #-1
   89e18:	d65f03c0 	ret
   89e1c:	d503201f 	nop

0000000000089e20 <CString::TrimRight(char const*)>:
   89e20:	f9400402 	ldr	x2, [x0, #8]
   89e24:	b40003e2 	cbz	x2, 89ea0 <CString::TrimRight(char const*)+0x80>
   89e28:	a9bd7bfd 	stp	x29, x30, [sp, #-48]!
   89e2c:	910003fd 	mov	x29, sp
   89e30:	a90153f3 	stp	x19, x20, [sp, #16]
   89e34:	aa0003f4 	mov	x20, x0
   89e38:	aa0203e0 	mov	x0, x2
   89e3c:	a9025bf5 	stp	x21, x22, [sp, #32]
   89e40:	aa0103f6 	mov	x22, x1
   89e44:	97ffe482 	bl	8304c <strlen>
   89e48:	7100001f 	cmp	w0, #0x0
   89e4c:	5400022d 	b.le	89e90 <CString::TrimRight(char const*)+0x70>
   89e50:	93407c15 	sxtw	x21, w0
   89e54:	51000400 	sub	w0, w0, #0x1
   89e58:	d10006b3 	sub	x19, x21, #0x1
   89e5c:	d1000ab5 	sub	x21, x21, #0x2
   89e60:	cb0002b5 	sub	x21, x21, x0
   89e64:	14000006 	b	89e7c <CString::TrimRight(char const*)+0x5c>
   89e68:	f9400682 	ldr	x2, [x20, #8]
   89e6c:	3833685f 	strb	wzr, [x2, x19]
   89e70:	d1000673 	sub	x19, x19, #0x1
   89e74:	eb15027f 	cmp	x19, x21
   89e78:	540000c0 	b.eq	89e90 <CString::TrimRight(char const*)+0x70>  // b.none
   89e7c:	f9400682 	ldr	x2, [x20, #8]
   89e80:	aa1603e0 	mov	x0, x22
   89e84:	38f36841 	ldrsb	w1, [x2, x19]
   89e88:	97ffe548 	bl	833a8 <strchr>
   89e8c:	b5fffee0 	cbnz	x0, 89e68 <CString::TrimRight(char const*)+0x48>
   89e90:	a94153f3 	ldp	x19, x20, [sp, #16]
   89e94:	a9425bf5 	ldp	x21, x22, [sp, #32]
   89e98:	a8c37bfd 	ldp	x29, x30, [sp], #48
   89e9c:	d65f03c0 	ret
   89ea0:	d65f03c0 	ret

0000000000089ea4 <CString::Replace(char const*, char const*)>:
   89ea4:	a9bb7bfd 	stp	x29, x30, [sp, #-80]!
   89ea8:	910003fd 	mov	x29, sp
   89eac:	a9025bf5 	stp	x21, x22, [sp, #32]
   89eb0:	aa0003f5 	mov	x21, x0
   89eb4:	a90363f7 	stp	x23, x24, [sp, #48]
   89eb8:	52800017 	mov	w23, #0x0                   	// #0
   89ebc:	39c00020 	ldrsb	w0, [x1]
   89ec0:	34000ae0 	cbz	w0, 8a01c <CString::Replace(char const*, char const*)+0x178>
   89ec4:	a90153f3 	stp	x19, x20, [sp, #16]
   89ec8:	b0000020 	adrp	x0, 8e000 <CExceptionHandler::Throw(unsigned int, TAbortFrame*)+0x240>
   89ecc:	aa0203f8 	mov	x24, x2
   89ed0:	913f4000 	add	x0, x0, #0xfd0
   89ed4:	aa0103f6 	mov	x22, x1
   89ed8:	a9046bf9 	stp	x25, x26, [sp, #64]
   89edc:	f94006b3 	ldr	x19, [x21, #8]
   89ee0:	f100027f 	cmp	x19, #0x0
   89ee4:	9a930013 	csel	x19, x0, x19, eq	// eq = none
   89ee8:	aa1303e0 	mov	x0, x19
   89eec:	97ffe458 	bl	8304c <strlen>
   89ef0:	11000400 	add	w0, w0, #0x1
   89ef4:	97ffe6cb 	bl	83a20 <operator new[](unsigned long)>
   89ef8:	aa1303e1 	mov	x1, x19
   89efc:	aa0003fa 	mov	x26, x0
   89f00:	97ffe4ea 	bl	832a8 <strcpy>
   89f04:	f94006a0 	ldr	x0, [x21, #8]
   89f08:	b4000040 	cbz	x0, 89f10 <CString::Replace(char const*, char const*)+0x6c>
   89f0c:	97ffe6d7 	bl	83a68 <operator delete[](void*)>
   89f10:	52800800 	mov	w0, #0x40                  	// #64
   89f14:	aa1a03f4 	mov	x20, x26
   89f18:	52800017 	mov	w23, #0x0                   	// #0
   89f1c:	b90012a0 	str	w0, [x21, #16]
   89f20:	d2800800 	mov	x0, #0x40                  	// #64
   89f24:	97ffe6bf 	bl	83a20 <operator new[](unsigned long)>
   89f28:	f90006a0 	str	x0, [x21, #8]
   89f2c:	f9000ea0 	str	x0, [x21, #24]
   89f30:	39c002c1 	ldrsb	w1, [x22]
   89f34:	aa1403e0 	mov	x0, x20
   89f38:	97ffe51c 	bl	833a8 <strchr>
   89f3c:	aa0003f3 	mov	x19, x0
   89f40:	b40004a0 	cbz	x0, 89fd4 <CString::Replace(char const*, char const*)+0x130>
   89f44:	eb00029f 	cmp	x20, x0
   89f48:	54000162 	b.cs	89f74 <CString::Replace(char const*, char const*)+0xd0>  // b.hs, b.nlast
   89f4c:	d2800021 	mov	x1, #0x1                   	// #1
   89f50:	aa1503e0 	mov	x0, x21
   89f54:	38c01699 	ldrsb	w25, [x20], #1
   89f58:	97fffe85 	bl	8996c <CString::ReserveSpace(unsigned long) [clone .part.0]>
   89f5c:	f9400ea0 	ldr	x0, [x21, #24]
   89f60:	91000401 	add	x1, x0, #0x1
   89f64:	f9000ea1 	str	x1, [x21, #24]
   89f68:	39000019 	strb	w25, [x0]
   89f6c:	eb14027f 	cmp	x19, x20
   89f70:	54fffee1 	b.ne	89f4c <CString::Replace(char const*, char const*)+0xa8>  // b.any
   89f74:	39c006c0 	ldrsb	w0, [x22, #1]
   89f78:	91000673 	add	x19, x19, #0x1
   89f7c:	340005a0 	cbz	w0, 8a030 <CString::Replace(char const*, char const*)+0x18c>
   89f80:	910006c2 	add	x2, x22, #0x1
   89f84:	14000004 	b	89f94 <CString::Replace(char const*, char const*)+0xf0>
   89f88:	38c01c40 	ldrsb	w0, [x2, #1]!
   89f8c:	91000673 	add	x19, x19, #0x1
   89f90:	34000500 	cbz	w0, 8a030 <CString::Replace(char const*, char const*)+0x18c>
   89f94:	39c00261 	ldrsb	w1, [x19]
   89f98:	6b00003f 	cmp	w1, w0
   89f9c:	54ffff60 	b.eq	89f88 <CString::Replace(char const*, char const*)+0xe4>  // b.none
   89fa0:	d2800021 	mov	x1, #0x1                   	// #1
   89fa4:	aa1503e0 	mov	x0, x21
   89fa8:	38c01693 	ldrsb	w19, [x20], #1
   89fac:	97fffe70 	bl	8996c <CString::ReserveSpace(unsigned long) [clone .part.0]>
   89fb0:	f9400ea0 	ldr	x0, [x21, #24]
   89fb4:	91000401 	add	x1, x0, #0x1
   89fb8:	f9000ea1 	str	x1, [x21, #24]
   89fbc:	39000013 	strb	w19, [x0]
   89fc0:	aa1403e0 	mov	x0, x20
   89fc4:	39c002c1 	ldrsb	w1, [x22]
   89fc8:	97ffe4f8 	bl	833a8 <strchr>
   89fcc:	aa0003f3 	mov	x19, x0
   89fd0:	b5fffba0 	cbnz	x0, 89f44 <CString::Replace(char const*, char const*)+0xa0>
   89fd4:	aa1403e0 	mov	x0, x20
   89fd8:	97ffe41d 	bl	8304c <strlen>
   89fdc:	aa0003f3 	mov	x19, x0
   89fe0:	b4000080 	cbz	x0, 89ff0 <CString::Replace(char const*, char const*)+0x14c>
   89fe4:	aa0003e1 	mov	x1, x0
   89fe8:	aa1503e0 	mov	x0, x21
   89fec:	97fffe60 	bl	8996c <CString::ReserveSpace(unsigned long) [clone .part.0]>
   89ff0:	f9400ea0 	ldr	x0, [x21, #24]
   89ff4:	aa1403e1 	mov	x1, x20
   89ff8:	97ffe4ac 	bl	832a8 <strcpy>
   89ffc:	f9400ea0 	ldr	x0, [x21, #24]
   8a000:	8b130001 	add	x1, x0, x19
   8a004:	f9000ea1 	str	x1, [x21, #24]
   8a008:	3833681f 	strb	wzr, [x0, x19]
   8a00c:	aa1a03e0 	mov	x0, x26
   8a010:	97ffe696 	bl	83a68 <operator delete[](void*)>
   8a014:	a94153f3 	ldp	x19, x20, [sp, #16]
   8a018:	a9446bf9 	ldp	x25, x26, [sp, #64]
   8a01c:	2a1703e0 	mov	w0, w23
   8a020:	a9425bf5 	ldp	x21, x22, [sp, #32]
   8a024:	a94363f7 	ldp	x23, x24, [sp, #48]
   8a028:	a8c57bfd 	ldp	x29, x30, [sp], #80
   8a02c:	d65f03c0 	ret
   8a030:	aa1803e0 	mov	x0, x24
   8a034:	97ffe406 	bl	8304c <strlen>
   8a038:	aa0003f4 	mov	x20, x0
   8a03c:	b4000080 	cbz	x0, 8a04c <CString::Replace(char const*, char const*)+0x1a8>
   8a040:	aa0003e1 	mov	x1, x0
   8a044:	aa1503e0 	mov	x0, x21
   8a048:	97fffe49 	bl	8996c <CString::ReserveSpace(unsigned long) [clone .part.0]>
   8a04c:	f9400ea0 	ldr	x0, [x21, #24]
   8a050:	aa1803e1 	mov	x1, x24
   8a054:	110006f7 	add	w23, w23, #0x1
   8a058:	97ffe494 	bl	832a8 <strcpy>
   8a05c:	f9400ea0 	ldr	x0, [x21, #24]
   8a060:	8b140000 	add	x0, x0, x20
   8a064:	aa1303f4 	mov	x20, x19
   8a068:	f9000ea0 	str	x0, [x21, #24]
   8a06c:	17ffffb1 	b	89f30 <CString::Replace(char const*, char const*)+0x8c>

000000000008a070 <CString::PutChar(char, unsigned long)>:
   8a070:	b40002c2 	cbz	x2, 8a0c8 <CString::PutChar(char, unsigned long)+0x58>
   8a074:	2a0103e5 	mov	w5, w1
   8a078:	a9bd7bfd 	stp	x29, x30, [sp, #-48]!
   8a07c:	aa0203e1 	mov	x1, x2
   8a080:	910003fd 	mov	x29, sp
   8a084:	f9000fe2 	str	x2, [sp, #24]
   8a088:	b90027e5 	str	w5, [sp, #36]
   8a08c:	f90017e0 	str	x0, [sp, #40]
   8a090:	97fffe37 	bl	8996c <CString::ReserveSpace(unsigned long) [clone .part.0]>
   8a094:	f9400fe2 	ldr	x2, [sp, #24]
   8a098:	f94017e4 	ldr	x4, [sp, #40]
   8a09c:	b94027e5 	ldr	w5, [sp, #36]
   8a0a0:	d1000442 	sub	x2, x2, #0x1
   8a0a4:	f9400c83 	ldr	x3, [x4, #24]
   8a0a8:	d1000442 	sub	x2, x2, #0x1
   8a0ac:	91000460 	add	x0, x3, #0x1
   8a0b0:	f9000c80 	str	x0, [x4, #24]
   8a0b4:	39000065 	strb	w5, [x3]
   8a0b8:	b100045f 	cmn	x2, #0x1
   8a0bc:	54ffff41 	b.ne	8a0a4 <CString::PutChar(char, unsigned long)+0x34>  // b.any
   8a0c0:	a8c37bfd 	ldp	x29, x30, [sp], #48
   8a0c4:	d65f03c0 	ret
   8a0c8:	d65f03c0 	ret

000000000008a0cc <CString::PutString(char const*)>:
   8a0cc:	a9bd7bfd 	stp	x29, x30, [sp, #-48]!
   8a0d0:	910003fd 	mov	x29, sp
   8a0d4:	a90153f3 	stp	x19, x20, [sp, #16]
   8a0d8:	aa0003f3 	mov	x19, x0
   8a0dc:	aa0103e0 	mov	x0, x1
   8a0e0:	f90013f5 	str	x21, [sp, #32]
   8a0e4:	aa0103f5 	mov	x21, x1
   8a0e8:	97ffe3d9 	bl	8304c <strlen>
   8a0ec:	aa0003f4 	mov	x20, x0
   8a0f0:	b4000080 	cbz	x0, 8a100 <CString::PutString(char const*)+0x34>
   8a0f4:	aa0003e1 	mov	x1, x0
   8a0f8:	aa1303e0 	mov	x0, x19
   8a0fc:	97fffe1c 	bl	8996c <CString::ReserveSpace(unsigned long) [clone .part.0]>
   8a100:	f9400e60 	ldr	x0, [x19, #24]
   8a104:	aa1503e1 	mov	x1, x21
   8a108:	97ffe468 	bl	832a8 <strcpy>
   8a10c:	f9400e60 	ldr	x0, [x19, #24]
   8a110:	f94013f5 	ldr	x21, [sp, #32]
   8a114:	8b140000 	add	x0, x0, x20
   8a118:	f9000e60 	str	x0, [x19, #24]
   8a11c:	a94153f3 	ldp	x19, x20, [sp, #16]
   8a120:	a8c37bfd 	ldp	x29, x30, [sp], #48
   8a124:	d65f03c0 	ret

000000000008a128 <CString::ReserveSpace(unsigned long)>:
   8a128:	b4000141 	cbz	x1, 8a150 <CString::ReserveSpace(unsigned long)+0x28>
   8a12c:	aa0003e2 	mov	x2, x0
   8a130:	b9401000 	ldr	w0, [x0, #16]
   8a134:	f9400443 	ldr	x3, [x2, #8]
   8a138:	f9400c45 	ldr	x5, [x2, #24]
   8a13c:	cb0300a3 	sub	x3, x5, x3
   8a140:	8b030021 	add	x1, x1, x3
   8a144:	91000424 	add	x4, x1, #0x1
   8a148:	eb00009f 	cmp	x4, x0
   8a14c:	54000048 	b.hi	8a154 <CString::ReserveSpace(unsigned long)+0x2c>  // b.pmore
   8a150:	d65f03c0 	ret
   8a154:	a9bc7bfd 	stp	x29, x30, [sp, #-64]!
   8a158:	91010420 	add	x0, x1, #0x41
   8a15c:	910003fd 	mov	x29, sp
   8a160:	f9000bf3 	str	x19, [sp, #16]
   8a164:	aa0003f3 	mov	x19, x0
   8a168:	f90013e2 	str	x2, [sp, #32]
   8a16c:	a90317e3 	stp	x3, x5, [sp, #48]
   8a170:	97ffe62c 	bl	83a20 <operator new[](unsigned long)>
   8a174:	f94013e2 	ldr	x2, [sp, #32]
   8a178:	f90017e0 	str	x0, [sp, #40]
   8a17c:	f9401fe5 	ldr	x5, [sp, #56]
   8a180:	390000bf 	strb	wzr, [x5]
   8a184:	f9400441 	ldr	x1, [x2, #8]
   8a188:	97ffe448 	bl	832a8 <strcpy>
   8a18c:	a94213e2 	ldp	x2, x4, [sp, #32]
   8a190:	f9401be3 	ldr	x3, [sp, #48]
   8a194:	f9400440 	ldr	x0, [x2, #8]
   8a198:	b40000c0 	cbz	x0, 8a1b0 <CString::ReserveSpace(unsigned long)+0x88>
   8a19c:	f90013e3 	str	x3, [sp, #32]
   8a1a0:	f9001be2 	str	x2, [sp, #48]
   8a1a4:	97ffe631 	bl	83a68 <operator delete[](void*)>
   8a1a8:	f9401be2 	ldr	x2, [sp, #48]
   8a1ac:	a94213e3 	ldp	x3, x4, [sp, #32]
   8a1b0:	2a1303e0 	mov	w0, w19
   8a1b4:	f9400bf3 	ldr	x19, [sp, #16]
   8a1b8:	f9000444 	str	x4, [x2, #8]
   8a1bc:	8b030084 	add	x4, x4, x3
   8a1c0:	b9001040 	str	w0, [x2, #16]
   8a1c4:	f9000c44 	str	x4, [x2, #24]
   8a1c8:	a8c47bfd 	ldp	x29, x30, [sp], #64
   8a1cc:	d65f03c0 	ret

000000000008a1d0 <CString::ntoa(char*, unsigned long, unsigned int, bool)>:
   8a1d0:	2a0203e2 	mov	w2, w2
   8a1d4:	d2800024 	mov	x4, #0x1                   	// #1
   8a1d8:	eb02003f 	cmp	x1, x2
   8a1dc:	54000323 	b.cc	8a240 <CString::ntoa(char*, unsigned long, unsigned int, bool)+0x70>  // b.lo, b.ul, b.last
   8a1e0:	9b027c84 	mul	x4, x4, x2
   8a1e4:	9ac40825 	udiv	x5, x1, x4
   8a1e8:	eb0200bf 	cmp	x5, x2
   8a1ec:	54ffffa2 	b.cs	8a1e0 <CString::ntoa(char*, unsigned long, unsigned int, bool)+0x10>  // b.hs, b.nlast
   8a1f0:	52000068 	eor	w8, w3, #0x1
   8a1f4:	aa0003e7 	mov	x7, x0
   8a1f8:	531b0908 	ubfiz	w8, w8, #5, #3
   8a1fc:	1100dd08 	add	w8, w8, #0x37
   8a200:	14000005 	b	8a214 <CString::ntoa(char*, unsigned long, unsigned int, bool)+0x44>
   8a204:	9ac40823 	udiv	x3, x1, x4
   8a208:	9b048461 	msub	x1, x3, x4, x1
   8a20c:	9ac20884 	udiv	x4, x4, x2
   8a210:	9ac40825 	udiv	x5, x1, x4
   8a214:	1100c0a6 	add	w6, w5, #0x30
   8a218:	0b050103 	add	w3, w8, w5
   8a21c:	12001cc6 	and	w6, w6, #0xff
   8a220:	12001c63 	and	w3, w3, #0xff
   8a224:	f10024bf 	cmp	x5, #0x9
   8a228:	1a868063 	csel	w3, w3, w6, hi	// hi = pmore
   8a22c:	380014e3 	strb	w3, [x7], #1
   8a230:	eb02009f 	cmp	x4, x2
   8a234:	54fffe82 	b.cs	8a204 <CString::ntoa(char*, unsigned long, unsigned int, bool)+0x34>  // b.hs, b.nlast
   8a238:	390000ff 	strb	wzr, [x7]
   8a23c:	d65f03c0 	ret
   8a240:	aa0103e5 	mov	x5, x1
   8a244:	17ffffeb 	b	8a1f0 <CString::ntoa(char*, unsigned long, unsigned int, bool)+0x20>

000000000008a248 <CString::lltoa(char*, unsigned long long, unsigned int, bool)>:
   8a248:	2a0203e2 	mov	w2, w2
   8a24c:	d2800024 	mov	x4, #0x1                   	// #1
   8a250:	eb02003f 	cmp	x1, x2
   8a254:	54000363 	b.cc	8a2c0 <CString::lltoa(char*, unsigned long long, unsigned int, bool)+0x78>  // b.lo, b.ul, b.last
   8a258:	d503201f 	nop
   8a25c:	d503201f 	nop
   8a260:	9b027c84 	mul	x4, x4, x2
   8a264:	9ac40825 	udiv	x5, x1, x4
   8a268:	eb05005f 	cmp	x2, x5
   8a26c:	54ffffa9 	b.ls	8a260 <CString::lltoa(char*, unsigned long long, unsigned int, bool)+0x18>  // b.plast
   8a270:	52000068 	eor	w8, w3, #0x1
   8a274:	aa0003e7 	mov	x7, x0
   8a278:	531b0908 	ubfiz	w8, w8, #5, #3
   8a27c:	1100dd08 	add	w8, w8, #0x37
   8a280:	14000005 	b	8a294 <CString::lltoa(char*, unsigned long long, unsigned int, bool)+0x4c>
   8a284:	9ac40823 	udiv	x3, x1, x4
   8a288:	9b048461 	msub	x1, x3, x4, x1
   8a28c:	9ac20884 	udiv	x4, x4, x2
   8a290:	9ac40825 	udiv	x5, x1, x4
   8a294:	1100c0a6 	add	w6, w5, #0x30
   8a298:	0b050103 	add	w3, w8, w5
   8a29c:	12001cc6 	and	w6, w6, #0xff
   8a2a0:	12001c63 	and	w3, w3, #0xff
   8a2a4:	f10024bf 	cmp	x5, #0x9
   8a2a8:	1a868063 	csel	w3, w3, w6, hi	// hi = pmore
   8a2ac:	380014e3 	strb	w3, [x7], #1
   8a2b0:	eb04005f 	cmp	x2, x4
   8a2b4:	54fffe89 	b.ls	8a284 <CString::lltoa(char*, unsigned long long, unsigned int, bool)+0x3c>  // b.plast
   8a2b8:	390000ff 	strb	wzr, [x7]
   8a2bc:	d65f03c0 	ret
   8a2c0:	aa0103e5 	mov	x5, x1
   8a2c4:	17ffffeb 	b	8a270 <CString::lltoa(char*, unsigned long long, unsigned int, bool)+0x28>

000000000008a2c8 <CString::ftoa(char*, double, unsigned int)>:
   8a2c8:	a9ba7bfd 	stp	x29, x30, [sp, #-96]!
   8a2cc:	910003fd 	mov	x29, sp
   8a2d0:	1e602018 	fcmpe	d0, #0.0
   8a2d4:	f9000bf3 	str	x19, [sp, #16]
   8a2d8:	aa0003f3 	mov	x19, x0
   8a2dc:	54000fa4 	b.mi	8a4d0 <CString::ftoa(char*, double, unsigned int)+0x208>  // b.first
   8a2e0:	aa0003ea 	mov	x10, x0
   8a2e4:	d2e87e00 	mov	x0, #0x43f0000000000000    	// #4895412794951729152
   8a2e8:	9e67001f 	fmov	d31, x0
   8a2ec:	1e7f2010 	fcmpe	d0, d31
   8a2f0:	54000fac 	b.gt	8a4e4 <CString::ftoa(char*, double, unsigned int)+0x21c>
   8a2f4:	9e790007 	fcvtzu	x7, d0
   8a2f8:	d2800020 	mov	x0, #0x1                   	// #1
   8a2fc:	f10024ff 	cmp	x7, #0x9
   8a300:	54001029 	b.ls	8a504 <CString::ftoa(char*, double, unsigned int)+0x23c>  // b.plast
   8a304:	8b000800 	add	x0, x0, x0, lsl #2
   8a308:	d37ff800 	lsl	x0, x0, #1
   8a30c:	9ac008e3 	udiv	x3, x7, x0
   8a310:	f100247f 	cmp	x3, #0x9
   8a314:	54ffff88 	b.hi	8a304 <CString::ftoa(char*, double, unsigned int)+0x3c>  // b.pmore
   8a318:	b202e7e8 	mov	x8, #0xcccccccccccccccc    	// #-3689348814741910324
   8a31c:	aa0a03e6 	mov	x6, x10
   8a320:	aa0703e5 	mov	x5, x7
   8a324:	f29999a8 	movk	x8, #0xcccd
   8a328:	14000006 	b	8a340 <CString::ftoa(char*, double, unsigned int)+0x78>
   8a32c:	9ac008a2 	udiv	x2, x5, x0
   8a330:	9b009445 	msub	x5, x2, x0, x5
   8a334:	9bc87c00 	umulh	x0, x0, x8
   8a338:	d343fc00 	lsr	x0, x0, #3
   8a33c:	9ac008a3 	udiv	x3, x5, x0
   8a340:	1100c064 	add	w4, w3, #0x30
   8a344:	11015c62 	add	w2, w3, #0x57
   8a348:	12001c84 	and	w4, w4, #0xff
   8a34c:	12001c42 	and	w2, w2, #0xff
   8a350:	f100247f 	cmp	x3, #0x9
   8a354:	1a848042 	csel	w2, w2, w4, hi	// hi = pmore
   8a358:	380014c2 	strb	w2, [x6], #1
   8a35c:	f100241f 	cmp	x0, #0x9
   8a360:	54fffe68 	b.hi	8a32c <CString::ftoa(char*, double, unsigned int)+0x64>  // b.pmore
   8a364:	390000df 	strb	wzr, [x6]
   8a368:	350000a1 	cbnz	w1, 8a37c <CString::ftoa(char*, double, unsigned int)+0xb4>
   8a36c:	aa1303e0 	mov	x0, x19
   8a370:	f9400bf3 	ldr	x19, [sp, #16]
   8a374:	a8c67bfd 	ldp	x29, x30, [sp], #96
   8a378:	d65f03c0 	ret
   8a37c:	aa0a03e0 	mov	x0, x10
   8a380:	f90013ea 	str	x10, [sp, #32]
   8a384:	b9002be1 	str	w1, [sp, #40]
   8a388:	f9001be7 	str	x7, [sp, #48]
   8a38c:	fd001fe0 	str	d0, [sp, #56]
   8a390:	97ffe32f 	bl	8304c <strlen>
   8a394:	b9402be1 	ldr	w1, [sp, #40]
   8a398:	528005c2 	mov	w2, #0x2e                  	// #46
   8a39c:	52800266 	mov	w6, #0x13                  	// #19
   8a3a0:	f94013ea 	ldr	x10, [sp, #32]
   8a3a4:	f9401be7 	ldr	x7, [sp, #48]
   8a3a8:	71004c3f 	cmp	w1, #0x13
   8a3ac:	1a869026 	csel	w6, w1, w6, ls	// ls = plast
   8a3b0:	7100043f 	cmp	w1, #0x1
   8a3b4:	fd401fe0 	ldr	d0, [sp, #56]
   8a3b8:	8b000148 	add	x8, x10, x0
   8a3bc:	38206942 	strb	w2, [x10, x0]
   8a3c0:	91000509 	add	x9, x8, #0x1
   8a3c4:	54000a80 	b.eq	8a514 <CString::ftoa(char*, double, unsigned int)+0x24c>  // b.none
   8a3c8:	52800041 	mov	w1, #0x2                   	// #2
   8a3cc:	d2800140 	mov	x0, #0xa                   	// #10
   8a3d0:	8b000800 	add	x0, x0, x0, lsl #2
   8a3d4:	11000421 	add	w1, w1, #0x1
   8a3d8:	d37ff800 	lsl	x0, x0, #1
   8a3dc:	6b0100df 	cmp	w6, w1
   8a3e0:	54ffff82 	b.cs	8a3d0 <CString::ftoa(char*, double, unsigned int)+0x108>  // b.hs, b.nlast
   8a3e4:	9e63001f 	ucvtf	d31, x0
   8a3e8:	9e6300fe 	ucvtf	d30, x7
   8a3ec:	d2800020 	mov	x0, #0x1                   	// #1
   8a3f0:	1e7e3800 	fsub	d0, d0, d30
   8a3f4:	1e7f0800 	fmul	d0, d0, d31
   8a3f8:	9e790001 	fcvtzu	x1, d0
   8a3fc:	f100243f 	cmp	x1, #0x9
   8a400:	54000869 	b.ls	8a50c <CString::ftoa(char*, double, unsigned int)+0x244>  // b.plast
   8a404:	8b000800 	add	x0, x0, x0, lsl #2
   8a408:	d37ff800 	lsl	x0, x0, #1
   8a40c:	9ac00823 	udiv	x3, x1, x0
   8a410:	f100247f 	cmp	x3, #0x9
   8a414:	54ffff88 	b.hi	8a404 <CString::ftoa(char*, double, unsigned int)+0x13c>  // b.pmore
   8a418:	b202e7e7 	mov	x7, #0xcccccccccccccccc    	// #-3689348814741910324
   8a41c:	910123e5 	add	x5, sp, #0x48
   8a420:	f29999a7 	movk	x7, #0xcccd
   8a424:	14000006 	b	8a43c <CString::ftoa(char*, double, unsigned int)+0x174>
   8a428:	9ac00822 	udiv	x2, x1, x0
   8a42c:	9b008441 	msub	x1, x2, x0, x1
   8a430:	9bc77c00 	umulh	x0, x0, x7
   8a434:	d343fc00 	lsr	x0, x0, #3
   8a438:	9ac00823 	udiv	x3, x1, x0
   8a43c:	1100c064 	add	w4, w3, #0x30
   8a440:	11015c62 	add	w2, w3, #0x57
   8a444:	12001c84 	and	w4, w4, #0xff
   8a448:	12001c42 	and	w2, w2, #0xff
   8a44c:	f100247f 	cmp	x3, #0x9
   8a450:	1a848042 	csel	w2, w2, w4, hi	// hi = pmore
   8a454:	380014a2 	strb	w2, [x5], #1
   8a458:	f100241f 	cmp	x0, #0x9
   8a45c:	54fffe68 	b.hi	8a428 <CString::ftoa(char*, double, unsigned int)+0x160>  // b.pmore
   8a460:	910123e0 	add	x0, sp, #0x48
   8a464:	390000bf 	strb	wzr, [x5]
   8a468:	b90023e6 	str	w6, [sp, #32]
   8a46c:	a902a3e9 	stp	x9, x8, [sp, #40]
   8a470:	97ffe2f7 	bl	8304c <strlen>
   8a474:	b94023e6 	ldr	w6, [sp, #32]
   8a478:	f94017e9 	ldr	x9, [sp, #40]
   8a47c:	6b0000c6 	subs	w6, w6, w0
   8a480:	540001a0 	b.eq	8a4b4 <CString::ftoa(char*, double, unsigned int)+0x1ec>  // b.none
   8a484:	f9401be8 	ldr	x8, [sp, #48]
   8a488:	510004c6 	sub	w6, w6, #0x1
   8a48c:	52800602 	mov	w2, #0x30                  	// #48
   8a490:	910008c0 	add	x0, x6, #0x2
   8a494:	8b000101 	add	x1, x8, x0
   8a498:	aa0903e0 	mov	x0, x9
   8a49c:	d503201f 	nop
   8a4a0:	38001402 	strb	w2, [x0], #1
   8a4a4:	eb01001f 	cmp	x0, x1
   8a4a8:	54ffffc1 	b.ne	8a4a0 <CString::ftoa(char*, double, unsigned int)+0x1d8>  // b.any
   8a4ac:	91000529 	add	x9, x9, #0x1
   8a4b0:	8b060129 	add	x9, x9, x6
   8a4b4:	910123e1 	add	x1, sp, #0x48
   8a4b8:	aa0903e0 	mov	x0, x9
   8a4bc:	97ffe37b 	bl	832a8 <strcpy>
   8a4c0:	aa1303e0 	mov	x0, x19
   8a4c4:	f9400bf3 	ldr	x19, [sp, #16]
   8a4c8:	a8c67bfd 	ldp	x29, x30, [sp], #96
   8a4cc:	d65f03c0 	ret
   8a4d0:	aa0003ea 	mov	x10, x0
   8a4d4:	528005a0 	mov	w0, #0x2d                  	// #45
   8a4d8:	1e614000 	fneg	d0, d0
   8a4dc:	38001540 	strb	w0, [x10], #1
   8a4e0:	17ffff81 	b	8a2e4 <CString::ftoa(char*, double, unsigned int)+0x1c>
   8a4e4:	b0000021 	adrp	x1, 8f000 <From+0x918>
   8a4e8:	aa0a03e0 	mov	x0, x10
   8a4ec:	9107c021 	add	x1, x1, #0x1f0
   8a4f0:	97ffe36e 	bl	832a8 <strcpy>
   8a4f4:	aa1303e0 	mov	x0, x19
   8a4f8:	f9400bf3 	ldr	x19, [sp, #16]
   8a4fc:	a8c67bfd 	ldp	x29, x30, [sp], #96
   8a500:	d65f03c0 	ret
   8a504:	aa0703e3 	mov	x3, x7
   8a508:	17ffff84 	b	8a318 <CString::ftoa(char*, double, unsigned int)+0x50>
   8a50c:	aa0103e3 	mov	x3, x1
   8a510:	17ffffc2 	b	8a418 <CString::ftoa(char*, double, unsigned int)+0x150>
   8a514:	1e64901f 	fmov	d31, #1.000000000000000000e+01
   8a518:	17ffffb4 	b	8a3e8 <CString::ftoa(char*, double, unsigned int)+0x120>
   8a51c:	d503201f 	nop

000000000008a520 <CString::FormatV(char const*, std::__va_list)>:
   8a520:	a9b57bfd 	stp	x29, x30, [sp, #-176]!
   8a524:	910003fd 	mov	x29, sp
   8a528:	a90153f3 	stp	x19, x20, [sp, #16]
   8a52c:	a9025bf5 	stp	x21, x22, [sp, #32]
   8a530:	aa0203f6 	mov	x22, x2
   8a534:	a9046bf9 	stp	x25, x26, [sp, #64]
   8a538:	aa0003fa 	mov	x26, x0
   8a53c:	aa0103f9 	mov	x25, x1
   8a540:	a9400053 	ldp	x19, x0, [x2]
   8a544:	f9003fe0 	str	x0, [sp, #120]
   8a548:	29430055 	ldp	w21, w0, [x2, #24]
   8a54c:	b90067e0 	str	w0, [sp, #100]
   8a550:	f9400740 	ldr	x0, [x26, #8]
   8a554:	b4000040 	cbz	x0, 8a55c <CString::FormatV(char const*, std::__va_list)+0x3c>
   8a558:	97ffe544 	bl	83a68 <operator delete[](void*)>
   8a55c:	52800800 	mov	w0, #0x40                  	// #64
   8a560:	b9001340 	str	w0, [x26, #16]
   8a564:	d2800800 	mov	x0, #0x40                  	// #64
   8a568:	97ffe52e 	bl	83a20 <operator new[](unsigned long)>
   8a56c:	f9000740 	str	x0, [x26, #8]
   8a570:	f9000f40 	str	x0, [x26, #24]
   8a574:	39c00334 	ldrsb	w20, [x25]
   8a578:	34000b14 	cbz	w20, 8a6d8 <CString::FormatV(char const*, std::__va_list)+0x1b8>
   8a57c:	a90363f7 	stp	x23, x24, [sp, #48]
   8a580:	a90573fb 	stp	x27, x28, [sp, #80]
   8a584:	7100969f 	cmp	w20, #0x25
   8a588:	54000dc1 	b.ne	8a740 <CString::FormatV(char const*, std::__va_list)+0x220>  // b.any
   8a58c:	39c00722 	ldrsb	w2, [x25, #1]
   8a590:	7100945f 	cmp	w2, #0x25
   8a594:	54001c60 	b.eq	8a920 <CString::FormatV(char const*, std::__va_list)+0x400>  // b.none
   8a598:	71008c5f 	cmp	w2, #0x23
   8a59c:	54000e20 	b.eq	8a760 <CString::FormatV(char const*, std::__va_list)+0x240>  // b.none
   8a5a0:	9100073c 	add	x28, x25, #0x1
   8a5a4:	52800005 	mov	w5, #0x0                   	// #0
   8a5a8:	52800014 	mov	w20, #0x0                   	// #0
   8a5ac:	7100b45f 	cmp	w2, #0x2d
   8a5b0:	54000081 	b.ne	8a5c0 <CString::FormatV(char const*, std::__va_list)+0xa0>  // b.any
   8a5b4:	39c00782 	ldrsb	w2, [x28, #1]
   8a5b8:	52800034 	mov	w20, #0x1                   	// #1
   8a5bc:	9100079c 	add	x28, x28, #0x1
   8a5c0:	52800017 	mov	w23, #0x0                   	// #0
   8a5c4:	7100c05f 	cmp	w2, #0x30
   8a5c8:	54000081 	b.ne	8a5d8 <CString::FormatV(char const*, std::__va_list)+0xb8>  // b.any
   8a5cc:	39c00782 	ldrsb	w2, [x28, #1]
   8a5d0:	52800037 	mov	w23, #0x1                   	// #1
   8a5d4:	9100079c 	add	x28, x28, #0x1
   8a5d8:	5100c041 	sub	w1, w2, #0x30
   8a5dc:	d280001b 	mov	x27, #0x0                   	// #0
   8a5e0:	12001c20 	and	w0, w1, #0xff
   8a5e4:	7100241f 	cmp	w0, #0x9
   8a5e8:	54000128 	b.hi	8a60c <CString::FormatV(char const*, std::__va_list)+0xec>  // b.pmore
   8a5ec:	38c01f82 	ldrsb	w2, [x28, #1]!
   8a5f0:	8b1b0b7b 	add	x27, x27, x27, lsl #2
   8a5f4:	93401c21 	sxtb	x1, w1
   8a5f8:	8b1b043b 	add	x27, x1, x27, lsl #1
   8a5fc:	5100c041 	sub	w1, w2, #0x30
   8a600:	12001c23 	and	w3, w1, #0xff
   8a604:	7100247f 	cmp	w3, #0x9
   8a608:	54ffff29 	b.ls	8a5ec <CString::FormatV(char const*, std::__va_list)+0xcc>  // b.plast
   8a60c:	7100b85f 	cmp	w2, #0x2e
   8a610:	54003380 	b.eq	8ac80 <CString::FormatV(char const*, std::__va_list)+0x760>  // b.none
   8a614:	39c00383 	ldrsb	w3, [x28]
   8a618:	528000c1 	mov	w1, #0x6                   	// #6
   8a61c:	7101b07f 	cmp	w3, #0x6c
   8a620:	54000a80 	b.eq	8a770 <CString::FormatV(char const*, std::__va_list)+0x250>  // b.none
   8a624:	7101bc7f 	cmp	w3, #0x6f
   8a628:	54003120 	b.eq	8ac4c <CString::FormatV(char const*, std::__va_list)+0x72c>  // b.none
   8a62c:	5400062c 	b.gt	8a6f0 <CString::FormatV(char const*, std::__va_list)+0x1d0>
   8a630:	7101907f 	cmp	w3, #0x64
   8a634:	54006040 	b.eq	8b23c <CString::FormatV(char const*, std::__va_list)+0xd1c>  // b.none
   8a638:	5400186d 	b.le	8a944 <CString::FormatV(char const*, std::__va_list)+0x424>
   8a63c:	7101987f 	cmp	w3, #0x66
   8a640:	540051e1 	b.ne	8b07c <CString::FormatV(char const*, std::__va_list)+0xb5c>  // b.any
   8a644:	b94067e0 	ldr	w0, [sp, #100]
   8a648:	37f85240 	tbnz	w0, #31, 8b090 <CString::FormatV(char const*, std::__va_list)+0xb70>
   8a64c:	91003e77 	add	x23, x19, #0xf
   8a650:	927df2f7 	and	x23, x23, #0xfffffffffffffff8
   8a654:	fd400260 	ldr	d0, [x19]
   8a658:	910203f8 	add	x24, sp, #0x80
   8a65c:	aa1803e0 	mov	x0, x24
   8a660:	97ffff1a 	bl	8a2c8 <CString::ftoa(char*, double, unsigned int)>
   8a664:	aa1803e0 	mov	x0, x24
   8a668:	97ffe279 	bl	8304c <strlen>
   8a66c:	aa0003f3 	mov	x19, x0
   8a670:	350053d4 	cbnz	w20, 8b0e8 <CString::FormatV(char const*, std::__va_list)+0xbc8>
   8a674:	eb1b001f 	cmp	x0, x27
   8a678:	54003de3 	b.cc	8ae34 <CString::FormatV(char const*, std::__va_list)+0x914>  // b.lo, b.ul, b.last
   8a67c:	aa1803e0 	mov	x0, x24
   8a680:	97ffe273 	bl	8304c <strlen>
   8a684:	aa0003f3 	mov	x19, x0
   8a688:	b4000080 	cbz	x0, 8a698 <CString::FormatV(char const*, std::__va_list)+0x178>
   8a68c:	aa0003e1 	mov	x1, x0
   8a690:	aa1a03e0 	mov	x0, x26
   8a694:	97fffcb6 	bl	8996c <CString::ReserveSpace(unsigned long) [clone .part.0]>
   8a698:	f9400f40 	ldr	x0, [x26, #24]
   8a69c:	aa1803e1 	mov	x1, x24
   8a6a0:	aa1c03f9 	mov	x25, x28
   8a6a4:	97ffe301 	bl	832a8 <strcpy>
   8a6a8:	f9400f40 	ldr	x0, [x26, #24]
   8a6ac:	8b130000 	add	x0, x0, x19
   8a6b0:	aa1703f3 	mov	x19, x23
   8a6b4:	f9000f40 	str	x0, [x26, #24]
   8a6b8:	d503201f 	nop
   8a6bc:	d503201f 	nop
   8a6c0:	91000739 	add	x25, x25, #0x1
   8a6c4:	39c00334 	ldrsb	w20, [x25]
   8a6c8:	35fff5f4 	cbnz	w20, 8a584 <CString::FormatV(char const*, std::__va_list)+0x64>
   8a6cc:	f9400f40 	ldr	x0, [x26, #24]
   8a6d0:	a94363f7 	ldp	x23, x24, [sp, #48]
   8a6d4:	a94573fb 	ldp	x27, x28, [sp, #80]
   8a6d8:	3900001f 	strb	wzr, [x0]
   8a6dc:	a94153f3 	ldp	x19, x20, [sp, #16]
   8a6e0:	a9425bf5 	ldp	x21, x22, [sp, #32]
   8a6e4:	a9446bf9 	ldp	x25, x26, [sp, #64]
   8a6e8:	a8cb7bfd 	ldp	x29, x30, [sp], #176
   8a6ec:	d65f03c0 	ret
   8a6f0:	7101cc7f 	cmp	w3, #0x73
   8a6f4:	540030e0 	b.eq	8ad10 <CString::FormatV(char const*, std::__va_list)+0x7f0>  // b.none
   8a6f8:	54001f2d 	b.le	8aadc <CString::FormatV(char const*, std::__va_list)+0x5bc>
   8a6fc:	d2800140 	mov	x0, #0xa                   	// #10
   8a700:	52800019 	mov	w25, #0x0                   	// #0
   8a704:	7101d47f 	cmp	w3, #0x75
   8a708:	540015c0 	b.eq	8a9c0 <CString::FormatV(char const*, std::__va_list)+0x4a0>  // b.none
   8a70c:	b90073ff 	str	wzr, [sp, #112]
   8a710:	7101e07f 	cmp	w3, #0x78
   8a714:	540032e0 	b.eq	8ad70 <CString::FormatV(char const*, std::__va_list)+0x850>  // b.none
   8a718:	aa1c03f9 	mov	x25, x28
   8a71c:	d2800021 	mov	x1, #0x1                   	// #1
   8a720:	aa1a03e0 	mov	x0, x26
   8a724:	97fffc92 	bl	8996c <CString::ReserveSpace(unsigned long) [clone .part.0]>
   8a728:	f9400f40 	ldr	x0, [x26, #24]
   8a72c:	91000401 	add	x1, x0, #0x1
   8a730:	f9000f41 	str	x1, [x26, #24]
   8a734:	528004a1 	mov	w1, #0x25                  	// #37
   8a738:	39000001 	strb	w1, [x0]
   8a73c:	39c00334 	ldrsb	w20, [x25]
   8a740:	d2800021 	mov	x1, #0x1                   	// #1
   8a744:	aa1a03e0 	mov	x0, x26
   8a748:	97fffc89 	bl	8996c <CString::ReserveSpace(unsigned long) [clone .part.0]>
   8a74c:	f9400f40 	ldr	x0, [x26, #24]
   8a750:	91000401 	add	x1, x0, #0x1
   8a754:	f9000f41 	str	x1, [x26, #24]
   8a758:	39000014 	strb	w20, [x0]
   8a75c:	17ffffd9 	b	8a6c0 <CString::FormatV(char const*, std::__va_list)+0x1a0>
   8a760:	39c00b22 	ldrsb	w2, [x25, #2]
   8a764:	91000b3c 	add	x28, x25, #0x2
   8a768:	52800025 	mov	w5, #0x1                   	// #1
   8a76c:	17ffff8f 	b	8a5a8 <CString::FormatV(char const*, std::__va_list)+0x88>
   8a770:	39c00783 	ldrsb	w3, [x28, #1]
   8a774:	7101b07f 	cmp	w3, #0x6c
   8a778:	54002a60 	b.eq	8acc4 <CString::FormatV(char const*, std::__va_list)+0x7a4>  // b.none
   8a77c:	9100079c 	add	x28, x28, #0x1
   8a780:	7101bc7f 	cmp	w3, #0x6f
   8a784:	54005820 	b.eq	8b288 <CString::FormatV(char const*, std::__va_list)+0xd68>  // b.none
   8a788:	5400108c 	b.gt	8a998 <CString::FormatV(char const*, std::__va_list)+0x478>
   8a78c:	7101907f 	cmp	w3, #0x64
   8a790:	54000100 	b.eq	8a7b0 <CString::FormatV(char const*, std::__va_list)+0x290>  // b.none
   8a794:	540030ad 	b.le	8ada8 <CString::FormatV(char const*, std::__va_list)+0x888>
   8a798:	7101987f 	cmp	w3, #0x66
   8a79c:	54fff540 	b.eq	8a644 <CString::FormatV(char const*, std::__va_list)+0x124>  // b.none
   8a7a0:	52800020 	mov	w0, #0x1                   	// #1
   8a7a4:	7101a47f 	cmp	w3, #0x69
   8a7a8:	54fffb81 	b.ne	8a718 <CString::FormatV(char const*, std::__va_list)+0x1f8>  // b.any
   8a7ac:	34005480 	cbz	w0, 8b23c <CString::FormatV(char const*, std::__va_list)+0xd1c>
   8a7b0:	37f85e15 	tbnz	w21, #31, 8b370 <CString::FormatV(char const*, std::__va_list)+0xe50>
   8a7b4:	91003e61 	add	x1, x19, #0xf
   8a7b8:	aa1303e0 	mov	x0, x19
   8a7bc:	927df033 	and	x19, x1, #0xfffffffffffffff8
   8a7c0:	f9400001 	ldr	x1, [x0]
   8a7c4:	aa1c03f9 	mov	x25, x28
   8a7c8:	f100003f 	cmp	x1, #0x0
   8a7cc:	d2800020 	mov	x0, #0x1                   	// #1
   8a7d0:	da81a421 	cneg	x1, x1, lt	// lt = tstop
   8a7d4:	1a9fa7fc 	cset	w28, lt	// lt = tstop
   8a7d8:	aa0103e5 	mov	x5, x1
   8a7dc:	f100243f 	cmp	x1, #0x9
   8a7e0:	54005ecd 	b.le	8b3b8 <CString::FormatV(char const*, std::__va_list)+0xe98>
   8a7e4:	8b000800 	add	x0, x0, x0, lsl #2
   8a7e8:	d37ff800 	lsl	x0, x0, #1
   8a7ec:	9ac00822 	udiv	x2, x1, x0
   8a7f0:	f100245f 	cmp	x2, #0x9
   8a7f4:	54ffff88 	b.hi	8a7e4 <CString::FormatV(char const*, std::__va_list)+0x2c4>  // b.pmore
   8a7f8:	910203f8 	add	x24, sp, #0x80
   8a7fc:	b202e7e7 	mov	x7, #0xcccccccccccccccc    	// #-3689348814741910324
   8a800:	aa1803e6 	mov	x6, x24
   8a804:	f29999a7 	movk	x7, #0xcccd
   8a808:	14000006 	b	8a820 <CString::FormatV(char const*, std::__va_list)+0x300>
   8a80c:	9ac008a1 	udiv	x1, x5, x0
   8a810:	9b009425 	msub	x5, x1, x0, x5
   8a814:	9bc77c00 	umulh	x0, x0, x7
   8a818:	d343fc00 	lsr	x0, x0, #3
   8a81c:	9ac008a2 	udiv	x2, x5, x0
   8a820:	1100c043 	add	w3, w2, #0x30
   8a824:	11015c41 	add	w1, w2, #0x57
   8a828:	12001c63 	and	w3, w3, #0xff
   8a82c:	12001c21 	and	w1, w1, #0xff
   8a830:	f100245f 	cmp	x2, #0x9
   8a834:	1a838021 	csel	w1, w1, w3, hi	// hi = pmore
   8a838:	380014c1 	strb	w1, [x6], #1
   8a83c:	f100241f 	cmp	x0, #0x9
   8a840:	54fffe68 	b.hi	8a80c <CString::FormatV(char const*, std::__va_list)+0x2ec>  // b.pmore
   8a844:	aa1803e0 	mov	x0, x24
   8a848:	390000df 	strb	wzr, [x6]
   8a84c:	97ffe200 	bl	8304c <strlen>
   8a850:	aa0003e2 	mov	x2, x0
   8a854:	12000383 	and	w3, w28, #0x1
   8a858:	34003b3c 	cbz	w28, 8afbc <CString::FormatV(char const*, std::__va_list)+0xa9c>
   8a85c:	91000402 	add	x2, x0, #0x1
   8a860:	34003d94 	cbz	w20, 8b010 <CString::FormatV(char const*, std::__va_list)+0xaf0>
   8a864:	d2800021 	mov	x1, #0x1                   	// #1
   8a868:	aa1a03e0 	mov	x0, x26
   8a86c:	f90037e2 	str	x2, [sp, #104]
   8a870:	97fffc3f 	bl	8996c <CString::ReserveSpace(unsigned long) [clone .part.0]>
   8a874:	f9400f40 	ldr	x0, [x26, #24]
   8a878:	f94037e2 	ldr	x2, [sp, #104]
   8a87c:	91000401 	add	x1, x0, #0x1
   8a880:	f9000f41 	str	x1, [x26, #24]
   8a884:	528005a1 	mov	w1, #0x2d                  	// #45
   8a888:	39000001 	strb	w1, [x0]
   8a88c:	aa1803e0 	mov	x0, x24
   8a890:	f90037e2 	str	x2, [sp, #104]
   8a894:	97ffe1ee 	bl	8304c <strlen>
   8a898:	f94037e2 	ldr	x2, [sp, #104]
   8a89c:	aa0003f4 	mov	x20, x0
   8a8a0:	b40000a0 	cbz	x0, 8a8b4 <CString::FormatV(char const*, std::__va_list)+0x394>
   8a8a4:	aa0003e1 	mov	x1, x0
   8a8a8:	aa1a03e0 	mov	x0, x26
   8a8ac:	97fffc30 	bl	8996c <CString::ReserveSpace(unsigned long) [clone .part.0]>
   8a8b0:	f94037e2 	ldr	x2, [sp, #104]
   8a8b4:	aa1803e1 	mov	x1, x24
   8a8b8:	f90037e2 	str	x2, [sp, #104]
   8a8bc:	f9400f40 	ldr	x0, [x26, #24]
   8a8c0:	97ffe27a 	bl	832a8 <strcpy>
   8a8c4:	f9400f40 	ldr	x0, [x26, #24]
   8a8c8:	f94037e2 	ldr	x2, [sp, #104]
   8a8cc:	8b140000 	add	x0, x0, x20
   8a8d0:	f9000f40 	str	x0, [x26, #24]
   8a8d4:	eb1b005f 	cmp	x2, x27
   8a8d8:	54ffef42 	b.cs	8a6c0 <CString::FormatV(char const*, std::__va_list)+0x1a0>  // b.hs, b.nlast
   8a8dc:	cb02037b 	sub	x27, x27, x2
   8a8e0:	aa1a03e0 	mov	x0, x26
   8a8e4:	aa1b03e1 	mov	x1, x27
   8a8e8:	97fffc21 	bl	8996c <CString::ReserveSpace(unsigned long) [clone .part.0]>
   8a8ec:	d1000760 	sub	x0, x27, #0x1
   8a8f0:	52800403 	mov	w3, #0x20                  	// #32
   8a8f4:	d503201f 	nop
   8a8f8:	d503201f 	nop
   8a8fc:	d503201f 	nop
   8a900:	f9400f41 	ldr	x1, [x26, #24]
   8a904:	d1000400 	sub	x0, x0, #0x1
   8a908:	91000422 	add	x2, x1, #0x1
   8a90c:	f9000f42 	str	x2, [x26, #24]
   8a910:	39000023 	strb	w3, [x1]
   8a914:	b100041f 	cmn	x0, #0x1
   8a918:	54ffff41 	b.ne	8a900 <CString::FormatV(char const*, std::__va_list)+0x3e0>  // b.any
   8a91c:	17ffff69 	b	8a6c0 <CString::FormatV(char const*, std::__va_list)+0x1a0>
   8a920:	d2800021 	mov	x1, #0x1                   	// #1
   8a924:	aa1a03e0 	mov	x0, x26
   8a928:	97fffc11 	bl	8996c <CString::ReserveSpace(unsigned long) [clone .part.0]>
   8a92c:	f9400f40 	ldr	x0, [x26, #24]
   8a930:	91000b39 	add	x25, x25, #0x2
   8a934:	91000401 	add	x1, x0, #0x1
   8a938:	f9000f41 	str	x1, [x26, #24]
   8a93c:	39000014 	strb	w20, [x0]
   8a940:	17ffff61 	b	8a6c4 <CString::FormatV(char const*, std::__va_list)+0x1a4>
   8a944:	7101607f 	cmp	w3, #0x58
   8a948:	54004700 	b.eq	8b228 <CString::FormatV(char const*, std::__va_list)+0xd08>  // b.none
   8a94c:	71018c7f 	cmp	w3, #0x63
   8a950:	54ffee41 	b.ne	8a718 <CString::FormatV(char const*, std::__va_list)+0x1f8>  // b.any
   8a954:	37f83bd5 	tbnz	w21, #31, 8b0cc <CString::FormatV(char const*, std::__va_list)+0xbac>
   8a958:	91002e77 	add	x23, x19, #0xb
   8a95c:	927df2f7 	and	x23, x23, #0xfffffffffffffff8
   8a960:	b9400273 	ldr	w19, [x19]
   8a964:	35004374 	cbnz	w20, 8b1d0 <CString::FormatV(char const*, std::__va_list)+0xcb0>
   8a968:	f100077f 	cmp	x27, #0x1
   8a96c:	540022c8 	b.hi	8adc4 <CString::FormatV(char const*, std::__va_list)+0x8a4>  // b.pmore
   8a970:	d2800021 	mov	x1, #0x1                   	// #1
   8a974:	aa1a03e0 	mov	x0, x26
   8a978:	97fffbfd 	bl	8996c <CString::ReserveSpace(unsigned long) [clone .part.0]>
   8a97c:	f9400f40 	ldr	x0, [x26, #24]
   8a980:	91000401 	add	x1, x0, #0x1
   8a984:	f9000f41 	str	x1, [x26, #24]
   8a988:	39000013 	strb	w19, [x0]
   8a98c:	aa1c03f9 	mov	x25, x28
   8a990:	aa1703f3 	mov	x19, x23
   8a994:	17ffff4b 	b	8a6c0 <CString::FormatV(char const*, std::__va_list)+0x1a0>
   8a998:	7101cc7f 	cmp	w3, #0x73
   8a99c:	54001ba0 	b.eq	8ad10 <CString::FormatV(char const*, std::__va_list)+0x7f0>  // b.none
   8a9a0:	540009ed 	b.le	8aadc <CString::FormatV(char const*, std::__va_list)+0x5bc>
   8a9a4:	d2800140 	mov	x0, #0xa                   	// #10
   8a9a8:	52800039 	mov	w25, #0x1                   	// #1
   8a9ac:	7101d47f 	cmp	w3, #0x75
   8a9b0:	54ffeae1 	b.ne	8a70c <CString::FormatV(char const*, std::__va_list)+0x1ec>  // b.any
   8a9b4:	d503201f 	nop
   8a9b8:	d503201f 	nop
   8a9bc:	d503201f 	nop
   8a9c0:	360014b9 	tbz	w25, #0, 8ac54 <CString::FormatV(char const*, std::__va_list)+0x734>
   8a9c4:	37f82915 	tbnz	w21, #31, 8aee4 <CString::FormatV(char const*, std::__va_list)+0x9c4>
   8a9c8:	91003e62 	add	x2, x19, #0xf
   8a9cc:	aa1303e1 	mov	x1, x19
   8a9d0:	927df053 	and	x19, x2, #0xfffffffffffffff8
   8a9d4:	f9400021 	ldr	x1, [x1]
   8a9d8:	aa1c03f9 	mov	x25, x28
   8a9dc:	d2800022 	mov	x2, #0x1                   	// #1
   8a9e0:	eb00003f 	cmp	x1, x0
   8a9e4:	540014a3 	b.cc	8ac78 <CString::FormatV(char const*, std::__va_list)+0x758>  // b.lo, b.ul, b.last
   8a9e8:	9b007c42 	mul	x2, x2, x0
   8a9ec:	9ac20825 	udiv	x5, x1, x2
   8a9f0:	eb05001f 	cmp	x0, x5
   8a9f4:	54ffffa9 	b.ls	8a9e8 <CString::FormatV(char const*, std::__va_list)+0x4c8>  // b.plast
   8a9f8:	7101607f 	cmp	w3, #0x58
   8a9fc:	910203f8 	add	x24, sp, #0x80
   8aa00:	1a9f07e8 	cset	w8, ne	// ne = any
   8aa04:	531b0908 	ubfiz	w8, w8, #5, #3
   8aa08:	aa1803e7 	mov	x7, x24
   8aa0c:	1100dd08 	add	w8, w8, #0x37
   8aa10:	14000005 	b	8aa24 <CString::FormatV(char const*, std::__va_list)+0x504>
   8aa14:	9ac20823 	udiv	x3, x1, x2
   8aa18:	9b028461 	msub	x1, x3, x2, x1
   8aa1c:	9ac00842 	udiv	x2, x2, x0
   8aa20:	9ac20825 	udiv	x5, x1, x2
   8aa24:	1100c0a6 	add	w6, w5, #0x30
   8aa28:	0b050103 	add	w3, w8, w5
   8aa2c:	12001cc6 	and	w6, w6, #0xff
   8aa30:	12001c63 	and	w3, w3, #0xff
   8aa34:	f10024bf 	cmp	x5, #0x9
   8aa38:	1a868063 	csel	w3, w3, w6, hi	// hi = pmore
   8aa3c:	380014e3 	strb	w3, [x7], #1
   8aa40:	eb02001f 	cmp	x0, x2
   8aa44:	54fffe89 	b.ls	8aa14 <CString::FormatV(char const*, std::__va_list)+0x4f4>  // b.plast
   8aa48:	aa1803e0 	mov	x0, x24
   8aa4c:	390000ff 	strb	wzr, [x7]
   8aa50:	97ffe17f 	bl	8304c <strlen>
   8aa54:	aa0003fc 	mov	x28, x0
   8aa58:	35000c14 	cbnz	w20, 8abd8 <CString::FormatV(char const*, std::__va_list)+0x6b8>
   8aa5c:	eb1b001f 	cmp	x0, x27
   8aa60:	54000222 	b.cs	8aaa4 <CString::FormatV(char const*, std::__va_list)+0x584>  // b.hs, b.nlast
   8aa64:	52800600 	mov	w0, #0x30                  	// #48
   8aa68:	cb1c037b 	sub	x27, x27, x28
   8aa6c:	710002ff 	cmp	w23, #0x0
   8aa70:	52800414 	mov	w20, #0x20                  	// #32
   8aa74:	1a800294 	csel	w20, w20, w0, eq	// eq = none
   8aa78:	aa1b03e1 	mov	x1, x27
   8aa7c:	aa1a03e0 	mov	x0, x26
   8aa80:	97fffbbb 	bl	8996c <CString::ReserveSpace(unsigned long) [clone .part.0]>
   8aa84:	d1000762 	sub	x2, x27, #0x1
   8aa88:	f9400f40 	ldr	x0, [x26, #24]
   8aa8c:	d1000442 	sub	x2, x2, #0x1
   8aa90:	91000401 	add	x1, x0, #0x1
   8aa94:	f9000f41 	str	x1, [x26, #24]
   8aa98:	39000014 	strb	w20, [x0]
   8aa9c:	b100045f 	cmn	x2, #0x1
   8aaa0:	54ffff41 	b.ne	8aa88 <CString::FormatV(char const*, std::__va_list)+0x568>  // b.any
   8aaa4:	aa1803e0 	mov	x0, x24
   8aaa8:	97ffe169 	bl	8304c <strlen>
   8aaac:	aa0003f4 	mov	x20, x0
   8aab0:	b4000080 	cbz	x0, 8aac0 <CString::FormatV(char const*, std::__va_list)+0x5a0>
   8aab4:	aa0003e1 	mov	x1, x0
   8aab8:	aa1a03e0 	mov	x0, x26
   8aabc:	97fffbac 	bl	8996c <CString::ReserveSpace(unsigned long) [clone .part.0]>
   8aac0:	f9400f40 	ldr	x0, [x26, #24]
   8aac4:	aa1803e1 	mov	x1, x24
   8aac8:	97ffe1f8 	bl	832a8 <strcpy>
   8aacc:	f9400f40 	ldr	x0, [x26, #24]
   8aad0:	8b140000 	add	x0, x0, x20
   8aad4:	f9000f40 	str	x0, [x26, #24]
   8aad8:	17fffefa 	b	8a6c0 <CString::FormatV(char const*, std::__va_list)+0x1a0>
   8aadc:	7101c07f 	cmp	w3, #0x70
   8aae0:	54ffe1c1 	b.ne	8a718 <CString::FormatV(char const*, std::__va_list)+0x1f8>  // b.any
   8aae4:	52800039 	mov	w25, #0x1                   	// #1
   8aae8:	b90073ff 	str	wzr, [sp, #112]
   8aaec:	b0000038 	adrp	x24, 8f000 <From+0x918>
   8aaf0:	91082300 	add	x0, x24, #0x208
   8aaf4:	f90037e0 	str	x0, [sp, #104]
   8aaf8:	f94037e0 	ldr	x0, [sp, #104]
   8aafc:	97ffe154 	bl	8304c <strlen>
   8ab00:	aa0003f8 	mov	x24, x0
   8ab04:	b4000080 	cbz	x0, 8ab14 <CString::FormatV(char const*, std::__va_list)+0x5f4>
   8ab08:	aa0003e1 	mov	x1, x0
   8ab0c:	aa1a03e0 	mov	x0, x26
   8ab10:	97fffb97 	bl	8996c <CString::ReserveSpace(unsigned long) [clone .part.0]>
   8ab14:	f9400f40 	ldr	x0, [x26, #24]
   8ab18:	f94037e1 	ldr	x1, [sp, #104]
   8ab1c:	97ffe1e3 	bl	832a8 <strcpy>
   8ab20:	f9400f40 	ldr	x0, [x26, #24]
   8ab24:	8b180000 	add	x0, x0, x24
   8ab28:	f9000f40 	str	x0, [x26, #24]
   8ab2c:	d2800200 	mov	x0, #0x10                  	// #16
   8ab30:	39c00383 	ldrsb	w3, [x28]
   8ab34:	f9403be1 	ldr	x1, [sp, #112]
   8ab38:	3607f441 	tbz	w1, #0, 8a9c0 <CString::FormatV(char const*, std::__va_list)+0x4a0>
   8ab3c:	37f81b55 	tbnz	w21, #31, 8aea4 <CString::FormatV(char const*, std::__va_list)+0x984>
   8ab40:	91003e62 	add	x2, x19, #0xf
   8ab44:	aa1303e1 	mov	x1, x19
   8ab48:	927df053 	and	x19, x2, #0xfffffffffffffff8
   8ab4c:	f9400026 	ldr	x6, [x1]
   8ab50:	d2800021 	mov	x1, #0x1                   	// #1
   8ab54:	eb0000df 	cmp	x6, x0
   8ab58:	54004003 	b.cc	8b358 <CString::FormatV(char const*, std::__va_list)+0xe38>  // b.lo, b.ul, b.last
   8ab5c:	d503201f 	nop
   8ab60:	9b007c21 	mul	x1, x1, x0
   8ab64:	9ac108c5 	udiv	x5, x6, x1
   8ab68:	eb0000bf 	cmp	x5, x0
   8ab6c:	54ffffa2 	b.cs	8ab60 <CString::FormatV(char const*, std::__va_list)+0x640>  // b.hs, b.nlast
   8ab70:	7101607f 	cmp	w3, #0x58
   8ab74:	910203f8 	add	x24, sp, #0x80
   8ab78:	1a9f07e8 	cset	w8, ne	// ne = any
   8ab7c:	531b0908 	ubfiz	w8, w8, #5, #3
   8ab80:	aa1803e7 	mov	x7, x24
   8ab84:	1100dd08 	add	w8, w8, #0x37
   8ab88:	14000005 	b	8ab9c <CString::FormatV(char const*, std::__va_list)+0x67c>
   8ab8c:	9ac108c2 	udiv	x2, x6, x1
   8ab90:	9b019846 	msub	x6, x2, x1, x6
   8ab94:	9ac00821 	udiv	x1, x1, x0
   8ab98:	9ac108c5 	udiv	x5, x6, x1
   8ab9c:	1100c0a3 	add	w3, w5, #0x30
   8aba0:	0b050102 	add	w2, w8, w5
   8aba4:	12001c63 	and	w3, w3, #0xff
   8aba8:	12001c42 	and	w2, w2, #0xff
   8abac:	f10024bf 	cmp	x5, #0x9
   8abb0:	1a838042 	csel	w2, w2, w3, hi	// hi = pmore
   8abb4:	380014e2 	strb	w2, [x7], #1
   8abb8:	eb00003f 	cmp	x1, x0
   8abbc:	54fffe82 	b.cs	8ab8c <CString::FormatV(char const*, std::__va_list)+0x66c>  // b.hs, b.nlast
   8abc0:	aa1803e0 	mov	x0, x24
   8abc4:	390000ff 	strb	wzr, [x7]
   8abc8:	aa1c03f9 	mov	x25, x28
   8abcc:	97ffe120 	bl	8304c <strlen>
   8abd0:	aa0003fc 	mov	x28, x0
   8abd4:	34fff454 	cbz	w20, 8aa5c <CString::FormatV(char const*, std::__va_list)+0x53c>
   8abd8:	aa1803e0 	mov	x0, x24
   8abdc:	97ffe11c 	bl	8304c <strlen>
   8abe0:	aa0003f4 	mov	x20, x0
   8abe4:	b4000080 	cbz	x0, 8abf4 <CString::FormatV(char const*, std::__va_list)+0x6d4>
   8abe8:	aa0003e1 	mov	x1, x0
   8abec:	aa1a03e0 	mov	x0, x26
   8abf0:	97fffb5f 	bl	8996c <CString::ReserveSpace(unsigned long) [clone .part.0]>
   8abf4:	f9400f40 	ldr	x0, [x26, #24]
   8abf8:	aa1803e1 	mov	x1, x24
   8abfc:	97ffe1ab 	bl	832a8 <strcpy>
   8ac00:	f9400f40 	ldr	x0, [x26, #24]
   8ac04:	8b140000 	add	x0, x0, x20
   8ac08:	f9000f40 	str	x0, [x26, #24]
   8ac0c:	eb1b039f 	cmp	x28, x27
   8ac10:	54ffd582 	b.cs	8a6c0 <CString::FormatV(char const*, std::__va_list)+0x1a0>  // b.hs, b.nlast
   8ac14:	cb1c037c 	sub	x28, x27, x28
   8ac18:	aa1a03e0 	mov	x0, x26
   8ac1c:	aa1c03e1 	mov	x1, x28
   8ac20:	97fffb53 	bl	8996c <CString::ReserveSpace(unsigned long) [clone .part.0]>
   8ac24:	d1000780 	sub	x0, x28, #0x1
   8ac28:	52800403 	mov	w3, #0x20                  	// #32
   8ac2c:	f9400f41 	ldr	x1, [x26, #24]
   8ac30:	d1000400 	sub	x0, x0, #0x1
   8ac34:	91000422 	add	x2, x1, #0x1
   8ac38:	f9000f42 	str	x2, [x26, #24]
   8ac3c:	39000023 	strb	w3, [x1]
   8ac40:	b100041f 	cmn	x0, #0x1
   8ac44:	54ffff41 	b.ne	8ac2c <CString::FormatV(char const*, std::__va_list)+0x70c>  // b.any
   8ac48:	17fffe9e 	b	8a6c0 <CString::FormatV(char const*, std::__va_list)+0x1a0>
   8ac4c:	d2800100 	mov	x0, #0x8                   	// #8
   8ac50:	35000d85 	cbnz	w5, 8ae00 <CString::FormatV(char const*, std::__va_list)+0x8e0>
   8ac54:	37f81395 	tbnz	w21, #31, 8aec4 <CString::FormatV(char const*, std::__va_list)+0x9a4>
   8ac58:	91002e62 	add	x2, x19, #0xb
   8ac5c:	aa1303e1 	mov	x1, x19
   8ac60:	927df053 	and	x19, x2, #0xfffffffffffffff8
   8ac64:	b9400021 	ldr	w1, [x1]
   8ac68:	aa1c03f9 	mov	x25, x28
   8ac6c:	d2800022 	mov	x2, #0x1                   	// #1
   8ac70:	eb00003f 	cmp	x1, x0
   8ac74:	54ffeba2 	b.cs	8a9e8 <CString::FormatV(char const*, std::__va_list)+0x4c8>  // b.hs, b.nlast
   8ac78:	aa0103e5 	mov	x5, x1
   8ac7c:	17ffff5f 	b	8a9f8 <CString::FormatV(char const*, std::__va_list)+0x4d8>
   8ac80:	39c00783 	ldrsb	w3, [x28, #1]
   8ac84:	52800001 	mov	w1, #0x0                   	// #0
   8ac88:	9100079c 	add	x28, x28, #0x1
   8ac8c:	5100c060 	sub	w0, w3, #0x30
   8ac90:	12001c00 	and	w0, w0, #0xff
   8ac94:	7100241f 	cmp	w0, #0x9
   8ac98:	54ffcc28 	b.hi	8a61c <CString::FormatV(char const*, std::__va_list)+0xfc>  // b.pmore
   8ac9c:	d503201f 	nop
   8aca0:	0b010821 	add	w1, w1, w1, lsl #2
   8aca4:	0b010461 	add	w1, w3, w1, lsl #1
   8aca8:	38c01f83 	ldrsb	w3, [x28, #1]!
   8acac:	5100c021 	sub	w1, w1, #0x30
   8acb0:	5100c060 	sub	w0, w3, #0x30
   8acb4:	12001c00 	and	w0, w0, #0xff
   8acb8:	7100241f 	cmp	w0, #0x9
   8acbc:	54ffff29 	b.ls	8aca0 <CString::FormatV(char const*, std::__va_list)+0x780>  // b.plast
   8acc0:	17fffe57 	b	8a61c <CString::FormatV(char const*, std::__va_list)+0xfc>
   8acc4:	aa1c03f9 	mov	x25, x28
   8acc8:	38c02f23 	ldrsb	w3, [x25, #2]!
   8accc:	7101bc7f 	cmp	w3, #0x6f
   8acd0:	54003480 	b.eq	8b360 <CString::FormatV(char const*, std::__va_list)+0xe40>  // b.none
   8acd4:	5400054c 	b.gt	8ad7c <CString::FormatV(char const*, std::__va_list)+0x85c>
   8acd8:	7101907f 	cmp	w3, #0x64
   8acdc:	540011c0 	b.eq	8af14 <CString::FormatV(char const*, std::__va_list)+0x9f4>  // b.none
   8ace0:	aa1903fc 	mov	x28, x25
   8ace4:	5400110c 	b.gt	8af04 <CString::FormatV(char const*, std::__va_list)+0x9e4>
   8ace8:	7101607f 	cmp	w3, #0x58
   8acec:	54ffe301 	b.ne	8a94c <CString::FormatV(char const*, std::__va_list)+0x42c>  // b.any
   8acf0:	d2800200 	mov	x0, #0x10                  	// #16
   8acf4:	34fff245 	cbz	w5, 8ab3c <CString::FormatV(char const*, std::__va_list)+0x61c>
   8acf8:	b0000038 	adrp	x24, 8f000 <From+0x918>
   8acfc:	52800019 	mov	w25, #0x0                   	// #0
   8ad00:	b90073e5 	str	w5, [sp, #112]
   8ad04:	91080300 	add	x0, x24, #0x200
   8ad08:	f90037e0 	str	x0, [sp, #104]
   8ad0c:	17ffff7b 	b	8aaf8 <CString::FormatV(char const*, std::__va_list)+0x5d8>
   8ad10:	37f81d15 	tbnz	w21, #31, 8b0b0 <CString::FormatV(char const*, std::__va_list)+0xb90>
   8ad14:	91003e77 	add	x23, x19, #0xf
   8ad18:	927df2f7 	and	x23, x23, #0xfffffffffffffff8
   8ad1c:	f9400273 	ldr	x19, [x19]
   8ad20:	aa1303e0 	mov	x0, x19
   8ad24:	97ffe0ca 	bl	8304c <strlen>
   8ad28:	aa0003f8 	mov	x24, x0
   8ad2c:	35002194 	cbnz	w20, 8b15c <CString::FormatV(char const*, std::__va_list)+0xc3c>
   8ad30:	eb1b001f 	cmp	x0, x27
   8ad34:	540009c3 	b.cc	8ae6c <CString::FormatV(char const*, std::__va_list)+0x94c>  // b.lo, b.ul, b.last
   8ad38:	aa1303e0 	mov	x0, x19
   8ad3c:	97ffe0c4 	bl	8304c <strlen>
   8ad40:	aa0003f4 	mov	x20, x0
   8ad44:	b4000080 	cbz	x0, 8ad54 <CString::FormatV(char const*, std::__va_list)+0x834>
   8ad48:	aa0003e1 	mov	x1, x0
   8ad4c:	aa1a03e0 	mov	x0, x26
   8ad50:	97fffb07 	bl	8996c <CString::ReserveSpace(unsigned long) [clone .part.0]>
   8ad54:	f9400f40 	ldr	x0, [x26, #24]
   8ad58:	aa1303e1 	mov	x1, x19
   8ad5c:	97ffe153 	bl	832a8 <strcpy>
   8ad60:	f9400f40 	ldr	x0, [x26, #24]
   8ad64:	8b140000 	add	x0, x0, x20
   8ad68:	f9000f40 	str	x0, [x26, #24]
   8ad6c:	17ffff08 	b	8a98c <CString::FormatV(char const*, std::__va_list)+0x46c>
   8ad70:	d2800200 	mov	x0, #0x10                  	// #16
   8ad74:	34ffee05 	cbz	w5, 8ab34 <CString::FormatV(char const*, std::__va_list)+0x614>
   8ad78:	17ffff5d 	b	8aaec <CString::FormatV(char const*, std::__va_list)+0x5cc>
   8ad7c:	aa1903fc 	mov	x28, x25
   8ad80:	7101cc7f 	cmp	w3, #0x73
   8ad84:	54fffc60 	b.eq	8ad10 <CString::FormatV(char const*, std::__va_list)+0x7f0>  // b.none
   8ad88:	54ffeaad 	b.le	8aadc <CString::FormatV(char const*, std::__va_list)+0x5bc>
   8ad8c:	d2800140 	mov	x0, #0xa                   	// #10
   8ad90:	7101d47f 	cmp	w3, #0x75
   8ad94:	54ffed40 	b.eq	8ab3c <CString::FormatV(char const*, std::__va_list)+0x61c>  // b.none
   8ad98:	52800020 	mov	w0, #0x1                   	// #1
   8ad9c:	52800019 	mov	w25, #0x0                   	// #0
   8ada0:	b90073e0 	str	w0, [sp, #112]
   8ada4:	17fffe5b 	b	8a710 <CString::FormatV(char const*, std::__va_list)+0x1f0>
   8ada8:	7101607f 	cmp	w3, #0x58
   8adac:	54ffdd01 	b.ne	8a94c <CString::FormatV(char const*, std::__va_list)+0x42c>  // b.any
   8adb0:	35003085 	cbnz	w5, 8b3c0 <CString::FormatV(char const*, std::__va_list)+0xea0>
   8adb4:	52800039 	mov	w25, #0x1                   	// #1
   8adb8:	d2800200 	mov	x0, #0x10                  	// #16
   8adbc:	3707e059 	tbnz	w25, #0, 8a9c4 <CString::FormatV(char const*, std::__va_list)+0x4a4>
   8adc0:	17ffffa5 	b	8ac54 <CString::FormatV(char const*, std::__va_list)+0x734>
   8adc4:	d1000761 	sub	x1, x27, #0x1
   8adc8:	aa1a03e0 	mov	x0, x26
   8adcc:	97fffae8 	bl	8996c <CString::ReserveSpace(unsigned long) [clone .part.0]>
   8add0:	d1000b7b 	sub	x27, x27, #0x2
   8add4:	52800402 	mov	w2, #0x20                  	// #32
   8add8:	d503201f 	nop
   8addc:	d503201f 	nop
   8ade0:	f9400f40 	ldr	x0, [x26, #24]
   8ade4:	d100077b 	sub	x27, x27, #0x1
   8ade8:	91000401 	add	x1, x0, #0x1
   8adec:	f9000f41 	str	x1, [x26, #24]
   8adf0:	39000002 	strb	w2, [x0]
   8adf4:	b100077f 	cmn	x27, #0x1
   8adf8:	54ffff41 	b.ne	8ade0 <CString::FormatV(char const*, std::__va_list)+0x8c0>  // b.any
   8adfc:	17fffedd 	b	8a970 <CString::FormatV(char const*, std::__va_list)+0x450>
   8ae00:	52800019 	mov	w25, #0x0                   	// #0
   8ae04:	b90073ff 	str	wzr, [sp, #112]
   8ae08:	d2800021 	mov	x1, #0x1                   	// #1
   8ae0c:	aa1a03e0 	mov	x0, x26
   8ae10:	97fffad7 	bl	8996c <CString::ReserveSpace(unsigned long) [clone .part.0]>
   8ae14:	f9400f40 	ldr	x0, [x26, #24]
   8ae18:	91000401 	add	x1, x0, #0x1
   8ae1c:	f9000f41 	str	x1, [x26, #24]
   8ae20:	52800601 	mov	w1, #0x30                  	// #48
   8ae24:	39000001 	strb	w1, [x0]
   8ae28:	d2800100 	mov	x0, #0x8                   	// #8
   8ae2c:	39c00383 	ldrsb	w3, [x28]
   8ae30:	17ffff41 	b	8ab34 <CString::FormatV(char const*, std::__va_list)+0x614>
   8ae34:	cb000373 	sub	x19, x27, x0
   8ae38:	aa1a03e0 	mov	x0, x26
   8ae3c:	aa1303e1 	mov	x1, x19
   8ae40:	97fffacb 	bl	8996c <CString::ReserveSpace(unsigned long) [clone .part.0]>
   8ae44:	d1000660 	sub	x0, x19, #0x1
   8ae48:	52800403 	mov	w3, #0x20                  	// #32
   8ae4c:	f9400f41 	ldr	x1, [x26, #24]
   8ae50:	d1000400 	sub	x0, x0, #0x1
   8ae54:	91000422 	add	x2, x1, #0x1
   8ae58:	f9000f42 	str	x2, [x26, #24]
   8ae5c:	39000023 	strb	w3, [x1]
   8ae60:	b100041f 	cmn	x0, #0x1
   8ae64:	54ffff41 	b.ne	8ae4c <CString::FormatV(char const*, std::__va_list)+0x92c>  // b.any
   8ae68:	17fffe05 	b	8a67c <CString::FormatV(char const*, std::__va_list)+0x15c>
   8ae6c:	cb000378 	sub	x24, x27, x0
   8ae70:	aa1a03e0 	mov	x0, x26
   8ae74:	aa1803e1 	mov	x1, x24
   8ae78:	97fffabd 	bl	8996c <CString::ReserveSpace(unsigned long) [clone .part.0]>
   8ae7c:	d1000700 	sub	x0, x24, #0x1
   8ae80:	52800403 	mov	w3, #0x20                  	// #32
   8ae84:	f9400f41 	ldr	x1, [x26, #24]
   8ae88:	d1000400 	sub	x0, x0, #0x1
   8ae8c:	91000422 	add	x2, x1, #0x1
   8ae90:	f9000f42 	str	x2, [x26, #24]
   8ae94:	39000023 	strb	w3, [x1]
   8ae98:	b100041f 	cmn	x0, #0x1
   8ae9c:	54ffff41 	b.ne	8ae84 <CString::FormatV(char const*, std::__va_list)+0x964>  // b.any
   8aea0:	17ffffa6 	b	8ad38 <CString::FormatV(char const*, std::__va_list)+0x818>
   8aea4:	110022a2 	add	w2, w21, #0x8
   8aea8:	7100005f 	cmp	w2, #0x0
   8aeac:	54001e6d 	b.le	8b278 <CString::FormatV(char const*, std::__va_list)+0xd58>
   8aeb0:	91003e65 	add	x5, x19, #0xf
   8aeb4:	aa1303e1 	mov	x1, x19
   8aeb8:	2a0203f5 	mov	w21, w2
   8aebc:	927df0b3 	and	x19, x5, #0xfffffffffffffff8
   8aec0:	17ffff23 	b	8ab4c <CString::FormatV(char const*, std::__va_list)+0x62c>
   8aec4:	110022a2 	add	w2, w21, #0x8
   8aec8:	7100005f 	cmp	w2, #0x0
   8aecc:	54001c6d 	b.le	8b258 <CString::FormatV(char const*, std::__va_list)+0xd38>
   8aed0:	91002e65 	add	x5, x19, #0xb
   8aed4:	aa1303e1 	mov	x1, x19
   8aed8:	2a0203f5 	mov	w21, w2
   8aedc:	927df0b3 	and	x19, x5, #0xfffffffffffffff8
   8aee0:	17ffff61 	b	8ac64 <CString::FormatV(char const*, std::__va_list)+0x744>
   8aee4:	110022a2 	add	w2, w21, #0x8
   8aee8:	7100005f 	cmp	w2, #0x0
   8aeec:	54001bed 	b.le	8b268 <CString::FormatV(char const*, std::__va_list)+0xd48>
   8aef0:	91003e65 	add	x5, x19, #0xf
   8aef4:	aa1303e1 	mov	x1, x19
   8aef8:	2a0203f5 	mov	w21, w2
   8aefc:	927df0b3 	and	x19, x5, #0xfffffffffffffff8
   8af00:	17fffeb5 	b	8a9d4 <CString::FormatV(char const*, std::__va_list)+0x4b4>
   8af04:	7101987f 	cmp	w3, #0x66
   8af08:	54ffb9e0 	b.eq	8a644 <CString::FormatV(char const*, std::__va_list)+0x124>  // b.none
   8af0c:	7101a47f 	cmp	w3, #0x69
   8af10:	54ffc061 	b.ne	8a71c <CString::FormatV(char const*, std::__va_list)+0x1fc>  // b.any
   8af14:	37f81c55 	tbnz	w21, #31, 8b29c <CString::FormatV(char const*, std::__va_list)+0xd7c>
   8af18:	91003e61 	add	x1, x19, #0xf
   8af1c:	aa1303e0 	mov	x0, x19
   8af20:	927df033 	and	x19, x1, #0xfffffffffffffff8
   8af24:	f9400001 	ldr	x1, [x0]
   8af28:	d2800020 	mov	x0, #0x1                   	// #1
   8af2c:	f100003f 	cmp	x1, #0x0
   8af30:	da81a421 	cneg	x1, x1, lt	// lt = tstop
   8af34:	1a9fa7fc 	cset	w28, lt	// lt = tstop
   8af38:	aa0103e5 	mov	x5, x1
   8af3c:	f100243f 	cmp	x1, #0x9
   8af40:	5400238d 	b.le	8b3b0 <CString::FormatV(char const*, std::__va_list)+0xe90>
   8af44:	8b000800 	add	x0, x0, x0, lsl #2
   8af48:	d37ff800 	lsl	x0, x0, #1
   8af4c:	9ac00822 	udiv	x2, x1, x0
   8af50:	f100245f 	cmp	x2, #0x9
   8af54:	54ffff88 	b.hi	8af44 <CString::FormatV(char const*, std::__va_list)+0xa24>  // b.pmore
   8af58:	910203f8 	add	x24, sp, #0x80
   8af5c:	b202e7e7 	mov	x7, #0xcccccccccccccccc    	// #-3689348814741910324
   8af60:	aa1803e6 	mov	x6, x24
   8af64:	f29999a7 	movk	x7, #0xcccd
   8af68:	14000006 	b	8af80 <CString::FormatV(char const*, std::__va_list)+0xa60>
   8af6c:	9ac008a1 	udiv	x1, x5, x0
   8af70:	9b009425 	msub	x5, x1, x0, x5
   8af74:	9bc77c00 	umulh	x0, x0, x7
   8af78:	d343fc00 	lsr	x0, x0, #3
   8af7c:	9ac008a2 	udiv	x2, x5, x0
   8af80:	1100c043 	add	w3, w2, #0x30
   8af84:	11015c41 	add	w1, w2, #0x57
   8af88:	12001c63 	and	w3, w3, #0xff
   8af8c:	12001c21 	and	w1, w1, #0xff
   8af90:	f100245f 	cmp	x2, #0x9
   8af94:	1a838021 	csel	w1, w1, w3, hi	// hi = pmore
   8af98:	380014c1 	strb	w1, [x6], #1
   8af9c:	f100241f 	cmp	x0, #0x9
   8afa0:	54fffe68 	b.hi	8af6c <CString::FormatV(char const*, std::__va_list)+0xa4c>  // b.pmore
   8afa4:	aa1803e0 	mov	x0, x24
   8afa8:	390000df 	strb	wzr, [x6]
   8afac:	97ffe028 	bl	8304c <strlen>
   8afb0:	aa0003e2 	mov	x2, x0
   8afb4:	12000383 	and	w3, w28, #0x1
   8afb8:	35ffc53c 	cbnz	w28, 8a85c <CString::FormatV(char const*, std::__va_list)+0x33c>
   8afbc:	35ffc694 	cbnz	w20, 8a88c <CString::FormatV(char const*, std::__va_list)+0x36c>
   8afc0:	350003f7 	cbnz	w23, 8b03c <CString::FormatV(char const*, std::__va_list)+0xb1c>
   8afc4:	eb1b001f 	cmp	x0, x27
   8afc8:	54ffd6e2 	b.cs	8aaa4 <CString::FormatV(char const*, std::__va_list)+0x584>  // b.hs, b.nlast
   8afcc:	cb02037b 	sub	x27, x27, x2
   8afd0:	aa1a03e0 	mov	x0, x26
   8afd4:	b9006be3 	str	w3, [sp, #104]
   8afd8:	aa1b03e1 	mov	x1, x27
   8afdc:	97fffa64 	bl	8996c <CString::ReserveSpace(unsigned long) [clone .part.0]>
   8afe0:	b9406be3 	ldr	w3, [sp, #104]
   8afe4:	d1000760 	sub	x0, x27, #0x1
   8afe8:	52800405 	mov	w5, #0x20                  	// #32
   8afec:	d1000400 	sub	x0, x0, #0x1
   8aff0:	f9400f41 	ldr	x1, [x26, #24]
   8aff4:	91000422 	add	x2, x1, #0x1
   8aff8:	f9000f42 	str	x2, [x26, #24]
   8affc:	39000025 	strb	w5, [x1]
   8b000:	b100041f 	cmn	x0, #0x1
   8b004:	54ffff41 	b.ne	8afec <CString::FormatV(char const*, std::__va_list)+0xacc>  // b.any
   8b008:	34ffd4e3 	cbz	w3, 8aaa4 <CString::FormatV(char const*, std::__va_list)+0x584>
   8b00c:	140000c6 	b	8b324 <CString::FormatV(char const*, std::__va_list)+0xe04>
   8b010:	34001877 	cbz	w23, 8b31c <CString::FormatV(char const*, std::__va_list)+0xdfc>
   8b014:	d2800021 	mov	x1, #0x1                   	// #1
   8b018:	aa1a03e0 	mov	x0, x26
   8b01c:	f90037e2 	str	x2, [sp, #104]
   8b020:	97fffa53 	bl	8996c <CString::ReserveSpace(unsigned long) [clone .part.0]>
   8b024:	f9400f40 	ldr	x0, [x26, #24]
   8b028:	f94037e2 	ldr	x2, [sp, #104]
   8b02c:	91000401 	add	x1, x0, #0x1
   8b030:	f9000f41 	str	x1, [x26, #24]
   8b034:	528005a1 	mov	w1, #0x2d                  	// #45
   8b038:	39000001 	strb	w1, [x0]
   8b03c:	eb1b005f 	cmp	x2, x27
   8b040:	54ffd322 	b.cs	8aaa4 <CString::FormatV(char const*, std::__va_list)+0x584>  // b.hs, b.nlast
   8b044:	cb02037b 	sub	x27, x27, x2
   8b048:	aa1a03e0 	mov	x0, x26
   8b04c:	aa1b03e1 	mov	x1, x27
   8b050:	97fffa47 	bl	8996c <CString::ReserveSpace(unsigned long) [clone .part.0]>
   8b054:	d1000760 	sub	x0, x27, #0x1
   8b058:	52800603 	mov	w3, #0x30                  	// #48
   8b05c:	f9400f41 	ldr	x1, [x26, #24]
   8b060:	d1000400 	sub	x0, x0, #0x1
   8b064:	91000422 	add	x2, x1, #0x1
   8b068:	f9000f42 	str	x2, [x26, #24]
   8b06c:	39000023 	strb	w3, [x1]
   8b070:	b100041f 	cmn	x0, #0x1
   8b074:	54ffff41 	b.ne	8b05c <CString::FormatV(char const*, std::__va_list)+0xb3c>  // b.any
   8b078:	17fffe8b 	b	8aaa4 <CString::FormatV(char const*, std::__va_list)+0x584>
   8b07c:	52800000 	mov	w0, #0x0                   	// #0
   8b080:	7101a47f 	cmp	w3, #0x69
   8b084:	54ffb4a1 	b.ne	8a718 <CString::FormatV(char const*, std::__va_list)+0x1f8>  // b.any
   8b088:	35ffb940 	cbnz	w0, 8a7b0 <CString::FormatV(char const*, std::__va_list)+0x290>
   8b08c:	1400006c 	b	8b23c <CString::FormatV(char const*, std::__va_list)+0xd1c>
   8b090:	b94067e0 	ldr	w0, [sp, #100]
   8b094:	11004000 	add	w0, w0, #0x10
   8b098:	7100001f 	cmp	w0, #0x0
   8b09c:	5400110d 	b.le	8b2bc <CString::FormatV(char const*, std::__va_list)+0xd9c>
   8b0a0:	91003e77 	add	x23, x19, #0xf
   8b0a4:	b90067e0 	str	w0, [sp, #100]
   8b0a8:	927df2f7 	and	x23, x23, #0xfffffffffffffff8
   8b0ac:	17fffd6a 	b	8a654 <CString::FormatV(char const*, std::__va_list)+0x134>
   8b0b0:	110022a0 	add	w0, w21, #0x8
   8b0b4:	7100001f 	cmp	w0, #0x0
   8b0b8:	540010ed 	b.le	8b2d4 <CString::FormatV(char const*, std::__va_list)+0xdb4>
   8b0bc:	91003e77 	add	x23, x19, #0xf
   8b0c0:	2a0003f5 	mov	w21, w0
   8b0c4:	927df2f7 	and	x23, x23, #0xfffffffffffffff8
   8b0c8:	17ffff15 	b	8ad1c <CString::FormatV(char const*, std::__va_list)+0x7fc>
   8b0cc:	110022a0 	add	w0, w21, #0x8
   8b0d0:	7100001f 	cmp	w0, #0x0
   8b0d4:	5400118d 	b.le	8b304 <CString::FormatV(char const*, std::__va_list)+0xde4>
   8b0d8:	91002e77 	add	x23, x19, #0xb
   8b0dc:	2a0003f5 	mov	w21, w0
   8b0e0:	927df2f7 	and	x23, x23, #0xfffffffffffffff8
   8b0e4:	17fffe1f 	b	8a960 <CString::FormatV(char const*, std::__va_list)+0x440>
   8b0e8:	aa1803e0 	mov	x0, x24
   8b0ec:	97ffdfd8 	bl	8304c <strlen>
   8b0f0:	aa0003f4 	mov	x20, x0
   8b0f4:	b4000080 	cbz	x0, 8b104 <CString::FormatV(char const*, std::__va_list)+0xbe4>
   8b0f8:	aa0003e1 	mov	x1, x0
   8b0fc:	aa1a03e0 	mov	x0, x26
   8b100:	97fffa1b 	bl	8996c <CString::ReserveSpace(unsigned long) [clone .part.0]>
   8b104:	f9400f40 	ldr	x0, [x26, #24]
   8b108:	aa1803e1 	mov	x1, x24
   8b10c:	97ffe067 	bl	832a8 <strcpy>
   8b110:	f9400f40 	ldr	x0, [x26, #24]
   8b114:	8b140000 	add	x0, x0, x20
   8b118:	f9000f40 	str	x0, [x26, #24]
   8b11c:	eb1b027f 	cmp	x19, x27
   8b120:	54ffc362 	b.cs	8a98c <CString::FormatV(char const*, std::__va_list)+0x46c>  // b.hs, b.nlast
   8b124:	cb130373 	sub	x19, x27, x19
   8b128:	aa1a03e0 	mov	x0, x26
   8b12c:	aa1303e1 	mov	x1, x19
   8b130:	97fffa0f 	bl	8996c <CString::ReserveSpace(unsigned long) [clone .part.0]>
   8b134:	d1000660 	sub	x0, x19, #0x1
   8b138:	52800403 	mov	w3, #0x20                  	// #32
   8b13c:	f9400f41 	ldr	x1, [x26, #24]
   8b140:	d1000400 	sub	x0, x0, #0x1
   8b144:	91000422 	add	x2, x1, #0x1
   8b148:	f9000f42 	str	x2, [x26, #24]
   8b14c:	39000023 	strb	w3, [x1]
   8b150:	b100041f 	cmn	x0, #0x1
   8b154:	54ffff41 	b.ne	8b13c <CString::FormatV(char const*, std::__va_list)+0xc1c>  // b.any
   8b158:	17fffe0d 	b	8a98c <CString::FormatV(char const*, std::__va_list)+0x46c>
   8b15c:	aa1303e0 	mov	x0, x19
   8b160:	97ffdfbb 	bl	8304c <strlen>
   8b164:	aa0003f4 	mov	x20, x0
   8b168:	b4000080 	cbz	x0, 8b178 <CString::FormatV(char const*, std::__va_list)+0xc58>
   8b16c:	aa0003e1 	mov	x1, x0
   8b170:	aa1a03e0 	mov	x0, x26
   8b174:	97fff9fe 	bl	8996c <CString::ReserveSpace(unsigned long) [clone .part.0]>
   8b178:	f9400f40 	ldr	x0, [x26, #24]
   8b17c:	aa1303e1 	mov	x1, x19
   8b180:	97ffe04a 	bl	832a8 <strcpy>
   8b184:	f9400f40 	ldr	x0, [x26, #24]
   8b188:	8b140000 	add	x0, x0, x20
   8b18c:	f9000f40 	str	x0, [x26, #24]
   8b190:	eb1b031f 	cmp	x24, x27
   8b194:	54ffbfc2 	b.cs	8a98c <CString::FormatV(char const*, std::__va_list)+0x46c>  // b.hs, b.nlast
   8b198:	cb180378 	sub	x24, x27, x24
   8b19c:	aa1a03e0 	mov	x0, x26
   8b1a0:	aa1803e1 	mov	x1, x24
   8b1a4:	97fff9f2 	bl	8996c <CString::ReserveSpace(unsigned long) [clone .part.0]>
   8b1a8:	d1000700 	sub	x0, x24, #0x1
   8b1ac:	52800403 	mov	w3, #0x20                  	// #32
   8b1b0:	f9400f41 	ldr	x1, [x26, #24]
   8b1b4:	d1000400 	sub	x0, x0, #0x1
   8b1b8:	91000422 	add	x2, x1, #0x1
   8b1bc:	f9000f42 	str	x2, [x26, #24]
   8b1c0:	39000023 	strb	w3, [x1]
   8b1c4:	b100041f 	cmn	x0, #0x1
   8b1c8:	54ffff41 	b.ne	8b1b0 <CString::FormatV(char const*, std::__va_list)+0xc90>  // b.any
   8b1cc:	17fffdf0 	b	8a98c <CString::FormatV(char const*, std::__va_list)+0x46c>
   8b1d0:	d2800021 	mov	x1, #0x1                   	// #1
   8b1d4:	aa1a03e0 	mov	x0, x26
   8b1d8:	97fff9e5 	bl	8996c <CString::ReserveSpace(unsigned long) [clone .part.0]>
   8b1dc:	f9400f40 	ldr	x0, [x26, #24]
   8b1e0:	91000401 	add	x1, x0, #0x1
   8b1e4:	f9000f41 	str	x1, [x26, #24]
   8b1e8:	39000013 	strb	w19, [x0]
   8b1ec:	f100077f 	cmp	x27, #0x1
   8b1f0:	54ffbce9 	b.ls	8a98c <CString::FormatV(char const*, std::__va_list)+0x46c>  // b.plast
   8b1f4:	d1000761 	sub	x1, x27, #0x1
   8b1f8:	aa1a03e0 	mov	x0, x26
   8b1fc:	97fff9dc 	bl	8996c <CString::ReserveSpace(unsigned long) [clone .part.0]>
   8b200:	d1000b7b 	sub	x27, x27, #0x2
   8b204:	52800402 	mov	w2, #0x20                  	// #32
   8b208:	f9400f40 	ldr	x0, [x26, #24]
   8b20c:	d100077b 	sub	x27, x27, #0x1
   8b210:	91000401 	add	x1, x0, #0x1
   8b214:	f9000f41 	str	x1, [x26, #24]
   8b218:	39000002 	strb	w2, [x0]
   8b21c:	b100077f 	cmn	x27, #0x1
   8b220:	54ffff41 	b.ne	8b208 <CString::FormatV(char const*, std::__va_list)+0xce8>  // b.any
   8b224:	17fffdda 	b	8a98c <CString::FormatV(char const*, std::__va_list)+0x46c>
   8b228:	35000625 	cbnz	w5, 8b2ec <CString::FormatV(char const*, std::__va_list)+0xdcc>
   8b22c:	2a0503f9 	mov	w25, w5
   8b230:	d2800200 	mov	x0, #0x10                  	// #16
   8b234:	3707bc99 	tbnz	w25, #0, 8a9c4 <CString::FormatV(char const*, std::__va_list)+0x4a4>
   8b238:	17fffe87 	b	8ac54 <CString::FormatV(char const*, std::__va_list)+0x734>
   8b23c:	37f80ab5 	tbnz	w21, #31, 8b390 <CString::FormatV(char const*, std::__va_list)+0xe70>
   8b240:	91002e61 	add	x1, x19, #0xb
   8b244:	aa1303e0 	mov	x0, x19
   8b248:	927df033 	and	x19, x1, #0xfffffffffffffff8
   8b24c:	b9800001 	ldrsw	x1, [x0]
   8b250:	aa1c03f9 	mov	x25, x28
   8b254:	17fffd5d 	b	8a7c8 <CString::FormatV(char const*, std::__va_list)+0x2a8>
   8b258:	f9403fe1 	ldr	x1, [sp, #120]
   8b25c:	8b35c021 	add	x1, x1, w21, sxtw
   8b260:	2a0203f5 	mov	w21, w2
   8b264:	17fffe80 	b	8ac64 <CString::FormatV(char const*, std::__va_list)+0x744>
   8b268:	f9403fe1 	ldr	x1, [sp, #120]
   8b26c:	8b35c021 	add	x1, x1, w21, sxtw
   8b270:	2a0203f5 	mov	w21, w2
   8b274:	17fffdd8 	b	8a9d4 <CString::FormatV(char const*, std::__va_list)+0x4b4>
   8b278:	f9403fe1 	ldr	x1, [sp, #120]
   8b27c:	8b35c021 	add	x1, x1, w21, sxtw
   8b280:	2a0203f5 	mov	w21, w2
   8b284:	17fffe32 	b	8ab4c <CString::FormatV(char const*, std::__va_list)+0x62c>
   8b288:	d2800100 	mov	x0, #0x8                   	// #8
   8b28c:	34ffb9c5 	cbz	w5, 8a9c4 <CString::FormatV(char const*, std::__va_list)+0x4a4>
   8b290:	2a0503f9 	mov	w25, w5
   8b294:	b90073ff 	str	wzr, [sp, #112]
   8b298:	17fffedc 	b	8ae08 <CString::FormatV(char const*, std::__va_list)+0x8e8>
   8b29c:	110022a1 	add	w1, w21, #0x8
   8b2a0:	7100003f 	cmp	w1, #0x0
   8b2a4:	5400052d 	b.le	8b348 <CString::FormatV(char const*, std::__va_list)+0xe28>
   8b2a8:	91003e62 	add	x2, x19, #0xf
   8b2ac:	aa1303e0 	mov	x0, x19
   8b2b0:	2a0103f5 	mov	w21, w1
   8b2b4:	927df053 	and	x19, x2, #0xfffffffffffffff8
   8b2b8:	17ffff1b 	b	8af24 <CString::FormatV(char const*, std::__va_list)+0xa04>
   8b2bc:	f9400ac2 	ldr	x2, [x22, #16]
   8b2c0:	aa1303f7 	mov	x23, x19
   8b2c4:	b94067e3 	ldr	w3, [sp, #100]
   8b2c8:	8b23c053 	add	x19, x2, w3, sxtw
   8b2cc:	b90067e0 	str	w0, [sp, #100]
   8b2d0:	17fffce1 	b	8a654 <CString::FormatV(char const*, std::__va_list)+0x134>
   8b2d4:	f9403fe1 	ldr	x1, [sp, #120]
   8b2d8:	aa1303f7 	mov	x23, x19
   8b2dc:	8b35c021 	add	x1, x1, w21, sxtw
   8b2e0:	2a0003f5 	mov	w21, w0
   8b2e4:	aa0103f3 	mov	x19, x1
   8b2e8:	17fffe8d 	b	8ad1c <CString::FormatV(char const*, std::__va_list)+0x7fc>
   8b2ec:	90000038 	adrp	x24, 8f000 <From+0x918>
   8b2f0:	52800019 	mov	w25, #0x0                   	// #0
   8b2f4:	b90073ff 	str	wzr, [sp, #112]
   8b2f8:	91080300 	add	x0, x24, #0x200
   8b2fc:	f90037e0 	str	x0, [sp, #104]
   8b300:	17fffdfe 	b	8aaf8 <CString::FormatV(char const*, std::__va_list)+0x5d8>
   8b304:	f9403fe1 	ldr	x1, [sp, #120]
   8b308:	aa1303f7 	mov	x23, x19
   8b30c:	8b35c021 	add	x1, x1, w21, sxtw
   8b310:	2a0003f5 	mov	w21, w0
   8b314:	aa0103f3 	mov	x19, x1
   8b318:	17fffd92 	b	8a960 <CString::FormatV(char const*, std::__va_list)+0x440>
   8b31c:	eb1b005f 	cmp	x2, x27
   8b320:	54ffe563 	b.cc	8afcc <CString::FormatV(char const*, std::__va_list)+0xaac>  // b.lo, b.ul, b.last
   8b324:	d2800021 	mov	x1, #0x1                   	// #1
   8b328:	aa1a03e0 	mov	x0, x26
   8b32c:	97fff990 	bl	8996c <CString::ReserveSpace(unsigned long) [clone .part.0]>
   8b330:	f9400f40 	ldr	x0, [x26, #24]
   8b334:	91000401 	add	x1, x0, #0x1
   8b338:	f9000f41 	str	x1, [x26, #24]
   8b33c:	528005a1 	mov	w1, #0x2d                  	// #45
   8b340:	39000001 	strb	w1, [x0]
   8b344:	17fffdd8 	b	8aaa4 <CString::FormatV(char const*, std::__va_list)+0x584>
   8b348:	f9403fe0 	ldr	x0, [sp, #120]
   8b34c:	8b35c000 	add	x0, x0, w21, sxtw
   8b350:	2a0103f5 	mov	w21, w1
   8b354:	17fffef4 	b	8af24 <CString::FormatV(char const*, std::__va_list)+0xa04>
   8b358:	aa0603e5 	mov	x5, x6
   8b35c:	17fffe05 	b	8ab70 <CString::FormatV(char const*, std::__va_list)+0x650>
   8b360:	35000445 	cbnz	w5, 8b3e8 <CString::FormatV(char const*, std::__va_list)+0xec8>
   8b364:	aa1903fc 	mov	x28, x25
   8b368:	d2800100 	mov	x0, #0x8                   	// #8
   8b36c:	17fffdf4 	b	8ab3c <CString::FormatV(char const*, std::__va_list)+0x61c>
   8b370:	110022a1 	add	w1, w21, #0x8
   8b374:	7100003f 	cmp	w1, #0x0
   8b378:	5400040d 	b.le	8b3f8 <CString::FormatV(char const*, std::__va_list)+0xed8>
   8b37c:	91003e62 	add	x2, x19, #0xf
   8b380:	aa1303e0 	mov	x0, x19
   8b384:	2a0103f5 	mov	w21, w1
   8b388:	927df053 	and	x19, x2, #0xfffffffffffffff8
   8b38c:	17fffd0d 	b	8a7c0 <CString::FormatV(char const*, std::__va_list)+0x2a0>
   8b390:	110022a1 	add	w1, w21, #0x8
   8b394:	7100003f 	cmp	w1, #0x0
   8b398:	5400020d 	b.le	8b3d8 <CString::FormatV(char const*, std::__va_list)+0xeb8>
   8b39c:	91002e62 	add	x2, x19, #0xb
   8b3a0:	aa1303e0 	mov	x0, x19
   8b3a4:	2a0103f5 	mov	w21, w1
   8b3a8:	927df053 	and	x19, x2, #0xfffffffffffffff8
   8b3ac:	17ffffa8 	b	8b24c <CString::FormatV(char const*, std::__va_list)+0xd2c>
   8b3b0:	aa0103e2 	mov	x2, x1
   8b3b4:	17fffee9 	b	8af58 <CString::FormatV(char const*, std::__va_list)+0xa38>
   8b3b8:	aa0103e2 	mov	x2, x1
   8b3bc:	17fffd0f 	b	8a7f8 <CString::FormatV(char const*, std::__va_list)+0x2d8>
   8b3c0:	90000038 	adrp	x24, 8f000 <From+0x918>
   8b3c4:	2a0503f9 	mov	w25, w5
   8b3c8:	b90073ff 	str	wzr, [sp, #112]
   8b3cc:	91080300 	add	x0, x24, #0x200
   8b3d0:	f90037e0 	str	x0, [sp, #104]
   8b3d4:	17fffdc9 	b	8aaf8 <CString::FormatV(char const*, std::__va_list)+0x5d8>
   8b3d8:	f9403fe0 	ldr	x0, [sp, #120]
   8b3dc:	8b35c000 	add	x0, x0, w21, sxtw
   8b3e0:	2a0103f5 	mov	w21, w1
   8b3e4:	17ffff9a 	b	8b24c <CString::FormatV(char const*, std::__va_list)+0xd2c>
   8b3e8:	aa1903fc 	mov	x28, x25
   8b3ec:	52800019 	mov	w25, #0x0                   	// #0
   8b3f0:	b90073e5 	str	w5, [sp, #112]
   8b3f4:	17fffe85 	b	8ae08 <CString::FormatV(char const*, std::__va_list)+0x8e8>
   8b3f8:	f9403fe0 	ldr	x0, [sp, #120]
   8b3fc:	8b35c000 	add	x0, x0, w21, sxtw
   8b400:	2a0103f5 	mov	w21, w1
   8b404:	17fffcef 	b	8a7c0 <CString::FormatV(char const*, std::__va_list)+0x2a0>

000000000008b408 <CString::Format(char const*, ...)>:
   8b408:	a9b07bfd 	stp	x29, x30, [sp, #-256]!
   8b40c:	910003fd 	mov	x29, sp
   8b410:	a90d0fe2 	stp	x2, x3, [sp, #208]
   8b414:	910403e2 	add	x2, sp, #0x100
   8b418:	a9030be2 	stp	x2, x2, [sp, #48]
   8b41c:	910343e2 	add	x2, sp, #0xd0
   8b420:	f90023e2 	str	x2, [sp, #64]
   8b424:	128005e2 	mov	w2, #0xffffffd0            	// #-48
   8b428:	ad0287e0 	stp	q0, q1, [sp, #80]
   8b42c:	b9004be2 	str	w2, [sp, #72]
   8b430:	12800fe2 	mov	w2, #0xffffff80            	// #-128
   8b434:	ad038fe2 	stp	q2, q3, [sp, #112]
   8b438:	b9004fe2 	str	w2, [sp, #76]
   8b43c:	a9430fe2 	ldp	x2, x3, [sp, #48]
   8b440:	ad0497e4 	stp	q4, q5, [sp, #144]
   8b444:	a9010fe2 	stp	x2, x3, [sp, #16]
   8b448:	a9440fe2 	ldp	x2, x3, [sp, #64]
   8b44c:	ad059fe6 	stp	q6, q7, [sp, #176]
   8b450:	a9020fe2 	stp	x2, x3, [sp, #32]
   8b454:	910043e2 	add	x2, sp, #0x10
   8b458:	a90e17e4 	stp	x4, x5, [sp, #224]
   8b45c:	a90f1fe6 	stp	x6, x7, [sp, #240]
   8b460:	97fffc30 	bl	8a520 <CString::FormatV(char const*, std::__va_list)>
   8b464:	a8d07bfd 	ldp	x29, x30, [sp], #256
   8b468:	d65f03c0 	ret
	...

000000000008b480 <CPageAllocator::CPageAllocator()>:
   8b480:	52800021 	mov	w1, #0x1                   	// #1
   8b484:	a9007c1f 	stp	xzr, xzr, [x0]
   8b488:	f900081f 	str	xzr, [x0, #16]
   8b48c:	b9001801 	str	w1, [x0, #24]
   8b490:	d65f03c0 	ret
   8b494:	d503201f 	nop
   8b498:	d503201f 	nop
   8b49c:	d503201f 	nop

000000000008b4a0 <CPageAllocator::~CPageAllocator()>:
   8b4a0:	d65f03c0 	ret

000000000008b4a4 <CPageAllocator::Setup(unsigned long, unsigned long)>:
   8b4a4:	d10083ff 	sub	sp, sp, #0x20
   8b4a8:	f9000fe0 	str	x0, [sp, #24]
   8b4ac:	f9000be1 	str	x1, [sp, #16]
   8b4b0:	f90007e2 	str	x2, [sp, #8]
   8b4b4:	f9400be1 	ldr	x1, [sp, #16]
   8b4b8:	d29fffe0 	mov	x0, #0xffff                	// #65535
   8b4bc:	8b000020 	add	x0, x1, x0
   8b4c0:	9270bc00 	and	x0, x0, #0xffffffffffff0000
   8b4c4:	aa0003e1 	mov	x1, x0
   8b4c8:	f9400fe0 	ldr	x0, [sp, #24]
   8b4cc:	f9000001 	str	x1, [x0]
   8b4d0:	f9400be1 	ldr	x1, [sp, #16]
   8b4d4:	f94007e0 	ldr	x0, [sp, #8]
   8b4d8:	8b000020 	add	x0, x1, x0
   8b4dc:	9270bc00 	and	x0, x0, #0xffffffffffff0000
   8b4e0:	aa0003e1 	mov	x1, x0
   8b4e4:	f9400fe0 	ldr	x0, [sp, #24]
   8b4e8:	f9000401 	str	x1, [x0, #8]
   8b4ec:	d503201f 	nop
   8b4f0:	910083ff 	add	sp, sp, #0x20
   8b4f4:	d65f03c0 	ret
   8b4f8:	d503201f 	nop
   8b4fc:	d503201f 	nop

000000000008b500 <CPageAllocator::GetFreeSpace() const>:
   8b500:	a9400400 	ldp	x0, x1, [x0]
   8b504:	cb000020 	sub	x0, x1, x0
   8b508:	d65f03c0 	ret

000000000008b50c <CPageAllocator::Allocate()>:
   8b50c:	a9be7bfd 	stp	x29, x30, [sp, #-32]!
   8b510:	aa0003e1 	mov	x1, x0
   8b514:	910003fd 	mov	x29, sp
   8b518:	f9400000 	ldr	x0, [x0]
   8b51c:	b4000460 	cbz	x0, 8b5a8 <CPageAllocator::Allocate()+0x9c>
   8b520:	b9401820 	ldr	w0, [x1, #24]
   8b524:	350001e0 	cbnz	w0, 8b560 <CPageAllocator::Allocate()+0x54>
   8b528:	f9400820 	ldr	x0, [x1, #16]
   8b52c:	b4000240 	cbz	x0, 8b574 <CPageAllocator::Allocate()+0x68>
   8b530:	b9400003 	ldr	w3, [x0]
   8b534:	5289a862 	mov	w2, #0x4d43                	// #19779
   8b538:	72aa08e2 	movk	w2, #0x5047, lsl #16
   8b53c:	6b02007f 	cmp	w3, w2
   8b540:	540003e1 	b.ne	8b5bc <CPageAllocator::Allocate()+0xb0>  // b.any
   8b544:	f9400402 	ldr	x2, [x0, #8]
   8b548:	f9000822 	str	x2, [x1, #16]
   8b54c:	b900001f 	str	wzr, [x0]
   8b550:	b9401821 	ldr	w1, [x1, #24]
   8b554:	35000201 	cbnz	w1, 8b594 <CPageAllocator::Allocate()+0x88>
   8b558:	a8c27bfd 	ldp	x29, x30, [sp], #32
   8b55c:	d65f03c0 	ret
   8b560:	f9000fe1 	str	x1, [sp, #24]
   8b564:	97ffe3df 	bl	844e0 <EnterCritical>
   8b568:	f9400fe1 	ldr	x1, [sp, #24]
   8b56c:	f9400820 	ldr	x0, [x1, #16]
   8b570:	b5fffe00 	cbnz	x0, 8b530 <CPageAllocator::Allocate()+0x24>
   8b574:	a9401023 	ldp	x3, x4, [x1]
   8b578:	91404062 	add	x2, x3, #0x10, lsl #12
   8b57c:	f9000022 	str	x2, [x1]
   8b580:	eb04005f 	cmp	x2, x4
   8b584:	54fffe68 	b.hi	8b550 <CPageAllocator::Allocate()+0x44>  // b.pmore
   8b588:	b9401821 	ldr	w1, [x1, #24]
   8b58c:	aa0303e0 	mov	x0, x3
   8b590:	34fffe41 	cbz	w1, 8b558 <CPageAllocator::Allocate()+0x4c>
   8b594:	f9000fe0 	str	x0, [sp, #24]
   8b598:	97ffe402 	bl	845a0 <LeaveCritical>
   8b59c:	f9400fe0 	ldr	x0, [sp, #24]
   8b5a0:	a8c27bfd 	ldp	x29, x30, [sp], #32
   8b5a4:	d65f03c0 	ret
   8b5a8:	90000021 	adrp	x1, 8f000 <From+0x918>
   8b5ac:	528006c2 	mov	w2, #0x36                  	// #54
   8b5b0:	91384021 	add	x1, x1, #0xe10
   8b5b4:	91006020 	add	x0, x1, #0x18
   8b5b8:	97fff3ba 	bl	884a0 <assertion_failed>
   8b5bc:	90000021 	adrp	x1, 8f000 <From+0x918>
   8b5c0:	52800882 	mov	w2, #0x44                  	// #68
   8b5c4:	91384021 	add	x1, x1, #0xe10
   8b5c8:	9100a020 	add	x0, x1, #0x28
   8b5cc:	97fff3b5 	bl	884a0 <assertion_failed>

000000000008b5d0 <CPageAllocator::Free(void*)>:
   8b5d0:	b4000161 	cbz	x1, 8b5fc <CPageAllocator::Free(void*)+0x2c>
   8b5d4:	aa0003e2 	mov	x2, x0
   8b5d8:	b9401800 	ldr	w0, [x0, #24]
   8b5dc:	35000120 	cbnz	w0, 8b600 <CPageAllocator::Free(void*)+0x30>
   8b5e0:	5289a860 	mov	w0, #0x4d43                	// #19779
   8b5e4:	72aa08e0 	movk	w0, #0x5047, lsl #16
   8b5e8:	b9000020 	str	w0, [x1]
   8b5ec:	f9400840 	ldr	x0, [x2, #16]
   8b5f0:	f9000420 	str	x0, [x1, #8]
   8b5f4:	f9000841 	str	x1, [x2, #16]
   8b5f8:	d65f03c0 	ret
   8b5fc:	d65f03c0 	ret
   8b600:	a9be7bfd 	stp	x29, x30, [sp, #-32]!
   8b604:	910003fd 	mov	x29, sp
   8b608:	a90107e2 	stp	x2, x1, [sp, #16]
   8b60c:	97ffe3b5 	bl	844e0 <EnterCritical>
   8b610:	a94107e2 	ldp	x2, x1, [sp, #16]
   8b614:	5289a863 	mov	w3, #0x4d43                	// #19779
   8b618:	72aa08e3 	movk	w3, #0x5047, lsl #16
   8b61c:	b9401840 	ldr	w0, [x2, #24]
   8b620:	b9000023 	str	w3, [x1]
   8b624:	f9400843 	ldr	x3, [x2, #16]
   8b628:	f9000423 	str	x3, [x1, #8]
   8b62c:	f9000841 	str	x1, [x2, #16]
   8b630:	34000060 	cbz	w0, 8b63c <CPageAllocator::Free(void*)+0x6c>
   8b634:	a8c27bfd 	ldp	x29, x30, [sp], #32
   8b638:	17ffe3da 	b	845a0 <LeaveCritical>
   8b63c:	a8c27bfd 	ldp	x29, x30, [sp], #32
   8b640:	d65f03c0 	ret
	...

000000000008b800 <VectorTable>:
   8b800:	140001ef 	b	8bfbc <SynchronousStub>
   8b804:	d503201f 	nop
   8b808:	d503201f 	nop
   8b80c:	d503201f 	nop
   8b810:	d503201f 	nop
   8b814:	d503201f 	nop
   8b818:	d503201f 	nop
   8b81c:	d503201f 	nop
   8b820:	d503201f 	nop
   8b824:	d503201f 	nop
   8b828:	d503201f 	nop
   8b82c:	d503201f 	nop
   8b830:	d503201f 	nop
   8b834:	d503201f 	nop
   8b838:	d503201f 	nop
   8b83c:	d503201f 	nop
   8b840:	d503201f 	nop
   8b844:	d503201f 	nop
   8b848:	d503201f 	nop
   8b84c:	d503201f 	nop
   8b850:	d503201f 	nop
   8b854:	d503201f 	nop
   8b858:	d503201f 	nop
   8b85c:	d503201f 	nop
   8b860:	d503201f 	nop
   8b864:	d503201f 	nop
   8b868:	d503201f 	nop
   8b86c:	d503201f 	nop
   8b870:	d503201f 	nop
   8b874:	d503201f 	nop
   8b878:	d503201f 	nop
   8b87c:	d503201f 	nop
   8b880:	140001eb 	b	8c02c <IRQStub>
   8b884:	d503201f 	nop
   8b888:	d503201f 	nop
   8b88c:	d503201f 	nop
   8b890:	d503201f 	nop
   8b894:	d503201f 	nop
   8b898:	d503201f 	nop
   8b89c:	d503201f 	nop
   8b8a0:	d503201f 	nop
   8b8a4:	d503201f 	nop
   8b8a8:	d503201f 	nop
   8b8ac:	d503201f 	nop
   8b8b0:	d503201f 	nop
   8b8b4:	d503201f 	nop
   8b8b8:	d503201f 	nop
   8b8bc:	d503201f 	nop
   8b8c0:	d503201f 	nop
   8b8c4:	d503201f 	nop
   8b8c8:	d503201f 	nop
   8b8cc:	d503201f 	nop
   8b8d0:	d503201f 	nop
   8b8d4:	d503201f 	nop
   8b8d8:	d503201f 	nop
   8b8dc:	d503201f 	nop
   8b8e0:	d503201f 	nop
   8b8e4:	d503201f 	nop
   8b8e8:	d503201f 	nop
   8b8ec:	d503201f 	nop
   8b8f0:	d503201f 	nop
   8b8f4:	d503201f 	nop
   8b8f8:	d503201f 	nop
   8b8fc:	d503201f 	nop
   8b900:	14000217 	b	8c15c <FIQStub>
   8b904:	d503201f 	nop
   8b908:	d503201f 	nop
   8b90c:	d503201f 	nop
   8b910:	d503201f 	nop
   8b914:	d503201f 	nop
   8b918:	d503201f 	nop
   8b91c:	d503201f 	nop
   8b920:	d503201f 	nop
   8b924:	d503201f 	nop
   8b928:	d503201f 	nop
   8b92c:	d503201f 	nop
   8b930:	d503201f 	nop
   8b934:	d503201f 	nop
   8b938:	d503201f 	nop
   8b93c:	d503201f 	nop
   8b940:	d503201f 	nop
   8b944:	d503201f 	nop
   8b948:	d503201f 	nop
   8b94c:	d503201f 	nop
   8b950:	d503201f 	nop
   8b954:	d503201f 	nop
   8b958:	d503201f 	nop
   8b95c:	d503201f 	nop
   8b960:	d503201f 	nop
   8b964:	d503201f 	nop
   8b968:	d503201f 	nop
   8b96c:	d503201f 	nop
   8b970:	d503201f 	nop
   8b974:	d503201f 	nop
   8b978:	d503201f 	nop
   8b97c:	d503201f 	nop
   8b980:	1400019d 	b	8bff4 <SErrorStub>
   8b984:	d503201f 	nop
   8b988:	d503201f 	nop
   8b98c:	d503201f 	nop
   8b990:	d503201f 	nop
   8b994:	d503201f 	nop
   8b998:	d503201f 	nop
   8b99c:	d503201f 	nop
   8b9a0:	d503201f 	nop
   8b9a4:	d503201f 	nop
   8b9a8:	d503201f 	nop
   8b9ac:	d503201f 	nop
   8b9b0:	d503201f 	nop
   8b9b4:	d503201f 	nop
   8b9b8:	d503201f 	nop
   8b9bc:	d503201f 	nop
   8b9c0:	d503201f 	nop
   8b9c4:	d503201f 	nop
   8b9c8:	d503201f 	nop
   8b9cc:	d503201f 	nop
   8b9d0:	d503201f 	nop
   8b9d4:	d503201f 	nop
   8b9d8:	d503201f 	nop
   8b9dc:	d503201f 	nop
   8b9e0:	d503201f 	nop
   8b9e4:	d503201f 	nop
   8b9e8:	d503201f 	nop
   8b9ec:	d503201f 	nop
   8b9f0:	d503201f 	nop
   8b9f4:	d503201f 	nop
   8b9f8:	d503201f 	nop
   8b9fc:	d503201f 	nop
   8ba00:	1400016f 	b	8bfbc <SynchronousStub>
   8ba04:	d503201f 	nop
   8ba08:	d503201f 	nop
   8ba0c:	d503201f 	nop
   8ba10:	d503201f 	nop
   8ba14:	d503201f 	nop
   8ba18:	d503201f 	nop
   8ba1c:	d503201f 	nop
   8ba20:	d503201f 	nop
   8ba24:	d503201f 	nop
   8ba28:	d503201f 	nop
   8ba2c:	d503201f 	nop
   8ba30:	d503201f 	nop
   8ba34:	d503201f 	nop
   8ba38:	d503201f 	nop
   8ba3c:	d503201f 	nop
   8ba40:	d503201f 	nop
   8ba44:	d503201f 	nop
   8ba48:	d503201f 	nop
   8ba4c:	d503201f 	nop
   8ba50:	d503201f 	nop
   8ba54:	d503201f 	nop
   8ba58:	d503201f 	nop
   8ba5c:	d503201f 	nop
   8ba60:	d503201f 	nop
   8ba64:	d503201f 	nop
   8ba68:	d503201f 	nop
   8ba6c:	d503201f 	nop
   8ba70:	d503201f 	nop
   8ba74:	d503201f 	nop
   8ba78:	d503201f 	nop
   8ba7c:	d503201f 	nop
   8ba80:	1400016b 	b	8c02c <IRQStub>
   8ba84:	d503201f 	nop
   8ba88:	d503201f 	nop
   8ba8c:	d503201f 	nop
   8ba90:	d503201f 	nop
   8ba94:	d503201f 	nop
   8ba98:	d503201f 	nop
   8ba9c:	d503201f 	nop
   8baa0:	d503201f 	nop
   8baa4:	d503201f 	nop
   8baa8:	d503201f 	nop
   8baac:	d503201f 	nop
   8bab0:	d503201f 	nop
   8bab4:	d503201f 	nop
   8bab8:	d503201f 	nop
   8babc:	d503201f 	nop
   8bac0:	d503201f 	nop
   8bac4:	d503201f 	nop
   8bac8:	d503201f 	nop
   8bacc:	d503201f 	nop
   8bad0:	d503201f 	nop
   8bad4:	d503201f 	nop
   8bad8:	d503201f 	nop
   8badc:	d503201f 	nop
   8bae0:	d503201f 	nop
   8bae4:	d503201f 	nop
   8bae8:	d503201f 	nop
   8baec:	d503201f 	nop
   8baf0:	d503201f 	nop
   8baf4:	d503201f 	nop
   8baf8:	d503201f 	nop
   8bafc:	d503201f 	nop
   8bb00:	14000197 	b	8c15c <FIQStub>
   8bb04:	d503201f 	nop
   8bb08:	d503201f 	nop
   8bb0c:	d503201f 	nop
   8bb10:	d503201f 	nop
   8bb14:	d503201f 	nop
   8bb18:	d503201f 	nop
   8bb1c:	d503201f 	nop
   8bb20:	d503201f 	nop
   8bb24:	d503201f 	nop
   8bb28:	d503201f 	nop
   8bb2c:	d503201f 	nop
   8bb30:	d503201f 	nop
   8bb34:	d503201f 	nop
   8bb38:	d503201f 	nop
   8bb3c:	d503201f 	nop
   8bb40:	d503201f 	nop
   8bb44:	d503201f 	nop
   8bb48:	d503201f 	nop
   8bb4c:	d503201f 	nop
   8bb50:	d503201f 	nop
   8bb54:	d503201f 	nop
   8bb58:	d503201f 	nop
   8bb5c:	d503201f 	nop
   8bb60:	d503201f 	nop
   8bb64:	d503201f 	nop
   8bb68:	d503201f 	nop
   8bb6c:	d503201f 	nop
   8bb70:	d503201f 	nop
   8bb74:	d503201f 	nop
   8bb78:	d503201f 	nop
   8bb7c:	d503201f 	nop
   8bb80:	1400011d 	b	8bff4 <SErrorStub>
   8bb84:	d503201f 	nop
   8bb88:	d503201f 	nop
   8bb8c:	d503201f 	nop
   8bb90:	d503201f 	nop
   8bb94:	d503201f 	nop
   8bb98:	d503201f 	nop
   8bb9c:	d503201f 	nop
   8bba0:	d503201f 	nop
   8bba4:	d503201f 	nop
   8bba8:	d503201f 	nop
   8bbac:	d503201f 	nop
   8bbb0:	d503201f 	nop
   8bbb4:	d503201f 	nop
   8bbb8:	d503201f 	nop
   8bbbc:	d503201f 	nop
   8bbc0:	d503201f 	nop
   8bbc4:	d503201f 	nop
   8bbc8:	d503201f 	nop
   8bbcc:	d503201f 	nop
   8bbd0:	d503201f 	nop
   8bbd4:	d503201f 	nop
   8bbd8:	d503201f 	nop
   8bbdc:	d503201f 	nop
   8bbe0:	d503201f 	nop
   8bbe4:	d503201f 	nop
   8bbe8:	d503201f 	nop
   8bbec:	d503201f 	nop
   8bbf0:	d503201f 	nop
   8bbf4:	d503201f 	nop
   8bbf8:	d503201f 	nop
   8bbfc:	d503201f 	nop
   8bc00:	140001a8 	b	8c2a0 <HVCStub>
   8bc04:	d503201f 	nop
   8bc08:	d503201f 	nop
   8bc0c:	d503201f 	nop
   8bc10:	d503201f 	nop
   8bc14:	d503201f 	nop
   8bc18:	d503201f 	nop
   8bc1c:	d503201f 	nop
   8bc20:	d503201f 	nop
   8bc24:	d503201f 	nop
   8bc28:	d503201f 	nop
   8bc2c:	d503201f 	nop
   8bc30:	d503201f 	nop
   8bc34:	d503201f 	nop
   8bc38:	d503201f 	nop
   8bc3c:	d503201f 	nop
   8bc40:	d503201f 	nop
   8bc44:	d503201f 	nop
   8bc48:	d503201f 	nop
   8bc4c:	d503201f 	nop
   8bc50:	d503201f 	nop
   8bc54:	d503201f 	nop
   8bc58:	d503201f 	nop
   8bc5c:	d503201f 	nop
   8bc60:	d503201f 	nop
   8bc64:	d503201f 	nop
   8bc68:	d503201f 	nop
   8bc6c:	d503201f 	nop
   8bc70:	d503201f 	nop
   8bc74:	d503201f 	nop
   8bc78:	d503201f 	nop
   8bc7c:	d503201f 	nop
   8bc80:	140000c1 	b	8bf84 <UnexpectedStub>
   8bc84:	d503201f 	nop
   8bc88:	d503201f 	nop
   8bc8c:	d503201f 	nop
   8bc90:	d503201f 	nop
   8bc94:	d503201f 	nop
   8bc98:	d503201f 	nop
   8bc9c:	d503201f 	nop
   8bca0:	d503201f 	nop
   8bca4:	d503201f 	nop
   8bca8:	d503201f 	nop
   8bcac:	d503201f 	nop
   8bcb0:	d503201f 	nop
   8bcb4:	d503201f 	nop
   8bcb8:	d503201f 	nop
   8bcbc:	d503201f 	nop
   8bcc0:	d503201f 	nop
   8bcc4:	d503201f 	nop
   8bcc8:	d503201f 	nop
   8bccc:	d503201f 	nop
   8bcd0:	d503201f 	nop
   8bcd4:	d503201f 	nop
   8bcd8:	d503201f 	nop
   8bcdc:	d503201f 	nop
   8bce0:	d503201f 	nop
   8bce4:	d503201f 	nop
   8bce8:	d503201f 	nop
   8bcec:	d503201f 	nop
   8bcf0:	d503201f 	nop
   8bcf4:	d503201f 	nop
   8bcf8:	d503201f 	nop
   8bcfc:	d503201f 	nop
   8bd00:	140000a1 	b	8bf84 <UnexpectedStub>
   8bd04:	d503201f 	nop
   8bd08:	d503201f 	nop
   8bd0c:	d503201f 	nop
   8bd10:	d503201f 	nop
   8bd14:	d503201f 	nop
   8bd18:	d503201f 	nop
   8bd1c:	d503201f 	nop
   8bd20:	d503201f 	nop
   8bd24:	d503201f 	nop
   8bd28:	d503201f 	nop
   8bd2c:	d503201f 	nop
   8bd30:	d503201f 	nop
   8bd34:	d503201f 	nop
   8bd38:	d503201f 	nop
   8bd3c:	d503201f 	nop
   8bd40:	d503201f 	nop
   8bd44:	d503201f 	nop
   8bd48:	d503201f 	nop
   8bd4c:	d503201f 	nop
   8bd50:	d503201f 	nop
   8bd54:	d503201f 	nop
   8bd58:	d503201f 	nop
   8bd5c:	d503201f 	nop
   8bd60:	d503201f 	nop
   8bd64:	d503201f 	nop
   8bd68:	d503201f 	nop
   8bd6c:	d503201f 	nop
   8bd70:	d503201f 	nop
   8bd74:	d503201f 	nop
   8bd78:	d503201f 	nop
   8bd7c:	d503201f 	nop
   8bd80:	14000081 	b	8bf84 <UnexpectedStub>
   8bd84:	d503201f 	nop
   8bd88:	d503201f 	nop
   8bd8c:	d503201f 	nop
   8bd90:	d503201f 	nop
   8bd94:	d503201f 	nop
   8bd98:	d503201f 	nop
   8bd9c:	d503201f 	nop
   8bda0:	d503201f 	nop
   8bda4:	d503201f 	nop
   8bda8:	d503201f 	nop
   8bdac:	d503201f 	nop
   8bdb0:	d503201f 	nop
   8bdb4:	d503201f 	nop
   8bdb8:	d503201f 	nop
   8bdbc:	d503201f 	nop
   8bdc0:	d503201f 	nop
   8bdc4:	d503201f 	nop
   8bdc8:	d503201f 	nop
   8bdcc:	d503201f 	nop
   8bdd0:	d503201f 	nop
   8bdd4:	d503201f 	nop
   8bdd8:	d503201f 	nop
   8bddc:	d503201f 	nop
   8bde0:	d503201f 	nop
   8bde4:	d503201f 	nop
   8bde8:	d503201f 	nop
   8bdec:	d503201f 	nop
   8bdf0:	d503201f 	nop
   8bdf4:	d503201f 	nop
   8bdf8:	d503201f 	nop
   8bdfc:	d503201f 	nop
   8be00:	14000061 	b	8bf84 <UnexpectedStub>
   8be04:	d503201f 	nop
   8be08:	d503201f 	nop
   8be0c:	d503201f 	nop
   8be10:	d503201f 	nop
   8be14:	d503201f 	nop
   8be18:	d503201f 	nop
   8be1c:	d503201f 	nop
   8be20:	d503201f 	nop
   8be24:	d503201f 	nop
   8be28:	d503201f 	nop
   8be2c:	d503201f 	nop
   8be30:	d503201f 	nop
   8be34:	d503201f 	nop
   8be38:	d503201f 	nop
   8be3c:	d503201f 	nop
   8be40:	d503201f 	nop
   8be44:	d503201f 	nop
   8be48:	d503201f 	nop
   8be4c:	d503201f 	nop
   8be50:	d503201f 	nop
   8be54:	d503201f 	nop
   8be58:	d503201f 	nop
   8be5c:	d503201f 	nop
   8be60:	d503201f 	nop
   8be64:	d503201f 	nop
   8be68:	d503201f 	nop
   8be6c:	d503201f 	nop
   8be70:	d503201f 	nop
   8be74:	d503201f 	nop
   8be78:	d503201f 	nop
   8be7c:	d503201f 	nop
   8be80:	14000041 	b	8bf84 <UnexpectedStub>
   8be84:	d503201f 	nop
   8be88:	d503201f 	nop
   8be8c:	d503201f 	nop
   8be90:	d503201f 	nop
   8be94:	d503201f 	nop
   8be98:	d503201f 	nop
   8be9c:	d503201f 	nop
   8bea0:	d503201f 	nop
   8bea4:	d503201f 	nop
   8bea8:	d503201f 	nop
   8beac:	d503201f 	nop
   8beb0:	d503201f 	nop
   8beb4:	d503201f 	nop
   8beb8:	d503201f 	nop
   8bebc:	d503201f 	nop
   8bec0:	d503201f 	nop
   8bec4:	d503201f 	nop
   8bec8:	d503201f 	nop
   8becc:	d503201f 	nop
   8bed0:	d503201f 	nop
   8bed4:	d503201f 	nop
   8bed8:	d503201f 	nop
   8bedc:	d503201f 	nop
   8bee0:	d503201f 	nop
   8bee4:	d503201f 	nop
   8bee8:	d503201f 	nop
   8beec:	d503201f 	nop
   8bef0:	d503201f 	nop
   8bef4:	d503201f 	nop
   8bef8:	d503201f 	nop
   8befc:	d503201f 	nop
   8bf00:	14000021 	b	8bf84 <UnexpectedStub>
   8bf04:	d503201f 	nop
   8bf08:	d503201f 	nop
   8bf0c:	d503201f 	nop
   8bf10:	d503201f 	nop
   8bf14:	d503201f 	nop
   8bf18:	d503201f 	nop
   8bf1c:	d503201f 	nop
   8bf20:	d503201f 	nop
   8bf24:	d503201f 	nop
   8bf28:	d503201f 	nop
   8bf2c:	d503201f 	nop
   8bf30:	d503201f 	nop
   8bf34:	d503201f 	nop
   8bf38:	d503201f 	nop
   8bf3c:	d503201f 	nop
   8bf40:	d503201f 	nop
   8bf44:	d503201f 	nop
   8bf48:	d503201f 	nop
   8bf4c:	d503201f 	nop
   8bf50:	d503201f 	nop
   8bf54:	d503201f 	nop
   8bf58:	d503201f 	nop
   8bf5c:	d503201f 	nop
   8bf60:	d503201f 	nop
   8bf64:	d503201f 	nop
   8bf68:	d503201f 	nop
   8bf6c:	d503201f 	nop
   8bf70:	d503201f 	nop
   8bf74:	d503201f 	nop
   8bf78:	d503201f 	nop
   8bf7c:	d503201f 	nop
   8bf80:	14000001 	b	8bf84 <UnexpectedStub>

000000000008bf84 <UnexpectedStub>:
   8bf84:	d5385200 	mrs	x0, esr_el1
   8bf88:	d5384001 	mrs	x1, spsr_el1
   8bf8c:	aa1e03e2 	mov	x2, x30
   8bf90:	d5384023 	mrs	x3, elr_el1
   8bf94:	d5384104 	mrs	x4, sp_el0
   8bf98:	910003e5 	mov	x5, sp
   8bf9c:	d5386006 	mrs	x6, far_el1
   8bfa0:	f81f0fe6 	str	x6, [sp, #-16]!
   8bfa4:	a9bf17e4 	stp	x4, x5, [sp, #-16]!
   8bfa8:	a9bf0fe2 	stp	x2, x3, [sp, #-16]!
   8bfac:	a9bf07e0 	stp	x0, x1, [sp, #-16]!
   8bfb0:	d2800000 	mov	x0, #0x0                   	// #0
   8bfb4:	910003e1 	mov	x1, sp
   8bfb8:	1400083a 	b	8e0a0 <ExceptionHandler>

000000000008bfbc <SynchronousStub>:
   8bfbc:	d5385200 	mrs	x0, esr_el1
   8bfc0:	d5384001 	mrs	x1, spsr_el1
   8bfc4:	aa1e03e2 	mov	x2, x30
   8bfc8:	d5384023 	mrs	x3, elr_el1
   8bfcc:	d5384104 	mrs	x4, sp_el0
   8bfd0:	910003e5 	mov	x5, sp
   8bfd4:	d5386006 	mrs	x6, far_el1
   8bfd8:	f81f0fe6 	str	x6, [sp, #-16]!
   8bfdc:	a9bf17e4 	stp	x4, x5, [sp, #-16]!
   8bfe0:	a9bf0fe2 	stp	x2, x3, [sp, #-16]!
   8bfe4:	a9bf07e0 	stp	x0, x1, [sp, #-16]!
   8bfe8:	d2800020 	mov	x0, #0x1                   	// #1
   8bfec:	910003e1 	mov	x1, sp
   8bff0:	1400082c 	b	8e0a0 <ExceptionHandler>

000000000008bff4 <SErrorStub>:
   8bff4:	d5385200 	mrs	x0, esr_el1
   8bff8:	d5384001 	mrs	x1, spsr_el1
   8bffc:	aa1e03e2 	mov	x2, x30
   8c000:	d5384023 	mrs	x3, elr_el1
   8c004:	d5384104 	mrs	x4, sp_el0
   8c008:	910003e5 	mov	x5, sp
   8c00c:	d5386006 	mrs	x6, far_el1
   8c010:	f81f0fe6 	str	x6, [sp, #-16]!
   8c014:	a9bf17e4 	stp	x4, x5, [sp, #-16]!
   8c018:	a9bf0fe2 	stp	x2, x3, [sp, #-16]!
   8c01c:	a9bf07e0 	stp	x0, x1, [sp, #-16]!
   8c020:	d2800040 	mov	x0, #0x2                   	// #2
   8c024:	910003e1 	mov	x1, sp
   8c028:	1400081e 	b	8e0a0 <ExceptionHandler>

000000000008c02c <IRQStub>:
   8c02c:	a9bf7bfd 	stp	x29, x30, [sp, #-16]!
   8c030:	d538403d 	mrs	x29, elr_el1
   8c034:	d538401e 	mrs	x30, spsr_el1
   8c038:	a9bf7bfd 	stp	x29, x30, [sp, #-16]!
   8c03c:	d50341ff 	msr	daifclr, #0x1
   8c040:	adbf7ffe 	stp	q30, q31, [sp, #-32]!
   8c044:	adbf77fc 	stp	q28, q29, [sp, #-32]!
   8c048:	adbf6ffa 	stp	q26, q27, [sp, #-32]!
   8c04c:	adbf67f8 	stp	q24, q25, [sp, #-32]!
   8c050:	adbf5ff6 	stp	q22, q23, [sp, #-32]!
   8c054:	adbf57f4 	stp	q20, q21, [sp, #-32]!
   8c058:	adbf4ff2 	stp	q18, q19, [sp, #-32]!
   8c05c:	adbf47f0 	stp	q16, q17, [sp, #-32]!
   8c060:	adbf3fee 	stp	q14, q15, [sp, #-32]!
   8c064:	adbf37ec 	stp	q12, q13, [sp, #-32]!
   8c068:	adbf2fea 	stp	q10, q11, [sp, #-32]!
   8c06c:	adbf27e8 	stp	q8, q9, [sp, #-32]!
   8c070:	adbf1fe6 	stp	q6, q7, [sp, #-32]!
   8c074:	adbf17e4 	stp	q4, q5, [sp, #-32]!
   8c078:	adbf0fe2 	stp	q2, q3, [sp, #-32]!
   8c07c:	adbf07e0 	stp	q0, q1, [sp, #-32]!
   8c080:	a9bf73fb 	stp	x27, x28, [sp, #-16]!
   8c084:	a9bf6bf9 	stp	x25, x26, [sp, #-16]!
   8c088:	a9bf63f7 	stp	x23, x24, [sp, #-16]!
   8c08c:	a9bf5bf5 	stp	x21, x22, [sp, #-16]!
   8c090:	a9bf53f3 	stp	x19, x20, [sp, #-16]!
   8c094:	a9bf4bf1 	stp	x17, x18, [sp, #-16]!
   8c098:	a9bf43ef 	stp	x15, x16, [sp, #-16]!
   8c09c:	a9bf3bed 	stp	x13, x14, [sp, #-16]!
   8c0a0:	a9bf33eb 	stp	x11, x12, [sp, #-16]!
   8c0a4:	a9bf2be9 	stp	x9, x10, [sp, #-16]!
   8c0a8:	a9bf23e7 	stp	x7, x8, [sp, #-16]!
   8c0ac:	a9bf1be5 	stp	x5, x6, [sp, #-16]!
   8c0b0:	a9bf13e3 	stp	x3, x4, [sp, #-16]!
   8c0b4:	a9bf0be1 	stp	x1, x2, [sp, #-16]!
   8c0b8:	f81f0fe0 	str	x0, [sp, #-16]!
   8c0bc:	58000fe0 	ldr	x0, 8c2b8 <HVCStub+0x18>
   8c0c0:	f900001d 	str	x29, [x0]
   8c0c4:	97ffe67a 	bl	85aac <InterruptHandler>
   8c0c8:	f84107e0 	ldr	x0, [sp], #16
   8c0cc:	a8c10be1 	ldp	x1, x2, [sp], #16
   8c0d0:	a8c113e3 	ldp	x3, x4, [sp], #16
   8c0d4:	a8c11be5 	ldp	x5, x6, [sp], #16
   8c0d8:	a8c123e7 	ldp	x7, x8, [sp], #16
   8c0dc:	a8c12be9 	ldp	x9, x10, [sp], #16
   8c0e0:	a8c133eb 	ldp	x11, x12, [sp], #16
   8c0e4:	a8c13bed 	ldp	x13, x14, [sp], #16
   8c0e8:	a8c143ef 	ldp	x15, x16, [sp], #16
   8c0ec:	a8c14bf1 	ldp	x17, x18, [sp], #16
   8c0f0:	a8c153f3 	ldp	x19, x20, [sp], #16
   8c0f4:	a8c15bf5 	ldp	x21, x22, [sp], #16
   8c0f8:	a8c163f7 	ldp	x23, x24, [sp], #16
   8c0fc:	a8c16bf9 	ldp	x25, x26, [sp], #16
   8c100:	a8c173fb 	ldp	x27, x28, [sp], #16
   8c104:	acc107e0 	ldp	q0, q1, [sp], #32
   8c108:	acc10fe2 	ldp	q2, q3, [sp], #32
   8c10c:	acc117e4 	ldp	q4, q5, [sp], #32
   8c110:	acc11fe6 	ldp	q6, q7, [sp], #32
   8c114:	acc127e8 	ldp	q8, q9, [sp], #32
   8c118:	acc12fea 	ldp	q10, q11, [sp], #32
   8c11c:	acc137ec 	ldp	q12, q13, [sp], #32
   8c120:	acc13fee 	ldp	q14, q15, [sp], #32
   8c124:	acc147f0 	ldp	q16, q17, [sp], #32
   8c128:	acc14ff2 	ldp	q18, q19, [sp], #32
   8c12c:	acc157f4 	ldp	q20, q21, [sp], #32
   8c130:	acc15ff6 	ldp	q22, q23, [sp], #32
   8c134:	acc167f8 	ldp	q24, q25, [sp], #32
   8c138:	acc16ffa 	ldp	q26, q27, [sp], #32
   8c13c:	acc177fc 	ldp	q28, q29, [sp], #32
   8c140:	acc17ffe 	ldp	q30, q31, [sp], #32
   8c144:	d50341df 	msr	daifset, #0x1
   8c148:	a8c17bfd 	ldp	x29, x30, [sp], #16
   8c14c:	d518403d 	msr	elr_el1, x29
   8c150:	d518401e 	msr	spsr_el1, x30
   8c154:	a8c17bfd 	ldp	x29, x30, [sp], #16
   8c158:	d69f03e0 	eret

000000000008c15c <FIQStub>:
   8c15c:	adbf7ffe 	stp	q30, q31, [sp, #-32]!
   8c160:	adbf77fc 	stp	q28, q29, [sp, #-32]!
   8c164:	adbf6ffa 	stp	q26, q27, [sp, #-32]!
   8c168:	adbf67f8 	stp	q24, q25, [sp, #-32]!
   8c16c:	adbf5ff6 	stp	q22, q23, [sp, #-32]!
   8c170:	adbf57f4 	stp	q20, q21, [sp, #-32]!
   8c174:	adbf4ff2 	stp	q18, q19, [sp, #-32]!
   8c178:	adbf47f0 	stp	q16, q17, [sp, #-32]!
   8c17c:	adbf3fee 	stp	q14, q15, [sp, #-32]!
   8c180:	adbf37ec 	stp	q12, q13, [sp, #-32]!
   8c184:	adbf2fea 	stp	q10, q11, [sp, #-32]!
   8c188:	adbf27e8 	stp	q8, q9, [sp, #-32]!
   8c18c:	adbf1fe6 	stp	q6, q7, [sp, #-32]!
   8c190:	adbf17e4 	stp	q4, q5, [sp, #-32]!
   8c194:	adbf0fe2 	stp	q2, q3, [sp, #-32]!
   8c198:	adbf07e0 	stp	q0, q1, [sp, #-32]!
   8c19c:	a9bf7bfd 	stp	x29, x30, [sp, #-16]!
   8c1a0:	a9bf73fb 	stp	x27, x28, [sp, #-16]!
   8c1a4:	a9bf6bf9 	stp	x25, x26, [sp, #-16]!
   8c1a8:	a9bf63f7 	stp	x23, x24, [sp, #-16]!
   8c1ac:	a9bf5bf5 	stp	x21, x22, [sp, #-16]!
   8c1b0:	a9bf53f3 	stp	x19, x20, [sp, #-16]!
   8c1b4:	a9bf4bf1 	stp	x17, x18, [sp, #-16]!
   8c1b8:	a9bf43ef 	stp	x15, x16, [sp, #-16]!
   8c1bc:	a9bf3bed 	stp	x13, x14, [sp, #-16]!
   8c1c0:	a9bf33eb 	stp	x11, x12, [sp, #-16]!
   8c1c4:	a9bf2be9 	stp	x9, x10, [sp, #-16]!
   8c1c8:	a9bf23e7 	stp	x7, x8, [sp, #-16]!
   8c1cc:	a9bf1be5 	stp	x5, x6, [sp, #-16]!
   8c1d0:	a9bf13e3 	stp	x3, x4, [sp, #-16]!
   8c1d4:	a9bf0be1 	stp	x1, x2, [sp, #-16]!
   8c1d8:	f81f0fe0 	str	x0, [sp, #-16]!
   8c1dc:	58000722 	ldr	x2, 8c2c0 <HVCStub+0x20>
   8c1e0:	f9400041 	ldr	x1, [x2]
   8c1e4:	f100003f 	cmp	x1, #0x0
   8c1e8:	54000480 	b.eq	8c278 <FIQStub+0x11c>  // b.none
   8c1ec:	f9400440 	ldr	x0, [x2, #8]
   8c1f0:	d63f0020 	blr	x1
   8c1f4:	f84107e0 	ldr	x0, [sp], #16
   8c1f8:	a8c10be1 	ldp	x1, x2, [sp], #16
   8c1fc:	a8c113e3 	ldp	x3, x4, [sp], #16
   8c200:	a8c11be5 	ldp	x5, x6, [sp], #16
   8c204:	a8c123e7 	ldp	x7, x8, [sp], #16
   8c208:	a8c12be9 	ldp	x9, x10, [sp], #16
   8c20c:	a8c133eb 	ldp	x11, x12, [sp], #16
   8c210:	a8c13bed 	ldp	x13, x14, [sp], #16
   8c214:	a8c143ef 	ldp	x15, x16, [sp], #16
   8c218:	a8c14bf1 	ldp	x17, x18, [sp], #16
   8c21c:	a8c153f3 	ldp	x19, x20, [sp], #16
   8c220:	a8c15bf5 	ldp	x21, x22, [sp], #16
   8c224:	a8c163f7 	ldp	x23, x24, [sp], #16
   8c228:	a8c16bf9 	ldp	x25, x26, [sp], #16
   8c22c:	a8c173fb 	ldp	x27, x28, [sp], #16
   8c230:	a8c17bfd 	ldp	x29, x30, [sp], #16
   8c234:	acc107e0 	ldp	q0, q1, [sp], #32
   8c238:	acc10fe2 	ldp	q2, q3, [sp], #32
   8c23c:	acc117e4 	ldp	q4, q5, [sp], #32
   8c240:	acc11fe6 	ldp	q6, q7, [sp], #32
   8c244:	acc127e8 	ldp	q8, q9, [sp], #32
   8c248:	acc12fea 	ldp	q10, q11, [sp], #32
   8c24c:	acc137ec 	ldp	q12, q13, [sp], #32
   8c250:	acc13fee 	ldp	q14, q15, [sp], #32
   8c254:	acc147f0 	ldp	q16, q17, [sp], #32
   8c258:	acc14ff2 	ldp	q18, q19, [sp], #32
   8c25c:	acc157f4 	ldp	q20, q21, [sp], #32
   8c260:	acc15ff6 	ldp	q22, q23, [sp], #32
   8c264:	acc167f8 	ldp	q24, q25, [sp], #32
   8c268:	acc16ffa 	ldp	q26, q27, [sp], #32
   8c26c:	acc177fc 	ldp	q28, q29, [sp], #32
   8c270:	acc17ffe 	ldp	q30, q31, [sp], #32
   8c274:	d69f03e0 	eret
   8c278:	58000281 	ldr	x1, 8c2c8 <HVCStub+0x28>
   8c27c:	52800000 	mov	w0, #0x0                   	// #0
   8c280:	b9000020 	str	w0, [x1]
   8c284:	17ffffdc 	b	8c1f4 <FIQStub+0x98>

000000000008c288 <SMCStub>:
   8c288:	58000242 	ldr	x2, 8c2d0 <HVCStub+0x30>
   8c28c:	9100005f 	mov	sp, x2
   8c290:	f81f0ffe 	str	x30, [sp, #-16]!
   8c294:	97ffe673 	bl	85c60 <SecureMonitorHandler>
   8c298:	f84107fe 	ldr	x30, [sp], #16
   8c29c:	d69f03e0 	eret

000000000008c2a0 <HVCStub>:
   8c2a0:	d53c4000 	mrs	x0, spsr_el2
   8c2a4:	927cec00 	and	x0, x0, #0xfffffffffffffff0
   8c2a8:	d2800121 	mov	x1, #0x9                   	// #9
   8c2ac:	aa010000 	orr	x0, x0, x1
   8c2b0:	d51c4000 	msr	spsr_el2, x0
   8c2b4:	d69f03e0 	eret
   8c2b8:	00090288 	.word	0x00090288
   8c2bc:	00000000 	.word	0x00000000
   8c2c0:	00090270 	.word	0x00090270
   8c2c4:	00000000 	.word	0x00000000
   8c2c8:	7c00b20c 	.word	0x7c00b20c
   8c2cc:	00000010 	.word	0x00000010
   8c2d0:	00090460 	.word	0x00090460
	...

000000000008c2e0 <CBcmPCIeHostBridge::InterruptHandler(void*)>:
   8c2e0:	a9bc7bfd 	stp	x29, x30, [sp, #-64]!
   8c2e4:	910003fd 	mov	x29, sp
   8c2e8:	a90153f3 	stp	x19, x20, [sp, #16]
   8c2ec:	a9025bf5 	stp	x21, x22, [sp, #32]
   8c2f0:	f9001bf7 	str	x23, [sp, #48]
   8c2f4:	b4000540 	cbz	x0, 8c39c <CBcmPCIeHostBridge::InterruptHandler(void*)+0xbc>
   8c2f8:	aa0003f6 	mov	x22, x0
   8c2fc:	f9400800 	ldr	x0, [x0, #16]
   8c300:	52800037 	mov	w23, #0x1                   	// #1
   8c304:	b9400015 	ldr	w21, [x0]
   8c308:	34000375 	cbz	w21, 8c374 <CBcmPCIeHostBridge::InterruptHandler(void*)+0x94>
   8c30c:	52800013 	mov	w19, #0x0                   	// #0
   8c310:	1400000f 	b	8c34c <CBcmPCIeHostBridge::InterruptHandler(void*)+0x6c>
   8c314:	91002000 	add	x0, x0, #0x8
   8c318:	b9000014 	str	w20, [x0]
   8c31c:	f94012c2 	ldr	x2, [x22, #32]
   8c320:	b4000202 	cbz	x2, 8c360 <CBcmPCIeHostBridge::InterruptHandler(void*)+0x80>
   8c324:	f94016c1 	ldr	x1, [x22, #40]
   8c328:	2a1303e0 	mov	w0, w19
   8c32c:	d63f0040 	blr	x2
   8c330:	f9400ac0 	ldr	x0, [x22, #16]
   8c334:	6a3402b5 	bics	w21, w21, w20
   8c338:	1a9f07e1 	cset	w1, ne	// ne = any
   8c33c:	11000673 	add	w19, w19, #0x1
   8c340:	7100827f 	cmp	w19, #0x20
   8c344:	7a401824 	ccmp	w1, #0x0, #0x4, ne	// ne = any
   8c348:	54fffde0 	b.eq	8c304 <CBcmPCIeHostBridge::InterruptHandler(void*)+0x24>  // b.none
   8c34c:	1ad322f4 	lsl	w20, w23, w19
   8c350:	6a1402bf 	tst	w21, w20
   8c354:	54fffe01 	b.ne	8c314 <CBcmPCIeHostBridge::InterruptHandler(void*)+0x34>  // b.any
   8c358:	52800021 	mov	w1, #0x1                   	// #1
   8c35c:	17fffff8 	b	8c33c <CBcmPCIeHostBridge::InterruptHandler(void*)+0x5c>
   8c360:	f0000001 	adrp	x1, 8f000 <From+0x918>
   8c364:	52808a42 	mov	w2, #0x452                 	// #1106
   8c368:	91398021 	add	x1, x1, #0xe60
   8c36c:	9100a020 	add	x0, x1, #0x28
   8c370:	97fff04c 	bl	884a0 <assertion_failed>
   8c374:	f94002c0 	ldr	x0, [x22]
   8c378:	d2880c02 	mov	x2, #0x4060                	// #16480
   8c37c:	52800021 	mov	w1, #0x1                   	// #1
   8c380:	8b020000 	add	x0, x0, x2
   8c384:	b9000001 	str	w1, [x0]
   8c388:	f9401bf7 	ldr	x23, [sp, #48]
   8c38c:	a94153f3 	ldp	x19, x20, [sp, #16]
   8c390:	a9425bf5 	ldp	x21, x22, [sp, #32]
   8c394:	a8c47bfd 	ldp	x29, x30, [sp], #64
   8c398:	d65f03c0 	ret
   8c39c:	f0000001 	adrp	x1, 8f000 <From+0x918>
   8c3a0:	52808822 	mov	w2, #0x441                 	// #1089
   8c3a4:	91398021 	add	x1, x1, #0xe60
   8c3a8:	91006020 	add	x0, x1, #0x18
   8c3ac:	97fff03d 	bl	884a0 <assertion_failed>

000000000008c3b0 <CBcmPCIeHostBridge::CBcmPCIeHostBridge(unsigned int, CInterruptSystem*)>:
   8c3b0:	d2a00223 	mov	x3, #0x110000              	// #1114112
   8c3b4:	7100003f 	cmp	w1, #0x0
   8c3b8:	b9000001 	str	w1, [x0]
   8c3bc:	f2c00203 	movk	x3, #0x10, lsl #32
   8c3c0:	b900381f 	str	wzr, [x0, #56]
   8c3c4:	91404064 	add	x4, x3, #0x10, lsl #12
   8c3c8:	9a841063 	csel	x3, x3, x4, ne	// ne = any
   8c3cc:	a9008c02 	stp	x2, x3, [x0, #8]
   8c3d0:	b900581f 	str	wzr, [x0, #88]
   8c3d4:	b900681f 	str	wzr, [x0, #104]
   8c3d8:	f9003c1f 	str	xzr, [x0, #120]
   8c3dc:	d65f03c0 	ret

000000000008c3e0 <CBcmPCIeHostBridge::~CBcmPCIeHostBridge()>:
   8c3e0:	d65f03c0 	ret

000000000008c3e4 <CBcmPCIeHostBridge::DumpStatus(unsigned int, unsigned int)>:
   8c3e4:	a9bd7bfd 	stp	x29, x30, [sp, #-48]!
   8c3e8:	910003fd 	mov	x29, sp
   8c3ec:	a90153f3 	stp	x19, x20, [sp, #16]
   8c3f0:	2a0103f3 	mov	w19, w1
   8c3f4:	a9025bf5 	stp	x21, x22, [sp, #32]
   8c3f8:	aa0003f5 	mov	x21, x0
   8c3fc:	2a0203f6 	mov	w22, w2
   8c400:	f9400814 	ldr	x20, [x0, #16]
   8c404:	97fff1e7 	bl	88ba0 <CLogger::Get()>
   8c408:	12800004 	mov	w4, #0xffffffff            	// #-1
   8c40c:	b50003b4 	cbnz	x20, 8c480 <CBcmPCIeHostBridge::DumpStatus(unsigned int, unsigned int)+0x9c>
   8c410:	f0000014 	adrp	x20, 8f000 <From+0x918>
   8c414:	52800082 	mov	w2, #0x4                   	// #4
   8c418:	91398294 	add	x20, x20, #0xe60
   8c41c:	91010283 	add	x3, x20, #0x40
   8c420:	91016281 	add	x1, x20, #0x58
   8c424:	97fff3bf 	bl	89320 <CLogger::Write(char const*, TLogSeverity, char const*, ...)>
   8c428:	71007e7f 	cmp	w19, #0x1f
   8c42c:	540003e8 	b.hi	8c4a8 <CBcmPCIeHostBridge::DumpStatus(unsigned int, unsigned int)+0xc4>  // b.pmore
   8c430:	71001edf 	cmp	w22, #0x7
   8c434:	54000568 	b.hi	8c4e0 <CBcmPCIeHostBridge::DumpStatus(unsigned int, unsigned int)+0xfc>  // b.pmore
   8c438:	f9400aa0 	ldr	x0, [x21, #16]
   8c43c:	2a130ed3 	orr	w19, w22, w19, lsl #3
   8c440:	53144e73 	lsl	w19, w19, #12
   8c444:	320c0273 	orr	w19, w19, #0x100000
   8c448:	91402400 	add	x0, x0, #0x9, lsl #12
   8c44c:	b9000013 	str	w19, [x0]
   8c450:	f9400ab3 	ldr	x19, [x21, #16]
   8c454:	97fff1d3 	bl	88ba0 <CLogger::Get()>
   8c458:	12800004 	mov	w4, #0xffffffff            	// #-1
   8c45c:	b140227f 	cmn	x19, #0x8, lsl #12
   8c460:	540002c1 	b.ne	8c4b8 <CBcmPCIeHostBridge::DumpStatus(unsigned int, unsigned int)+0xd4>  // b.any
   8c464:	a9425bf5 	ldp	x21, x22, [sp, #32]
   8c468:	91020283 	add	x3, x20, #0x80
   8c46c:	91016281 	add	x1, x20, #0x58
   8c470:	52800082 	mov	w2, #0x4                   	// #4
   8c474:	a94153f3 	ldp	x19, x20, [sp, #16]
   8c478:	a8c37bfd 	ldp	x29, x30, [sp], #48
   8c47c:	17fff3a9 	b	89320 <CLogger::Write(char const*, TLogSeverity, char const*, ...)>
   8c480:	91001a94 	add	x20, x20, #0x6
   8c484:	79400284 	ldrh	w4, [x20]
   8c488:	f0000014 	adrp	x20, 8f000 <From+0x918>
   8c48c:	52800082 	mov	w2, #0x4                   	// #4
   8c490:	91398294 	add	x20, x20, #0xe60
   8c494:	91010283 	add	x3, x20, #0x40
   8c498:	91016281 	add	x1, x20, #0x58
   8c49c:	97fff3a1 	bl	89320 <CLogger::Write(char const*, TLogSeverity, char const*, ...)>
   8c4a0:	71007e7f 	cmp	w19, #0x1f
   8c4a4:	54fffc69 	b.ls	8c430 <CBcmPCIeHostBridge::DumpStatus(unsigned int, unsigned int)+0x4c>  // b.plast
   8c4a8:	52802fa2 	mov	w2, #0x17d                 	// #381
   8c4ac:	aa1403e1 	mov	x1, x20
   8c4b0:	91018280 	add	x0, x20, #0x60
   8c4b4:	97ffeffb 	bl	884a0 <assertion_failed>
   8c4b8:	d29000c1 	mov	x1, #0x8006                	// #32774
   8c4bc:	8b010273 	add	x19, x19, x1
   8c4c0:	79400264 	ldrh	w4, [x19]
   8c4c4:	a9425bf5 	ldp	x21, x22, [sp, #32]
   8c4c8:	91020283 	add	x3, x20, #0x80
   8c4cc:	91016281 	add	x1, x20, #0x58
   8c4d0:	52800082 	mov	w2, #0x4                   	// #4
   8c4d4:	a94153f3 	ldp	x19, x20, [sp, #16]
   8c4d8:	a8c37bfd 	ldp	x29, x30, [sp], #48
   8c4dc:	17fff391 	b	89320 <CLogger::Write(char const*, TLogSeverity, char const*, ...)>
   8c4e0:	52802fc2 	mov	w2, #0x17e                 	// #382
   8c4e4:	aa1403e1 	mov	x1, x20
   8c4e8:	9101c280 	add	x0, x20, #0x70
   8c4ec:	97ffefed 	bl	884a0 <assertion_failed>

000000000008c4f0 <CBcmPCIeHostBridge::enable_bridge()>:
   8c4f0:	f9400801 	ldr	x1, [x0, #16]
   8c4f4:	b4000541 	cbz	x1, 8c59c <CBcmPCIeHostBridge::enable_bridge()+0xac>
   8c4f8:	91002022 	add	x2, x1, #0x8
   8c4fc:	b9400043 	ldr	w3, [x2]
   8c500:	52808002 	mov	w2, #0x400                 	// #1024
   8c504:	72a000c2 	movk	w2, #0x6, lsl #16
   8c508:	6b43205f 	cmp	w2, w3, lsr #8
   8c50c:	54000481 	b.ne	8c59c <CBcmPCIeHostBridge::enable_bridge()+0xac>  // b.any
   8c510:	91003822 	add	x2, x1, #0xe
   8c514:	39400042 	ldrb	w2, [x2]
   8c518:	7100045f 	cmp	w2, #0x1
   8c51c:	54000401 	b.ne	8c59c <CBcmPCIeHostBridge::enable_bridge()+0xac>  // b.any
   8c520:	91003022 	add	x2, x1, #0xc
   8c524:	52800203 	mov	w3, #0x10                  	// #16
   8c528:	39000043 	strb	w3, [x2]
   8c52c:	52800023 	mov	w3, #0x1                   	// #1
   8c530:	91006422 	add	x2, x1, #0x19
   8c534:	39000043 	strb	w3, [x2]
   8c538:	91006822 	add	x2, x1, #0x1a
   8c53c:	39000043 	strb	w3, [x2]
   8c540:	f9401002 	ldr	x2, [x0, #32]
   8c544:	91008023 	add	x3, x1, #0x20
   8c548:	d350fc42 	lsr	x2, x2, #16
   8c54c:	79000062 	strh	w2, [x3]
   8c550:	f9401000 	ldr	x0, [x0, #32]
   8c554:	91008822 	add	x2, x1, #0x22
   8c558:	d350fc00 	lsr	x0, x0, #16
   8c55c:	79000040 	strh	w0, [x2]
   8c560:	9100f820 	add	x0, x1, #0x3e
   8c564:	52800022 	mov	w2, #0x1                   	// #1
   8c568:	39000002 	strb	w2, [x0]
   8c56c:	9102b020 	add	x0, x1, #0xac
   8c570:	39400000 	ldrb	w0, [x0]
   8c574:	7100401f 	cmp	w0, #0x10
   8c578:	54000161 	b.ne	8c5a4 <CBcmPCIeHostBridge::enable_bridge()+0xb4>  // b.any
   8c57c:	91032020 	add	x0, x1, #0xc8
   8c580:	52800202 	mov	w2, #0x10                  	// #16
   8c584:	39000002 	strb	w2, [x0]
   8c588:	528028c0 	mov	w0, #0x146                 	// #326
   8c58c:	91001021 	add	x1, x1, #0x4
   8c590:	79000020 	strh	w0, [x1]
   8c594:	52800000 	mov	w0, #0x0                   	// #0
   8c598:	d65f03c0 	ret
   8c59c:	12800000 	mov	w0, #0xffffffff            	// #-1
   8c5a0:	d65f03c0 	ret
   8c5a4:	f0000001 	adrp	x1, 8f000 <From+0x918>
   8c5a8:	a9bf7bfd 	stp	x29, x30, [sp, #-16]!
   8c5ac:	52805aa2 	mov	w2, #0x2d5                 	// #725
   8c5b0:	91398021 	add	x1, x1, #0xe60
   8c5b4:	910003fd 	mov	x29, sp
   8c5b8:	91026020 	add	x0, x1, #0x98
   8c5bc:	97ffefb9 	bl	884a0 <assertion_failed>

000000000008c5c0 <CBcmPCIeHostBridge::enable_device(unsigned int, unsigned int, unsigned int)>:
   8c5c0:	a9bd7bfd 	stp	x29, x30, [sp, #-48]!
   8c5c4:	910003fd 	mov	x29, sp
   8c5c8:	6b4163ff 	cmp	wzr, w1, lsr #24
   8c5cc:	54000941 	b.ne	8c6f4 <CBcmPCIeHostBridge::enable_device(unsigned int, unsigned int, unsigned int)+0x134>  // b.any
   8c5d0:	71007c5f 	cmp	w2, #0x1f
   8c5d4:	540009a8 	b.hi	8c708 <CBcmPCIeHostBridge::enable_device(unsigned int, unsigned int, unsigned int)+0x148>  // b.pmore
   8c5d8:	71001c7f 	cmp	w3, #0x7
   8c5dc:	54000a08 	b.hi	8c71c <CBcmPCIeHostBridge::enable_device(unsigned int, unsigned int, unsigned int)+0x15c>  // b.pmore
   8c5e0:	2a020c62 	orr	w2, w3, w2, lsl #3
   8c5e4:	f9400803 	ldr	x3, [x0, #16]
   8c5e8:	53144c42 	lsl	w2, w2, #12
   8c5ec:	320c0042 	orr	w2, w2, #0x100000
   8c5f0:	91402463 	add	x3, x3, #0x9, lsl #12
   8c5f4:	b9000062 	str	w2, [x3]
   8c5f8:	f9400802 	ldr	x2, [x0, #16]
   8c5fc:	b140205f 	cmn	x2, #0x8, lsl #12
   8c600:	54000ae0 	b.eq	8c75c <CBcmPCIeHostBridge::enable_device(unsigned int, unsigned int, unsigned int)+0x19c>  // b.none
   8c604:	d2900103 	mov	x3, #0x8008                	// #32776
   8c608:	8b030043 	add	x3, x2, x3
   8c60c:	b9400064 	ldr	w4, [x3]
   8c610:	6b44203f 	cmp	w1, w4, lsr #8
   8c614:	540008e1 	b.ne	8c730 <CBcmPCIeHostBridge::enable_device(unsigned int, unsigned int, unsigned int)+0x170>  // b.any
   8c618:	91402045 	add	x5, x2, #0x8, lsl #12
   8c61c:	910038a1 	add	x1, x5, #0xe
   8c620:	39400021 	ldrb	w1, [x1]
   8c624:	72001c3f 	tst	w1, #0xff
   8c628:	54000841 	b.ne	8c730 <CBcmPCIeHostBridge::enable_device(unsigned int, unsigned int, unsigned int)+0x170>  // b.any
   8c62c:	910030a1 	add	x1, x5, #0xc
   8c630:	52800203 	mov	w3, #0x10                  	// #16
   8c634:	39000023 	strb	w3, [x1]
   8c638:	f9401001 	ldr	x1, [x0, #32]
   8c63c:	910040a3 	add	x3, x5, #0x10
   8c640:	321e0021 	orr	w1, w1, #0x4
   8c644:	b9000061 	str	w1, [x3]
   8c648:	b9402403 	ldr	w3, [x0, #36]
   8c64c:	910050a1 	add	x1, x5, #0x14
   8c650:	b9000023 	str	w3, [x1]
   8c654:	b9400000 	ldr	w0, [x0]
   8c658:	34000380 	cbz	w0, 8c6c8 <CBcmPCIeHostBridge::enable_device(unsigned int, unsigned int, unsigned int)+0x108>
   8c65c:	d29007a0 	mov	x0, #0x803d                	// #32829
   8c660:	8b000046 	add	x6, x2, x0
   8c664:	394000c4 	ldrb	w4, [x6]
   8c668:	7100049f 	cmp	w4, #0x1
   8c66c:	540000e1 	b.ne	8c688 <CBcmPCIeHostBridge::enable_device(unsigned int, unsigned int, unsigned int)+0xc8>  // b.any
   8c670:	910010a5 	add	x5, x5, #0x4
   8c674:	528028c0 	mov	w0, #0x146                 	// #326
   8c678:	790000a0 	strh	w0, [x5]
   8c67c:	52800000 	mov	w0, #0x0                   	// #0
   8c680:	a8c37bfd 	ldp	x29, x30, [sp], #48
   8c684:	d65f03c0 	ret
   8c688:	f9000fe5 	str	x5, [sp, #24]
   8c68c:	b90027e4 	str	w4, [sp, #36]
   8c690:	f90017e6 	str	x6, [sp, #40]
   8c694:	97fff143 	bl	88ba0 <CLogger::Get()>
   8c698:	f0000001 	adrp	x1, 8f000 <From+0x918>
   8c69c:	b94027e4 	ldr	w4, [sp, #36]
   8c6a0:	52800042 	mov	w2, #0x2                   	// #2
   8c6a4:	91398021 	add	x1, x1, #0xe60
   8c6a8:	91046023 	add	x3, x1, #0x118
   8c6ac:	91016021 	add	x1, x1, #0x58
   8c6b0:	97fff31c 	bl	89320 <CLogger::Write(char const*, TLogSeverity, char const*, ...)>
   8c6b4:	f94017e6 	ldr	x6, [sp, #40]
   8c6b8:	52800020 	mov	w0, #0x1                   	// #1
   8c6bc:	390000c0 	strb	w0, [x6]
   8c6c0:	f9400fe5 	ldr	x5, [sp, #24]
   8c6c4:	17ffffeb 	b	8c670 <CBcmPCIeHostBridge::enable_device(unsigned int, unsigned int, unsigned int)+0xb0>
   8c6c8:	910060a0 	add	x0, x5, #0x18
   8c6cc:	52a00801 	mov	w1, #0x400000              	// #4194304
   8c6d0:	b9000001 	str	w1, [x0]
   8c6d4:	910070a0 	add	x0, x5, #0x1c
   8c6d8:	b900001f 	str	wzr, [x0]
   8c6dc:	d29007a0 	mov	x0, #0x803d                	// #32829
   8c6e0:	8b000046 	add	x6, x2, x0
   8c6e4:	394000c4 	ldrb	w4, [x6]
   8c6e8:	7100049f 	cmp	w4, #0x1
   8c6ec:	54fffc20 	b.eq	8c670 <CBcmPCIeHostBridge::enable_device(unsigned int, unsigned int, unsigned int)+0xb0>  // b.none
   8c6f0:	17ffffe6 	b	8c688 <CBcmPCIeHostBridge::enable_device(unsigned int, unsigned int, unsigned int)+0xc8>
   8c6f4:	f0000001 	adrp	x1, 8f000 <From+0x918>
   8c6f8:	52805c42 	mov	w2, #0x2e2                 	// #738
   8c6fc:	91398021 	add	x1, x1, #0xe60
   8c700:	91038020 	add	x0, x1, #0xe0
   8c704:	97ffef67 	bl	884a0 <assertion_failed>
   8c708:	f0000001 	adrp	x1, 8f000 <From+0x918>
   8c70c:	52805c62 	mov	w2, #0x2e3                 	// #739
   8c710:	91398021 	add	x1, x1, #0xe60
   8c714:	91018020 	add	x0, x1, #0x60
   8c718:	97ffef62 	bl	884a0 <assertion_failed>
   8c71c:	f0000001 	adrp	x1, 8f000 <From+0x918>
   8c720:	52805c82 	mov	w2, #0x2e4                 	// #740
   8c724:	91398021 	add	x1, x1, #0xe60
   8c728:	9101c020 	add	x0, x1, #0x70
   8c72c:	97ffef5d 	bl	884a0 <assertion_failed>
   8c730:	f9000fe3 	str	x3, [sp, #24]
   8c734:	97fff11b 	bl	88ba0 <CLogger::Get()>
   8c738:	f9400fe3 	ldr	x3, [sp, #24]
   8c73c:	b9400064 	ldr	w4, [x3]
   8c740:	53087c84 	lsr	w4, w4, #8
   8c744:	f0000001 	adrp	x1, 8f000 <From+0x918>
   8c748:	52800022 	mov	w2, #0x1                   	// #1
   8c74c:	91398021 	add	x1, x1, #0xe60
   8c750:	9103e023 	add	x3, x1, #0xf8
   8c754:	91016021 	add	x1, x1, #0x58
   8c758:	97fff2f2 	bl	89320 <CLogger::Write(char const*, TLogSeverity, char const*, ...)>
   8c75c:	12800000 	mov	w0, #0xffffffff            	// #-1
   8c760:	17ffffc8 	b	8c680 <CBcmPCIeHostBridge::enable_device(unsigned int, unsigned int, unsigned int)+0xc0>

000000000008c764 <CBcmPCIeHostBridge::EnableDevice(unsigned int, unsigned int, unsigned int)>:
   8c764:	a9bf7bfd 	stp	x29, x30, [sp, #-16]!
   8c768:	910003fd 	mov	x29, sp
   8c76c:	97ffff95 	bl	8c5c0 <CBcmPCIeHostBridge::enable_device(unsigned int, unsigned int, unsigned int)>
   8c770:	7100001f 	cmp	w0, #0x0
   8c774:	a8c17bfd 	ldp	x29, x30, [sp], #16
   8c778:	1a9f17e0 	cset	w0, eq	// eq = none
   8c77c:	d65f03c0 	ret

000000000008c780 <CBcmPCIeHostBridge::pcie_set_pci_ranges()>:
   8c780:	a9bc7bfd 	stp	x29, x30, [sp, #-64]!
   8c784:	910003fd 	mov	x29, sp
   8c788:	f9000bf3 	str	x19, [sp, #16]
   8c78c:	aa0003f3 	mov	x19, x0
   8c790:	b9403800 	ldr	w0, [x0, #56]
   8c794:	350001e0 	cbnz	w0, 8c7d0 <CBcmPCIeHostBridge::pcie_set_pci_ranges()+0x50>
   8c798:	97ffd515 	bl	81bec <CMachineInfo::Get()>
   8c79c:	b9400261 	ldr	w1, [x19]
   8c7a0:	910083e8 	add	x8, sp, #0x20
   8c7a4:	97ffd48f 	bl	819e0 <CMachineInfo::GetPCIeMemory(unsigned int) const>
   8c7a8:	a94207e0 	ldp	x0, x1, [sp, #32]
   8c7ac:	a9020660 	stp	x0, x1, [x19, #32]
   8c7b0:	f9401be0 	ldr	x0, [sp, #48]
   8c7b4:	f9001a60 	str	x0, [x19, #48]
   8c7b8:	52800020 	mov	w0, #0x1                   	// #1
   8c7bc:	b9003a60 	str	w0, [x19, #56]
   8c7c0:	52800000 	mov	w0, #0x0                   	// #0
   8c7c4:	f9400bf3 	ldr	x19, [sp, #16]
   8c7c8:	a8c47bfd 	ldp	x29, x30, [sp], #64
   8c7cc:	d65f03c0 	ret
   8c7d0:	f0000001 	adrp	x1, 8f000 <From+0x918>
   8c7d4:	528064e2 	mov	w2, #0x327                 	// #807
   8c7d8:	91398021 	add	x1, x1, #0xe60
   8c7dc:	9104e020 	add	x0, x1, #0x138
   8c7e0:	97ffef30 	bl	884a0 <assertion_failed>

000000000008c7e4 <CBcmPCIeHostBridge::pcie_set_dma_ranges()>:
   8c7e4:	a9bc7bfd 	stp	x29, x30, [sp, #-64]!
   8c7e8:	910003fd 	mov	x29, sp
   8c7ec:	f9000bf3 	str	x19, [sp, #16]
   8c7f0:	aa0003f3 	mov	x19, x0
   8c7f4:	b9405800 	ldr	w0, [x0, #88]
   8c7f8:	35000260 	cbnz	w0, 8c844 <CBcmPCIeHostBridge::pcie_set_dma_ranges()+0x60>
   8c7fc:	97ffd4fc 	bl	81bec <CMachineInfo::Get()>
   8c800:	b9400261 	ldr	w1, [x19]
   8c804:	910083e8 	add	x8, sp, #0x20
   8c808:	97ffd48f 	bl	81a44 <CMachineInfo::GetPCIeDMAMemory(unsigned int) const>
   8c80c:	a94203e1 	ldp	x1, x0, [sp, #32]
   8c810:	b9400262 	ldr	w2, [x19]
   8c814:	a9040261 	stp	x1, x0, [x19, #64]
   8c818:	f9401be0 	ldr	x0, [sp, #48]
   8c81c:	f9002a60 	str	x0, [x19, #80]
   8c820:	52800020 	mov	w0, #0x1                   	// #1
   8c824:	b9005a60 	str	w0, [x19, #88]
   8c828:	90000020 	adrp	x0, 90000 <FromPCIeHost+0x148>
   8c82c:	91118000 	add	x0, x0, #0x460
   8c830:	f9400bf3 	ldr	x19, [sp, #16]
   8c834:	f8227801 	str	x1, [x0, x2, lsl #3]
   8c838:	52800000 	mov	w0, #0x0                   	// #0
   8c83c:	a8c47bfd 	ldp	x29, x30, [sp], #64
   8c840:	d65f03c0 	ret
   8c844:	f0000001 	adrp	x1, 8f000 <From+0x918>
   8c848:	528066c2 	mov	w2, #0x336                 	// #822
   8c84c:	91398021 	add	x1, x1, #0xe60
   8c850:	91054020 	add	x0, x1, #0x150
   8c854:	97ffef13 	bl	884a0 <assertion_failed>
   8c858:	d503201f 	nop
   8c85c:	d503201f 	nop

000000000008c860 <CBcmPCIeHostBridge::pcie_set_outbound_win(unsigned int, unsigned long, unsigned long, unsigned long)>:
   8c860:	f9400806 	ldr	x6, [x0, #16]
   8c864:	531d7025 	lsl	w5, w1, #3
   8c868:	d2880187 	mov	x7, #0x400c                	// #16396
   8c86c:	8b0600a6 	add	x6, x5, x6
   8c870:	8b0700c6 	add	x6, x6, x7
   8c874:	b90000c3 	str	w3, [x6]
   8c878:	f9400806 	ldr	x6, [x0, #16]
   8c87c:	d2880208 	mov	x8, #0x4010                	// #16400
   8c880:	d360fc63 	lsr	x3, x3, #32
   8c884:	8b0600a6 	add	x6, x5, x6
   8c888:	8b0800c6 	add	x6, x6, x8
   8c88c:	b90000c3 	str	w3, [x6]
   8c890:	f9400803 	ldr	x3, [x0, #16]
   8c894:	531e7421 	lsl	w1, w1, #2
   8c898:	d2880e07 	mov	x7, #0x4070                	// #16496
   8c89c:	d1000484 	sub	x4, x4, #0x1
   8c8a0:	8b020084 	add	x4, x4, x2
   8c8a4:	8b030023 	add	x3, x1, x3
   8c8a8:	8b070063 	add	x3, x3, x7
   8c8ac:	b9400066 	ldr	w6, [x3]
   8c8b0:	d354fc48 	lsr	x8, x2, #20
   8c8b4:	331c2d06 	bfi	w6, w8, #4, #12
   8c8b8:	b9000066 	str	w6, [x3]
   8c8bc:	f9400803 	ldr	x3, [x0, #16]
   8c8c0:	8b030021 	add	x1, x1, x3
   8c8c4:	8b070021 	add	x1, x1, x7
   8c8c8:	b9400023 	ldr	w3, [x1]
   8c8cc:	d354fc86 	lsr	x6, x4, #20
   8c8d0:	330c2cc3 	bfi	w3, w6, #20, #12
   8c8d4:	b9000023 	str	w3, [x1]
   8c8d8:	f9400801 	ldr	x1, [x0, #16]
   8c8dc:	d2881009 	mov	x9, #0x4080                	// #16512
   8c8e0:	8b0100a1 	add	x1, x5, x1
   8c8e4:	8b090021 	add	x1, x1, x9
   8c8e8:	b9400023 	ldr	w3, [x1]
   8c8ec:	d360fc42 	lsr	x2, x2, #32
   8c8f0:	33001c43 	bfxil	w3, w2, #0, #8
   8c8f4:	b9000023 	str	w3, [x1]
   8c8f8:	f9400800 	ldr	x0, [x0, #16]
   8c8fc:	d288108a 	mov	x10, #0x4084                	// #16516
   8c900:	8b0000a5 	add	x5, x5, x0
   8c904:	8b0a00a5 	add	x5, x5, x10
   8c908:	b94000a0 	ldr	w0, [x5]
   8c90c:	d360fc84 	lsr	x4, x4, #32
   8c910:	33001c80 	bfxil	w0, w4, #0, #8
   8c914:	b90000a0 	str	w0, [x5]
   8c918:	d65f03c0 	ret
   8c91c:	d503201f 	nop

000000000008c920 <CBcmPCIeHostBridge::pcie_map_conf(unsigned int, unsigned int, int)>:
   8c920:	aa0003e4 	mov	x4, x0
   8c924:	350000e1 	cbnz	w1, 8c940 <CBcmPCIeHostBridge::pcie_map_conf(unsigned int, unsigned int, int)+0x20>
   8c928:	d2800000 	mov	x0, #0x0                   	// #0
   8c92c:	721d105f 	tst	w2, #0xf8
   8c930:	54000061 	b.ne	8c93c <CBcmPCIeHostBridge::pcie_map_conf(unsigned int, unsigned int, int)+0x1c>  // b.any
   8c934:	f9400880 	ldr	x0, [x4, #16]
   8c938:	8b23c000 	add	x0, x0, w3, sxtw
   8c93c:	d65f03c0 	ret
   8c940:	f9400800 	ldr	x0, [x0, #16]
   8c944:	53140845 	ubfiz	w5, w2, #12, #3
   8c948:	13037c42 	asr	w2, w2, #3
   8c94c:	2a0150a1 	orr	w1, w5, w1, lsl #20
   8c950:	53111042 	ubfiz	w2, w2, #15, #5
   8c954:	2a020021 	orr	w1, w1, w2
   8c958:	91402400 	add	x0, x0, #0x9, lsl #12
   8c95c:	b9000001 	str	w1, [x0]
   8c960:	f9400880 	ldr	x0, [x4, #16]
   8c964:	93407c63 	sxtw	x3, w3
   8c968:	91402063 	add	x3, x3, #0x8, lsl #12
   8c96c:	8b000060 	add	x0, x3, x0
   8c970:	d65f03c0 	ret
   8c974:	d503201f 	nop
   8c978:	d503201f 	nop
   8c97c:	d503201f 	nop

000000000008c980 <CBcmPCIeHostBridge::find_pci_capability(unsigned long, unsigned char)>:
   8c980:	a9bf7bfd 	stp	x29, x30, [sp, #-16]!
   8c984:	910003fd 	mov	x29, sp
   8c988:	b40002e0 	cbz	x0, 8c9e4 <CBcmPCIeHostBridge::find_pci_capability(unsigned long, unsigned char)+0x64>
   8c98c:	12001c21 	and	w1, w1, #0xff
   8c990:	34000341 	cbz	w1, 8c9f8 <CBcmPCIeHostBridge::find_pci_capability(unsigned long, unsigned char)+0x78>
   8c994:	91001802 	add	x2, x0, #0x6
   8c998:	79400042 	ldrh	w2, [x2]
   8c99c:	372000a2 	tbnz	w2, #4, 8c9b0 <CBcmPCIeHostBridge::find_pci_capability(unsigned long, unsigned char)+0x30>
   8c9a0:	d2800002 	mov	x2, #0x0                   	// #0
   8c9a4:	aa0203e0 	mov	x0, x2
   8c9a8:	a8c17bfd 	ldp	x29, x30, [sp], #16
   8c9ac:	d65f03c0 	ret
   8c9b0:	9100d002 	add	x2, x0, #0x34
   8c9b4:	39400042 	ldrb	w2, [x2]
   8c9b8:	72001c42 	ands	w2, w2, #0xff
   8c9bc:	54ffff20 	b.eq	8c9a0 <CBcmPCIeHostBridge::find_pci_capability(unsigned long, unsigned char)+0x20>  // b.none
   8c9c0:	8b224002 	add	x2, x0, w2, uxtw
   8c9c4:	39400043 	ldrb	w3, [x2]
   8c9c8:	6b23003f 	cmp	w1, w3, uxtb
   8c9cc:	54fffec0 	b.eq	8c9a4 <CBcmPCIeHostBridge::find_pci_capability(unsigned long, unsigned char)+0x24>  // b.none
   8c9d0:	91000442 	add	x2, x2, #0x1
   8c9d4:	39400042 	ldrb	w2, [x2]
   8c9d8:	72001c42 	ands	w2, w2, #0xff
   8c9dc:	54ffff21 	b.ne	8c9c0 <CBcmPCIeHostBridge::find_pci_capability(unsigned long, unsigned char)+0x40>  // b.any
   8c9e0:	17fffff0 	b	8c9a0 <CBcmPCIeHostBridge::find_pci_capability(unsigned long, unsigned char)+0x20>
   8c9e4:	f0000001 	adrp	x1, 8f000 <From+0x918>
   8c9e8:	52806f22 	mov	w2, #0x379                 	// #889
   8c9ec:	91398021 	add	x1, x1, #0xe60
   8c9f0:	9105a020 	add	x0, x1, #0x168
   8c9f4:	97ffeeab 	bl	884a0 <assertion_failed>
   8c9f8:	f0000001 	adrp	x1, 8f000 <From+0x918>
   8c9fc:	52806f42 	mov	w2, #0x37a                 	// #890
   8ca00:	91398021 	add	x1, x1, #0xe60
   8ca04:	9105e020 	add	x0, x1, #0x178
   8ca08:	97ffeea6 	bl	884a0 <assertion_failed>

000000000008ca0c <CBcmPCIeHostBridge::pcie_bridge_sw_init_set(unsigned int)>:
   8ca0c:	b9400000 	ldr	w0, [x0]
   8ca10:	7100001f 	cmp	w0, #0x0
   8ca14:	52810000 	mov	w0, #0x800                 	// #2048
   8ca18:	34000101 	cbz	w1, 8ca38 <CBcmPCIeHostBridge::pcie_bridge_sw_init_set(unsigned int)+0x2c>
   8ca1c:	52820001 	mov	w1, #0x1000                	// #4096
   8ca20:	1a811000 	csel	w0, w0, w1, ne	// ne = any
   8ca24:	d2886601 	mov	x1, #0x4330                	// #17200
   8ca28:	f2a02a01 	movk	x1, #0x150, lsl #16
   8ca2c:	f2c00201 	movk	x1, #0x10, lsl #32
   8ca30:	b9000020 	str	w0, [x1]
   8ca34:	d65f03c0 	ret
   8ca38:	52820001 	mov	w1, #0x1000                	// #4096
   8ca3c:	1a811000 	csel	w0, w0, w1, ne	// ne = any
   8ca40:	d2886681 	mov	x1, #0x4334                	// #17204
   8ca44:	f2a02a01 	movk	x1, #0x150, lsl #16
   8ca48:	f2c00201 	movk	x1, #0x10, lsl #32
   8ca4c:	b9000020 	str	w0, [x1]
   8ca50:	52800c80 	mov	w0, #0x64                  	// #100
   8ca54:	17ffd8f3 	b	82e20 <CTimer::SimpleusDelay(unsigned int)>
   8ca58:	d503201f 	nop
   8ca5c:	d503201f 	nop

000000000008ca60 <CBcmPCIeHostBridge::pcie_perst_set(unsigned int)>:
   8ca60:	f9400800 	ldr	x0, [x0, #16]
   8ca64:	d2880c82 	mov	x2, #0x4064                	// #16484
   8ca68:	8b020000 	add	x0, x0, x2
   8ca6c:	b9400002 	ldr	w2, [x0]
   8ca70:	121d7842 	and	w2, w2, #0xfffffffb
   8ca74:	7100003f 	cmp	w1, #0x0
   8ca78:	1a9f17e1 	cset	w1, eq	// eq = none
   8ca7c:	2a010841 	orr	w1, w2, w1, lsl #2
   8ca80:	b9000001 	str	w1, [x0]
   8ca84:	d65f03c0 	ret

000000000008ca88 <CBcmPCIeHostBridge::pcie_link_up()>:
   8ca88:	f9400800 	ldr	x0, [x0, #16]
   8ca8c:	d2880d01 	mov	x1, #0x4068                	// #16488
   8ca90:	8b010000 	add	x0, x0, x1
   8ca94:	b9400000 	ldr	w0, [x0]
   8ca98:	f27b001f 	tst	x0, #0x20
   8ca9c:	121c0001 	and	w1, w0, #0x10
   8caa0:	7a401824 	ccmp	w1, #0x0, #0x4, ne	// ne = any
   8caa4:	1a9f07e0 	cset	w0, ne	// ne = any
   8caa8:	d65f03c0 	ret

000000000008caac <CBcmPCIeHostBridge::pcie_rc_mode()>:
   8caac:	52800020 	mov	w0, #0x1                   	// #1
   8cab0:	d65f03c0 	ret
   8cab4:	d503201f 	nop
   8cab8:	d503201f 	nop
   8cabc:	d503201f 	nop

000000000008cac0 <CBcmPCIeHostBridge::msi_set_regs(TPCIeMSIData*)>:
   8cac0:	b9401801 	ldr	w1, [x0, #24]
   8cac4:	710c083f 	cmp	w1, #0x302
   8cac8:	540002c9 	b.ls	8cb20 <CBcmPCIeHostBridge::msi_set_regs(TPCIeMSIData*)+0x60>  // b.plast
   8cacc:	f9400801 	ldr	x1, [x0, #16]
   8cad0:	12800002 	mov	w2, #0xffffffff            	// #-1
   8cad4:	91005021 	add	x1, x1, #0x14
   8cad8:	b9000022 	str	w2, [x1]
   8cadc:	a9400402 	ldp	x2, x1, [x0]
   8cae0:	d2880884 	mov	x4, #0x4044                	// #16452
   8cae4:	32000023 	orr	w3, w1, #0x1
   8cae8:	8b040042 	add	x2, x2, x4
   8caec:	b9000043 	str	w3, [x2]
   8caf0:	f9400002 	ldr	x2, [x0]
   8caf4:	d2880905 	mov	x5, #0x4048                	// #16456
   8caf8:	d360fc21 	lsr	x1, x1, #32
   8cafc:	8b050042 	add	x2, x2, x5
   8cb00:	b9000041 	str	w1, [x2]
   8cb04:	f9400000 	ldr	x0, [x0]
   8cb08:	d2880986 	mov	x6, #0x404c                	// #16460
   8cb0c:	528ca801 	mov	w1, #0x6540                	// #25920
   8cb10:	72bffc01 	movk	w1, #0xffe0, lsl #16
   8cb14:	8b060000 	add	x0, x0, x6
   8cb18:	b9000001 	str	w1, [x0]
   8cb1c:	d65f03c0 	ret
   8cb20:	f0000001 	adrp	x1, 8f000 <From+0x918>
   8cb24:	a9bf7bfd 	stp	x29, x30, [sp, #-16]!
   8cb28:	52807b82 	mov	w2, #0x3dc                 	// #988
   8cb2c:	91398021 	add	x1, x1, #0xe60
   8cb30:	910003fd 	mov	x29, sp
   8cb34:	91062020 	add	x0, x1, #0x188
   8cb38:	97ffee5a 	bl	884a0 <assertion_failed>
   8cb3c:	d503201f 	nop

000000000008cb40 <CBcmPCIeHostBridge::pcie_enable_msi(void (*)(unsigned int, void*), void*)>:
   8cb40:	a9bd7bfd 	stp	x29, x30, [sp, #-48]!
   8cb44:	910003fd 	mov	x29, sp
   8cb48:	a90153f3 	stp	x19, x20, [sp, #16]
   8cb4c:	f90013f5 	str	x21, [sp, #32]
   8cb50:	b40004c1 	cbz	x1, 8cbe8 <CBcmPCIeHostBridge::pcie_enable_msi(void (*)(unsigned int, void*), void*)+0xa8>
   8cb54:	aa0003f3 	mov	x19, x0
   8cb58:	d2800600 	mov	x0, #0x30                  	// #48
   8cb5c:	aa0103f4 	mov	x20, x1
   8cb60:	aa0203f5 	mov	x21, x2
   8cb64:	97ffdba9 	bl	83a08 <operator new(unsigned long)>
   8cb68:	d2800602 	mov	x2, #0x30                  	// #48
   8cb6c:	52800001 	mov	w1, #0x0                   	// #0
   8cb70:	f9003e60 	str	x0, [x19, #120]
   8cb74:	97ffdaf9 	bl	83758 <memset>
   8cb78:	f9400a60 	ldr	x0, [x19, #16]
   8cb7c:	f9403e63 	ldr	x3, [x19, #120]
   8cb80:	f9000060 	str	x0, [x3]
   8cb84:	b9401a60 	ldr	w0, [x19, #24]
   8cb88:	b9001860 	str	w0, [x3, #24]
   8cb8c:	f9403a60 	ldr	x0, [x19, #112]
   8cb90:	a9025474 	stp	x20, x21, [x3, #32]
   8cb94:	f9000460 	str	x0, [x3, #8]
   8cb98:	f9400660 	ldr	x0, [x19, #8]
   8cb9c:	b4000300 	cbz	x0, 8cbfc <CBcmPCIeHostBridge::pcie_enable_msi(void (*)(unsigned int, void*), void*)+0xbc>
   8cba0:	90000002 	adrp	x2, 8c000 <SErrorStub+0xc>
   8cba4:	52802141 	mov	w1, #0x10a                 	// #266
   8cba8:	910b8042 	add	x2, x2, #0x2e0
   8cbac:	97ffe24d 	bl	854e0 <CInterruptSystem::ConnectIRQ(unsigned int, void (*)(void*), void*)>
   8cbb0:	b9401a60 	ldr	w0, [x19, #24]
   8cbb4:	710c081f 	cmp	w0, #0x302
   8cbb8:	540002c9 	b.ls	8cc10 <CBcmPCIeHostBridge::pcie_enable_msi(void (*)(unsigned int, void*), void*)+0xd0>  // b.plast
   8cbbc:	f9403e60 	ldr	x0, [x19, #120]
   8cbc0:	d288a002 	mov	x2, #0x4500                	// #17664
   8cbc4:	f9400001 	ldr	x1, [x0]
   8cbc8:	8b020021 	add	x1, x1, x2
   8cbcc:	f9000801 	str	x1, [x0, #16]
   8cbd0:	97ffffbc 	bl	8cac0 <CBcmPCIeHostBridge::msi_set_regs(TPCIeMSIData*)>
   8cbd4:	f94013f5 	ldr	x21, [sp, #32]
   8cbd8:	52800000 	mov	w0, #0x0                   	// #0
   8cbdc:	a94153f3 	ldp	x19, x20, [sp, #16]
   8cbe0:	a8c37bfd 	ldp	x29, x30, [sp], #48
   8cbe4:	d65f03c0 	ret
   8cbe8:	f0000001 	adrp	x1, 8f000 <From+0x918>
   8cbec:	52807842 	mov	w2, #0x3c2                 	// #962
   8cbf0:	91398021 	add	x1, x1, #0xe60
   8cbf4:	9106a020 	add	x0, x1, #0x1a8
   8cbf8:	97ffee2a 	bl	884a0 <assertion_failed>
   8cbfc:	f0000001 	adrp	x1, 8f000 <From+0x918>
   8cc00:	528079e2 	mov	w2, #0x3cf                 	// #975
   8cc04:	91398021 	add	x1, x1, #0xe60
   8cc08:	9106e020 	add	x0, x1, #0x1b8
   8cc0c:	97ffee25 	bl	884a0 <assertion_failed>
   8cc10:	f0000001 	adrp	x1, 8f000 <From+0x918>
   8cc14:	52807a42 	mov	w2, #0x3d2                 	// #978
   8cc18:	91398021 	add	x1, x1, #0xe60
   8cc1c:	91074020 	add	x0, x1, #0x1d0
   8cc20:	97ffee20 	bl	884a0 <assertion_failed>

000000000008cc24 <CBcmPCIeHostBridge::cfg_index(int, int, int)>:
   8cc24:	121e7442 	and	w2, w2, #0xfffffffc
   8cc28:	53141c21 	ubfiz	w1, w1, #12, #8
   8cc2c:	2a005040 	orr	w0, w2, w0, lsl #20
   8cc30:	2a000020 	orr	w0, w1, w0
   8cc34:	d65f03c0 	ret
   8cc38:	d503201f 	nop
   8cc3c:	d503201f 	nop

000000000008cc40 <CBcmPCIeHostBridge::set_gen(unsigned long, int)>:
   8cc40:	9102e004 	add	x4, x0, #0xb8
   8cc44:	b9400083 	ldr	w3, [x4]
   8cc48:	91037000 	add	x0, x0, #0xdc
   8cc4c:	79400002 	ldrh	w2, [x0]
   8cc50:	121c6c63 	and	w3, w3, #0xfffffff0
   8cc54:	2a010063 	orr	w3, w3, w1
   8cc58:	b9000083 	str	w3, [x4]
   8cc5c:	121c6c42 	and	w2, w2, #0xfffffff0
   8cc60:	2a010042 	orr	w2, w2, w1
   8cc64:	79000002 	strh	w2, [x0]
   8cc68:	d65f03c0 	ret

000000000008cc6c <CBcmPCIeHostBridge::link_speed_to_str(int)>:
   8cc6c:	51000400 	sub	w0, w0, #0x1
   8cc70:	7100081f 	cmp	w0, #0x2
   8cc74:	540000c8 	b.hi	8cc8c <CBcmPCIeHostBridge::link_speed_to_str(int)+0x20>  // b.pmore
   8cc78:	f0000001 	adrp	x1, 8f000 <From+0x918>
   8cc7c:	91398021 	add	x1, x1, #0xe60
   8cc80:	9107e021 	add	x1, x1, #0x1f8
   8cc84:	f8605820 	ldr	x0, [x1, w0, uxtw #3]
   8cc88:	d65f03c0 	ret
   8cc8c:	f0000000 	adrp	x0, 8f000 <From+0x918>
   8cc90:	91398000 	add	x0, x0, #0xe60
   8cc94:	9107c000 	add	x0, x0, #0x1f0
   8cc98:	d65f03c0 	ret
   8cc9c:	d503201f 	nop

000000000008cca0 <CBcmPCIeHostBridge::encode_ibar_size(unsigned long)>:
   8cca0:	f100041f 	cmp	x0, #0x1
   8cca4:	54000249 	b.ls	8ccec <CBcmPCIeHostBridge::encode_ibar_size(unsigned long)+0x4c>  // b.plast
   8cca8:	52800001 	mov	w1, #0x0                   	// #0
   8ccac:	d2800024 	mov	x4, #0x1                   	// #1
   8ccb0:	2a0103e3 	mov	w3, w1
   8ccb4:	11000421 	add	w1, w1, #0x1
   8ccb8:	9ac12082 	lsl	x2, x4, x1
   8ccbc:	eb02001f 	cmp	x0, x2
   8ccc0:	54ffff88 	b.hi	8ccb0 <CBcmPCIeHostBridge::encode_ibar_size(unsigned long)+0x10>  // b.pmore
   8ccc4:	51002c60 	sub	w0, w3, #0xb
   8ccc8:	71000c1f 	cmp	w0, #0x3
   8cccc:	540000c9 	b.ls	8cce4 <CBcmPCIeHostBridge::encode_ibar_size(unsigned long)+0x44>  // b.plast
   8ccd0:	51003c60 	sub	w0, w3, #0xf
   8ccd4:	51003863 	sub	w3, w3, #0xe
   8ccd8:	7100581f 	cmp	w0, #0x16
   8ccdc:	1a9f3060 	csel	w0, w3, wzr, cc	// cc = lo, ul, last
   8cce0:	d65f03c0 	ret
   8cce4:	11004460 	add	w0, w3, #0x11
   8cce8:	d65f03c0 	ret
   8ccec:	52800000 	mov	w0, #0x0                   	// #0
   8ccf0:	d65f03c0 	ret
   8ccf4:	d503201f 	nop
   8ccf8:	d503201f 	nop
   8ccfc:	d503201f 	nop

000000000008cd00 <CBcmPCIeHostBridge::rd_fld(unsigned long, unsigned int, int)>:
   8cd00:	b9400000 	ldr	w0, [x0]
   8cd04:	0a000020 	and	w0, w1, w0
   8cd08:	1ac22400 	lsr	w0, w0, w2
   8cd0c:	d65f03c0 	ret

000000000008cd10 <CBcmPCIeHostBridge::wr_fld(unsigned long, unsigned int, int, unsigned int)>:
   8cd10:	b9400004 	ldr	w4, [x0]
   8cd14:	1ac22063 	lsl	w3, w3, w2
   8cd18:	4a040063 	eor	w3, w3, w4
   8cd1c:	0a010063 	and	w3, w3, w1
   8cd20:	4a040063 	eor	w3, w3, w4
   8cd24:	b9000003 	str	w3, [x0]
   8cd28:	d65f03c0 	ret

000000000008cd2c <CBcmPCIeHostBridge::wr_fld_rb(unsigned long, unsigned int, int, unsigned int)>:
   8cd2c:	b9400004 	ldr	w4, [x0]
   8cd30:	1ac22063 	lsl	w3, w3, w2
   8cd34:	4a040063 	eor	w3, w3, w4
   8cd38:	0a010063 	and	w3, w3, w1
   8cd3c:	4a040063 	eor	w3, w3, w4
   8cd40:	b9000003 	str	w3, [x0]
   8cd44:	b9400000 	ldr	w0, [x0]
   8cd48:	d65f03c0 	ret

000000000008cd4c <CBcmPCIeHostBridge::usleep_range(unsigned int, unsigned int)>:
   8cd4c:	2a0103e0 	mov	w0, w1
   8cd50:	17ffd834 	b	82e20 <CTimer::SimpleusDelay(unsigned int)>
   8cd54:	d503201f 	nop
   8cd58:	d503201f 	nop
   8cd5c:	d503201f 	nop

000000000008cd60 <CBcmPCIeHostBridge::msleep(unsigned int)>:
   8cd60:	2a0103e0 	mov	w0, w1
   8cd64:	17ffd817 	b	82dc0 <CTimer::SimpleMsDelay(unsigned int)>

000000000008cd68 <CBcmPCIeHostBridge::ilog2(unsigned long)>:
   8cd68:	aa0003e2 	mov	x2, x0
   8cd6c:	52800000 	mov	w0, #0x0                   	// #0
   8cd70:	f100045f 	cmp	x2, #0x1
   8cd74:	540000e9 	b.ls	8cd90 <CBcmPCIeHostBridge::ilog2(unsigned long)+0x28>  // b.plast
   8cd78:	d2800023 	mov	x3, #0x1                   	// #1
   8cd7c:	d503201f 	nop
   8cd80:	11000400 	add	w0, w0, #0x1
   8cd84:	9ac02061 	lsl	x1, x3, x0
   8cd88:	eb02003f 	cmp	x1, x2
   8cd8c:	54ffffa3 	b.cc	8cd80 <CBcmPCIeHostBridge::ilog2(unsigned long)+0x18>  // b.lo, b.ul, b.last
   8cd90:	d65f03c0 	ret
   8cd94:	d503201f 	nop
   8cd98:	d503201f 	nop
   8cd9c:	d503201f 	nop

000000000008cda0 <CBcmPCIeHostBridge::pcie_set_tc_qos()>:
   8cda0:	f9400801 	ldr	x1, [x0, #16]
   8cda4:	d2882d82 	mov	x2, #0x416c                	// #16748
   8cda8:	8b020021 	add	x1, x1, x2
   8cdac:	b9400022 	ldr	w2, [x1]
   8cdb0:	12187842 	and	w2, w2, #0xffffff7f
   8cdb4:	b9000022 	str	w2, [x1]
   8cdb8:	f9400801 	ldr	x1, [x0, #16]
   8cdbc:	d2881403 	mov	x3, #0x40a0                	// #16544
   8cdc0:	8b030021 	add	x1, x1, x3
   8cdc4:	b9400022 	ldr	w2, [x1]
   8cdc8:	121a7842 	and	w2, w2, #0xffffffdf
   8cdcc:	b9000022 	str	w2, [x1]
   8cdd0:	f9400801 	ldr	x1, [x0, #16]
   8cdd4:	d2881404 	mov	x4, #0x40a0                	// #16544
   8cdd8:	8b040021 	add	x1, x1, x4
   8cddc:	b9400022 	ldr	w2, [x1]
   8cde0:	321b0042 	orr	w2, w2, #0x20
   8cde4:	b9000022 	str	w2, [x1]
   8cde8:	f9400801 	ldr	x1, [x0, #16]
   8cdec:	d2882d05 	mov	x5, #0x4168                	// #16744
   8cdf0:	52931102 	mov	w2, #0x9888                	// #39048
   8cdf4:	72b77542 	movk	w2, #0xbbaa, lsl #16
   8cdf8:	8b050021 	add	x1, x1, x5
   8cdfc:	b9000022 	str	w2, [x1]
   8ce00:	f9400801 	ldr	x1, [x0, #16]
   8ce04:	d2882c86 	mov	x6, #0x4164                	// #16740
   8ce08:	8b060021 	add	x1, x1, x6
   8ce0c:	b9000022 	str	w2, [x1]
   8ce10:	f9400801 	ldr	x1, [x0, #16]
   8ce14:	91283021 	add	x1, x1, #0xa0c
   8ce18:	b900003f 	str	wzr, [x1]
   8ce1c:	f9400800 	ldr	x0, [x0, #16]
   8ce20:	91288000 	add	x0, x0, #0xa20
   8ce24:	b9400001 	ldr	w1, [x0]
   8ce28:	32100821 	orr	w1, w1, #0x70000
   8ce2c:	b9000001 	str	w1, [x0]
   8ce30:	d65f03c0 	ret
   8ce34:	d503201f 	nop
   8ce38:	d503201f 	nop
   8ce3c:	d503201f 	nop

000000000008ce40 <CBcmPCIeHostBridge::pcie_config_clkreq()>:
   8ce40:	f9400800 	ldr	x0, [x0, #16]
   8ce44:	d2886081 	mov	x1, #0x4304                	// #17156
   8ce48:	8b010000 	add	x0, x0, x1
   8ce4c:	b9400001 	ldr	w1, [x0]
   8ce50:	529fffa2 	mov	w2, #0xfffd                	// #65533
   8ce54:	72bffbe2 	movk	w2, #0xffdf, lsl #16
   8ce58:	0a020021 	and	w1, w1, w2
   8ce5c:	b9000001 	str	w1, [x0]
   8ce60:	d65f03c0 	ret

000000000008ce64 <CBcmPCIeHostBridge::pcie_mdio_read(unsigned char, unsigned char, unsigned int*)>:
   8ce64:	a9bd7bfd 	stp	x29, x30, [sp, #-48]!
   8ce68:	530a1c21 	ubfiz	w1, w1, #22, #8
   8ce6c:	910003fd 	mov	x29, sp
   8ce70:	12001c42 	and	w2, w2, #0xff
   8ce74:	2a010042 	orr	w2, w2, w1
   8ce78:	a9025bf5 	stp	x21, x22, [sp, #32]
   8ce7c:	aa0303f5 	mov	x21, x3
   8ce80:	d2822003 	mov	x3, #0x1100                	// #4352
   8ce84:	320c0042 	orr	w2, w2, #0x100000
   8ce88:	f9400801 	ldr	x1, [x0, #16]
   8ce8c:	8b030021 	add	x1, x1, x3
   8ce90:	b9000022 	str	w2, [x1]
   8ce94:	f9400801 	ldr	x1, [x0, #16]
   8ce98:	8b030023 	add	x3, x1, x3
   8ce9c:	b9400062 	ldr	w2, [x3]
   8cea0:	d2822116 	mov	x22, #0x1108                	// #4360
   8cea4:	8b160021 	add	x1, x1, x22
   8cea8:	b9400021 	ldr	w1, [x1]
   8ceac:	37f802e1 	tbnz	w1, #31, 8cf08 <CBcmPCIeHostBridge::pcie_mdio_read(unsigned char, unsigned char, unsigned int*)+0xa4>
   8ceb0:	a90153f3 	stp	x19, x20, [sp, #16]
   8ceb4:	aa0003f4 	mov	x20, x0
   8ceb8:	52800013 	mov	w19, #0x0                   	// #0
   8cebc:	d503201f 	nop
   8cec0:	52800140 	mov	w0, #0xa                   	// #10
   8cec4:	97ffd7d7 	bl	82e20 <CTimer::SimpleusDelay(unsigned int)>
   8cec8:	f9400a81 	ldr	x1, [x20, #16]
   8cecc:	8b160021 	add	x1, x1, x22
   8ced0:	b9400021 	ldr	w1, [x1]
   8ced4:	2a2103e0 	mvn	w0, w1
   8ced8:	531f7c00 	lsr	w0, w0, #31
   8cedc:	11000673 	add	w19, w19, #0x1
   8cee0:	7100001f 	cmp	w0, #0x0
   8cee4:	7a4a1a64 	ccmp	w19, #0xa, #0x4, ne	// ne = any
   8cee8:	54fffec1 	b.ne	8cec0 <CBcmPCIeHostBridge::pcie_mdio_read(unsigned char, unsigned char, unsigned int*)+0x5c>  // b.any
   8ceec:	12007821 	and	w1, w1, #0x7fffffff
   8cef0:	a94153f3 	ldp	x19, x20, [sp, #16]
   8cef4:	4b0003e0 	neg	w0, w0
   8cef8:	b90002a1 	str	w1, [x21]
   8cefc:	a9425bf5 	ldp	x21, x22, [sp, #32]
   8cf00:	a8c37bfd 	ldp	x29, x30, [sp], #48
   8cf04:	d65f03c0 	ret
   8cf08:	12007821 	and	w1, w1, #0x7fffffff
   8cf0c:	52800000 	mov	w0, #0x0                   	// #0
   8cf10:	4b0003e0 	neg	w0, w0
   8cf14:	b90002a1 	str	w1, [x21]
   8cf18:	a9425bf5 	ldp	x21, x22, [sp, #32]
   8cf1c:	a8c37bfd 	ldp	x29, x30, [sp], #48
   8cf20:	d65f03c0 	ret

000000000008cf24 <CBcmPCIeHostBridge::pcie_mdio_write(unsigned char, unsigned char, unsigned short)>:
   8cf24:	a9bd7bfd 	stp	x29, x30, [sp, #-48]!
   8cf28:	910003fd 	mov	x29, sp
   8cf2c:	530a1c21 	ubfiz	w1, w1, #22, #8
   8cf30:	d2822004 	mov	x4, #0x1100                	// #4352
   8cf34:	12001c42 	and	w2, w2, #0xff
   8cf38:	12003c63 	and	w3, w3, #0xffff
   8cf3c:	f9400805 	ldr	x5, [x0, #16]
   8cf40:	2a010042 	orr	w2, w2, w1
   8cf44:	f90013f5 	str	x21, [sp, #32]
   8cf48:	8b0400a5 	add	x5, x5, x4
   8cf4c:	b90000a2 	str	w2, [x5]
   8cf50:	f9400801 	ldr	x1, [x0, #16]
   8cf54:	8b040024 	add	x4, x1, x4
   8cf58:	b9400082 	ldr	w2, [x4]
   8cf5c:	32010063 	orr	w3, w3, #0x80000000
   8cf60:	d2822095 	mov	x21, #0x1104                	// #4356
   8cf64:	8b150021 	add	x1, x1, x21
   8cf68:	b9000023 	str	w3, [x1]
   8cf6c:	f9400801 	ldr	x1, [x0, #16]
   8cf70:	8b150021 	add	x1, x1, x21
   8cf74:	b9400021 	ldr	w1, [x1]
   8cf78:	36f80261 	tbz	w1, #31, 8cfc4 <CBcmPCIeHostBridge::pcie_mdio_write(unsigned char, unsigned char, unsigned short)+0xa0>
   8cf7c:	a90153f3 	stp	x19, x20, [sp, #16]
   8cf80:	aa0003f4 	mov	x20, x0
   8cf84:	52800013 	mov	w19, #0x0                   	// #0
   8cf88:	52800140 	mov	w0, #0xa                   	// #10
   8cf8c:	97ffd7a5 	bl	82e20 <CTimer::SimpleusDelay(unsigned int)>
   8cf90:	f9400a81 	ldr	x1, [x20, #16]
   8cf94:	8b150021 	add	x1, x1, x21
   8cf98:	b9400020 	ldr	w0, [x1]
   8cf9c:	531f7c00 	lsr	w0, w0, #31
   8cfa0:	11000673 	add	w19, w19, #0x1
   8cfa4:	7100001f 	cmp	w0, #0x0
   8cfa8:	7a4a1a64 	ccmp	w19, #0xa, #0x4, ne	// ne = any
   8cfac:	54fffee1 	b.ne	8cf88 <CBcmPCIeHostBridge::pcie_mdio_write(unsigned char, unsigned char, unsigned short)+0x64>  // b.any
   8cfb0:	f94013f5 	ldr	x21, [sp, #32]
   8cfb4:	4b0003e0 	neg	w0, w0
   8cfb8:	a94153f3 	ldp	x19, x20, [sp, #16]
   8cfbc:	a8c37bfd 	ldp	x29, x30, [sp], #48
   8cfc0:	d65f03c0 	ret
   8cfc4:	52800000 	mov	w0, #0x0                   	// #0
   8cfc8:	f94013f5 	ldr	x21, [sp, #32]
   8cfcc:	4b0003e0 	neg	w0, w0
   8cfd0:	a8c37bfd 	ldp	x29, x30, [sp], #48
   8cfd4:	d65f03c0 	ret
   8cfd8:	d503201f 	nop
   8cfdc:	d503201f 	nop

000000000008cfe0 <CBcmPCIeHostBridge::pcie_munge_pll()>:
   8cfe0:	5282e2c1 	mov	w1, #0x1716                	// #5910
   8cfe4:	a9bb7bfd 	stp	x29, x30, [sp, #-80]!
   8cfe8:	910003fd 	mov	x29, sp
   8cfec:	72a32301 	movk	w1, #0x1918, lsl #16
   8cff0:	5282c003 	mov	w3, #0x1600                	// #5632
   8cff4:	528003e2 	mov	w2, #0x1f                  	// #31
   8cff8:	b9003be1 	str	w1, [sp, #56]
   8cffc:	52838361 	mov	w1, #0x1c1b                	// #7195
   8d000:	a90153f3 	stp	x19, x20, [sp, #16]
   8d004:	d2800033 	mov	x19, #0x1                   	// #1
   8d008:	9100e3f4 	add	x20, sp, #0x38
   8d00c:	79007be1 	strh	w1, [sp, #60]
   8d010:	528003c1 	mov	w1, #0x1e                  	// #30
   8d014:	a9025bf5 	stp	x21, x22, [sp, #32]
   8d018:	aa0003f6 	mov	x22, x0
   8d01c:	910103f5 	add	x21, sp, #0x40
   8d020:	3900fbe1 	strb	w1, [sp, #62]
   8d024:	d28a1721 	mov	x1, #0x50b9                	// #20665
   8d028:	f2b7b421 	movk	x1, #0xbda1, lsl #16
   8d02c:	f2c01281 	movk	x1, #0x94, lsl #32
   8d030:	f2f2f681 	movk	x1, #0x97b4, lsl #48
   8d034:	f90023e1 	str	x1, [sp, #64]
   8d038:	528a0601 	mov	w1, #0x5030                	// #20528
   8d03c:	72aa0601 	movk	w1, #0x5030, lsl #16
   8d040:	b9004be1 	str	w1, [sp, #72]
   8d044:	528000e1 	mov	w1, #0x7                   	// #7
   8d048:	79009be1 	strh	w1, [sp, #76]
   8d04c:	52800001 	mov	w1, #0x0                   	// #0
   8d050:	97ffffb5 	bl	8cf24 <CBcmPCIeHostBridge::pcie_mdio_write(unsigned char, unsigned char, unsigned short)>
   8d054:	d503201f 	nop
   8d058:	d503201f 	nop
   8d05c:	d503201f 	nop
   8d060:	8b1306a1 	add	x1, x21, x19, lsl #1
   8d064:	8b130280 	add	x0, x20, x19
   8d068:	91000673 	add	x19, x19, #0x1
   8d06c:	385ff002 	ldurb	w2, [x0, #-1]
   8d070:	aa1603e0 	mov	x0, x22
   8d074:	785fe023 	ldurh	w3, [x1, #-2]
   8d078:	52800001 	mov	w1, #0x0                   	// #0
   8d07c:	97ffffaa 	bl	8cf24 <CBcmPCIeHostBridge::pcie_mdio_write(unsigned char, unsigned char, unsigned short)>
   8d080:	f100227f 	cmp	x19, #0x8
   8d084:	54fffee1 	b.ne	8d060 <CBcmPCIeHostBridge::pcie_munge_pll()+0x80>  // b.any
   8d088:	a94153f3 	ldp	x19, x20, [sp, #16]
   8d08c:	52800c80 	mov	w0, #0x64                  	// #100
   8d090:	a9425bf5 	ldp	x21, x22, [sp, #32]
   8d094:	a8c57bfd 	ldp	x29, x30, [sp], #80
   8d098:	17ffd762 	b	82e20 <CTimer::SimpleusDelay(unsigned int)>
   8d09c:	d503201f 	nop

000000000008d0a0 <CBcmPCIeHostBridge::pcie_mdio_form_pkt(int, int, int)>:
   8d0a0:	2a025022 	orr	w2, w1, w2, lsl #20
   8d0a4:	2a005840 	orr	w0, w2, w0, lsl #22
   8d0a8:	d65f03c0 	ret

000000000008d0ac <CBcmPCIeHostBridge::reset_assert(unsigned long)>:
   8d0ac:	d345fc20 	lsr	x0, x1, #5
   8d0b0:	d2800022 	mov	x2, #0x1                   	// #1
   8d0b4:	12001021 	and	w1, w1, #0x1f
   8d0b8:	0b000400 	add	w0, w0, w0, lsl #1
   8d0bc:	9ac12041 	lsl	x1, x2, x1
   8d0c0:	d2886302 	mov	x2, #0x4318                	// #17176
   8d0c4:	f2a02a02 	movk	x2, #0x150, lsl #16
   8d0c8:	531d7000 	lsl	w0, w0, #3
   8d0cc:	f2c00202 	movk	x2, #0x10, lsl #32
   8d0d0:	8b020000 	add	x0, x0, x2
   8d0d4:	b9000001 	str	w1, [x0]
   8d0d8:	52800000 	mov	w0, #0x0                   	// #0
   8d0dc:	d65f03c0 	ret

000000000008d0e0 <CBcmPCIeHostBridge::reset_deassert(unsigned long)>:
   8d0e0:	d345fc20 	lsr	x0, x1, #5
   8d0e4:	d2800022 	mov	x2, #0x1                   	// #1
   8d0e8:	a9bf7bfd 	stp	x29, x30, [sp, #-16]!
   8d0ec:	12001021 	and	w1, w1, #0x1f
   8d0f0:	0b000400 	add	w0, w0, w0, lsl #1
   8d0f4:	910003fd 	mov	x29, sp
   8d0f8:	9ac12041 	lsl	x1, x2, x1
   8d0fc:	d2886382 	mov	x2, #0x431c                	// #17180
   8d100:	f2a02a02 	movk	x2, #0x150, lsl #16
   8d104:	531d7000 	lsl	w0, w0, #3
   8d108:	f2c00202 	movk	x2, #0x10, lsl #32
   8d10c:	8b020000 	add	x0, x0, x2
   8d110:	b9000001 	str	w1, [x0]
   8d114:	52800c80 	mov	w0, #0x64                  	// #100
   8d118:	97ffd742 	bl	82e20 <CTimer::SimpleusDelay(unsigned int)>
   8d11c:	52800000 	mov	w0, #0x0                   	// #0
   8d120:	a8c17bfd 	ldp	x29, x30, [sp], #16
   8d124:	d65f03c0 	ret

000000000008d128 <CBcmPCIeHostBridge::rescal_reset_deassert()>:
   8d128:	a9be7bfd 	stp	x29, x30, [sp, #-32]!
   8d12c:	910003fd 	mov	x29, sp
   8d130:	a90153f3 	stp	x19, x20, [sp, #16]
   8d134:	d292a013 	mov	x19, #0x9500                	// #38144
   8d138:	f2a00233 	movk	x19, #0x11, lsl #16
   8d13c:	f2c00213 	movk	x19, #0x10, lsl #32
   8d140:	b9400260 	ldr	w0, [x19]
   8d144:	32000000 	orr	w0, w0, #0x1
   8d148:	b9000260 	str	w0, [x19]
   8d14c:	b9400260 	ldr	w0, [x19]
   8d150:	36000400 	tbz	w0, #0, 8d1d0 <CBcmPCIeHostBridge::rescal_reset_deassert()+0xa8>
   8d154:	97ffd413 	bl	821a0 <CTimer::GetClockTicks()>
   8d158:	2a0003f4 	mov	w20, w0
   8d15c:	91002273 	add	x19, x19, #0x8
   8d160:	14000007 	b	8d17c <CBcmPCIeHostBridge::rescal_reset_deassert()+0x54>
   8d164:	97ffd40f 	bl	821a0 <CTimer::GetClockTicks()>
   8d168:	4b140000 	sub	w0, w0, w20
   8d16c:	710f9c1f 	cmp	w0, #0x3e7
   8d170:	540001e8 	b.hi	8d1ac <CBcmPCIeHostBridge::rescal_reset_deassert()+0x84>  // b.pmore
   8d174:	52800320 	mov	w0, #0x19                  	// #25
   8d178:	97ffd72a 	bl	82e20 <CTimer::SimpleusDelay(unsigned int)>
   8d17c:	b9400260 	ldr	w0, [x19]
   8d180:	3607ff20 	tbz	w0, #0, 8d164 <CBcmPCIeHostBridge::rescal_reset_deassert()+0x3c>
   8d184:	d292a001 	mov	x1, #0x9500                	// #38144
   8d188:	f2a00221 	movk	x1, #0x11, lsl #16
   8d18c:	f2c00201 	movk	x1, #0x10, lsl #32
   8d190:	b9400020 	ldr	w0, [x1]
   8d194:	121f7800 	and	w0, w0, #0xfffffffe
   8d198:	b9000020 	str	w0, [x1]
   8d19c:	52800000 	mov	w0, #0x0                   	// #0
   8d1a0:	a94153f3 	ldp	x19, x20, [sp, #16]
   8d1a4:	a8c27bfd 	ldp	x29, x30, [sp], #32
   8d1a8:	d65f03c0 	ret
   8d1ac:	97ffee7d 	bl	88ba0 <CLogger::Get()>
   8d1b0:	d0000001 	adrp	x1, 8f000 <From+0x918>
   8d1b4:	52800022 	mov	w2, #0x1                   	// #1
   8d1b8:	91398021 	add	x1, x1, #0xe60
   8d1bc:	9108e023 	add	x3, x1, #0x238
   8d1c0:	91016021 	add	x1, x1, #0x58
   8d1c4:	97fff057 	bl	89320 <CLogger::Write(char const*, TLogSeverity, char const*, ...)>
   8d1c8:	12800000 	mov	w0, #0xffffffff            	// #-1
   8d1cc:	17fffff5 	b	8d1a0 <CBcmPCIeHostBridge::rescal_reset_deassert()+0x78>
   8d1d0:	97ffee74 	bl	88ba0 <CLogger::Get()>
   8d1d4:	d0000001 	adrp	x1, 8f000 <From+0x918>
   8d1d8:	52800022 	mov	w2, #0x1                   	// #1
   8d1dc:	91398021 	add	x1, x1, #0xe60
   8d1e0:	91084023 	add	x3, x1, #0x210
   8d1e4:	91016021 	add	x1, x1, #0x58
   8d1e8:	97fff04e 	bl	89320 <CLogger::Write(char const*, TLogSeverity, char const*, ...)>
   8d1ec:	12800000 	mov	w0, #0xffffffff            	// #-1
   8d1f0:	17ffffec 	b	8d1a0 <CBcmPCIeHostBridge::rescal_reset_deassert()+0x78>
   8d1f4:	d503201f 	nop
   8d1f8:	d503201f 	nop
   8d1fc:	d503201f 	nop

000000000008d200 <CBcmPCIeHostBridge::pcie_setup()>:
   8d200:	a9bd7bfd 	stp	x29, x30, [sp, #-48]!
   8d204:	910003fd 	mov	x29, sp
   8d208:	a90153f3 	stp	x19, x20, [sp, #16]
   8d20c:	aa0003f3 	mov	x19, x0
   8d210:	b9400001 	ldr	w1, [x0]
   8d214:	34002061 	cbz	w1, 8d620 <CBcmPCIeHostBridge::pcie_setup()+0x420>
   8d218:	f90013f5 	str	x21, [sp, #32]
   8d21c:	52810000 	mov	w0, #0x800                 	// #2048
   8d220:	d2886614 	mov	x20, #0x4330                	// #17200
   8d224:	f2a02a14 	movk	x20, #0x150, lsl #16
   8d228:	f2c00214 	movk	x20, #0x10, lsl #32
   8d22c:	b9000280 	str	w0, [x20]
   8d230:	91001294 	add	x20, x20, #0x4
   8d234:	52800c80 	mov	w0, #0x64                  	// #100
   8d238:	97ffd6fa 	bl	82e20 <CTimer::SimpleusDelay(unsigned int)>
   8d23c:	b9400260 	ldr	w0, [x19]
   8d240:	52820001 	mov	w1, #0x1000                	// #4096
   8d244:	7100001f 	cmp	w0, #0x0
   8d248:	52810000 	mov	w0, #0x800                 	// #2048
   8d24c:	1a811000 	csel	w0, w0, w1, ne	// ne = any
   8d250:	b9000280 	str	w0, [x20]
   8d254:	52800c80 	mov	w0, #0x64                  	// #100
   8d258:	97ffd6f2 	bl	82e20 <CTimer::SimpleusDelay(unsigned int)>
   8d25c:	f9400a60 	ldr	x0, [x19, #16]
   8d260:	d2886092 	mov	x18, #0x4304                	// #17156
   8d264:	8b120000 	add	x0, x0, x18
   8d268:	b9400001 	ldr	w1, [x0]
   8d26c:	12047821 	and	w1, w1, #0xf7ffffff
   8d270:	b9000001 	str	w1, [x0]
   8d274:	b9400000 	ldr	w0, [x0]
   8d278:	52800c80 	mov	w0, #0x64                  	// #100
   8d27c:	d2880d94 	mov	x20, #0x406c                	// #16492
   8d280:	97ffd6e8 	bl	82e20 <CTimer::SimpleusDelay(unsigned int)>
   8d284:	f9400a60 	ldr	x0, [x19, #16]
   8d288:	8b140000 	add	x0, x0, x20
   8d28c:	b9400000 	ldr	w0, [x0]
   8d290:	12003c00 	and	w0, w0, #0xffff
   8d294:	d2830995 	mov	x21, #0x184c                	// #6220
   8d298:	b9001a60 	str	w0, [x19, #24]
   8d29c:	aa1303e0 	mov	x0, x19
   8d2a0:	97ffff50 	bl	8cfe0 <CBcmPCIeHostBridge::pcie_munge_pll()>
   8d2a4:	f9400a61 	ldr	x1, [x19, #16]
   8d2a8:	8b150021 	add	x1, x1, x21
   8d2ac:	b9400020 	ldr	w0, [x1]
   8d2b0:	12185c00 	and	w0, w0, #0xffffff00
   8d2b4:	52800242 	mov	w2, #0x12                  	// #18
   8d2b8:	2a020000 	orr	w0, w0, w2
   8d2bc:	b9000020 	str	w0, [x1]
   8d2c0:	f9400a61 	ldr	x1, [x19, #16]
   8d2c4:	d288011e 	mov	x30, #0x4008                	// #16392
   8d2c8:	8b1e0021 	add	x1, x1, x30
   8d2cc:	b9400020 	ldr	w0, [x1]
   8d2d0:	120a7400 	and	w0, w0, #0xffcfffff
   8d2d4:	52868002 	mov	w2, #0x3400                	// #13312
   8d2d8:	72a00202 	movk	w2, #0x10, lsl #16
   8d2dc:	2a020000 	orr	w0, w0, w2
   8d2e0:	b9000020 	str	w0, [x1]
   8d2e4:	aa1303e0 	mov	x0, x19
   8d2e8:	97fffeae 	bl	8cda0 <CBcmPCIeHostBridge::pcie_set_tc_qos()>
   8d2ec:	b9405a60 	ldr	w0, [x19, #88]
   8d2f0:	7100041f 	cmp	w0, #0x1
   8d2f4:	54001c01 	b.ne	8d674 <CBcmPCIeHostBridge::pcie_setup()+0x474>  // b.any
   8d2f8:	f9402a62 	ldr	x2, [x19, #80]
   8d2fc:	b9006a60 	str	w0, [x19, #104]
   8d300:	f9402265 	ldr	x5, [x19, #64]
   8d304:	d1000440 	sub	x0, x2, #0x1
   8d308:	f9003262 	str	x2, [x19, #96]
   8d30c:	ea05001f 	tst	x0, x5
   8d310:	54001bc1 	b.ne	8d688 <CBcmPCIeHostBridge::pcie_setup()+0x488>  // b.any
   8d314:	121b68a6 	and	w6, w5, #0xffffffe0
   8d318:	f100045f 	cmp	x2, #0x1
   8d31c:	54000209 	b.ls	8d35c <CBcmPCIeHostBridge::pcie_setup()+0x15c>  // b.plast
   8d320:	52800000 	mov	w0, #0x0                   	// #0
   8d324:	d2800024 	mov	x4, #0x1                   	// #1
   8d328:	2a0003e3 	mov	w3, w0
   8d32c:	11000400 	add	w0, w0, #0x1
   8d330:	9ac02081 	lsl	x1, x4, x0
   8d334:	eb01005f 	cmp	x2, x1
   8d338:	54ffff88 	b.hi	8d328 <CBcmPCIeHostBridge::pcie_setup()+0x128>  // b.pmore
   8d33c:	51002c60 	sub	w0, w3, #0xb
   8d340:	71000c1f 	cmp	w0, #0x3
   8d344:	54001929 	b.ls	8d668 <CBcmPCIeHostBridge::pcie_setup()+0x468>  // b.plast
   8d348:	51003c60 	sub	w0, w3, #0xf
   8d34c:	51003863 	sub	w3, w3, #0xe
   8d350:	2a0300c3 	orr	w3, w6, w3
   8d354:	7100541f 	cmp	w0, #0x15
   8d358:	1a869066 	csel	w6, w3, w6, ls	// ls = plast
   8d35c:	f9400a60 	ldr	x0, [x19, #16]
   8d360:	d288068f 	mov	x15, #0x4034                	// #16436
   8d364:	8b0f0000 	add	x0, x0, x15
   8d368:	b9000006 	str	w6, [x0]
   8d36c:	f9400a60 	ldr	x0, [x19, #16]
   8d370:	d2880710 	mov	x16, #0x4038                	// #16440
   8d374:	d360fca1 	lsr	x1, x5, #32
   8d378:	8b100000 	add	x0, x0, x16
   8d37c:	b9000001 	str	w1, [x0]
   8d380:	f9400a60 	ldr	x0, [x19, #16]
   8d384:	d2881691 	mov	x17, #0x40b4                	// #16564
   8d388:	8b110000 	add	x0, x0, x17
   8d38c:	b9400001 	ldr	w1, [x0]
   8d390:	32000021 	orr	w1, w1, #0x1
   8d394:	b9000001 	str	w1, [x0]
   8d398:	f9403264 	ldr	x4, [x19, #96]
   8d39c:	52af0003 	mov	w3, #0x78000000            	// #2013265920
   8d3a0:	b40001e4 	cbz	x4, 8d3dc <CBcmPCIeHostBridge::pcie_setup()+0x1dc>
   8d3a4:	f100049f 	cmp	x4, #0x1
   8d3a8:	540019c0 	b.eq	8d6e0 <CBcmPCIeHostBridge::pcie_setup()+0x4e0>  // b.none
   8d3ac:	52800000 	mov	w0, #0x0                   	// #0
   8d3b0:	d2800026 	mov	x6, #0x1                   	// #1
   8d3b4:	d503201f 	nop
   8d3b8:	d503201f 	nop
   8d3bc:	d503201f 	nop
   8d3c0:	2a0003e3 	mov	w3, w0
   8d3c4:	11000400 	add	w0, w0, #0x1
   8d3c8:	9ac020c1 	lsl	x1, x6, x0
   8d3cc:	eb01009f 	cmp	x4, x1
   8d3d0:	54ffff88 	b.hi	8d3c0 <CBcmPCIeHostBridge::pcie_setup()+0x1c0>  // b.pmore
   8d3d4:	51003863 	sub	w3, w3, #0xe
   8d3d8:	53051063 	lsl	w3, w3, #27
   8d3dc:	f9400a61 	ldr	x1, [x19, #16]
   8d3e0:	d288010e 	mov	x14, #0x4008                	// #16392
   8d3e4:	8b0e0021 	add	x1, x1, x14
   8d3e8:	b9400020 	ldr	w0, [x1]
   8d3ec:	12006800 	and	w0, w0, #0x7ffffff
   8d3f0:	2a030000 	orr	w0, w0, w3
   8d3f4:	b9000020 	str	w0, [x1]
   8d3f8:	b9406a75 	ldr	w21, [x19, #104]
   8d3fc:	710006bf 	cmp	w21, #0x1
   8d400:	540014e1 	b.ne	8d69c <CBcmPCIeHostBridge::pcie_setup()+0x49c>  // b.any
   8d404:	f9400a60 	ldr	x0, [x19, #16]
   8d408:	d288148a 	mov	x10, #0x40a4                	// #16548
   8d40c:	8b0a0000 	add	x0, x0, x10
   8d410:	b9400001 	ldr	w1, [x0]
   8d414:	52840003 	mov	w3, #0x2000                	// #8192
   8d418:	72a00103 	movk	w3, #0x8, lsl #16
   8d41c:	2a030021 	orr	w1, w1, w3
   8d420:	b9000001 	str	w1, [x0]
   8d424:	f9400a60 	ldr	x0, [x19, #16]
   8d428:	d2882e0b 	mov	x11, #0x4170                	// #16752
   8d42c:	12800001 	mov	w1, #0xffffffff            	// #-1
   8d430:	8b0b0000 	add	x0, x0, x11
   8d434:	b9000001 	str	w1, [x0]
   8d438:	f9400a60 	ldr	x0, [x19, #16]
   8d43c:	d288150c 	mov	x12, #0x40a8                	// #16552
   8d440:	52a165a1 	mov	w1, #0xb2d0000             	// #187498496
   8d444:	8b0c0000 	add	x0, x0, x12
   8d448:	b9000001 	str	w1, [x0]
   8d44c:	f9400a60 	ldr	x0, [x19, #16]
   8d450:	d2880b8d 	mov	x13, #0x405c                	// #16476
   8d454:	52a15741 	mov	w1, #0xaba0000             	// #179961856
   8d458:	8b0d0000 	add	x0, x0, x13
   8d45c:	b9000001 	str	w1, [x0]
   8d460:	b2407fe1 	mov	x1, #0xffffffff            	// #4294967295
   8d464:	b27e77e0 	mov	x0, #0xfffffffc            	// #4294967292
   8d468:	eb0100bf 	cmp	x5, x1
   8d46c:	54000f49 	b.ls	8d654 <CBcmPCIeHostBridge::pcie_setup()+0x454>  // b.plast
   8d470:	f9003a60 	str	x0, [x19, #112]
   8d474:	d2880588 	mov	x8, #0x402c                	// #16428
   8d478:	f9400a60 	ldr	x0, [x19, #16]
   8d47c:	8b080000 	add	x0, x0, x8
   8d480:	b9400001 	ldr	w1, [x0]
   8d484:	121b6821 	and	w1, w1, #0xffffffe0
   8d488:	b9000001 	str	w1, [x0]
   8d48c:	f9400a60 	ldr	x0, [x19, #16]
   8d490:	d2880789 	mov	x9, #0x403c                	// #16444
   8d494:	8b090000 	add	x0, x0, x9
   8d498:	b9400001 	ldr	w1, [x0]
   8d49c:	121b6821 	and	w1, w1, #0xffffffe0
   8d4a0:	b9000001 	str	w1, [x0]
   8d4a4:	f9400a60 	ldr	x0, [x19, #16]
   8d4a8:	91137000 	add	x0, x0, #0x4dc
   8d4ac:	b9400001 	ldr	w1, [x0]
   8d4b0:	32160421 	orr	w1, w1, #0xc00
   8d4b4:	b9000001 	str	w1, [x0]
   8d4b8:	f9400a60 	ldr	x0, [x19, #16]
   8d4bc:	52800041 	mov	w1, #0x2                   	// #2
   8d4c0:	97fffde0 	bl	8cc40 <CBcmPCIeHostBridge::set_gen(unsigned long, int)>
   8d4c4:	f9400a61 	ldr	x1, [x19, #16]
   8d4c8:	9110f021 	add	x1, x1, #0x43c
   8d4cc:	b9400020 	ldr	w0, [x1]
   8d4d0:	12081c00 	and	w0, w0, #0xff000000
   8d4d4:	52808002 	mov	w2, #0x400                 	// #1024
   8d4d8:	72a000c2 	movk	w2, #0x6, lsl #16
   8d4dc:	2a020000 	orr	w0, w0, w2
   8d4e0:	b9000020 	str	w0, [x1]
   8d4e4:	b9403a60 	ldr	w0, [x19, #56]
   8d4e8:	7100001f 	cmp	w0, #0x0
   8d4ec:	54000a8c 	b.gt	8d63c <CBcmPCIeHostBridge::pcie_setup()+0x43c>
   8d4f0:	f9400a60 	ldr	x0, [x19, #16]
   8d4f4:	91062000 	add	x0, x0, #0x188
   8d4f8:	b9400001 	ldr	w1, [x0]
   8d4fc:	121c7421 	and	w1, w1, #0xfffffff3
   8d500:	b9000001 	str	w1, [x0]
   8d504:	f9400a60 	ldr	x0, [x19, #16]
   8d508:	d2880583 	mov	x3, #0x402c                	// #16428
   8d50c:	1281fc61 	mov	w1, #0xfffff01c            	// #-4068
   8d510:	8b030000 	add	x0, x0, x3
   8d514:	b9000001 	str	w1, [x0]
   8d518:	f9400a60 	ldr	x0, [x19, #16]
   8d51c:	d2880604 	mov	x4, #0x4030                	// #16432
   8d520:	52801fe1 	mov	w1, #0xff                  	// #255
   8d524:	8b040000 	add	x0, x0, x4
   8d528:	b9000001 	str	w1, [x0]
   8d52c:	f9400a60 	ldr	x0, [x19, #16]
   8d530:	d2881585 	mov	x5, #0x40ac                	// #16556
   8d534:	52800021 	mov	w1, #0x1                   	// #1
   8d538:	72a00261 	movk	w1, #0x13, lsl #16
   8d53c:	8b050000 	add	x0, x0, x5
   8d540:	b9000001 	str	w1, [x0]
   8d544:	f9400a60 	ldr	x0, [x19, #16]
   8d548:	d2881606 	mov	x6, #0x40b0                	// #16560
   8d54c:	52800201 	mov	w1, #0x10                  	// #16
   8d550:	8b060000 	add	x0, x0, x6
   8d554:	b9000001 	str	w1, [x0]
   8d558:	f9400a60 	ldr	x0, [x19, #16]
   8d55c:	d2880c87 	mov	x7, #0x4064                	// #16484
   8d560:	8b070000 	add	x0, x0, x7
   8d564:	b9400001 	ldr	w1, [x0]
   8d568:	321e0021 	orr	w1, w1, #0x4
   8d56c:	b9000001 	str	w1, [x0]
   8d570:	52800c80 	mov	w0, #0x64                  	// #100
   8d574:	97ffd613 	bl	82dc0 <CTimer::SimpleMsDelay(unsigned int)>
   8d578:	52800000 	mov	w0, #0x0                   	// #0
   8d57c:	d503201f 	nop
   8d580:	f9400a61 	ldr	x1, [x19, #16]
   8d584:	d2880d02 	mov	x2, #0x4068                	// #16488
   8d588:	8b020022 	add	x2, x1, x2
   8d58c:	b9400042 	ldr	w2, [x2]
   8d590:	f27b005f 	tst	x2, #0x20
   8d594:	121c0043 	and	w3, w2, #0x10
   8d598:	7a401864 	ccmp	w3, #0x0, #0x4, ne	// ne = any
   8d59c:	54000101 	b.ne	8d5bc <CBcmPCIeHostBridge::pcie_setup()+0x3bc>  // b.any
   8d5a0:	0b150014 	add	w20, w0, w21
   8d5a4:	7101929f 	cmp	w20, #0x64
   8d5a8:	540002ed 	b.le	8d604 <CBcmPCIeHostBridge::pcie_setup()+0x404>
   8d5ac:	52800c81 	mov	w1, #0x64                  	// #100
   8d5b0:	4b000020 	sub	w0, w1, w0
   8d5b4:	97ffd603 	bl	82dc0 <CTimer::SimpleMsDelay(unsigned int)>
   8d5b8:	f9400a61 	ldr	x1, [x19, #16]
   8d5bc:	91401021 	add	x1, x1, #0x4, lsl #12
   8d5c0:	9101a020 	add	x0, x1, #0x68
   8d5c4:	b9400000 	ldr	w0, [x0]
   8d5c8:	f27b001f 	tst	x0, #0x20
   8d5cc:	121c0002 	and	w2, w0, #0x10
   8d5d0:	7a401844 	ccmp	w2, #0x0, #0x4, ne	// ne = any
   8d5d4:	540006e0 	b.eq	8d6b0 <CBcmPCIeHostBridge::pcie_setup()+0x4b0>  // b.none
   8d5d8:	910c1021 	add	x1, x1, #0x304
   8d5dc:	b9400020 	ldr	w0, [x1]
   8d5e0:	529fffa2 	mov	w2, #0xfffd                	// #65533
   8d5e4:	72bffbe2 	movk	w2, #0xffdf, lsl #16
   8d5e8:	0a020000 	and	w0, w0, w2
   8d5ec:	b9000020 	str	w0, [x1]
   8d5f0:	f94013f5 	ldr	x21, [sp, #32]
   8d5f4:	52800000 	mov	w0, #0x0                   	// #0
   8d5f8:	a94153f3 	ldp	x19, x20, [sp, #16]
   8d5fc:	a8c37bfd 	ldp	x29, x30, [sp], #48
   8d600:	d65f03c0 	ret
   8d604:	2a1503e0 	mov	w0, w21
   8d608:	531f7ab5 	lsl	w21, w21, #1
   8d60c:	97ffd5ed 	bl	82dc0 <CTimer::SimpleMsDelay(unsigned int)>
   8d610:	7101929f 	cmp	w20, #0x64
   8d614:	54000620 	b.eq	8d6d8 <CBcmPCIeHostBridge::pcie_setup()+0x4d8>  // b.none
   8d618:	2a1403e0 	mov	w0, w20
   8d61c:	17ffffd9 	b	8d580 <CBcmPCIeHostBridge::pcie_setup()+0x380>
   8d620:	97fffec2 	bl	8d128 <CBcmPCIeHostBridge::rescal_reset_deassert()>
   8d624:	35000560 	cbnz	w0, 8d6d0 <CBcmPCIeHostBridge::pcie_setup()+0x4d0>
   8d628:	b9400260 	ldr	w0, [x19]
   8d62c:	f90013f5 	str	x21, [sp, #32]
   8d630:	35ffdf60 	cbnz	w0, 8d21c <CBcmPCIeHostBridge::pcie_setup()+0x1c>
   8d634:	52820000 	mov	w0, #0x1000                	// #4096
   8d638:	17fffefa 	b	8d220 <CBcmPCIeHostBridge::pcie_setup()+0x20>
   8d63c:	f9401a64 	ldr	x4, [x19, #48]
   8d640:	52800001 	mov	w1, #0x0                   	// #0
   8d644:	aa1303e0 	mov	x0, x19
   8d648:	a9420a63 	ldp	x3, x2, [x19, #32]
   8d64c:	97fffc85 	bl	8c860 <CBcmPCIeHostBridge::pcie_set_outbound_win(unsigned int, unsigned long, unsigned long, unsigned long)>
   8d650:	17ffffa8 	b	8d4f0 <CBcmPCIeHostBridge::pcie_setup()+0x2f0>
   8d654:	8b050042 	add	x2, x2, x5
   8d658:	eb01005f 	cmp	x2, x1
   8d65c:	b27e87e1 	mov	x1, #0xffffffffc           	// #68719476732
   8d660:	9a819000 	csel	x0, x0, x1, ls	// ls = plast
   8d664:	17ffff83 	b	8d470 <CBcmPCIeHostBridge::pcie_setup()+0x270>
   8d668:	11004463 	add	w3, w3, #0x11
   8d66c:	2a0300c6 	orr	w6, w6, w3
   8d670:	17ffff3b 	b	8d35c <CBcmPCIeHostBridge::pcie_setup()+0x15c>
   8d674:	d0000001 	adrp	x1, 8f000 <From+0x918>
   8d678:	52803d22 	mov	w2, #0x1e9                 	// #489
   8d67c:	91398021 	add	x1, x1, #0xe60
   8d680:	91096020 	add	x0, x1, #0x258
   8d684:	97ffeb87 	bl	884a0 <assertion_failed>
   8d688:	d0000001 	adrp	x1, 8f000 <From+0x918>
   8d68c:	52803e62 	mov	w2, #0x1f3                 	// #499
   8d690:	91398021 	add	x1, x1, #0xe60
   8d694:	9109c020 	add	x0, x1, #0x270
   8d698:	97ffeb82 	bl	884a0 <assertion_failed>
   8d69c:	d0000001 	adrp	x1, 8f000 <From+0x918>
   8d6a0:	52804222 	mov	w2, #0x211                 	// #529
   8d6a4:	91398021 	add	x1, x1, #0xe60
   8d6a8:	910a6020 	add	x0, x1, #0x298
   8d6ac:	97ffeb7d 	bl	884a0 <assertion_failed>
   8d6b0:	97ffed3c 	bl	88ba0 <CLogger::Get()>
   8d6b4:	d0000001 	adrp	x1, 8f000 <From+0x918>
   8d6b8:	52800022 	mov	w2, #0x1                   	// #1
   8d6bc:	91398021 	add	x1, x1, #0xe60
   8d6c0:	910aa023 	add	x3, x1, #0x2a8
   8d6c4:	91016021 	add	x1, x1, #0x58
   8d6c8:	97ffef16 	bl	89320 <CLogger::Write(char const*, TLogSeverity, char const*, ...)>
   8d6cc:	f94013f5 	ldr	x21, [sp, #32]
   8d6d0:	12800000 	mov	w0, #0xffffffff            	// #-1
   8d6d4:	17ffffc9 	b	8d5f8 <CBcmPCIeHostBridge::pcie_setup()+0x3f8>
   8d6d8:	f9400a61 	ldr	x1, [x19, #16]
   8d6dc:	17ffffb8 	b	8d5bc <CBcmPCIeHostBridge::pcie_setup()+0x3bc>
   8d6e0:	52b10003 	mov	w3, #0x88000000            	// #-2013265920
   8d6e4:	17ffff3e 	b	8d3dc <CBcmPCIeHostBridge::pcie_setup()+0x1dc>

000000000008d6e8 <CBcmPCIeHostBridge::pcie_probe()>:
   8d6e8:	a9be7bfd 	stp	x29, x30, [sp, #-32]!
   8d6ec:	910003fd 	mov	x29, sp
   8d6f0:	f9000bf3 	str	x19, [sp, #16]
   8d6f4:	aa0003f3 	mov	x19, x0
   8d6f8:	97fffc22 	bl	8c780 <CBcmPCIeHostBridge::pcie_set_pci_ranges()>
   8d6fc:	aa1303e0 	mov	x0, x19
   8d700:	97fffc39 	bl	8c7e4 <CBcmPCIeHostBridge::pcie_set_dma_ranges()>
   8d704:	aa1303e0 	mov	x0, x19
   8d708:	f9400bf3 	ldr	x19, [sp, #16]
   8d70c:	a8c27bfd 	ldp	x29, x30, [sp], #32
   8d710:	17fffebc 	b	8d200 <CBcmPCIeHostBridge::pcie_setup()>
   8d714:	d503201f 	nop
   8d718:	d503201f 	nop
   8d71c:	d503201f 	nop

000000000008d720 <CBcmPCIeHostBridge::Initialize()>:
   8d720:	a9be7bfd 	stp	x29, x30, [sp, #-32]!
   8d724:	910003fd 	mov	x29, sp
   8d728:	f9000bf3 	str	x19, [sp, #16]
   8d72c:	aa0003f3 	mov	x19, x0
   8d730:	97fffc14 	bl	8c780 <CBcmPCIeHostBridge::pcie_set_pci_ranges()>
   8d734:	aa1303e0 	mov	x0, x19
   8d738:	97fffc2b 	bl	8c7e4 <CBcmPCIeHostBridge::pcie_set_dma_ranges()>
   8d73c:	aa1303e0 	mov	x0, x19
   8d740:	97fffeb0 	bl	8d200 <CBcmPCIeHostBridge::pcie_setup()>
   8d744:	35000120 	cbnz	w0, 8d768 <CBcmPCIeHostBridge::Initialize()+0x48>
   8d748:	aa1303e0 	mov	x0, x19
   8d74c:	52800033 	mov	w19, #0x1                   	// #1
   8d750:	97fffb68 	bl	8c4f0 <CBcmPCIeHostBridge::enable_bridge()>
   8d754:	35000240 	cbnz	w0, 8d79c <CBcmPCIeHostBridge::Initialize()+0x7c>
   8d758:	2a1303e0 	mov	w0, w19
   8d75c:	f9400bf3 	ldr	x19, [sp, #16]
   8d760:	a8c27bfd 	ldp	x29, x30, [sp], #32
   8d764:	d65f03c0 	ret
   8d768:	97ffed0e 	bl	88ba0 <CLogger::Get()>
   8d76c:	d0000001 	adrp	x1, 8f000 <From+0x918>
   8d770:	12800004 	mov	w4, #0xffffffff            	// #-1
   8d774:	91398021 	add	x1, x1, #0xe60
   8d778:	52800022 	mov	w2, #0x1                   	// #1
   8d77c:	910ae023 	add	x3, x1, #0x2b8
   8d780:	52800013 	mov	w19, #0x0                   	// #0
   8d784:	91016021 	add	x1, x1, #0x58
   8d788:	97ffeee6 	bl	89320 <CLogger::Write(char const*, TLogSeverity, char const*, ...)>
   8d78c:	2a1303e0 	mov	w0, w19
   8d790:	f9400bf3 	ldr	x19, [sp, #16]
   8d794:	a8c27bfd 	ldp	x29, x30, [sp], #32
   8d798:	d65f03c0 	ret
   8d79c:	97ffed01 	bl	88ba0 <CLogger::Get()>
   8d7a0:	d0000001 	adrp	x1, 8f000 <From+0x918>
   8d7a4:	2a1303e2 	mov	w2, w19
   8d7a8:	91398021 	add	x1, x1, #0xe60
   8d7ac:	12800004 	mov	w4, #0xffffffff            	// #-1
   8d7b0:	910b8023 	add	x3, x1, #0x2e0
   8d7b4:	91016021 	add	x1, x1, #0x58
   8d7b8:	52800013 	mov	w19, #0x0                   	// #0
   8d7bc:	97ffeed9 	bl	89320 <CLogger::Write(char const*, TLogSeverity, char const*, ...)>
   8d7c0:	17fffff3 	b	8d78c <CBcmPCIeHostBridge::Initialize()+0x6c>
	...

000000000008d7e0 <CGPIOManager::CGPIOManager(CInterruptSystem*)>:
   8d7e0:	f9000001 	str	x1, [x0]
   8d7e4:	91004001 	add	x1, x0, #0x10
   8d7e8:	3900201f 	strb	wzr, [x0, #8]
   8d7ec:	91070000 	add	x0, x0, #0x1c0
   8d7f0:	f800843f 	str	xzr, [x1], #8
   8d7f4:	eb00003f 	cmp	x1, x0
   8d7f8:	54ffffc1 	b.ne	8d7f0 <CGPIOManager::CGPIOManager(CInterruptSystem*)+0x10>  // b.any
   8d7fc:	d65f03c0 	ret

000000000008d800 <CGPIOManager::~CGPIOManager()>:
   8d800:	aa0003e3 	mov	x3, x0
   8d804:	a9be7bfd 	stp	x29, x30, [sp, #-32]!
   8d808:	91004000 	add	x0, x0, #0x10
   8d80c:	910003fd 	mov	x29, sp
   8d810:	91070062 	add	x2, x3, #0x1c0
   8d814:	14000004 	b	8d824 <CGPIOManager::~CGPIOManager()+0x24>
   8d818:	91002000 	add	x0, x0, #0x8
   8d81c:	eb02001f 	cmp	x0, x2
   8d820:	54000120 	b.eq	8d844 <CGPIOManager::~CGPIOManager()+0x44>  // b.none
   8d824:	f9400001 	ldr	x1, [x0]
   8d828:	b4ffff81 	cbz	x1, 8d818 <CGPIOManager::~CGPIOManager()+0x18>
   8d82c:	d0000001 	adrp	x1, 8f000 <From+0x918>
   8d830:	d0000000 	adrp	x0, 8f000 <From+0x918>
   8d834:	528005a2 	mov	w2, #0x2d                  	// #45
   8d838:	91084021 	add	x1, x1, #0x210
   8d83c:	9108a000 	add	x0, x0, #0x228
   8d840:	97ffeb18 	bl	884a0 <assertion_failed>
   8d844:	39402060 	ldrb	w0, [x3, #8]
   8d848:	360001e0 	tbz	w0, #0, 8d884 <CGPIOManager::~CGPIOManager()+0x84>
   8d84c:	f9400060 	ldr	x0, [x3]
   8d850:	b40001e0 	cbz	x0, 8d88c <CGPIOManager::~CGPIOManager()+0x8c>
   8d854:	52810041 	mov	w1, #0x802                 	// #2050
   8d858:	f9000fe3 	str	x3, [sp, #24]
   8d85c:	97ffdf7c 	bl	8564c <CInterruptSystem::DisconnectIRQ(unsigned int)>
   8d860:	f9400fe3 	ldr	x3, [sp, #24]
   8d864:	52810021 	mov	w1, #0x801                 	// #2049
   8d868:	f9400060 	ldr	x0, [x3]
   8d86c:	97ffdf78 	bl	8564c <CInterruptSystem::DisconnectIRQ(unsigned int)>
   8d870:	f9400fe3 	ldr	x3, [sp, #24]
   8d874:	52810001 	mov	w1, #0x800                 	// #2048
   8d878:	f9400060 	ldr	x0, [x3]
   8d87c:	a8c27bfd 	ldp	x29, x30, [sp], #32
   8d880:	17ffdf73 	b	8564c <CInterruptSystem::DisconnectIRQ(unsigned int)>
   8d884:	a8c27bfd 	ldp	x29, x30, [sp], #32
   8d888:	d65f03c0 	ret
   8d88c:	d0000001 	adrp	x1, 8f000 <From+0x918>
   8d890:	d0000000 	adrp	x0, 8f000 <From+0x918>
   8d894:	52800662 	mov	w2, #0x33                  	// #51
   8d898:	91084021 	add	x1, x1, #0x210
   8d89c:	91090000 	add	x0, x0, #0x240
   8d8a0:	97ffeb00 	bl	884a0 <assertion_failed>

000000000008d8a4 <CGPIOManager::Initialize()>:
   8d8a4:	a9be7bfd 	stp	x29, x30, [sp, #-32]!
   8d8a8:	910003fd 	mov	x29, sp
   8d8ac:	a90153f3 	stp	x19, x20, [sp, #16]
   8d8b0:	aa0003f3 	mov	x19, x0
   8d8b4:	39402000 	ldrb	w0, [x0, #8]
   8d8b8:	370002e0 	tbnz	w0, #0, 8d914 <CGPIOManager::Initialize()+0x70>
   8d8bc:	f9400260 	ldr	x0, [x19]
   8d8c0:	b4000360 	cbz	x0, 8d92c <CGPIOManager::Initialize()+0x88>
   8d8c4:	90000014 	adrp	x20, 8d000 <CBcmPCIeHostBridge::pcie_munge_pll()+0x20>
   8d8c8:	aa1303e3 	mov	x3, x19
   8d8cc:	912d8282 	add	x2, x20, #0xb60
   8d8d0:	52810001 	mov	w1, #0x800                 	// #2048
   8d8d4:	97ffdf03 	bl	854e0 <CInterruptSystem::ConnectIRQ(unsigned int, void (*)(void*), void*)>
   8d8d8:	f9400260 	ldr	x0, [x19]
   8d8dc:	aa1303e3 	mov	x3, x19
   8d8e0:	912d8282 	add	x2, x20, #0xb60
   8d8e4:	52810021 	mov	w1, #0x801                 	// #2049
   8d8e8:	97ffdefe 	bl	854e0 <CInterruptSystem::ConnectIRQ(unsigned int, void (*)(void*), void*)>
   8d8ec:	f9400260 	ldr	x0, [x19]
   8d8f0:	aa1303e3 	mov	x3, x19
   8d8f4:	912d8282 	add	x2, x20, #0xb60
   8d8f8:	52810041 	mov	w1, #0x802                 	// #2050
   8d8fc:	97ffdef9 	bl	854e0 <CInterruptSystem::ConnectIRQ(unsigned int, void (*)(void*), void*)>
   8d900:	52800020 	mov	w0, #0x1                   	// #1
   8d904:	39002260 	strb	w0, [x19, #8]
   8d908:	a94153f3 	ldp	x19, x20, [sp, #16]
   8d90c:	a8c27bfd 	ldp	x29, x30, [sp], #32
   8d910:	d65f03c0 	ret
   8d914:	d0000001 	adrp	x1, 8f000 <From+0x918>
   8d918:	d0000000 	adrp	x0, 8f000 <From+0x918>
   8d91c:	528007c2 	mov	w2, #0x3e                  	// #62
   8d920:	91084021 	add	x1, x1, #0x210
   8d924:	91096000 	add	x0, x0, #0x258
   8d928:	97ffeade 	bl	884a0 <assertion_failed>
   8d92c:	d0000001 	adrp	x1, 8f000 <From+0x918>
   8d930:	d0000000 	adrp	x0, 8f000 <From+0x918>
   8d934:	528007e2 	mov	w2, #0x3f                  	// #63
   8d938:	91084021 	add	x1, x1, #0x210
   8d93c:	91090000 	add	x0, x0, #0x240
   8d940:	97ffead8 	bl	884a0 <assertion_failed>

000000000008d944 <CGPIOManager::ConnectInterrupt(CGPIOPin*)>:
   8d944:	a9bf7bfd 	stp	x29, x30, [sp, #-16]!
   8d948:	910003fd 	mov	x29, sp
   8d94c:	39402002 	ldrb	w2, [x0, #8]
   8d950:	36000162 	tbz	w2, #0, 8d97c <CGPIOManager::ConnectInterrupt(CGPIOPin*)+0x38>
   8d954:	b4000201 	cbz	x1, 8d994 <CGPIOManager::ConnectInterrupt(CGPIOPin*)+0x50>
   8d958:	b9400022 	ldr	w2, [x1]
   8d95c:	7100d45f 	cmp	w2, #0x35
   8d960:	54000268 	b.hi	8d9ac <CGPIOManager::ConnectInterrupt(CGPIOPin*)+0x68>  // b.pmore
   8d964:	8b224c02 	add	x2, x0, w2, uxtw #3
   8d968:	f9400840 	ldr	x0, [x2, #16]
   8d96c:	b50002c0 	cbnz	x0, 8d9c4 <CGPIOManager::ConnectInterrupt(CGPIOPin*)+0x80>
   8d970:	a8c17bfd 	ldp	x29, x30, [sp], #16
   8d974:	f9000841 	str	x1, [x2, #16]
   8d978:	d65f03c0 	ret
   8d97c:	d0000001 	adrp	x1, 8f000 <From+0x918>
   8d980:	d0000000 	adrp	x0, 8f000 <From+0x918>
   8d984:	52800942 	mov	w2, #0x4a                  	// #74
   8d988:	91084021 	add	x1, x1, #0x210
   8d98c:	9109c000 	add	x0, x0, #0x270
   8d990:	97ffeac4 	bl	884a0 <assertion_failed>
   8d994:	d0000001 	adrp	x1, 8f000 <From+0x918>
   8d998:	d0000000 	adrp	x0, 8f000 <From+0x918>
   8d99c:	52800982 	mov	w2, #0x4c                  	// #76
   8d9a0:	91084021 	add	x1, x1, #0x210
   8d9a4:	910a0000 	add	x0, x0, #0x280
   8d9a8:	97ffeabe 	bl	884a0 <assertion_failed>
   8d9ac:	d0000001 	adrp	x1, 8f000 <From+0x918>
   8d9b0:	d0000000 	adrp	x0, 8f000 <From+0x918>
   8d9b4:	528009c2 	mov	w2, #0x4e                  	// #78
   8d9b8:	91084021 	add	x1, x1, #0x210
   8d9bc:	910a4000 	add	x0, x0, #0x290
   8d9c0:	97ffeab8 	bl	884a0 <assertion_failed>
   8d9c4:	d0000001 	adrp	x1, 8f000 <From+0x918>
   8d9c8:	d0000000 	adrp	x0, 8f000 <From+0x918>
   8d9cc:	52800a02 	mov	w2, #0x50                  	// #80
   8d9d0:	91084021 	add	x1, x1, #0x210
   8d9d4:	9108a000 	add	x0, x0, #0x228
   8d9d8:	97ffeab2 	bl	884a0 <assertion_failed>
   8d9dc:	d503201f 	nop

000000000008d9e0 <CGPIOManager::DisconnectInterrupt(CGPIOPin*)>:
   8d9e0:	a9bf7bfd 	stp	x29, x30, [sp, #-16]!
   8d9e4:	910003fd 	mov	x29, sp
   8d9e8:	39402002 	ldrb	w2, [x0, #8]
   8d9ec:	36000162 	tbz	w2, #0, 8da18 <CGPIOManager::DisconnectInterrupt(CGPIOPin*)+0x38>
   8d9f0:	b4000201 	cbz	x1, 8da30 <CGPIOManager::DisconnectInterrupt(CGPIOPin*)+0x50>
   8d9f4:	b9400021 	ldr	w1, [x1]
   8d9f8:	7100d43f 	cmp	w1, #0x35
   8d9fc:	54000268 	b.hi	8da48 <CGPIOManager::DisconnectInterrupt(CGPIOPin*)+0x68>  // b.pmore
   8da00:	8b214c01 	add	x1, x0, w1, uxtw #3
   8da04:	f9400820 	ldr	x0, [x1, #16]
   8da08:	b40002c0 	cbz	x0, 8da60 <CGPIOManager::DisconnectInterrupt(CGPIOPin*)+0x80>
   8da0c:	a8c17bfd 	ldp	x29, x30, [sp], #16
   8da10:	f900083f 	str	xzr, [x1, #16]
   8da14:	d65f03c0 	ret
   8da18:	d0000001 	adrp	x1, 8f000 <From+0x918>
   8da1c:	d0000000 	adrp	x0, 8f000 <From+0x918>
   8da20:	52800ae2 	mov	w2, #0x57                  	// #87
   8da24:	91084021 	add	x1, x1, #0x210
   8da28:	9109c000 	add	x0, x0, #0x270
   8da2c:	97ffea9d 	bl	884a0 <assertion_failed>
   8da30:	d0000001 	adrp	x1, 8f000 <From+0x918>
   8da34:	d0000000 	adrp	x0, 8f000 <From+0x918>
   8da38:	52800b22 	mov	w2, #0x59                  	// #89
   8da3c:	91084021 	add	x1, x1, #0x210
   8da40:	910a0000 	add	x0, x0, #0x280
   8da44:	97ffea97 	bl	884a0 <assertion_failed>
   8da48:	d0000001 	adrp	x1, 8f000 <From+0x918>
   8da4c:	d0000000 	adrp	x0, 8f000 <From+0x918>
   8da50:	52800b62 	mov	w2, #0x5b                  	// #91
   8da54:	91084021 	add	x1, x1, #0x210
   8da58:	910a4000 	add	x0, x0, #0x290
   8da5c:	97ffea91 	bl	884a0 <assertion_failed>
   8da60:	d0000001 	adrp	x1, 8f000 <From+0x918>
   8da64:	d0000000 	adrp	x0, 8f000 <From+0x918>
   8da68:	52800ba2 	mov	w2, #0x5d                  	// #93
   8da6c:	91084021 	add	x1, x1, #0x210
   8da70:	910aa000 	add	x0, x0, #0x2a8
   8da74:	97ffea8b 	bl	884a0 <assertion_failed>
   8da78:	d503201f 	nop
   8da7c:	d503201f 	nop

000000000008da80 <CGPIOManager::InterruptHandler()>:
   8da80:	a9be7bfd 	stp	x29, x30, [sp, #-32]!
   8da84:	910003fd 	mov	x29, sp
   8da88:	39402001 	ldrb	w1, [x0, #8]
   8da8c:	36000561 	tbz	w1, #0, 8db38 <CGPIOManager::InterruptHandler()+0xb8>
   8da90:	d2802485 	mov	x5, #0x124                 	// #292
   8da94:	f0000004 	adrp	x4, 90000 <FromPCIeHost+0x148>
   8da98:	f2a001a5 	movk	x5, #0xd, lsl #16
   8da9c:	9105e084 	add	x4, x4, #0x178
   8daa0:	f2c003e5 	movk	x5, #0x1f, lsl #32
   8daa4:	52800001 	mov	w1, #0x0                   	// #0
   8daa8:	b94000a2 	ldr	w2, [x5]
   8daac:	b9400083 	ldr	w3, [x4]
   8dab0:	34000503 	cbz	w3, 8db50 <CGPIOManager::InterruptHandler()+0xd0>
   8dab4:	0b010063 	add	w3, w3, w1
   8dab8:	d503201f 	nop
   8dabc:	d503201f 	nop
   8dac0:	370001c2 	tbnz	w2, #0, 8daf8 <CGPIOManager::InterruptHandler()+0x78>
   8dac4:	11000421 	add	w1, w1, #0x1
   8dac8:	53017c42 	lsr	w2, w2, #1
   8dacc:	6b03003f 	cmp	w1, w3
   8dad0:	54ffff81 	b.ne	8dac0 <CGPIOManager::InterruptHandler()+0x40>  // b.any
   8dad4:	d2982481 	mov	x1, #0xc124                	// #49444
   8dad8:	914010a5 	add	x5, x5, #0x4, lsl #12
   8dadc:	f2a001a1 	movk	x1, #0xd, lsl #16
   8dae0:	91001084 	add	x4, x4, #0x4
   8dae4:	f2c003e1 	movk	x1, #0x1f, lsl #32
   8dae8:	eb0100bf 	cmp	x5, x1
   8daec:	54000180 	b.eq	8db1c <CGPIOManager::InterruptHandler()+0x9c>  // b.none
   8daf0:	2a0303e1 	mov	w1, w3
   8daf4:	17ffffed 	b	8daa8 <CGPIOManager::InterruptHandler()+0x28>
   8daf8:	2a0103e2 	mov	w2, w1
   8dafc:	91000842 	add	x2, x2, #0x2
   8db00:	f8627800 	ldr	x0, [x0, x2, lsl #3]
   8db04:	b4000100 	cbz	x0, 8db24 <CGPIOManager::InterruptHandler()+0xa4>
   8db08:	f9000fe0 	str	x0, [sp, #24]
   8db0c:	97ffe97d 	bl	88100 <CGPIOPin::InterruptHandler()>
   8db10:	f9400fe0 	ldr	x0, [sp, #24]
   8db14:	3940a001 	ldrb	w1, [x0, #40]
   8db18:	370000c1 	tbnz	w1, #0, 8db30 <CGPIOManager::InterruptHandler()+0xb0>
   8db1c:	a8c27bfd 	ldp	x29, x30, [sp], #32
   8db20:	d65f03c0 	ret
   8db24:	2a0103e0 	mov	w0, w1
   8db28:	a8c27bfd 	ldp	x29, x30, [sp], #32
   8db2c:	17ffe997 	b	88188 <CGPIOPin::DisableAllInterrupts(unsigned int)>
   8db30:	a8c27bfd 	ldp	x29, x30, [sp], #32
   8db34:	17ffe7e3 	b	87ac0 <CGPIOPin::AcknowledgeInterrupt()>
   8db38:	d0000001 	adrp	x1, 8f000 <From+0x918>
   8db3c:	d0000000 	adrp	x0, 8f000 <From+0x918>
   8db40:	52800c62 	mov	w2, #0x63                  	// #99
   8db44:	91084021 	add	x1, x1, #0x210
   8db48:	9109c000 	add	x0, x0, #0x270
   8db4c:	97ffea55 	bl	884a0 <assertion_failed>
   8db50:	2a0103e3 	mov	w3, w1
   8db54:	17ffffe0 	b	8dad4 <CGPIOManager::InterruptHandler()+0x54>
   8db58:	d503201f 	nop
   8db5c:	d503201f 	nop

000000000008db60 <CGPIOManager::InterruptStub(void*)>:
   8db60:	b4000040 	cbz	x0, 8db68 <CGPIOManager::InterruptStub(void*)+0x8>
   8db64:	17ffffc7 	b	8da80 <CGPIOManager::InterruptHandler()>
   8db68:	d0000001 	adrp	x1, 8f000 <From+0x918>
   8db6c:	d0000000 	adrp	x0, 8f000 <From+0x918>
   8db70:	a9bf7bfd 	stp	x29, x30, [sp, #-16]!
   8db74:	52801322 	mov	w2, #0x99                  	// #153
   8db78:	910003fd 	mov	x29, sp
   8db7c:	91084021 	add	x1, x1, #0x210
   8db80:	910b0000 	add	x0, x0, #0x2c0
   8db84:	97ffea47 	bl	884a0 <assertion_failed>
	...

000000000008dba0 <CBcmMailBox::CBcmMailBox(unsigned int, bool)>:
   8dba0:	b9000001 	str	w1, [x0]
   8dba4:	39001002 	strb	w2, [x0, #4]
   8dba8:	d65f03c0 	ret

000000000008dbac <CBcmMailBox::~CBcmMailBox()>:
   8dbac:	d65f03c0 	ret

000000000008dbb0 <CBcmMailBox::Flush()>:
   8dbb0:	a9be7bfd 	stp	x29, x30, [sp, #-32]!
   8dbb4:	910003fd 	mov	x29, sp
   8dbb8:	a90153f3 	stp	x19, x20, [sp, #16]
   8dbbc:	d2871313 	mov	x19, #0x3898                	// #14488
   8dbc0:	f2af8033 	movk	x19, #0x7c01, lsl #16
   8dbc4:	f2c00213 	movk	x19, #0x10, lsl #32
   8dbc8:	d1006274 	sub	x20, x19, #0x18
   8dbcc:	14000004 	b	8dbdc <CBcmMailBox::Flush()+0x2c>
   8dbd0:	b9400280 	ldr	w0, [x20]
   8dbd4:	52800280 	mov	w0, #0x14                  	// #20
   8dbd8:	97ffd47a 	bl	82dc0 <CTimer::SimpleMsDelay(unsigned int)>
   8dbdc:	b9400260 	ldr	w0, [x19]
   8dbe0:	36f7ff80 	tbz	w0, #30, 8dbd0 <CBcmMailBox::Flush()+0x20>
   8dbe4:	a94153f3 	ldp	x19, x20, [sp, #16]
   8dbe8:	a8c27bfd 	ldp	x29, x30, [sp], #32
   8dbec:	d65f03c0 	ret

000000000008dbf0 <CBcmMailBox::Read()>:
   8dbf0:	d2871301 	mov	x1, #0x3898                	// #14488
   8dbf4:	b9400004 	ldr	w4, [x0]
   8dbf8:	f2af8021 	movk	x1, #0x7c01, lsl #16
   8dbfc:	f2c00201 	movk	x1, #0x10, lsl #32
   8dc00:	d1006023 	sub	x3, x1, #0x18
   8dc04:	b9400020 	ldr	w0, [x1]
   8dc08:	37f7ffe0 	tbnz	w0, #30, 8dc04 <CBcmMailBox::Read()+0x14>
   8dc0c:	b9400060 	ldr	w0, [x3]
   8dc10:	12000c02 	and	w2, w0, #0xf
   8dc14:	6b04005f 	cmp	w2, w4
   8dc18:	54ffff61 	b.ne	8dc04 <CBcmMailBox::Read()+0x14>  // b.any
   8dc1c:	121c6c00 	and	w0, w0, #0xfffffff0
   8dc20:	d65f03c0 	ret

000000000008dc24 <CBcmMailBox::Write(unsigned int)>:
   8dc24:	d2871703 	mov	x3, #0x38b8                	// #14520
   8dc28:	f2af8023 	movk	x3, #0x7c01, lsl #16
   8dc2c:	f2c00203 	movk	x3, #0x10, lsl #32
   8dc30:	b9400062 	ldr	w2, [x3]
   8dc34:	37ffffe2 	tbnz	w2, #31, 8dc30 <CBcmMailBox::Write(unsigned int)+0xc>
   8dc38:	f2400c3f 	tst	x1, #0xf
   8dc3c:	54000101 	b.ne	8dc5c <CBcmMailBox::Write(unsigned int)+0x38>  // b.any
   8dc40:	b9400000 	ldr	w0, [x0]
   8dc44:	2a000021 	orr	w1, w1, w0
   8dc48:	d2871400 	mov	x0, #0x38a0                	// #14496
   8dc4c:	f2af8020 	movk	x0, #0x7c01, lsl #16
   8dc50:	f2c00200 	movk	x0, #0x10, lsl #32
   8dc54:	b9000001 	str	w1, [x0]
   8dc58:	d65f03c0 	ret
   8dc5c:	d0000001 	adrp	x1, 8f000 <From+0x918>
   8dc60:	d0000000 	adrp	x0, 8f000 <From+0x918>
   8dc64:	a9bf7bfd 	stp	x29, x30, [sp, #-16]!
   8dc68:	52800c42 	mov	w2, #0x62                  	// #98
   8dc6c:	910003fd 	mov	x29, sp
   8dc70:	910b4021 	add	x1, x1, #0x2d0
   8dc74:	910b8000 	add	x0, x0, #0x2e0
   8dc78:	97ffea0a 	bl	884a0 <assertion_failed>
   8dc7c:	d503201f 	nop

000000000008dc80 <CBcmMailBox::WriteRead(unsigned int)>:
   8dc80:	a9bc7bfd 	stp	x29, x30, [sp, #-64]!
   8dc84:	910003fd 	mov	x29, sp
   8dc88:	a90153f3 	stp	x19, x20, [sp, #16]
   8dc8c:	aa0003f4 	mov	x20, x0
   8dc90:	a9025bf5 	stp	x21, x22, [sp, #32]
   8dc94:	2a0103f6 	mov	w22, w1
   8dc98:	39401000 	ldrb	w0, [x0, #4]
   8dc9c:	37000080 	tbnz	w0, #0, 8dcac <CBcmMailBox::WriteRead(unsigned int)+0x2c>
   8dca0:	f0000000 	adrp	x0, 90000 <FromPCIeHost+0x148>
   8dca4:	b9447000 	ldr	w0, [x0, #1136]
   8dca8:	350005a0 	cbnz	w0, 8dd5c <CBcmMailBox::WriteRead(unsigned int)+0xdc>
   8dcac:	d2871313 	mov	x19, #0x3898                	// #14488
   8dcb0:	f2af8033 	movk	x19, #0x7c01, lsl #16
   8dcb4:	f2c00213 	movk	x19, #0x10, lsl #32
   8dcb8:	d1006275 	sub	x21, x19, #0x18
   8dcbc:	14000004 	b	8dccc <CBcmMailBox::WriteRead(unsigned int)+0x4c>
   8dcc0:	b94002a0 	ldr	w0, [x21]
   8dcc4:	52800280 	mov	w0, #0x14                  	// #20
   8dcc8:	97ffd43e 	bl	82dc0 <CTimer::SimpleMsDelay(unsigned int)>
   8dccc:	b9400260 	ldr	w0, [x19]
   8dcd0:	36f7ff80 	tbz	w0, #30, 8dcc0 <CBcmMailBox::WriteRead(unsigned int)+0x40>
   8dcd4:	2a1603e1 	mov	w1, w22
   8dcd8:	aa1403e0 	mov	x0, x20
   8dcdc:	97ffffd2 	bl	8dc24 <CBcmMailBox::Write(unsigned int)>
   8dce0:	d2871301 	mov	x1, #0x3898                	// #14488
   8dce4:	b9400284 	ldr	w4, [x20]
   8dce8:	f2af8021 	movk	x1, #0x7c01, lsl #16
   8dcec:	f2c00201 	movk	x1, #0x10, lsl #32
   8dcf0:	d1006023 	sub	x3, x1, #0x18
   8dcf4:	d503201f 	nop
   8dcf8:	d503201f 	nop
   8dcfc:	d503201f 	nop
   8dd00:	b9400020 	ldr	w0, [x1]
   8dd04:	37f7ffe0 	tbnz	w0, #30, 8dd00 <CBcmMailBox::WriteRead(unsigned int)+0x80>
   8dd08:	b9400060 	ldr	w0, [x3]
   8dd0c:	12000c02 	and	w2, w0, #0xf
   8dd10:	6b04005f 	cmp	w2, w4
   8dd14:	54ffff61 	b.ne	8dd00 <CBcmMailBox::WriteRead(unsigned int)+0x80>  // b.any
   8dd18:	39401281 	ldrb	w1, [x20, #4]
   8dd1c:	121c6c00 	and	w0, w0, #0xfffffff0
   8dd20:	37000081 	tbnz	w1, #0, 8dd30 <CBcmMailBox::WriteRead(unsigned int)+0xb0>
   8dd24:	f0000001 	adrp	x1, 90000 <FromPCIeHost+0x148>
   8dd28:	b9447021 	ldr	w1, [x1, #1136]
   8dd2c:	350000a1 	cbnz	w1, 8dd40 <CBcmMailBox::WriteRead(unsigned int)+0xc0>
   8dd30:	a94153f3 	ldp	x19, x20, [sp, #16]
   8dd34:	a9425bf5 	ldp	x21, x22, [sp, #32]
   8dd38:	a8c47bfd 	ldp	x29, x30, [sp], #64
   8dd3c:	d65f03c0 	ret
   8dd40:	b9003fe0 	str	w0, [sp, #60]
   8dd44:	97ffda17 	bl	845a0 <LeaveCritical>
   8dd48:	b9403fe0 	ldr	w0, [sp, #60]
   8dd4c:	a94153f3 	ldp	x19, x20, [sp, #16]
   8dd50:	a9425bf5 	ldp	x21, x22, [sp, #32]
   8dd54:	a8c47bfd 	ldp	x29, x30, [sp], #64
   8dd58:	d65f03c0 	ret
   8dd5c:	97ffd9e1 	bl	844e0 <EnterCritical>
   8dd60:	17ffffd3 	b	8dcac <CBcmMailBox::WriteRead(unsigned int)+0x2c>
	...

000000000008dd80 <_GLOBAL__sub_I__ZN11CBcmMailBox10s_SpinLockE>:
   8dd80:	f0000000 	adrp	x0, 90000 <FromPCIeHost+0x148>
   8dd84:	b904701f 	str	wzr, [x0, #1136]
   8dd88:	d65f03c0 	ret
	...

000000000008dda0 <CExceptionHandler::~CExceptionHandler()>:
   8dda0:	f0000000 	adrp	x0, 90000 <FromPCIeHost+0x148>
   8dda4:	f9023c1f 	str	xzr, [x0, #1144]
   8dda8:	d65f03c0 	ret

000000000008ddac <CExceptionHandler::~CExceptionHandler()>:
   8ddac:	f0000001 	adrp	x1, 90000 <FromPCIeHost+0x148>
   8ddb0:	f9023c3f 	str	xzr, [x1, #1144]
   8ddb4:	d2800101 	mov	x1, #0x8                   	// #8
   8ddb8:	17ffd736 	b	83a90 <operator delete(void*, unsigned long)>
   8ddbc:	d503201f 	nop

000000000008ddc0 <CExceptionHandler::Throw(unsigned int, TAbortFrame*)>:
   8ddc0:	d101c3ff 	sub	sp, sp, #0x70
   8ddc4:	a9027bfd 	stp	x29, x30, [sp, #32]
   8ddc8:	910083fd 	add	x29, sp, #0x20
   8ddcc:	a90353f3 	stp	x19, x20, [sp, #48]
   8ddd0:	a9045bf5 	stp	x21, x22, [sp, #64]
   8ddd4:	f9002bf7 	str	x23, [sp, #80]
   8ddd8:	b40011a2 	cbz	x2, 8e00c <CExceptionHandler::Throw(unsigned int, TAbortFrame*)+0x24c>
   8dddc:	39408440 	ldrb	w0, [x2, #33]
   8dde0:	2a0103f5 	mov	w21, w1
   8dde4:	39408041 	ldrb	w1, [x2, #32]
   8dde8:	3940a043 	ldrb	w3, [x2, #40]
   8ddec:	3940bc53 	ldrb	w19, [x2, #47]
   8ddf0:	aa002020 	orr	x0, x1, x0, lsl #8
   8ddf4:	39408841 	ldrb	w1, [x2, #34]
   8ddf8:	39401847 	ldrb	w7, [x2, #6]
   8ddfc:	aa014001 	orr	x1, x0, x1, lsl #16
   8de00:	39408c40 	ldrb	w0, [x2, #35]
   8de04:	aa006020 	orr	x0, x1, x0, lsl #24
   8de08:	39409041 	ldrb	w1, [x2, #36]
   8de0c:	aa018001 	orr	x1, x0, x1, lsl #32
   8de10:	39409440 	ldrb	w0, [x2, #37]
   8de14:	aa00a020 	orr	x0, x1, x0, lsl #40
   8de18:	39409841 	ldrb	w1, [x2, #38]
   8de1c:	aa01c001 	orr	x1, x0, x1, lsl #48
   8de20:	39409c40 	ldrb	w0, [x2, #39]
   8de24:	aa00e020 	orr	x0, x1, x0, lsl #56
   8de28:	3940a441 	ldrb	w1, [x2, #41]
   8de2c:	aa012061 	orr	x1, x3, x1, lsl #8
   8de30:	3940a843 	ldrb	w3, [x2, #42]
   8de34:	aa034023 	orr	x3, x1, x3, lsl #16
   8de38:	3940ac41 	ldrb	w1, [x2, #43]
   8de3c:	aa016061 	orr	x1, x3, x1, lsl #24
   8de40:	3940b043 	ldrb	w3, [x2, #44]
   8de44:	aa038023 	orr	x3, x1, x3, lsl #32
   8de48:	3940b441 	ldrb	w1, [x2, #45]
   8de4c:	aa01a061 	orr	x1, x3, x1, lsl #40
   8de50:	3940b843 	ldrb	w3, [x2, #46]
   8de54:	aa03c023 	orr	x3, x1, x3, lsl #48
   8de58:	39402041 	ldrb	w1, [x2, #8]
   8de5c:	aa13e073 	orr	x19, x3, x19, lsl #56
   8de60:	92400c21 	and	x1, x1, #0xf
   8de64:	f100143f 	cmp	x1, #0x5
   8de68:	39400041 	ldrb	w1, [x2]
   8de6c:	9a800273 	csel	x19, x19, x0, eq	// eq = none
   8de70:	39400440 	ldrb	w0, [x2, #1]
   8de74:	aa002020 	orr	x0, x1, x0, lsl #8
   8de78:	39400841 	ldrb	w1, [x2, #2]
   8de7c:	aa014001 	orr	x1, x0, x1, lsl #16
   8de80:	39400c40 	ldrb	w0, [x2, #3]
   8de84:	aa006020 	orr	x0, x1, x0, lsl #24
   8de88:	39401041 	ldrb	w1, [x2, #4]
   8de8c:	aa018001 	orr	x1, x0, x1, lsl #32
   8de90:	39401440 	ldrb	w0, [x2, #5]
   8de94:	aa00a020 	orr	x0, x1, x0, lsl #40
   8de98:	aa07c007 	orr	x7, x0, x7, lsl #48
   8de9c:	d2c007e0 	mov	x0, #0x3f00000000          	// #270582939648
   8dea0:	f2e00600 	movk	x0, #0x30, lsl #48
   8dea4:	531a7cf6 	lsr	w22, w7, #26
   8dea8:	924060e7 	and	x7, x7, #0x1ffffff
   8deac:	9ad62400 	lsr	x0, x0, x22
   8deb0:	92400017 	and	x23, x0, #0x1
   8deb4:	36000200 	tbz	w0, #0, 8def4 <CExceptionHandler::Throw(unsigned int, TAbortFrame*)+0x134>
   8deb8:	3940c040 	ldrb	w0, [x2, #48]
   8debc:	3940c441 	ldrb	w1, [x2, #49]
   8dec0:	3940dc57 	ldrb	w23, [x2, #55]
   8dec4:	aa012001 	orr	x1, x0, x1, lsl #8
   8dec8:	3940c840 	ldrb	w0, [x2, #50]
   8decc:	aa004020 	orr	x0, x1, x0, lsl #16
   8ded0:	3940cc41 	ldrb	w1, [x2, #51]
   8ded4:	aa016001 	orr	x1, x0, x1, lsl #24
   8ded8:	3940d040 	ldrb	w0, [x2, #52]
   8dedc:	aa008020 	orr	x0, x1, x0, lsl #32
   8dee0:	3940d441 	ldrb	w1, [x2, #53]
   8dee4:	aa01a001 	orr	x1, x0, x1, lsl #40
   8dee8:	3940d840 	ldrb	w0, [x2, #54]
   8deec:	aa00c020 	orr	x0, x1, x0, lsl #48
   8def0:	aa17e017 	orr	x23, x0, x23, lsl #56
   8def4:	f0000014 	adrp	x20, 90000 <FromPCIeHost+0x148>
   8def8:	aa1303e0 	mov	x0, x19
   8defc:	a9060be7 	stp	x7, x2, [sp, #96]
   8df00:	9106c281 	add	x1, x20, #0x1b0
   8df04:	97ffea27 	bl	887a0 <DebugStackTrace(unsigned long const*, char const*)>
   8df08:	97ffeb26 	bl	88ba0 <CLogger::Get()>
   8df0c:	a9460be7 	ldp	x7, x2, [sp, #96]
   8df10:	39406041 	ldrb	w1, [x2, #24]
   8df14:	39406443 	ldrb	w3, [x2, #25]
   8df18:	39402046 	ldrb	w6, [x2, #8]
   8df1c:	39407c45 	ldrb	w5, [x2, #31]
   8df20:	aa032023 	orr	x3, x1, x3, lsl #8
   8df24:	39406841 	ldrb	w1, [x2, #26]
   8df28:	aa014061 	orr	x1, x3, x1, lsl #16
   8df2c:	39406c43 	ldrb	w3, [x2, #27]
   8df30:	aa036023 	orr	x3, x1, x3, lsl #24
   8df34:	39407041 	ldrb	w1, [x2, #28]
   8df38:	aa018061 	orr	x1, x3, x1, lsl #32
   8df3c:	39407443 	ldrb	w3, [x2, #29]
   8df40:	aa03a023 	orr	x3, x1, x3, lsl #40
   8df44:	39407841 	ldrb	w1, [x2, #30]
   8df48:	aa01c061 	orr	x1, x3, x1, lsl #48
   8df4c:	f0000003 	adrp	x3, 90000 <FromPCIeHost+0x148>
   8df50:	910a4063 	add	x3, x3, #0x290
   8df54:	f8755864 	ldr	x4, [x3, w21, uxtw #3]
   8df58:	aa05e025 	orr	x5, x1, x5, lsl #56
   8df5c:	9106c281 	add	x1, x20, #0x1b0
   8df60:	39402443 	ldrb	w3, [x2, #9]
   8df64:	aa0320c3 	orr	x3, x6, x3, lsl #8
   8df68:	39402846 	ldrb	w6, [x2, #10]
   8df6c:	aa064066 	orr	x6, x3, x6, lsl #16
   8df70:	39402c43 	ldrb	w3, [x2, #11]
   8df74:	aa0360c3 	orr	x3, x6, x3, lsl #24
   8df78:	39403046 	ldrb	w6, [x2, #12]
   8df7c:	aa068066 	orr	x6, x3, x6, lsl #32
   8df80:	39403443 	ldrb	w3, [x2, #13]
   8df84:	aa03a0c3 	orr	x3, x6, x3, lsl #40
   8df88:	39403846 	ldrb	w6, [x2, #14]
   8df8c:	aa06c066 	orr	x6, x3, x6, lsl #48
   8df90:	39403c43 	ldrb	w3, [x2, #15]
   8df94:	aa03e0c3 	orr	x3, x6, x3, lsl #56
   8df98:	aa1603e6 	mov	x6, x22
   8df9c:	f9000fe3 	str	x3, [sp, #24]
   8dfa0:	39404043 	ldrb	w3, [x2, #16]
   8dfa4:	39404448 	ldrb	w8, [x2, #17]
   8dfa8:	aa082068 	orr	x8, x3, x8, lsl #8
   8dfac:	39404843 	ldrb	w3, [x2, #18]
   8dfb0:	aa034103 	orr	x3, x8, x3, lsl #16
   8dfb4:	39404c48 	ldrb	w8, [x2, #19]
   8dfb8:	aa086068 	orr	x8, x3, x8, lsl #24
   8dfbc:	39405043 	ldrb	w3, [x2, #20]
   8dfc0:	aa038103 	orr	x3, x8, x3, lsl #32
   8dfc4:	39405448 	ldrb	w8, [x2, #21]
   8dfc8:	aa08a068 	orr	x8, x3, x8, lsl #40
   8dfcc:	39405843 	ldrb	w3, [x2, #22]
   8dfd0:	39405c42 	ldrb	w2, [x2, #23]
   8dfd4:	a9004ff7 	stp	x23, x19, [sp]
   8dfd8:	aa03c103 	orr	x3, x8, x3, lsl #48
   8dfdc:	aa02e062 	orr	x2, x3, x2, lsl #56
   8dfe0:	d0000003 	adrp	x3, 8f000 <From+0x918>
   8dfe4:	910c8063 	add	x3, x3, #0x320
   8dfe8:	f9000be2 	str	x2, [sp, #16]
   8dfec:	52800002 	mov	w2, #0x0                   	// #0
   8dff0:	97ffeccc 	bl	89320 <CLogger::Write(char const*, TLogSeverity, char const*, ...)>
   8dff4:	f9402bf7 	ldr	x23, [sp, #80]
   8dff8:	a9427bfd 	ldp	x29, x30, [sp, #32]
   8dffc:	a94353f3 	ldp	x19, x20, [sp, #48]
   8e000:	a9445bf5 	ldp	x21, x22, [sp, #64]
   8e004:	9101c3ff 	add	sp, sp, #0x70
   8e008:	d65f03c0 	ret
   8e00c:	b0000001 	adrp	x1, 8f000 <From+0x918>
   8e010:	b0000000 	adrp	x0, 8f000 <From+0x918>
   8e014:	528006c2 	mov	w2, #0x36                  	// #54
   8e018:	910be021 	add	x1, x1, #0x2f8
   8e01c:	910c4000 	add	x0, x0, #0x310
   8e020:	97ffe920 	bl	884a0 <assertion_failed>

000000000008e024 <CExceptionHandler::CExceptionHandler()>:
   8e024:	d0000001 	adrp	x1, 90000 <FromPCIeHost+0x148>
   8e028:	91066021 	add	x1, x1, #0x198
   8e02c:	f9000001 	str	x1, [x0]
   8e030:	d0000001 	adrp	x1, 90000 <FromPCIeHost+0x148>
   8e034:	f9423c22 	ldr	x2, [x1, #1144]
   8e038:	b5000062 	cbnz	x2, 8e044 <CExceptionHandler::CExceptionHandler()+0x20>
   8e03c:	f9023c20 	str	x0, [x1, #1144]
   8e040:	d65f03c0 	ret
   8e044:	b0000001 	adrp	x1, 8f000 <From+0x918>
   8e048:	90000000 	adrp	x0, 8e000 <CExceptionHandler::Throw(unsigned int, TAbortFrame*)+0x240>
   8e04c:	a9bf7bfd 	stp	x29, x30, [sp, #-16]!
   8e050:	52800562 	mov	w2, #0x2b                  	// #43
   8e054:	910003fd 	mov	x29, sp
   8e058:	910be021 	add	x1, x1, #0x2f8
   8e05c:	912be000 	add	x0, x0, #0xaf8
   8e060:	97ffe910 	bl	884a0 <assertion_failed>

000000000008e064 <CExceptionHandler::Get()>:
   8e064:	d0000000 	adrp	x0, 90000 <FromPCIeHost+0x148>
   8e068:	f9423c00 	ldr	x0, [x0, #1144]
   8e06c:	b4000040 	cbz	x0, 8e074 <CExceptionHandler::Get()+0x10>
   8e070:	d65f03c0 	ret
   8e074:	b0000001 	adrp	x1, 8f000 <From+0x918>
   8e078:	90000000 	adrp	x0, 8e000 <CExceptionHandler::Throw(unsigned int, TAbortFrame*)+0x240>
   8e07c:	a9bf7bfd 	stp	x29, x30, [sp, #-16]!
   8e080:	52800a82 	mov	w2, #0x54                  	// #84
   8e084:	910003fd 	mov	x29, sp
   8e088:	910be021 	add	x1, x1, #0x2f8
   8e08c:	9132e000 	add	x0, x0, #0xcb8
   8e090:	97ffe904 	bl	884a0 <assertion_failed>
   8e094:	d503201f 	nop
   8e098:	d503201f 	nop
   8e09c:	d503201f 	nop

000000000008e0a0 <ExceptionHandler>:
   8e0a0:	a9be7bfd 	stp	x29, x30, [sp, #-32]!
   8e0a4:	910003fd 	mov	x29, sp
   8e0a8:	a90153f3 	stp	x19, x20, [sp, #16]
   8e0ac:	aa0003f3 	mov	x19, x0
   8e0b0:	aa0103f4 	mov	x20, x1
   8e0b4:	97ffde15 	bl	85908 <CInterruptSystem::DisableFIQ()>
   8e0b8:	d50341ff 	msr	daifclr, #0x1
   8e0bc:	d0000000 	adrp	x0, 90000 <FromPCIeHost+0x148>
   8e0c0:	f9423c00 	ldr	x0, [x0, #1144]
   8e0c4:	b4000200 	cbz	x0, 8e104 <ExceptionHandler+0x64>
   8e0c8:	f9400001 	ldr	x1, [x0]
   8e0cc:	aa1403e2 	mov	x2, x20
   8e0d0:	f9400823 	ldr	x3, [x1, #16]
   8e0d4:	f0ffffe1 	adrp	x1, 8d000 <CBcmPCIeHostBridge::pcie_munge_pll()+0x20>
   8e0d8:	91370021 	add	x1, x1, #0xdc0
   8e0dc:	eb01007f 	cmp	x3, x1
   8e0e0:	2a1303e1 	mov	w1, w19
   8e0e4:	54000081 	b.ne	8e0f4 <ExceptionHandler+0x54>  // b.any
   8e0e8:	a94153f3 	ldp	x19, x20, [sp, #16]
   8e0ec:	a8c27bfd 	ldp	x29, x30, [sp], #32
   8e0f0:	17ffff34 	b	8ddc0 <CExceptionHandler::Throw(unsigned int, TAbortFrame*)>
   8e0f4:	a94153f3 	ldp	x19, x20, [sp, #16]
   8e0f8:	aa0303f0 	mov	x16, x3
   8e0fc:	a8c27bfd 	ldp	x29, x30, [sp], #32
   8e100:	d61f0200 	br	x16
   8e104:	b0000001 	adrp	x1, 8f000 <From+0x918>
   8e108:	90000000 	adrp	x0, 8e000 <CExceptionHandler::Throw(unsigned int, TAbortFrame*)+0x240>
   8e10c:	52800a82 	mov	w2, #0x54                  	// #84
   8e110:	910be021 	add	x1, x1, #0x2f8
   8e114:	9132e000 	add	x0, x0, #0xcb8
   8e118:	97ffe8e2 	bl	884a0 <assertion_failed>
